venda_id,cliente_id,produto_id,quantidade,valor_unitario,desconto,data_venda
1,19,89,2,327.5,0.14,2025-07-08
2,203,31,7,3109.96,0.15,2024-08-13
3,163,9,2,1209.08,0.16,2025-07-11
4,285,71,4,4827.79,0.1,2025-01-29
5,55,92,8,3913.16,0.02,2024-06-26
6,193,86,1,2189.74,0.05,2025-03-18
7,158,39,1,2968.38,0.2,2024-02-13
8,222,8,7,450.39,0.0,2025-06-22
9,253,38,10,1383.74,0.15,2025-08-15
10,51,57,2,2423.21,0.11,2024-01-31
11,3,38,10,2283.49,0.16,2024-05-02
12,142,98,8,1310.38,0.13,2025-02-14
13,81,25,8,1078.27,0.11,2024-10-11
14,85,39,1,4972.27,0.26,2024-07-25
15,209,59,6,2215.56,0.28,2025-08-23
16,74,60,9,483.41,0.16,2025-02-02
17,43,40,2,855.91,0.17,2025-08-10
18,8,38,7,2000.87,0.21,2024-07-13
19,69,11,8,3957.42,0.21,2024-12-05
20,164,54,4,1212.05,0.21,2024-08-15
21,107,69,10,1795.58,0.11,2025-03-01
22,261,94,10,3766.32,0.1,2025-06-11
23,264,8,8,3545.46,0.15,2024-02-28
24,165,87,4,456.36,0.12,2024-01-06
25,280,26,8,342.13,0.13,2025-07-09
26,92,49,2,1534.88,0.03,2024-05-09
27,16,51,4,4506.38,0.21,2024-08-07
28,202,8,8,1254.66,0.12,2024-09-27
29,49,4,7,3225.77,0.05,2024-12-01
30,19,62,3,4953.78,0.05,2024-05-08
31,86,72,6,4254.04,0.1,2025-01-16
32,64,20,3,2462.45,0.02,2025-04-20
33,285,86,10,1141.61,0.02,2024-01-21
34,191,13,2,3478.78,0.09,2024-06-10
35,179,32,9,1220.69,0.2,2025-02-10
36,93,56,2,3793.59,0.05,2024-01-18
37,44,61,5,2704.68,0.2,2024-03-30
38,229,67,1,156.15,0.27,2024-04-13
39,164,80,1,579.98,0.16,2024-03-12
40,173,36,6,2397.64,0.25,2024-06-15
41,252,49,10,4669.95,0.08,2024-08-14
42,66,83,7,3192.74,0.02,2025-08-17
43,118,70,1,2363.71,0.06,2024-10-05
44,100,62,9,808.85,0.05,2025-05-03
45,33,43,4,449.41,0.14,2025-04-02
46,274,49,10,1009.54,0.01,2024-09-26
47,172,94,8,4458.34,0.04,2024-11-11
48,191,96,3,2519.54,0.15,2024-12-20
49,131,14,7,2950.88,0.28,2025-01-14
50,18,71,4,4932.55,0.05,2024-09-11
51,207,25,1,3280.69,0.06,2025-03-25
52,86,73,10,2223.49,0.24,2024-03-29
53,110,58,6,4112.62,0.16,2024-07-17
54,260,12,8,3026.38,0.02,2025-01-04
55,258,45,2,3058.1,0.17,2024-08-30
56,155,6,6,1047.95,0.07,2025-08-06
57,188,34,8,1108.88,0.19,2025-06-23
58,48,75,1,4858.28,0.18,2025-06-21
59,156,92,6,4678.63,0.09,2024-08-13
60,82,23,7,2061.44,0.1,2024-10-06
61,96,39,1,1411.45,0.18,2024-01-26
62,274,85,6,4439.23,0.04,2024-05-24
63,35,14,5,3122.7,0.05,2025-08-21
64,115,81,10,2819.59,0.03,2024-04-10
65,110,75,2,3587.94,0.02,2024-02-06
66,209,68,7,2697.43,0.13,2024-07-03
67,92,100,4,1469.66,0.01,2025-03-17
68,205,79,10,202.61,0.13,2025-04-01
69,290,29,9,2054.46,0.1,2025-05-25
70,260,26,2,718.76,0.17,2025-01-02
71,23,11,5,3389.87,0.13,2025-06-09
72,133,88,1,2970.94,0.04,2025-01-29
73,173,14,3,3829.33,0.0,2024-07-23
74,163,86,3,2293.85,0.18,2025-06-19
75,87,45,4,2351.17,0.29,2025-08-17
76,146,51,9,315.41,0.14,2024-07-20
77,182,82,10,4035.92,0.12,2024-01-14
78,72,52,6,2583.04,0.09,2024-01-15
79,42,100,2,1043.8,0.04,2024-07-26
80,231,18,2,1500.56,0.15,2025-04-11
81,233,8,8,3265.72,0.3,2024-01-01
82,198,82,7,1277.96,0.19,2024-12-03
83,7,23,4,937.61,0.01,2024-01-23
84,284,18,8,1824.97,0.14,2024-04-09
85,138,23,5,1148.67,0.05,2024-10-25
86,74,33,3,3568.21,0.22,2025-01-07
87,124,38,1,260.31,0.29,2024-05-04
88,32,37,2,4038.72,0.24,2025-03-13
89,132,58,7,2765.52,0.1,2025-04-30
90,127,98,4,1456.38,0.28,2025-08-01
91,94,38,7,1426.81,0.18,2024-06-10
92,113,98,10,1078.18,0.1,2025-07-28
93,91,9,10,2580.23,0.18,2024-12-19
94,108,20,8,1723.58,0.12,2024-03-04
95,40,11,2,3713.94,0.25,2024-03-06
96,227,13,7,4696.4,0.06,2025-06-09
97,164,24,5,2465.26,0.24,2024-02-08
98,192,70,3,1413.57,0.23,2024-01-30
99,40,72,7,2618.91,0.27,2024-02-16
100,111,68,5,1835.45,0.09,2025-03-09
101,155,8,8,2274.6,0.03,2024-10-08
102,165,3,7,175.87,0.19,2024-12-18
103,244,58,5,2166.37,0.23,2024-11-10
104,278,85,10,3991.47,0.29,2025-04-07
105,43,22,3,888.03,0.27,2024-12-02
106,158,31,7,3027.39,0.17,2024-11-11
107,118,15,7,3938.83,0.0,2024-09-08
108,193,68,2,3621.0,0.2,2024-12-20
109,95,75,9,2181.97,0.04,2025-06-19
110,18,10,1,1512.25,0.16,2024-09-25
111,156,64,4,4332.96,0.28,2024-07-10
112,94,77,5,114.36,0.16,2024-09-16
113,50,60,6,2474.97,0.04,2024-07-20
114,281,54,1,3920.15,0.03,2025-01-12
115,63,73,8,2471.7,0.11,2024-02-01
116,209,48,6,980.12,0.21,2024-10-09
117,21,49,5,1940.63,0.3,2025-08-12
118,82,86,9,478.31,0.15,2024-07-11
119,250,95,7,4045.19,0.1,2025-06-12
120,96,3,9,1237.3,0.01,2024-06-07
121,116,48,7,4145.19,0.01,2024-10-13
122,289,48,9,3556.57,0.29,2024-04-16
123,140,78,9,3182.38,0.03,2024-05-01
124,30,16,8,891.08,0.29,2024-09-01
125,207,45,2,4877.34,0.2,2024-11-16
126,58,83,7,677.98,0.26,2024-12-13
127,40,72,2,1531.69,0.07,2025-04-17
128,243,38,1,4147.53,0.16,2024-05-24
129,151,76,2,3879.41,0.1,2024-02-13
130,50,100,3,398.98,0.03,2024-02-23
131,68,18,6,921.18,0.22,2025-06-11
132,298,8,5,2545.21,0.02,2025-01-22
133,55,100,6,1464.16,0.13,2024-10-13
134,45,49,3,4560.44,0.16,2024-03-07
135,152,36,10,4280.77,0.27,2024-01-08
136,185,20,1,1517.43,0.27,2025-05-13
137,129,64,1,677.05,0.17,2025-03-12
138,168,12,9,1203.36,0.19,2024-01-24
139,163,37,7,3599.88,0.23,2025-05-15
140,72,22,1,4411.4,0.08,2025-02-16
141,19,97,1,637.13,0.11,2024-10-20
142,136,97,4,2011.21,0.1,2025-05-12
143,259,19,1,3962.35,0.23,2024-07-09
144,92,37,5,270.0,0.23,2025-02-07
145,95,10,8,2939.17,0.25,2024-10-31
146,189,57,1,2477.72,0.01,2025-01-23
147,134,51,3,1483.4,0.06,2025-04-07
148,257,73,5,4264.43,0.28,2025-08-06
149,18,88,1,2484.72,0.11,2025-03-19
150,44,89,7,3097.4,0.09,2025-04-12
151,84,44,8,1684.07,0.13,2024-12-30
152,6,76,2,2134.26,0.01,2025-05-02
153,161,68,9,3946.05,0.15,2024-04-17
154,194,47,1,2171.08,0.05,2025-05-28
155,244,32,3,1084.31,0.26,2024-08-03
156,122,87,10,1625.36,0.25,2024-05-04
157,244,44,5,1439.27,0.08,2025-03-12
158,264,70,4,2938.42,0.27,2024-06-10
159,157,19,5,2373.78,0.23,2025-04-02
160,264,76,5,1289.83,0.08,2025-07-25
161,96,1,8,4352.44,0.17,2024-12-01
162,253,61,2,3787.39,0.22,2025-06-04
163,24,64,8,1137.87,0.11,2024-05-24
164,250,64,4,1086.55,0.14,2025-02-15
165,214,74,7,2356.83,0.26,2024-03-23
166,234,54,8,3404.36,0.03,2025-01-01
167,117,35,4,3208.26,0.27,2024-04-08
168,206,87,4,3909.13,0.26,2025-03-30
169,51,13,9,3332.03,0.22,2024-12-31
170,244,92,4,2234.0,0.13,2025-01-23
171,179,90,4,3337.08,0.08,2025-05-17
172,212,100,8,534.12,0.12,2024-01-18
173,11,79,8,334.16,0.24,2024-12-08
174,209,23,5,854.82,0.08,2025-06-26
175,253,52,10,3083.65,0.16,2024-12-26
176,246,83,1,3737.26,0.2,2025-02-08
177,260,8,7,4595.95,0.25,2025-06-05
178,38,14,3,846.24,0.28,2024-05-12
179,273,95,8,4464.8,0.26,2024-08-03
180,171,35,2,2915.23,0.16,2025-02-03
181,5,64,7,3894.71,0.14,2025-05-10
182,51,1,3,3968.74,0.24,2024-07-17
183,146,5,5,466.89,0.15,2024-09-13
184,16,95,9,1763.02,0.01,2024-09-28
185,147,54,1,1682.49,0.0,2024-11-21
186,115,91,7,4156.6,0.08,2024-09-26
187,204,80,8,2600.01,0.19,2024-08-05
188,109,99,10,3517.64,0.13,2024-08-07
189,35,41,2,620.82,0.28,2025-02-10
190,189,40,4,4124.68,0.16,2024-09-09
191,28,97,5,4641.39,0.03,2024-05-02
192,122,16,9,2426.72,0.17,2025-06-25
193,236,81,7,4285.71,0.17,2025-02-14
194,265,72,2,4351.4,0.24,2024-06-15
195,138,41,8,3698.7,0.22,2025-02-09
196,81,74,3,3109.07,0.15,2024-12-20
197,180,74,8,797.21,0.04,2025-08-05
198,140,48,9,4989.19,0.07,2024-10-26
199,43,33,9,1336.99,0.21,2025-03-30
200,64,68,4,1410.79,0.2,2024-05-25
201,77,69,6,4907.59,0.07,2024-01-22
202,81,10,5,3228.21,0.3,2024-03-28
203,44,78,8,108.49,0.06,2024-01-09
204,58,70,10,1675.59,0.15,2025-05-27
205,141,77,5,3720.6,0.28,2025-03-03
206,221,8,8,1417.72,0.11,2024-12-08
207,143,43,2,4676.06,0.16,2025-07-20
208,88,49,1,3569.23,0.08,2024-11-16
209,185,35,2,790.79,0.2,2024-03-26
210,226,48,5,1636.08,0.07,2025-07-20
211,240,62,3,2508.96,0.28,2025-04-06
212,220,76,1,421.29,0.3,2025-01-22
213,283,8,3,138.41,0.01,2025-04-24
214,118,55,10,2103.66,0.16,2025-08-19
215,202,45,6,1912.15,0.02,2024-06-03
216,131,64,10,3508.66,0.29,2024-12-17
217,216,44,1,1149.38,0.14,2024-06-02
218,170,98,9,755.69,0.23,2025-05-22
219,151,66,7,1868.39,0.21,2025-04-10
220,56,96,5,3161.69,0.07,2024-01-12
221,282,60,10,2441.2,0.13,2024-01-09
222,34,94,9,807.53,0.04,2024-06-03
223,239,93,6,293.23,0.05,2024-04-25
224,95,12,9,4006.68,0.06,2024-03-11
225,2,22,2,3034.39,0.02,2024-12-21
226,21,78,2,3865.64,0.08,2024-12-14
227,283,8,8,90.91,0.12,2024-04-27
228,206,19,7,1548.54,0.07,2024-09-25
229,165,54,6,1723.76,0.17,2025-04-13
230,93,100,7,1561.42,0.24,2024-08-05
231,99,33,8,4818.46,0.16,2024-10-11
232,138,32,9,876.33,0.06,2024-01-07
233,282,43,1,4397.15,0.23,2025-05-20
234,162,14,9,3140.64,0.15,2024-01-24
235,162,96,10,115.44,0.23,2025-02-17
236,161,16,5,3945.13,0.13,2024-12-12
237,132,47,1,2418.86,0.1,2024-06-26
238,189,37,1,136.72,0.11,2024-06-07
239,37,70,1,2609.14,0.01,2024-04-20
240,215,80,2,155.81,0.19,2024-09-10
241,160,64,6,3797.35,0.03,2024-06-21
242,158,8,8,1885.42,0.06,2025-07-12
243,208,45,3,2456.79,0.11,2024-07-22
244,8,55,1,2767.29,0.01,2024-09-04
245,267,28,4,1746.93,0.05,2024-01-28
246,101,87,4,2943.5,0.06,2025-08-11
247,285,63,4,1406.16,0.25,2024-04-12
248,189,53,2,3776.43,0.1,2024-07-12
249,277,82,3,770.63,0.24,2024-05-22
250,257,67,6,3868.98,0.02,2024-04-03
251,33,3,1,1130.45,0.3,2024-07-10
252,275,71,7,4658.47,0.12,2024-07-16
253,272,49,3,946.51,0.11,2024-04-06
254,109,59,10,2991.15,0.1,2024-02-16
255,199,40,1,2311.43,0.09,2024-12-15
256,161,66,7,2305.48,0.02,2024-09-04
257,240,9,3,2852.71,0.01,2024-12-13
258,30,15,2,867.22,0.07,2025-07-06
259,278,3,1,529.38,0.22,2024-04-23
260,67,83,7,1161.93,0.15,2025-01-23
261,272,91,5,2985.94,0.04,2024-06-21
262,41,5,1,2293.99,0.12,2024-09-22
263,194,23,5,2454.06,0.07,2024-04-14
264,193,74,3,977.37,0.22,2024-06-14
265,23,93,8,156.41,0.24,2025-07-23
266,76,97,1,721.75,0.28,2024-09-13
267,39,6,1,2566.65,0.16,2024-01-28
268,298,86,6,4505.97,0.19,2024-02-13
269,128,75,5,693.65,0.21,2025-02-23
270,101,62,1,3467.74,0.16,2024-07-16
271,283,27,8,2366.87,0.04,2025-05-24
272,268,15,3,4209.59,0.16,2024-03-19
273,192,95,4,685.73,0.03,2024-07-26
274,62,62,9,2963.44,0.15,2025-06-21
275,89,55,10,1883.25,0.06,2025-03-03
276,35,22,7,1316.62,0.06,2024-10-17
277,254,72,3,2776.32,0.09,2024-07-27
278,2,50,4,4817.85,0.1,2025-06-29
279,234,9,4,1331.6,0.08,2024-03-24
280,107,3,2,3246.12,0.17,2024-05-28
281,192,18,5,2266.45,0.16,2025-04-12
282,180,30,10,3238.39,0.07,2025-01-21
283,201,54,2,4389.25,0.27,2025-03-24
284,134,22,5,3733.7,0.14,2024-01-14
285,30,47,6,4941.25,0.13,2024-10-22
286,132,82,5,1036.0,0.27,2024-06-29
287,226,82,7,2086.55,0.01,2024-06-18
288,273,97,9,3078.06,0.09,2024-07-07
289,210,20,2,2589.2,0.23,2025-04-15
290,299,12,3,4466.27,0.01,2025-06-12
291,59,64,4,4452.07,0.03,2024-09-08
292,99,100,4,2254.33,0.04,2024-04-13
293,171,50,2,3030.31,0.27,2024-02-29
294,140,54,3,4826.57,0.24,2024-10-14
295,211,60,3,2514.73,0.23,2024-06-23
296,194,92,7,4985.98,0.23,2024-04-11
297,56,78,4,559.64,0.09,2025-01-28
298,100,43,9,4786.18,0.29,2024-12-27
299,180,13,6,970.87,0.23,2025-03-26
300,237,73,5,504.99,0.18,2025-05-30
301,171,10,2,1954.63,0.26,2024-03-01
302,253,64,3,4978.73,0.07,2024-05-07
303,105,28,9,3745.23,0.07,2024-06-19
304,24,41,9,332.43,0.21,2024-03-04
305,123,92,10,1946.44,0.15,2024-05-18
306,266,56,2,4811.9,0.08,2024-11-05
307,91,19,8,2776.23,0.02,2025-08-11
308,73,51,10,3159.82,0.1,2025-08-01
309,262,91,1,4499.43,0.07,2024-06-22
310,82,17,7,845.6,0.2,2024-12-02
311,85,78,3,4104.81,0.07,2024-06-14
312,167,19,10,4182.92,0.3,2025-03-19
313,130,81,2,890.98,0.21,2025-07-10
314,33,89,9,4707.15,0.29,2024-10-18
315,137,50,9,565.06,0.05,2024-10-11
316,231,80,4,160.05,0.29,2024-05-20
317,192,41,1,2386.07,0.21,2025-07-18
318,76,36,10,4108.21,0.18,2024-04-02
319,145,92,3,4556.79,0.15,2024-06-06
320,73,89,6,3290.85,0.29,2025-08-06
321,287,71,5,3289.22,0.0,2024-05-25
322,229,15,1,4862.75,0.14,2024-10-19
323,259,64,7,2118.69,0.2,2024-10-11
324,282,12,10,3047.75,0.2,2024-09-19
325,106,64,9,3407.13,0.19,2024-03-13
326,190,49,6,4522.59,0.25,2025-02-04
327,30,12,4,2010.33,0.16,2024-01-16
328,236,17,6,1554.65,0.27,2025-05-18
329,36,12,7,2547.51,0.29,2025-07-29
330,260,29,8,1196.47,0.17,2025-07-28
331,150,80,4,2558.13,0.02,2024-10-15
332,225,65,7,3456.1,0.13,2025-07-29
333,92,66,1,2884.06,0.26,2024-01-19
334,190,24,10,1727.03,0.07,2024-08-20
335,59,87,5,3346.23,0.13,2025-08-14
336,186,10,7,3890.39,0.02,2024-10-14
337,202,87,10,2242.5,0.23,2025-02-05
338,40,64,4,3783.67,0.07,2025-03-19
339,162,46,7,3300.06,0.26,2024-09-09
340,173,77,10,2066.41,0.06,2024-08-23
341,116,32,2,4783.66,0.07,2024-11-14
342,31,6,4,505.81,0.28,2025-01-01
343,258,85,6,208.77,0.06,2024-10-15
344,69,26,9,2279.03,0.11,2024-05-07
345,48,71,1,187.81,0.16,2024-03-01
346,148,50,4,3244.53,0.23,2025-02-04
347,116,27,3,4535.26,0.28,2024-08-05
348,141,21,4,4940.01,0.2,2025-04-18
349,180,16,4,2517.75,0.29,2024-01-06
350,72,76,5,2185.76,0.02,2024-01-04
351,79,33,7,1721.93,0.12,2025-05-28
352,130,100,1,981.7,0.27,2024-09-26
353,182,81,4,191.61,0.19,2024-06-04
354,172,94,10,4857.7,0.26,2024-04-10
355,246,86,2,1828.29,0.02,2025-03-08
356,182,12,3,658.56,0.07,2024-01-19
357,197,36,6,240.0,0.21,2024-12-14
358,187,85,6,3531.19,0.09,2025-06-29
359,36,48,1,1434.7,0.26,2025-05-05
360,137,38,7,2321.29,0.12,2024-07-23
361,168,86,6,2666.08,0.16,2024-05-01
362,43,27,1,2386.0,0.23,2025-06-28
363,39,62,5,4417.21,0.12,2024-12-25
364,261,26,9,1140.17,0.18,2025-01-28
365,11,26,10,2341.7,0.04,2024-03-09
366,155,92,9,3926.96,0.2,2025-01-12
367,82,76,8,4498.08,0.21,2025-01-04
368,298,74,2,985.71,0.03,2025-01-23
369,153,90,1,2940.23,0.12,2024-08-03
370,117,78,5,4773.88,0.29,2024-05-11
371,239,44,8,4445.57,0.04,2024-11-03
372,12,3,6,980.68,0.06,2025-02-15
373,91,72,3,3351.28,0.19,2024-09-22
374,85,10,4,1902.38,0.0,2024-03-22
375,30,30,6,4133.7,0.07,2024-02-29
376,44,88,4,3032.27,0.16,2025-08-08
377,155,30,10,391.63,0.05,2025-06-21
378,262,76,7,2813.72,0.25,2025-01-17
379,20,67,3,4426.62,0.07,2025-03-29
380,15,57,7,3577.05,0.26,2024-12-28
381,11,25,3,697.38,0.15,2025-01-12
382,117,48,3,1188.92,0.14,2024-04-30
383,177,42,2,4370.54,0.19,2024-12-21
384,16,76,9,68.08,0.12,2024-05-16
385,12,35,5,1543.14,0.11,2025-05-16
386,24,44,4,3437.46,0.08,2024-08-13
387,38,50,9,1047.89,0.16,2024-02-04
388,180,2,8,249.23,0.07,2025-08-13
389,8,10,4,2786.58,0.29,2025-01-23
390,152,28,10,1832.12,0.29,2025-04-01
391,181,44,4,3796.53,0.25,2024-07-12
392,37,33,9,1785.04,0.28,2025-01-12
393,213,17,1,4943.69,0.11,2025-05-05
394,146,33,2,2914.44,0.25,2025-05-18
395,43,80,5,1110.03,0.16,2025-05-21
396,201,54,9,1375.2,0.29,2025-02-21
397,161,81,7,2879.95,0.22,2024-07-21
398,253,22,1,2003.37,0.18,2025-04-16
399,234,25,9,2073.47,0.07,2025-07-23
400,65,80,2,4271.58,0.03,2025-08-23
401,1,81,9,2764.59,0.09,2024-08-19
402,151,48,7,78.76,0.18,2025-03-08
403,149,28,6,911.4,0.21,2024-08-11
404,220,91,5,1299.27,0.21,2024-10-26
405,238,92,3,1108.84,0.14,2024-04-09
406,79,64,10,2166.41,0.21,2024-10-15
407,69,99,9,3773.25,0.1,2025-04-17
408,149,72,6,3688.29,0.02,2024-12-04
409,236,12,2,4097.63,0.24,2024-12-12
410,12,1,6,2486.55,0.29,2024-09-04
411,25,72,3,545.14,0.14,2025-01-29
412,216,90,3,1177.89,0.13,2024-06-14
413,61,68,9,56.63,0.24,2025-01-07
414,118,23,7,4815.61,0.03,2024-12-17
415,50,65,2,493.95,0.13,2025-01-29
416,9,58,3,3602.67,0.12,2024-11-22
417,161,55,6,3890.52,0.0,2025-02-25
418,26,38,10,1193.22,0.16,2024-12-18
419,221,56,8,1960.27,0.13,2025-04-30
420,293,73,6,2661.51,0.28,2025-06-06
421,65,19,9,597.52,0.22,2025-07-01
422,261,9,1,858.21,0.06,2025-04-24
423,137,98,8,3079.29,0.11,2025-01-01
424,102,10,2,3364.51,0.17,2025-05-15
425,286,54,1,455.28,0.13,2025-07-08
426,159,60,4,3207.11,0.27,2025-01-06
427,59,56,6,2923.04,0.22,2024-10-27
428,54,90,2,4252.18,0.17,2024-10-09
429,272,52,10,4855.97,0.01,2024-03-15
430,47,53,2,2379.07,0.14,2024-10-28
431,74,100,2,902.98,0.0,2025-05-12
432,276,97,9,4661.73,0.18,2024-07-05
433,45,33,4,1729.31,0.06,2024-04-11
434,243,10,1,855.36,0.18,2024-11-04
435,14,79,6,4814.32,0.2,2025-05-04
436,117,33,5,909.78,0.25,2025-03-06
437,10,28,5,433.39,0.25,2024-12-02
438,266,67,8,1309.2,0.07,2024-12-18
439,202,74,3,1898.2,0.16,2025-02-25
440,233,64,3,3044.39,0.04,2024-10-15
441,263,20,8,1872.46,0.26,2025-03-28
442,51,84,5,579.17,0.03,2024-12-18
443,292,7,1,3435.4,0.12,2025-01-05
444,50,60,8,3942.88,0.19,2024-07-27
445,284,35,1,1226.97,0.01,2024-08-04
446,197,41,9,123.97,0.26,2024-01-20
447,30,9,2,4435.69,0.28,2025-08-18
448,257,3,7,4826.29,0.16,2025-06-13
449,145,8,10,4529.85,0.04,2025-06-11
450,30,60,6,3304.08,0.13,2024-04-25
451,201,24,2,4731.64,0.15,2024-06-29
452,92,53,3,3059.11,0.19,2024-09-22
453,108,45,9,2603.33,0.15,2024-02-15
454,119,90,5,4909.5,0.07,2024-05-23
455,75,61,10,2629.76,0.1,2025-08-03
456,100,4,3,1610.42,0.27,2025-02-12
457,17,90,6,3665.7,0.17,2024-05-30
458,262,75,7,547.98,0.2,2024-04-07
459,132,77,1,901.6,0.18,2025-06-03
460,176,75,3,3481.08,0.1,2024-01-23
461,273,92,8,2639.87,0.1,2025-07-01
462,220,70,3,3615.29,0.05,2025-05-12
463,148,83,3,983.72,0.18,2025-01-16
464,60,29,9,1604.88,0.21,2024-05-22
465,188,42,4,1107.49,0.28,2025-03-22
466,35,83,3,3235.38,0.17,2025-07-09
467,4,2,1,2774.3,0.11,2024-02-18
468,55,10,1,3948.92,0.13,2025-07-19
469,281,69,8,3919.87,0.13,2024-02-24
470,179,54,7,4148.5,0.06,2025-01-28
471,25,98,2,4201.74,0.14,2025-07-03
472,239,49,5,4233.1,0.14,2024-05-09
473,87,18,10,470.04,0.22,2024-09-25
474,282,24,1,2728.64,0.16,2024-09-25
475,88,100,10,3881.35,0.21,2025-01-10
476,11,50,1,2632.39,0.27,2024-11-09
477,222,71,9,2363.04,0.06,2024-08-04
478,160,73,2,2690.54,0.13,2024-11-17
479,181,39,4,2948.65,0.25,2025-02-04
480,230,85,9,4623.73,0.11,2024-08-22
481,91,40,8,2717.46,0.12,2025-04-02
482,232,29,1,1499.37,0.17,2024-06-15
483,10,75,5,3582.03,0.22,2024-04-28
484,295,57,8,1543.92,0.15,2024-07-07
485,261,98,8,99.83,0.2,2025-06-16
486,239,75,7,2354.17,0.14,2024-08-18
487,99,12,1,3263.8,0.01,2024-06-27
488,272,71,9,320.26,0.0,2024-07-29
489,204,77,3,1812.62,0.13,2024-08-14
490,214,85,7,894.17,0.26,2024-08-16
491,265,41,1,1746.22,0.11,2024-09-05
492,91,64,3,1144.89,0.24,2024-04-13
493,37,45,3,731.3,0.22,2024-03-12
494,291,100,2,3097.77,0.15,2025-07-02
495,203,75,5,1548.11,0.12,2024-08-08
496,264,50,3,4711.95,0.24,2024-08-03
497,5,91,2,2193.85,0.27,2024-08-21
498,12,17,4,3035.43,0.28,2025-08-11
499,151,62,6,3514.18,0.1,2025-03-07
500,28,88,4,2982.66,0.06,2024-06-26
501,113,18,1,2784.46,0.19,2024-12-30
502,180,4,6,4825.74,0.03,2024-01-23
503,157,84,10,2256.21,0.22,2024-08-08
504,251,23,10,3763.22,0.02,2024-07-21
505,285,97,1,3753.78,0.18,2025-07-18
506,41,9,4,2628.74,0.26,2025-05-18
507,298,14,8,1581.9,0.15,2024-12-22
508,264,54,7,2391.03,0.29,2024-03-17
509,49,49,4,920.69,0.1,2024-05-31
510,122,32,6,668.7,0.29,2024-02-12
511,236,73,1,984.74,0.06,2025-07-13
512,123,71,10,4694.89,0.09,2024-12-09
513,229,25,1,2266.31,0.02,2024-03-16
514,136,33,9,2797.01,0.21,2025-07-10
515,133,27,1,3700.12,0.03,2024-04-25
516,246,35,9,1072.6,0.23,2025-07-24
517,152,43,6,1323.98,0.25,2024-03-12
518,269,90,6,3425.92,0.0,2024-02-09
519,58,61,9,2478.68,0.23,2025-06-16
520,162,23,6,4005.41,0.01,2025-08-02
521,36,64,8,4043.19,0.26,2025-08-14
522,210,47,9,4616.74,0.29,2024-01-21
523,38,72,7,4705.05,0.14,2025-02-13
524,114,1,4,1322.19,0.22,2024-06-05
525,118,14,8,4825.67,0.25,2025-06-18
526,288,90,6,312.81,0.17,2025-03-30
527,252,74,7,2833.0,0.22,2024-04-20
528,67,38,4,935.0,0.17,2025-05-18
529,12,9,2,4193.87,0.16,2025-06-23
530,39,85,2,3326.22,0.23,2024-01-27
531,181,56,10,3352.85,0.21,2024-03-06
532,211,93,3,294.76,0.2,2024-03-14
533,103,72,9,3580.39,0.15,2025-05-06
534,221,28,7,735.42,0.19,2024-07-09
535,61,48,4,2544.47,0.24,2024-01-25
536,132,3,1,3103.43,0.16,2024-01-15
537,120,59,10,4993.11,0.15,2024-09-02
538,140,38,1,1930.41,0.23,2025-05-20
539,6,7,7,1351.14,0.23,2025-05-15
540,186,64,2,3675.04,0.17,2025-07-28
541,4,100,8,1115.91,0.16,2024-02-11
542,224,52,4,679.06,0.09,2025-04-13
543,31,28,7,3674.33,0.03,2024-12-18
544,52,24,6,1289.43,0.05,2025-05-10
545,293,72,1,4998.55,0.25,2024-09-12
546,64,73,10,499.53,0.05,2025-01-31
547,55,94,2,2031.32,0.27,2024-11-05
548,197,95,6,2749.31,0.05,2024-12-09
549,117,32,6,4684.95,0.11,2025-05-19
550,138,74,3,167.51,0.17,2024-08-23
551,87,50,7,1020.47,0.09,2025-04-29
552,9,25,9,1702.33,0.03,2025-04-22
553,26,52,8,2736.7,0.15,2024-07-23
554,39,86,5,4358.41,0.04,2024-01-12
555,42,72,9,2379.35,0.11,2025-02-09
556,159,55,7,1701.66,0.26,2024-11-11
557,122,56,9,3207.46,0.04,2024-02-11
558,174,65,8,1576.78,0.24,2024-10-21
559,166,62,4,645.02,0.2,2025-04-27
560,92,91,7,3373.95,0.03,2024-04-15
561,115,8,8,720.56,0.27,2024-11-16
562,63,84,5,280.19,0.2,2025-01-15
563,268,72,2,4315.9,0.0,2024-03-12
564,82,98,8,4695.28,0.07,2024-09-24
565,65,54,1,2710.72,0.23,2024-10-18
566,44,37,6,4826.45,0.14,2025-08-10
567,196,51,6,928.49,0.23,2024-10-13
568,232,60,4,2732.02,0.27,2025-07-30
569,98,17,5,258.11,0.29,2025-05-01
570,273,63,1,2419.76,0.09,2024-02-16
571,127,84,1,4731.73,0.23,2024-12-25
572,46,53,9,4245.47,0.15,2025-07-24
573,230,85,1,3765.41,0.06,2024-11-16
574,211,73,5,2072.72,0.21,2025-03-21
575,247,79,3,4374.76,0.23,2024-09-17
576,264,96,8,1441.99,0.18,2024-11-27
577,259,54,4,1660.64,0.14,2025-08-09
578,237,38,10,3955.62,0.19,2024-03-21
579,265,76,2,1491.02,0.27,2024-06-11
580,136,30,4,2714.83,0.01,2024-10-20
581,30,50,4,3783.11,0.11,2024-03-21
582,157,95,10,979.95,0.25,2024-01-16
583,27,19,5,3676.35,0.09,2025-05-12
584,98,13,6,3590.68,0.25,2024-11-07
585,253,25,5,4244.77,0.3,2024-06-07
586,45,86,9,3354.25,0.24,2024-06-11
587,183,56,10,126.51,0.15,2025-07-02
588,102,89,2,3957.29,0.2,2024-10-12
589,127,32,4,1526.17,0.16,2025-03-13
590,182,95,6,3032.7,0.06,2025-04-06
591,201,33,2,3277.04,0.26,2024-06-22
592,93,46,2,3555.77,0.05,2024-12-21
593,133,46,5,3338.56,0.19,2024-06-11
594,35,28,7,689.11,0.02,2025-04-06
595,276,57,2,3178.57,0.15,2025-08-21
596,98,40,4,1887.06,0.16,2025-06-30
597,151,15,10,3090.4,0.28,2025-01-05
598,136,43,9,4264.17,0.01,2024-01-23
599,212,34,8,1584.77,0.11,2024-02-01
600,207,76,3,1588.73,0.15,2024-11-19
601,163,64,2,3376.74,0.29,2025-02-27
602,144,56,9,653.25,0.0,2024-09-21
603,241,48,5,741.41,0.1,2024-11-21
604,106,8,9,1623.15,0.25,2024-10-25
605,101,80,8,2304.63,0.2,2024-08-18
606,92,1,9,3026.04,0.07,2024-03-22
607,19,75,5,822.58,0.14,2024-12-19
608,258,19,9,952.71,0.2,2025-05-18
609,117,17,4,1816.04,0.26,2024-06-19
610,71,69,3,485.37,0.26,2025-05-25
611,193,86,2,4472.09,0.15,2024-01-05
612,24,91,10,4396.56,0.11,2025-05-15
613,87,74,6,4104.12,0.11,2025-03-27
614,284,15,2,4052.18,0.07,2024-08-28
615,64,72,9,2497.42,0.07,2024-09-24
616,32,77,8,4639.29,0.13,2024-05-29
617,28,31,7,2474.68,0.23,2025-06-09
618,117,49,4,3156.89,0.24,2025-02-05
619,51,31,6,4656.54,0.0,2024-04-23
620,88,20,5,628.31,0.26,2024-07-12
621,49,6,4,1190.36,0.26,2025-02-05
622,299,5,7,3787.74,0.22,2024-07-01
623,274,73,3,573.57,0.25,2024-10-08
624,274,62,9,2839.82,0.15,2024-05-13
625,260,90,8,4846.6,0.2,2025-01-27
626,139,82,8,2411.56,0.05,2024-03-17
627,198,86,10,4179.58,0.15,2024-06-09
628,235,31,9,669.23,0.24,2024-11-01
629,3,67,9,2539.59,0.16,2024-06-02
630,88,28,4,3045.79,0.27,2024-01-04
631,59,85,9,4526.83,0.07,2024-10-07
632,208,77,9,4630.78,0.06,2024-12-12
633,144,66,5,413.74,0.05,2024-07-15
634,148,41,2,513.58,0.09,2024-09-30
635,186,69,6,1283.1,0.22,2024-04-26
636,205,22,6,256.17,0.27,2024-10-18
637,157,48,2,4658.32,0.05,2025-03-23
638,41,43,7,2886.91,0.1,2025-02-04
639,93,38,1,1569.32,0.13,2025-01-15
640,236,11,9,2108.86,0.27,2024-12-14
641,17,46,5,737.91,0.09,2025-04-28
642,21,1,10,1518.69,0.07,2025-07-31
643,94,53,7,3482.45,0.26,2025-03-27
644,48,10,4,3135.56,0.08,2025-04-13
645,184,93,1,2869.78,0.3,2024-06-07
646,296,57,3,4674.61,0.17,2024-09-10
647,1,92,2,3807.12,0.15,2025-05-08
648,220,67,9,289.98,0.09,2025-05-04
649,17,48,8,2113.63,0.06,2025-05-24
650,44,23,7,3689.97,0.21,2024-04-05
651,128,15,1,79.49,0.0,2024-08-12
652,150,94,2,1515.23,0.18,2025-02-01
653,134,1,5,878.94,0.3,2025-01-22
654,217,34,4,1707.53,0.11,2025-06-21
655,220,7,7,3405.2,0.08,2024-02-25
656,59,85,3,1554.86,0.2,2024-07-18
657,168,39,10,3590.94,0.18,2024-11-05
658,204,80,10,3781.87,0.08,2024-11-12
659,296,10,3,1710.7,0.15,2024-03-25
660,155,85,7,2835.09,0.13,2024-05-07
661,1,63,5,4728.49,0.28,2024-11-24
662,40,42,10,1803.51,0.16,2024-06-19
663,240,37,9,1234.04,0.09,2025-03-19
664,169,83,1,3109.02,0.15,2025-08-23
665,84,99,3,90.54,0.24,2025-04-19
666,137,16,7,3093.71,0.16,2024-11-15
667,121,78,4,834.71,0.05,2025-04-18
668,27,76,2,659.08,0.0,2025-07-25
669,208,12,2,1106.16,0.26,2024-07-18
670,132,60,4,2985.57,0.14,2024-04-06
671,270,11,8,4760.73,0.04,2024-05-17
672,157,64,10,3706.48,0.04,2024-02-08
673,105,76,3,2506.89,0.18,2024-01-23
674,168,58,1,860.41,0.25,2024-06-10
675,270,93,4,3983.73,0.28,2025-03-31
676,67,86,5,3998.78,0.03,2024-07-15
677,129,93,7,2577.54,0.21,2024-02-11
678,212,94,3,1239.71,0.08,2024-07-28
679,267,99,1,2138.42,0.26,2024-02-28
680,120,96,1,2963.8,0.16,2025-02-08
681,114,52,3,3301.13,0.16,2024-11-29
682,107,6,3,3607.19,0.18,2024-08-06
683,173,6,7,3698.99,0.19,2024-07-24
684,297,71,10,4984.42,0.19,2024-08-27
685,298,35,3,2549.55,0.29,2024-10-08
686,36,60,2,4624.99,0.22,2024-09-16
687,163,17,7,1725.54,0.15,2025-02-01
688,145,98,8,306.36,0.23,2024-08-11
689,256,15,3,2460.93,0.1,2024-09-02
690,82,64,6,412.19,0.08,2024-08-23
691,270,9,1,3471.48,0.18,2024-06-27
692,186,64,8,2006.65,0.2,2024-09-26
693,71,33,1,469.24,0.26,2024-10-16
694,36,21,4,1227.74,0.13,2024-11-17
695,217,34,5,3755.04,0.13,2024-02-17
696,133,60,1,3690.62,0.16,2025-03-04
697,63,70,10,4939.73,0.05,2024-10-15
698,28,54,6,4743.57,0.3,2024-09-22
699,151,59,3,3812.02,0.08,2025-03-02
700,222,41,10,3806.77,0.15,2025-06-13
701,28,37,2,3496.21,0.06,2024-08-18
702,233,84,9,696.14,0.08,2025-05-21
703,124,97,5,1301.78,0.25,2024-12-17
704,96,90,10,2466.71,0.02,2024-09-25
705,261,75,6,1393.41,0.21,2025-08-11
706,186,93,8,1130.97,0.11,2024-01-18
707,13,64,3,1900.78,0.01,2024-03-10
708,295,67,2,1673.9,0.11,2024-07-20
709,90,45,2,3224.13,0.14,2024-08-16
710,236,17,5,4143.04,0.26,2024-10-22
711,118,17,1,1241.25,0.16,2024-03-29
712,274,12,6,3109.15,0.22,2024-03-20
713,70,8,4,1842.01,0.3,2025-07-12
714,141,95,4,1442.68,0.18,2024-03-14
715,91,6,5,307.9,0.19,2025-02-07
716,96,18,7,4580.49,0.26,2025-01-17
717,19,60,3,3557.09,0.14,2025-07-25
718,271,42,8,3557.29,0.06,2024-12-17
719,6,37,2,4743.44,0.3,2024-11-02
720,250,84,8,4855.82,0.06,2024-10-29
721,235,39,6,82.14,0.25,2025-06-22
722,209,69,6,248.56,0.05,2024-02-09
723,110,14,1,1294.01,0.24,2024-01-22
724,263,80,3,1301.81,0.09,2024-12-08
725,34,60,3,3715.11,0.21,2024-11-14
726,1,74,3,4709.89,0.14,2024-04-26
727,300,55,3,4511.22,0.16,2025-04-01
728,129,46,6,367.96,0.25,2024-05-31
729,156,61,2,337.87,0.21,2025-04-12
730,64,85,2,2587.08,0.17,2025-01-31
731,294,91,1,1603.04,0.22,2024-06-30
732,74,48,7,3059.35,0.23,2024-01-08
733,264,22,10,1492.31,0.1,2024-12-07
734,83,10,6,3489.2,0.26,2025-02-25
735,88,61,2,2140.13,0.03,2024-10-09
736,288,58,9,629.79,0.07,2024-08-13
737,107,40,10,4871.02,0.04,2024-07-13
738,252,10,5,1180.73,0.25,2024-09-27
739,92,72,9,2596.29,0.03,2024-01-10
740,16,55,7,2130.49,0.28,2024-09-24
741,7,20,5,4413.99,0.17,2024-04-05
742,4,48,8,4950.75,0.07,2024-12-12
743,103,13,1,2519.16,0.3,2025-01-25
744,230,27,9,3713.92,0.03,2025-02-16
745,160,58,10,1274.23,0.01,2024-11-15
746,159,10,7,4075.25,0.26,2024-12-22
747,101,75,10,2836.91,0.04,2025-04-10
748,171,23,4,561.01,0.18,2024-11-06
749,253,81,7,4720.46,0.1,2024-04-16
750,194,100,1,4388.08,0.3,2025-06-30
751,256,25,1,4155.13,0.08,2025-06-25
752,209,92,8,2388.84,0.09,2025-03-25
753,83,94,3,2227.45,0.27,2024-10-29
754,59,71,6,4720.35,0.19,2024-08-04
755,159,34,2,3078.46,0.24,2024-03-03
756,65,72,6,4115.59,0.02,2025-01-03
757,103,77,2,3270.1,0.18,2025-02-11
758,120,46,7,4198.08,0.06,2024-11-29
759,242,12,10,848.14,0.29,2024-03-22
760,4,16,10,1985.47,0.04,2024-02-16
761,48,33,2,3917.93,0.04,2024-11-30
762,163,19,1,2033.86,0.01,2024-03-29
763,171,68,3,4397.0,0.11,2025-03-26
764,153,97,6,448.88,0.27,2024-12-29
765,254,43,7,2229.03,0.13,2025-08-12
766,41,31,4,741.71,0.07,2024-10-01
767,109,4,6,2511.31,0.11,2024-04-09
768,58,98,2,2422.89,0.3,2024-09-04
769,258,71,8,1173.69,0.18,2025-07-28
770,214,96,6,3067.27,0.23,2024-08-28
771,58,67,2,4118.89,0.2,2024-10-12
772,138,3,10,3895.18,0.09,2024-01-10
773,92,73,8,3116.02,0.21,2025-01-10
774,102,46,10,2142.39,0.24,2025-02-19
775,173,31,7,2151.16,0.1,2024-10-29
776,282,72,4,4372.52,0.19,2024-08-20
777,148,19,5,901.28,0.08,2025-07-07
778,151,72,1,3856.84,0.15,2024-09-26
779,10,33,10,213.72,0.19,2024-07-30
780,4,66,1,4724.07,0.06,2025-02-03
781,96,18,6,1190.41,0.16,2024-09-16
782,17,92,5,699.51,0.13,2025-05-06
783,52,76,4,98.01,0.07,2025-03-24
784,195,18,1,1205.26,0.27,2024-04-28
785,264,54,10,3044.64,0.21,2025-07-20
786,62,72,2,2105.86,0.03,2025-01-20
787,61,75,6,985.61,0.17,2024-08-18
788,78,66,7,3659.09,0.03,2025-04-25
789,37,37,8,3143.65,0.22,2024-12-16
790,63,77,4,3491.76,0.25,2024-05-20
791,185,43,10,4209.49,0.12,2025-04-23
792,235,38,4,206.7,0.24,2024-11-02
793,248,75,1,999.39,0.26,2024-04-28
794,143,86,6,913.92,0.07,2024-05-04
795,123,83,3,675.92,0.3,2025-07-31
796,127,9,4,4237.49,0.3,2024-08-08
797,187,96,5,4380.73,0.18,2025-02-22
798,95,50,5,3789.85,0.02,2024-04-09
799,121,72,6,1611.38,0.05,2024-11-12
800,160,6,2,2684.19,0.13,2024-07-26
801,265,74,5,1051.79,0.16,2025-05-20
802,180,6,7,1417.77,0.03,2024-10-28
803,180,48,5,3798.59,0.07,2025-06-08
804,294,17,3,3558.85,0.25,2024-01-13
805,17,50,9,4659.81,0.1,2025-07-23
806,54,1,2,897.79,0.12,2025-03-07
807,86,56,8,1386.97,0.08,2024-11-20
808,65,62,5,4441.72,0.0,2024-07-29
809,142,100,8,286.91,0.09,2024-01-26
810,267,64,2,4379.12,0.01,2025-02-06
811,174,70,4,1197.68,0.07,2025-08-19
812,172,97,10,1529.77,0.06,2024-04-10
813,282,76,10,2139.65,0.05,2025-05-12
814,28,5,1,2094.91,0.17,2025-01-14
815,194,27,10,3080.26,0.18,2025-08-15
816,248,70,9,4224.12,0.26,2025-01-10
817,201,3,2,4916.67,0.21,2024-08-24
818,110,16,10,3407.29,0.04,2024-07-18
819,281,40,7,1321.43,0.21,2024-08-14
820,83,3,1,2224.99,0.06,2024-03-29
821,255,49,9,4366.02,0.06,2025-06-18
822,235,96,3,3980.17,0.0,2024-06-09
823,296,11,2,3163.62,0.15,2025-04-22
824,42,73,8,2309.12,0.0,2024-09-20
825,204,27,9,2280.23,0.23,2024-02-18
826,298,43,6,3707.15,0.2,2024-03-14
827,20,91,8,2346.44,0.27,2024-06-01
828,36,5,5,2102.27,0.12,2025-03-21
829,198,54,7,1287.65,0.1,2024-11-14
830,81,41,9,3520.88,0.16,2024-12-02
831,228,84,5,563.17,0.2,2025-08-13
832,20,10,5,2011.51,0.24,2024-05-04
833,99,74,1,4878.71,0.06,2025-04-07
834,172,1,2,4910.47,0.09,2025-08-15
835,209,48,4,1654.24,0.28,2024-02-04
836,300,45,10,3064.45,0.12,2024-01-04
837,91,30,1,3941.49,0.27,2024-07-10
838,75,69,3,4913.81,0.24,2024-01-06
839,40,65,5,3677.7,0.07,2024-06-18
840,197,55,5,3960.1,0.21,2025-04-13
841,233,98,10,3623.53,0.16,2025-01-21
842,262,81,1,2224.46,0.12,2024-12-09
843,238,3,7,1014.0,0.24,2024-08-05
844,154,94,10,2374.18,0.06,2024-01-05
845,273,60,4,4595.36,0.25,2025-02-23
846,243,63,6,2600.77,0.08,2025-06-28
847,271,86,4,4054.71,0.0,2024-06-01
848,60,18,5,4551.33,0.19,2025-05-31
849,5,19,1,4603.81,0.23,2024-02-16
850,23,10,6,3144.95,0.0,2025-05-06
851,272,99,9,123.53,0.15,2024-08-13
852,222,75,4,3692.56,0.14,2025-06-02
853,262,32,2,4384.47,0.23,2024-12-10
854,154,55,3,1944.01,0.22,2025-06-15
855,265,70,7,2292.78,0.06,2024-01-22
856,255,76,4,1481.2,0.21,2025-04-03
857,26,3,8,3318.69,0.05,2025-01-17
858,67,6,4,3502.78,0.24,2025-08-11
859,292,43,8,1316.99,0.08,2024-06-27
860,288,55,5,159.33,0.23,2024-01-14
861,13,10,8,317.31,0.11,2025-07-26
862,49,25,3,2687.13,0.08,2024-07-20
863,65,99,7,2775.19,0.29,2025-07-04
864,247,55,5,718.62,0.04,2024-10-26
865,144,64,7,3024.2,0.05,2025-02-12
866,24,25,9,3078.77,0.08,2024-10-27
867,46,6,7,4753.34,0.3,2024-11-29
868,85,6,5,4818.97,0.27,2025-04-23
869,111,67,1,948.81,0.17,2024-10-08
870,52,46,6,4460.24,0.2,2024-01-05
871,118,84,9,265.05,0.12,2024-05-07
872,235,81,9,4507.58,0.03,2025-03-29
873,260,12,8,376.52,0.06,2024-08-26
874,212,39,3,3153.7,0.15,2024-02-18
875,219,51,9,452.9,0.02,2025-04-10
876,71,58,3,2822.77,0.12,2025-01-05
877,244,86,8,1464.38,0.04,2025-02-22
878,8,77,7,1667.3,0.25,2024-08-05
879,11,87,4,2589.04,0.19,2024-04-25
880,77,16,8,2276.08,0.28,2025-07-02
881,207,59,5,114.89,0.26,2025-06-16
882,170,42,5,3820.33,0.29,2024-12-23
883,75,96,7,736.47,0.2,2024-12-09
884,4,37,7,2885.59,0.17,2025-03-14
885,88,68,2,308.59,0.01,2025-07-12
886,264,80,8,1602.8,0.26,2024-04-02
887,159,85,9,3122.19,0.29,2025-06-26
888,62,33,10,4490.46,0.16,2024-05-26
889,139,10,5,3400.25,0.15,2024-07-01
890,143,6,8,4482.09,0.21,2025-02-04
891,52,78,9,4534.09,0.18,2024-03-15
892,68,33,6,3951.63,0.16,2024-03-21
893,202,64,5,971.28,0.02,2025-08-10
894,180,24,2,4761.55,0.02,2025-06-01
895,6,3,8,919.8,0.27,2024-06-22
896,106,58,2,46.99,0.03,2024-12-06
897,194,66,8,3758.27,0.27,2024-01-31
898,19,47,4,1319.42,0.04,2025-02-04
899,171,56,5,750.96,0.06,2025-06-27
900,272,30,5,2904.81,0.28,2024-07-18
901,207,92,6,913.01,0.24,2024-06-18
902,287,33,4,3298.12,0.07,2024-12-17
903,112,58,6,444.91,0.2,2025-07-05
904,216,58,8,331.83,0.29,2024-08-30
905,234,26,7,2844.41,0.17,2025-04-26
906,14,54,4,2578.99,0.01,2025-03-19
907,287,7,7,1281.11,0.15,2024-11-07
908,25,71,2,435.08,0.1,2025-08-10
909,117,47,4,2874.59,0.24,2024-12-28
910,108,14,9,2834.97,0.21,2024-11-23
911,103,32,10,4262.76,0.0,2025-08-05
912,202,82,5,4774.18,0.18,2024-06-06
913,265,71,3,4086.25,0.2,2025-01-31
914,198,55,8,1290.83,0.01,2024-01-18
915,278,4,1,2881.53,0.01,2024-12-28
916,220,53,8,3878.58,0.05,2025-01-21
917,258,48,9,3575.03,0.18,2024-12-07
918,95,12,5,4532.43,0.07,2025-01-01
919,72,61,7,4494.47,0.14,2025-07-24
920,181,28,5,3527.3,0.06,2024-09-26
921,285,6,1,2792.23,0.23,2025-02-14
922,264,67,5,4663.24,0.12,2025-05-31
923,271,31,7,3926.63,0.1,2024-08-30
924,203,55,7,1185.28,0.21,2025-08-19
925,131,95,6,696.63,0.08,2025-06-11
926,36,68,5,504.33,0.02,2024-02-26
927,236,46,3,2747.02,0.11,2024-10-21
928,220,5,10,525.75,0.13,2024-05-27
929,104,56,1,2298.92,0.1,2024-03-15
930,231,78,9,2670.31,0.28,2025-08-05
931,225,68,4,1332.79,0.27,2024-07-05
932,264,61,9,4859.47,0.29,2025-01-17
933,75,10,1,4550.15,0.29,2024-04-26
934,222,49,5,305.22,0.11,2024-08-31
935,111,35,8,1974.99,0.02,2024-01-16
936,179,82,9,1690.71,0.07,2024-11-02
937,15,71,8,4518.36,0.21,2024-10-15
938,79,80,3,3568.65,0.06,2025-03-03
939,37,62,8,4431.58,0.11,2024-08-20
940,273,8,6,2488.0,0.06,2024-04-23
941,259,87,7,2886.96,0.21,2024-12-12
942,144,56,4,631.08,0.24,2024-05-07
943,84,45,3,181.61,0.24,2024-06-03
944,254,58,5,548.84,0.02,2024-05-31
945,233,33,4,2385.07,0.21,2024-04-23
946,49,3,3,3148.9,0.0,2025-05-19
947,187,15,10,3579.14,0.02,2024-02-17
948,160,19,6,1818.73,0.06,2024-06-18
949,87,56,9,1599.86,0.13,2024-10-21
950,14,84,5,214.97,0.05,2025-05-07
951,48,69,9,83.92,0.3,2024-08-03
952,209,90,7,2099.91,0.23,2025-03-10
953,298,57,7,2181.98,0.24,2024-05-28
954,252,76,3,1337.22,0.26,2024-02-24
955,182,4,4,3626.94,0.06,2025-07-15
956,150,3,8,1599.46,0.14,2024-11-07
957,228,98,8,4726.71,0.1,2025-07-30
958,79,6,10,1799.7,0.3,2024-03-24
959,73,82,7,1697.86,0.3,2024-09-07
960,279,41,6,4484.57,0.23,2024-02-11
961,262,85,10,1164.27,0.06,2025-04-08
962,3,42,5,368.44,0.12,2025-05-07
963,35,96,7,412.02,0.21,2024-09-13
964,195,45,8,3961.52,0.28,2024-08-28
965,60,9,8,2815.48,0.02,2024-01-01
966,202,14,10,2355.6,0.07,2024-11-13
967,269,23,5,137.66,0.18,2024-12-30
968,246,22,3,1612.52,0.08,2025-04-08
969,83,23,1,1913.99,0.23,2025-08-19
970,124,10,4,1380.14,0.29,2024-02-05
971,95,75,5,119.15,0.1,2024-12-02
972,44,10,3,1041.23,0.1,2025-01-11
973,28,53,6,1071.19,0.27,2024-05-01
974,4,87,2,106.93,0.04,2024-06-29
975,194,30,3,975.88,0.13,2024-02-29
976,13,100,6,507.21,0.13,2024-08-14
977,116,22,5,1542.6,0.17,2025-07-05
978,69,25,6,2792.2,0.17,2024-04-20
979,45,87,3,4885.62,0.21,2024-07-12
980,26,17,7,3042.91,0.1,2024-05-27
981,78,88,4,1344.28,0.13,2025-03-20
982,31,47,9,90.99,0.05,2025-03-13
983,167,82,1,3132.68,0.14,2024-12-24
984,8,27,2,1647.53,0.15,2024-10-30
985,160,55,1,2059.04,0.25,2024-04-19
986,115,49,6,945.97,0.2,2024-03-25
987,4,10,10,2002.22,0.08,2025-05-10
988,293,83,9,2680.45,0.16,2025-03-01
989,250,28,9,617.14,0.0,2024-09-15
990,1,33,4,4938.29,0.22,2024-12-18
991,48,25,10,1967.06,0.25,2025-05-31
992,244,31,6,81.15,0.06,2025-03-06
993,287,22,2,1513.04,0.3,2024-01-31
994,271,67,2,1635.74,0.18,2024-06-10
995,162,47,2,2162.28,0.22,2025-04-02
996,162,93,2,57.02,0.08,2024-07-29
997,127,11,4,4989.35,0.05,2024-05-19
998,209,6,3,4549.75,0.14,2024-03-26
999,266,31,3,4047.59,0.11,2024-01-25
1000,52,66,5,3031.56,0.12,2025-01-31
1001,43,95,10,3428.29,0.05,2024-12-26
1002,45,92,4,3610.92,0.16,2024-05-16
1003,7,72,6,3536.84,0.01,2024-07-07
1004,70,80,2,1969.29,0.19,2025-05-14
1005,152,55,5,366.7,0.12,2024-06-24
1006,283,39,5,3575.21,0.05,2024-11-21
1007,205,82,8,2603.03,0.23,2024-01-23
1008,252,6,10,4047.6,0.1,2025-03-21
1009,250,96,9,311.16,0.14,2024-05-29
1010,187,45,3,4830.77,0.27,2024-06-25
1011,69,53,2,778.69,0.25,2024-05-05
1012,207,33,6,4863.5,0.15,2024-06-13
1013,102,68,6,4477.4,0.04,2024-04-16
1014,252,77,6,2317.15,0.27,2024-01-13
1015,17,82,3,1583.34,0.17,2025-06-29
1016,24,7,1,3105.47,0.24,2025-06-28
1017,25,60,1,236.91,0.23,2025-08-09
1018,81,27,7,3504.72,0.09,2024-05-11
1019,291,4,3,52.74,0.2,2024-12-23
1020,299,3,1,1766.98,0.19,2025-03-18
1021,126,28,4,112.93,0.01,2024-08-13
1022,206,35,2,2290.93,0.13,2024-01-23
1023,81,9,1,2688.86,0.19,2024-01-20
1024,258,65,6,265.23,0.02,2024-08-04
1025,252,18,5,1080.61,0.13,2024-04-08
1026,283,48,10,4602.3,0.28,2024-11-20
1027,24,55,1,380.36,0.05,2024-11-29
1028,173,18,9,4145.25,0.0,2024-02-05
1029,61,63,8,606.77,0.01,2025-07-25
1030,36,35,2,322.91,0.11,2024-11-19
1031,274,61,1,469.19,0.03,2024-01-08
1032,201,100,3,173.06,0.29,2024-03-24
1033,258,54,3,2140.05,0.14,2024-03-05
1034,79,2,8,650.19,0.25,2025-03-31
1035,220,28,2,4894.28,0.22,2025-03-21
1036,186,35,8,1354.91,0.24,2025-04-01
1037,193,34,5,2280.03,0.11,2025-03-12
1038,210,89,5,58.83,0.26,2025-05-31
1039,6,98,6,2820.37,0.12,2024-03-18
1040,43,4,1,1157.86,0.09,2025-02-13
1041,289,31,10,548.35,0.3,2024-05-19
1042,273,25,7,2199.23,0.16,2024-11-19
1043,242,18,7,118.74,0.08,2024-07-14
1044,153,93,8,3857.16,0.09,2024-11-23
1045,47,48,10,718.29,0.2,2024-10-19
1046,44,80,10,1739.18,0.1,2025-05-08
1047,19,13,8,3633.03,0.04,2025-06-24
1048,268,74,3,2399.67,0.3,2024-01-14
1049,281,60,9,1802.65,0.1,2024-11-03
1050,238,88,6,2482.55,0.26,2025-04-05
1051,79,5,9,1941.79,0.12,2025-01-15
1052,115,44,8,1453.47,0.15,2024-06-17
1053,147,56,9,4657.26,0.23,2024-12-03
1054,11,52,9,2550.91,0.07,2024-04-04
1055,62,9,10,4502.02,0.03,2025-02-12
1056,233,61,1,900.13,0.3,2024-12-09
1057,216,54,8,755.86,0.22,2024-10-04
1058,265,11,1,4410.49,0.11,2025-01-06
1059,119,94,10,4652.88,0.29,2024-04-12
1060,272,63,6,4861.75,0.15,2025-06-23
1061,184,56,7,1931.44,0.16,2024-10-29
1062,97,75,3,1878.18,0.23,2025-02-15
1063,136,36,1,3122.35,0.08,2025-04-07
1064,16,89,5,492.58,0.2,2024-11-05
1065,32,94,5,40.69,0.12,2025-06-01
1066,280,27,7,3973.48,0.28,2025-07-13
1067,228,61,9,2522.64,0.03,2025-05-01
1068,69,93,2,2485.53,0.19,2025-05-12
1069,147,3,7,3274.9,0.22,2024-02-13
1070,140,96,1,1107.25,0.25,2025-06-29
1071,66,34,6,3054.89,0.21,2024-10-18
1072,109,14,7,4901.06,0.03,2025-02-28
1073,163,68,3,3597.34,0.06,2025-01-24
1074,47,70,3,1284.39,0.26,2025-05-14
1075,184,77,1,2639.89,0.03,2024-09-28
1076,71,76,7,2537.34,0.09,2024-05-03
1077,218,23,7,1118.93,0.04,2024-02-27
1078,92,50,1,564.9,0.06,2025-05-23
1079,178,44,2,536.23,0.27,2024-02-01
1080,249,80,3,342.18,0.3,2024-02-08
1081,241,12,6,1891.92,0.15,2024-03-24
1082,99,44,5,2656.9,0.26,2025-03-08
1083,279,83,3,2232.49,0.2,2024-04-19
1084,98,55,10,1953.15,0.08,2025-04-09
1085,91,12,3,2072.49,0.03,2025-06-30
1086,170,96,8,1676.22,0.14,2024-07-14
1087,165,3,8,4442.08,0.13,2024-03-19
1088,55,17,8,207.82,0.05,2025-02-21
1089,27,40,6,200.87,0.1,2024-05-03
1090,227,3,2,2247.76,0.2,2024-07-29
1091,289,77,5,442.79,0.1,2025-01-09
1092,194,58,9,4989.58,0.22,2024-06-05
1093,245,4,3,1164.55,0.04,2024-09-30
1094,244,45,10,4544.46,0.01,2025-04-07
1095,80,1,8,868.36,0.04,2024-06-30
1096,226,100,3,1332.47,0.19,2024-04-30
1097,186,28,2,2271.22,0.06,2025-01-25
1098,128,99,5,2728.04,0.21,2024-06-22
1099,49,98,2,1508.83,0.13,2024-01-17
1100,40,37,7,2895.35,0.06,2024-09-30
1101,270,53,8,738.05,0.08,2024-12-23
1102,61,94,6,3033.19,0.06,2024-08-12
1103,219,38,7,2862.7,0.07,2024-01-31
1104,148,42,8,3756.1,0.01,2025-04-29
1105,148,81,2,1868.33,0.1,2024-06-14
1106,183,95,7,254.7,0.18,2024-09-25
1107,283,95,8,2855.25,0.19,2024-10-30
1108,166,26,8,4887.01,0.09,2024-02-01
1109,115,38,3,2967.49,0.0,2025-03-27
1110,289,43,6,605.71,0.17,2025-02-05
1111,243,74,8,4139.58,0.08,2024-09-14
1112,295,51,5,1846.11,0.15,2024-11-07
1113,34,57,5,629.3,0.14,2024-08-05
1114,249,20,5,1784.03,0.27,2025-05-27
1115,40,79,6,3728.92,0.08,2024-07-31
1116,251,72,4,4196.13,0.01,2025-02-03
1117,74,6,3,320.25,0.05,2024-04-12
1118,76,48,10,4933.1,0.12,2024-06-13
1119,181,44,1,686.63,0.02,2025-02-15
1120,260,8,6,4878.09,0.29,2024-12-25
1121,238,35,7,1373.21,0.21,2025-06-29
1122,292,86,7,1550.24,0.26,2024-03-05
1123,200,27,5,2358.73,0.17,2024-03-08
1124,21,24,3,292.76,0.05,2024-06-17
1125,198,71,6,3605.17,0.07,2024-01-25
1126,60,22,6,761.85,0.08,2025-04-06
1127,227,80,4,4524.42,0.03,2024-06-18
1128,79,73,6,3737.7,0.16,2025-07-11
1129,238,3,1,1727.86,0.25,2025-02-28
1130,64,76,8,1681.79,0.12,2024-04-16
1131,84,22,10,3200.79,0.22,2025-01-30
1132,7,55,7,1114.58,0.3,2025-02-20
1133,109,96,3,1700.33,0.15,2025-01-19
1134,92,89,9,3653.51,0.05,2024-05-16
1135,167,93,5,3024.21,0.23,2025-01-31
1136,113,14,4,2734.45,0.07,2025-03-26
1137,11,100,8,532.81,0.06,2024-06-06
1138,158,21,3,2937.55,0.01,2025-05-03
1139,58,20,3,2770.1,0.07,2024-10-18
1140,199,35,9,2706.47,0.12,2025-07-28
1141,64,24,9,887.11,0.13,2024-12-27
1142,191,12,7,1801.68,0.16,2025-07-02
1143,35,100,2,1291.79,0.26,2024-12-07
1144,55,79,5,3479.4,0.27,2024-04-22
1145,268,64,3,3290.04,0.15,2025-06-03
1146,95,7,9,2214.61,0.07,2024-04-27
1147,122,52,8,3043.48,0.24,2024-12-17
1148,26,42,1,2763.88,0.21,2025-05-20
1149,172,84,3,1839.91,0.2,2025-02-27
1150,226,47,3,4152.86,0.11,2025-06-04
1151,254,57,3,1411.41,0.03,2024-07-27
1152,35,54,4,1728.37,0.07,2024-05-18
1153,186,31,5,4578.28,0.27,2025-01-07
1154,159,50,5,1998.2,0.09,2024-01-13
1155,96,54,4,4975.59,0.24,2024-09-07
1156,262,83,3,4555.58,0.05,2024-07-22
1157,106,94,3,3277.64,0.06,2024-06-07
1158,111,14,9,281.07,0.05,2024-01-18
1159,174,51,3,2297.08,0.15,2024-03-14
1160,173,84,5,3415.61,0.1,2025-03-19
1161,15,86,4,2716.9,0.24,2024-11-21
1162,258,68,10,3855.7,0.23,2025-06-27
1163,34,53,1,1765.53,0.25,2024-06-13
1164,27,32,8,1249.69,0.0,2024-07-18
1165,192,97,4,56.3,0.28,2025-01-14
1166,96,100,7,3504.34,0.16,2025-08-07
1167,73,7,4,2485.77,0.17,2024-06-24
1168,82,58,5,4894.4,0.0,2025-03-05
1169,105,29,9,4156.83,0.03,2024-10-03
1170,56,17,3,3235.36,0.14,2024-09-27
1171,206,35,3,2525.86,0.0,2024-08-27
1172,127,11,2,2799.62,0.2,2025-03-14
1173,145,98,4,1642.82,0.29,2025-06-20
1174,184,98,7,3046.84,0.05,2025-01-04
1175,143,72,8,2830.23,0.04,2024-07-18
1176,226,78,8,2090.01,0.28,2025-02-15
1177,121,6,8,1960.2,0.3,2024-04-14
1178,199,87,4,3957.85,0.03,2025-02-05
1179,187,17,1,762.5,0.14,2024-10-04
1180,122,1,7,4342.12,0.02,2024-11-20
1181,33,25,10,3476.65,0.07,2024-08-24
1182,146,89,6,189.49,0.19,2024-04-30
1183,151,63,2,2899.81,0.11,2024-09-09
1184,61,89,9,3697.88,0.22,2024-06-02
1185,59,44,8,709.82,0.27,2024-07-04
1186,242,100,2,3436.6,0.02,2025-03-31
1187,287,61,2,3791.2,0.23,2024-08-28
1188,108,20,2,2242.69,0.27,2024-01-05
1189,124,57,9,4347.53,0.18,2024-03-19
1190,160,13,2,4974.78,0.17,2025-04-20
1191,170,21,3,992.78,0.1,2024-07-17
1192,121,8,6,1895.74,0.28,2024-06-25
1193,282,70,7,4448.33,0.1,2025-01-14
1194,132,83,4,53.98,0.22,2024-10-15
1195,45,80,9,3270.69,0.2,2024-04-12
1196,268,49,4,197.64,0.02,2024-01-13
1197,21,93,3,3876.6,0.29,2024-10-08
1198,233,43,5,1497.18,0.26,2024-08-03
1199,162,20,2,2130.32,0.23,2024-10-30
1200,298,67,1,4047.39,0.08,2025-07-10
1201,166,53,5,3820.32,0.12,2024-08-29
1202,110,50,6,3848.42,0.13,2024-06-15
1203,215,46,8,2950.56,0.23,2025-07-30
1204,224,15,9,1044.94,0.07,2025-08-23
1205,179,58,1,581.95,0.01,2025-03-27
1206,165,61,8,1391.75,0.2,2025-01-04
1207,134,26,2,558.05,0.09,2024-10-03
1208,192,14,5,4206.07,0.0,2024-12-06
1209,218,67,5,2864.41,0.13,2024-06-19
1210,34,36,6,2849.73,0.21,2024-06-07
1211,274,97,9,1959.95,0.22,2024-04-05
1212,261,25,4,1547.64,0.06,2024-12-15
1213,242,31,9,2537.87,0.18,2025-03-09
1214,285,86,6,3132.99,0.16,2024-12-26
1215,254,60,4,455.7,0.17,2025-05-28
1216,3,27,1,1528.35,0.04,2024-01-09
1217,290,71,7,2464.94,0.25,2024-03-27
1218,271,100,9,3192.79,0.19,2025-05-02
1219,134,9,7,618.92,0.15,2024-03-18
1220,180,66,3,2876.5,0.18,2025-01-17
1221,241,34,9,82.86,0.03,2024-09-14
1222,14,8,8,3321.83,0.26,2025-03-21
1223,52,54,7,3684.22,0.06,2025-01-09
1224,114,48,6,1133.44,0.04,2025-02-12
1225,171,69,7,1186.55,0.24,2025-01-22
1226,177,37,5,557.76,0.07,2025-08-04
1227,18,83,8,2469.09,0.07,2024-08-27
1228,254,59,5,641.97,0.26,2025-01-20
1229,76,8,2,3472.18,0.22,2024-02-15
1230,238,31,6,1339.63,0.18,2024-07-12
1231,19,25,2,3505.91,0.29,2024-12-22
1232,187,43,5,1899.74,0.22,2024-08-07
1233,252,28,9,498.6,0.2,2024-08-13
1234,177,80,10,4345.21,0.05,2024-03-13
1235,202,11,8,4938.27,0.02,2024-03-24
1236,49,52,8,4352.27,0.03,2024-04-07
1237,193,25,10,3111.21,0.22,2025-01-22
1238,12,14,7,2688.07,0.07,2025-05-03
1239,84,77,1,1606.09,0.13,2024-08-03
1240,213,82,8,1773.76,0.25,2025-08-10
1241,282,1,9,3329.44,0.09,2024-11-17
1242,40,87,4,4885.41,0.06,2025-01-19
1243,51,43,6,2649.71,0.05,2025-02-21
1244,164,48,8,1597.34,0.23,2024-07-28
1245,241,94,2,2837.24,0.29,2025-01-01
1246,20,82,4,2925.86,0.14,2024-12-30
1247,191,74,3,3856.95,0.19,2025-06-08
1248,120,53,4,4918.42,0.02,2025-01-05
1249,245,6,8,4080.98,0.02,2024-02-29
1250,290,31,10,4675.31,0.28,2024-06-21
1251,203,33,6,1653.45,0.2,2025-08-01
1252,5,11,7,2398.31,0.15,2024-04-26
1253,20,1,7,2159.13,0.24,2024-09-30
1254,247,50,8,2583.62,0.26,2024-05-30
1255,146,10,6,4144.92,0.15,2024-01-26
1256,49,69,1,228.37,0.29,2024-07-26
1257,35,34,9,1091.97,0.25,2024-07-21
1258,300,45,10,3022.84,0.06,2024-03-15
1259,285,82,5,3914.01,0.05,2025-04-14
1260,175,35,10,2853.21,0.14,2025-05-02
1261,277,82,2,3554.01,0.05,2024-05-08
1262,44,73,5,4846.06,0.11,2025-02-21
1263,36,64,3,4967.75,0.23,2024-04-13
1264,263,23,9,948.35,0.13,2025-03-01
1265,174,20,7,3590.33,0.08,2024-04-28
1266,218,71,3,3173.06,0.1,2024-11-02
1267,36,56,5,4087.32,0.04,2025-04-23
1268,17,99,5,3127.39,0.29,2024-10-03
1269,176,55,6,3903.09,0.08,2024-03-07
1270,201,38,1,497.94,0.12,2025-02-15
1271,92,94,4,1931.4,0.25,2025-06-20
1272,4,54,5,2814.11,0.28,2024-03-31
1273,226,81,3,2770.76,0.05,2024-07-14
1274,98,47,1,3013.38,0.17,2024-01-05
1275,66,24,8,194.9,0.12,2024-11-04
1276,268,100,5,778.5,0.18,2024-03-14
1277,292,16,6,1481.12,0.12,2025-08-09
1278,112,75,6,2015.31,0.18,2025-06-27
1279,281,52,9,655.69,0.27,2025-07-10
1280,214,24,10,705.93,0.19,2025-04-28
1281,226,6,6,1478.58,0.01,2024-08-10
1282,234,13,3,4359.08,0.26,2024-05-10
1283,178,42,3,638.39,0.18,2024-02-01
1284,207,67,3,3179.46,0.27,2025-07-15
1285,120,81,6,3227.49,0.22,2025-07-12
1286,2,92,8,2531.55,0.28,2024-09-03
1287,98,5,9,4503.7,0.17,2024-10-22
1288,192,85,1,731.68,0.21,2024-04-10
1289,107,22,4,630.26,0.13,2025-03-07
1290,12,29,10,4266.44,0.26,2025-05-26
1291,31,20,2,144.53,0.27,2025-06-25
1292,292,39,6,975.91,0.04,2024-02-24
1293,51,98,5,1072.54,0.3,2024-09-09
1294,164,59,6,2455.13,0.04,2024-06-20
1295,138,7,1,33.41,0.01,2025-07-03
1296,21,32,4,2168.48,0.04,2025-04-08
1297,180,76,7,3914.66,0.18,2024-07-28
1298,11,63,5,4605.08,0.29,2025-07-13
1299,86,9,2,2004.34,0.1,2024-08-06
1300,275,41,1,387.13,0.12,2024-09-08
1301,289,79,6,2442.97,0.08,2025-07-05
1302,282,84,7,4126.73,0.06,2024-07-02
1303,207,74,1,1036.31,0.06,2024-03-31
1304,250,8,1,731.18,0.3,2025-06-27
1305,107,28,2,3578.59,0.26,2025-05-26
1306,16,62,9,2505.33,0.04,2024-06-25
1307,92,78,1,438.99,0.18,2024-03-05
1308,145,44,6,3948.26,0.18,2025-01-18
1309,11,59,7,2334.52,0.19,2024-09-25
1310,63,96,5,3490.86,0.0,2024-03-03
1311,259,43,5,4872.25,0.24,2024-09-22
1312,210,90,10,804.81,0.28,2024-03-18
1313,226,34,8,2074.1,0.15,2024-07-30
1314,65,85,9,594.01,0.15,2024-12-30
1315,251,86,2,2379.18,0.0,2025-06-05
1316,45,3,1,4525.27,0.29,2024-10-25
1317,285,95,8,1882.89,0.1,2024-08-19
1318,272,53,6,572.96,0.19,2024-04-06
1319,103,47,7,2059.67,0.12,2025-06-20
1320,75,18,5,3703.41,0.06,2025-04-16
1321,94,43,4,4542.29,0.22,2024-10-08
1322,230,10,8,68.57,0.11,2025-04-22
1323,145,60,3,1134.5,0.21,2025-07-23
1324,166,80,10,4819.37,0.05,2025-06-02
1325,241,83,7,1450.94,0.29,2024-01-14
1326,5,4,1,4632.92,0.11,2024-07-31
1327,196,8,1,1068.25,0.04,2024-03-13
1328,290,65,3,960.02,0.14,2024-10-29
1329,279,78,7,2601.12,0.11,2024-06-09
1330,86,37,5,3451.32,0.02,2024-12-11
1331,34,38,8,1310.78,0.29,2025-08-09
1332,220,67,2,4604.74,0.01,2025-07-05
1333,65,67,1,3840.21,0.21,2025-02-25
1334,234,51,5,381.4,0.16,2024-01-20
1335,125,72,6,2485.03,0.1,2025-05-09
1336,253,35,9,1120.19,0.28,2025-06-05
1337,259,19,2,3529.92,0.1,2024-01-09
1338,284,42,5,1814.72,0.04,2024-11-27
1339,219,6,1,2224.88,0.19,2024-01-16
1340,13,87,6,2304.73,0.2,2024-05-20
1341,260,51,10,1499.56,0.01,2025-02-02
1342,148,16,7,218.97,0.07,2024-01-01
1343,214,32,10,1694.25,0.12,2024-05-19
1344,37,60,10,2814.45,0.23,2025-01-27
1345,135,29,3,1507.16,0.29,2024-01-09
1346,42,74,9,4123.51,0.28,2025-02-20
1347,58,31,5,3842.81,0.16,2024-07-21
1348,136,96,3,1884.06,0.05,2024-07-17
1349,146,75,4,2544.56,0.28,2025-02-20
1350,270,74,8,1514.2,0.26,2024-11-27
1351,254,41,8,4155.61,0.18,2025-06-30
1352,287,76,3,1439.51,0.05,2024-08-30
1353,286,67,9,2524.98,0.02,2024-07-26
1354,278,79,5,381.32,0.17,2024-05-09
1355,146,43,10,3358.16,0.12,2025-03-05
1356,154,85,10,2919.43,0.26,2024-07-28
1357,204,36,6,2192.61,0.11,2024-02-16
1358,177,49,3,4140.24,0.26,2024-12-24
1359,47,65,8,2957.29,0.13,2025-04-05
1360,113,31,4,1750.3,0.27,2024-04-19
1361,272,6,1,1614.98,0.24,2025-05-04
1362,121,17,3,4433.44,0.1,2024-01-28
1363,207,49,6,697.45,0.11,2025-06-01
1364,111,21,9,471.12,0.02,2024-12-27
1365,232,55,3,3495.72,0.12,2025-07-09
1366,230,87,3,4366.31,0.3,2024-01-06
1367,212,89,6,1956.67,0.25,2024-06-14
1368,237,94,2,4546.86,0.16,2025-04-26
1369,245,35,6,4143.78,0.23,2025-06-27
1370,49,65,2,965.64,0.08,2024-11-02
1371,216,58,5,4488.76,0.26,2024-05-12
1372,292,16,6,3881.26,0.27,2025-05-10
1373,8,9,4,4677.39,0.01,2024-12-19
1374,49,53,2,538.1,0.02,2025-04-29
1375,122,48,1,3610.21,0.15,2025-06-08
1376,190,11,3,865.17,0.29,2025-04-04
1377,128,52,10,665.89,0.13,2024-10-15
1378,101,19,1,2439.2,0.03,2025-07-30
1379,102,87,4,1362.9,0.23,2024-10-17
1380,79,50,3,1901.82,0.18,2024-01-25
1381,253,20,9,1936.44,0.28,2025-01-07
1382,3,20,1,2841.04,0.2,2024-06-12
1383,121,49,6,533.27,0.14,2024-05-05
1384,185,47,4,4187.87,0.13,2024-12-31
1385,124,89,1,2729.35,0.08,2025-02-11
1386,129,52,2,1355.37,0.19,2024-02-20
1387,183,91,8,4882.23,0.2,2024-12-26
1388,169,59,3,106.5,0.01,2024-09-12
1389,137,87,4,3003.76,0.3,2024-03-28
1390,34,57,9,1177.97,0.04,2024-03-04
1391,147,52,9,1526.53,0.28,2024-03-19
1392,89,31,10,3134.7,0.27,2024-07-20
1393,273,60,6,2615.64,0.09,2024-08-20
1394,13,39,5,898.49,0.03,2024-10-17
1395,244,38,7,2662.92,0.28,2025-07-23
1396,199,90,10,25.78,0.08,2025-05-04
1397,172,49,7,3147.54,0.27,2025-02-15
1398,139,70,5,2102.33,0.04,2025-03-20
1399,277,95,3,4181.67,0.26,2024-12-21
1400,201,27,8,153.91,0.26,2025-03-06
1401,251,55,9,2934.79,0.17,2024-11-14
1402,8,16,10,3092.76,0.08,2025-06-21
1403,278,10,8,3276.7,0.24,2025-04-06
1404,231,38,6,1791.0,0.06,2024-07-07
1405,287,73,10,4283.49,0.04,2024-06-25
1406,217,84,2,2624.15,0.18,2024-10-03
1407,87,46,4,4883.89,0.17,2025-04-01
1408,154,59,10,1065.3,0.24,2025-02-03
1409,34,5,6,1124.11,0.15,2025-07-07
1410,276,100,4,668.22,0.06,2024-02-02
1411,38,64,6,580.57,0.22,2025-02-11
1412,254,87,4,29.39,0.0,2025-07-17
1413,52,5,4,2001.53,0.12,2024-06-28
1414,2,89,2,1837.87,0.07,2024-10-01
1415,57,69,4,1446.48,0.06,2024-12-10
1416,64,26,1,1087.31,0.21,2025-05-27
1417,155,16,3,965.84,0.24,2024-09-23
1418,72,1,1,685.59,0.15,2024-02-25
1419,163,43,9,50.11,0.05,2025-01-12
1420,3,48,10,3736.84,0.02,2024-12-15
1421,29,46,4,883.84,0.07,2025-08-08
1422,160,68,6,1619.48,0.07,2024-08-21
1423,81,87,4,3389.55,0.14,2025-08-13
1424,198,23,3,1786.2,0.12,2024-10-08
1425,142,62,8,151.66,0.22,2024-11-06
1426,87,97,1,601.13,0.18,2024-09-01
1427,29,66,3,3167.49,0.04,2025-07-06
1428,184,36,8,2849.03,0.17,2024-02-12
1429,163,73,6,2286.32,0.18,2024-05-25
1430,1,47,6,1514.24,0.18,2025-07-05
1431,157,86,9,1478.74,0.01,2024-08-11
1432,177,67,10,3183.7,0.27,2025-02-12
1433,40,26,4,1376.35,0.06,2024-09-30
1434,200,13,2,1897.57,0.12,2025-07-09
1435,214,82,9,1712.31,0.26,2024-10-25
1436,75,37,2,3841.54,0.05,2025-05-06
1437,128,7,3,976.33,0.2,2025-01-30
1438,49,40,10,1246.87,0.04,2025-04-21
1439,247,60,8,1121.5,0.26,2024-09-25
1440,20,55,2,133.85,0.0,2025-03-29
1441,300,79,6,1038.01,0.1,2024-10-17
1442,113,22,2,1074.77,0.16,2024-11-13
1443,28,15,1,4951.87,0.24,2025-01-18
1444,172,81,6,1996.35,0.21,2024-07-22
1445,71,51,2,2348.65,0.15,2024-05-12
1446,139,62,7,2517.73,0.01,2025-01-20
1447,116,25,7,2789.93,0.02,2024-08-10
1448,174,32,4,2287.72,0.06,2025-04-11
1449,299,16,8,3682.71,0.29,2025-07-11
1450,232,80,2,2512.68,0.04,2024-01-01
1451,102,85,7,555.18,0.05,2025-01-05
1452,211,64,2,1569.65,0.2,2024-06-10
1453,166,9,8,4217.47,0.13,2024-06-12
1454,223,84,8,1021.53,0.29,2025-01-13
1455,284,42,1,671.05,0.12,2025-03-09
1456,46,4,4,4531.17,0.24,2024-05-26
1457,109,66,5,2337.47,0.17,2024-09-21
1458,94,56,2,1037.67,0.02,2025-03-04
1459,243,94,1,607.1,0.02,2025-01-22
1460,60,25,5,3632.17,0.2,2024-06-10
1461,144,10,10,4989.13,0.23,2024-08-27
1462,241,45,8,1289.55,0.26,2024-12-28
1463,230,49,1,4316.66,0.15,2025-08-06
1464,54,24,6,3397.56,0.14,2024-02-18
1465,180,91,6,2517.53,0.13,2025-02-13
1466,142,16,6,4388.98,0.03,2025-02-28
1467,5,82,2,2060.71,0.16,2024-10-01
1468,107,42,8,201.35,0.01,2024-12-06
1469,97,5,2,2230.48,0.15,2024-08-21
1470,18,53,8,1003.13,0.11,2024-04-18
1471,42,90,5,2556.8,0.14,2024-06-26
1472,3,93,9,4618.65,0.18,2025-02-17
1473,125,22,5,3895.16,0.06,2024-03-29
1474,106,90,7,2238.85,0.24,2025-05-25
1475,81,56,5,2482.01,0.07,2025-05-11
1476,165,90,2,903.09,0.24,2024-05-09
1477,207,75,9,1290.36,0.19,2025-03-28
1478,105,4,10,2817.35,0.29,2024-01-30
1479,295,10,6,4688.76,0.23,2025-06-04
1480,208,84,6,3990.72,0.19,2024-10-23
1481,171,76,8,2158.72,0.12,2024-03-11
1482,168,15,1,4328.97,0.1,2024-03-28
1483,40,47,2,4828.75,0.11,2025-04-23
1484,156,9,9,4968.74,0.04,2025-06-04
1485,283,5,9,2832.63,0.28,2025-02-15
1486,108,71,4,1612.58,0.27,2025-06-01
1487,171,61,3,4121.27,0.18,2024-10-20
1488,280,75,4,4110.79,0.07,2024-12-22
1489,68,4,7,3740.33,0.02,2024-09-11
1490,115,49,8,286.72,0.19,2025-07-21
1491,84,96,8,658.53,0.0,2024-04-11
1492,175,77,5,4128.4,0.17,2024-08-01
1493,284,94,1,1901.05,0.29,2024-01-25
1494,279,23,6,3189.35,0.08,2024-09-07
1495,297,46,6,116.34,0.19,2025-03-03
1496,248,28,7,4502.98,0.03,2024-04-27
1497,215,100,8,2927.56,0.27,2024-09-29
1498,263,27,7,1058.61,0.15,2024-12-08
1499,167,60,3,4833.91,0.11,2024-08-14
1500,297,76,8,1949.5,0.01,2025-04-25
1501,222,4,10,1464.02,0.08,2025-05-09
1502,28,37,7,2878.85,0.13,2025-06-28
1503,139,20,1,2596.5,0.09,2025-06-25
1504,139,17,2,3712.76,0.1,2025-08-11
1505,85,78,5,2176.27,0.16,2024-01-13
1506,125,2,4,4715.57,0.01,2025-04-18
1507,269,72,5,1292.27,0.25,2025-01-21
1508,249,73,4,333.93,0.07,2025-08-12
1509,134,82,10,4645.03,0.21,2024-05-27
1510,106,93,8,322.38,0.19,2025-02-03
1511,4,82,3,2929.09,0.03,2025-07-01
1512,153,12,3,4228.16,0.15,2025-03-22
1513,62,80,1,275.27,0.02,2024-03-24
1514,108,79,9,4149.2,0.04,2024-08-09
1515,172,76,4,4294.42,0.0,2025-01-26
1516,171,93,2,2797.98,0.23,2024-08-18
1517,57,94,2,4636.97,0.13,2025-03-20
1518,210,84,6,1785.04,0.07,2025-03-28
1519,172,38,10,2337.27,0.18,2024-12-08
1520,41,7,8,3146.43,0.03,2025-06-20
1521,112,5,5,2905.3,0.25,2025-05-22
1522,105,54,7,768.77,0.11,2025-07-25
1523,205,100,2,4998.24,0.2,2025-04-21
1524,212,61,3,4549.24,0.03,2025-02-07
1525,77,93,6,3425.77,0.28,2024-08-21
1526,147,32,9,2218.79,0.19,2024-01-19
1527,84,64,10,865.33,0.12,2024-06-11
1528,137,7,4,3189.15,0.15,2025-04-08
1529,266,76,7,4887.7,0.26,2024-06-03
1530,168,64,2,4441.74,0.27,2024-03-10
1531,243,38,8,2383.11,0.24,2024-01-12
1532,2,5,5,539.85,0.14,2025-04-26
1533,214,30,1,1767.35,0.15,2024-01-04
1534,9,53,7,1603.6,0.06,2025-07-07
1535,234,43,3,458.69,0.26,2024-05-12
1536,89,19,1,3420.67,0.26,2025-06-14
1537,292,99,6,4366.32,0.03,2025-04-24
1538,204,50,6,3056.77,0.23,2024-03-06
1539,216,43,8,2341.09,0.2,2025-03-16
1540,168,54,6,3509.86,0.21,2024-11-11
1541,33,15,8,4789.53,0.05,2024-07-28
1542,102,78,3,3541.83,0.16,2025-04-25
1543,30,90,7,4101.98,0.09,2025-05-15
1544,78,16,8,4266.77,0.29,2025-04-11
1545,140,93,9,2923.84,0.09,2024-12-06
1546,223,14,6,4171.07,0.27,2025-01-21
1547,206,95,10,4800.31,0.25,2024-09-02
1548,291,49,4,2581.98,0.1,2024-01-11
1549,149,88,4,3370.94,0.17,2025-06-25
1550,280,100,1,3986.94,0.23,2025-01-08
1551,134,75,3,1617.67,0.06,2025-06-24
1552,70,84,1,1937.85,0.03,2024-03-11
1553,104,95,3,784.33,0.09,2024-04-20
1554,23,64,4,3597.61,0.18,2025-02-02
1555,263,81,7,1747.78,0.19,2024-06-01
1556,206,64,5,4206.88,0.16,2024-11-03
1557,233,78,2,481.85,0.11,2024-12-02
1558,280,40,4,2864.91,0.09,2024-08-14
1559,91,20,1,3761.71,0.06,2025-05-07
1560,136,64,1,1421.36,0.13,2024-01-12
1561,199,11,9,1773.78,0.25,2025-07-17
1562,49,57,8,4962.22,0.25,2025-02-16
1563,238,46,2,191.11,0.06,2025-02-23
1564,87,69,4,4609.78,0.28,2024-11-26
1565,39,78,1,1717.46,0.24,2025-05-07
1566,229,49,1,422.99,0.2,2024-10-01
1567,64,31,7,840.9,0.24,2024-04-09
1568,256,66,10,670.44,0.11,2024-08-13
1569,16,22,10,1814.57,0.02,2024-12-14
1570,41,85,1,1679.68,0.06,2025-03-08
1571,218,39,10,795.08,0.0,2025-06-13
1572,278,85,2,324.23,0.17,2025-08-07
1573,200,92,2,4633.04,0.28,2024-01-13
1574,14,68,6,4856.13,0.07,2025-01-22
1575,209,52,7,2347.84,0.21,2024-05-17
1576,169,40,9,3269.86,0.06,2024-01-16
1577,155,58,9,4168.03,0.04,2025-01-23
1578,15,60,8,2047.39,0.03,2024-12-11
1579,238,4,10,166.89,0.23,2024-08-29
1580,80,69,3,2169.06,0.29,2024-03-04
1581,99,92,6,1704.45,0.21,2024-10-15
1582,291,66,7,401.74,0.21,2024-03-14
1583,290,84,6,3371.21,0.05,2024-05-10
1584,294,1,2,2815.61,0.16,2025-04-10
1585,187,88,1,1243.39,0.26,2025-04-12
1586,271,41,9,3228.66,0.06,2024-12-22
1587,54,9,6,1608.07,0.01,2024-10-03
1588,252,48,7,3023.56,0.02,2024-06-07
1589,196,70,2,1960.38,0.27,2025-01-21
1590,164,80,3,2869.18,0.13,2024-11-29
1591,141,21,7,3378.21,0.14,2025-03-06
1592,120,60,1,2172.8,0.14,2024-09-18
1593,16,46,4,1851.11,0.23,2024-09-30
1594,152,1,6,3456.52,0.14,2024-09-06
1595,63,21,5,3354.57,0.04,2025-03-11
1596,194,11,5,2616.56,0.2,2025-01-26
1597,116,88,3,1934.52,0.04,2025-07-08
1598,132,14,6,1778.24,0.19,2024-03-28
1599,228,16,3,266.48,0.12,2024-04-13
1600,216,33,4,2470.74,0.19,2024-10-31
1601,187,48,1,4922.87,0.07,2024-11-22
1602,216,56,2,3147.57,0.21,2025-07-17
1603,19,80,5,4010.44,0.25,2025-01-20
1604,41,67,5,4235.75,0.02,2024-05-18
1605,283,63,4,3252.74,0.19,2024-09-30
1606,111,12,9,4444.3,0.29,2024-09-19
1607,17,73,10,3834.82,0.14,2024-08-25
1608,75,91,9,4382.38,0.24,2025-04-01
1609,242,82,7,2260.9,0.09,2024-04-29
1610,229,24,1,2756.48,0.1,2025-04-23
1611,186,14,2,1665.94,0.17,2024-07-22
1612,286,98,10,2758.73,0.17,2024-08-29
1613,217,34,8,2297.38,0.21,2025-04-09
1614,24,33,8,1864.25,0.19,2024-02-06
1615,233,60,3,4024.19,0.08,2024-02-09
1616,213,31,9,658.98,0.28,2024-07-17
1617,156,31,5,1627.21,0.21,2025-02-15
1618,173,61,7,483.46,0.02,2024-07-01
1619,117,37,4,3917.95,0.17,2024-03-21
1620,67,28,8,50.03,0.11,2025-01-14
1621,154,12,8,1990.68,0.01,2024-01-12
1622,195,9,3,2755.29,0.05,2024-08-09
1623,67,8,9,2125.35,0.04,2024-04-23
1624,275,22,9,1444.1,0.22,2025-07-30
1625,294,88,4,139.69,0.18,2024-10-14
1626,117,42,6,2991.89,0.2,2024-11-15
1627,196,42,4,3439.22,0.14,2024-07-07
1628,112,37,5,1366.15,0.0,2024-01-31
1629,87,79,6,4189.37,0.14,2024-11-28
1630,207,45,3,157.98,0.22,2024-12-17
1631,73,52,1,565.75,0.12,2025-04-13
1632,155,17,3,271.62,0.25,2025-08-23
1633,203,62,1,4626.38,0.11,2024-06-21
1634,14,67,9,983.31,0.14,2025-08-22
1635,150,18,2,4419.3,0.1,2025-04-23
1636,61,32,8,4982.58,0.17,2024-10-18
1637,146,82,8,410.3,0.02,2024-09-18
1638,34,63,3,2482.0,0.16,2024-08-11
1639,18,37,10,3003.05,0.19,2025-07-31
1640,49,87,2,4366.34,0.15,2024-02-04
1641,31,32,4,445.98,0.3,2024-08-07
1642,273,17,5,2770.87,0.12,2024-12-25
1643,126,39,10,1024.15,0.08,2024-12-11
1644,39,32,8,4075.87,0.22,2024-03-17
1645,139,84,1,3001.51,0.28,2025-07-01
1646,285,41,4,4668.02,0.26,2024-07-27
1647,103,80,4,4940.93,0.01,2025-08-22
1648,156,49,9,4185.74,0.26,2024-04-09
1649,110,61,2,3520.33,0.12,2024-03-26
1650,230,66,9,1722.07,0.08,2025-03-04
1651,223,93,9,4879.09,0.11,2024-07-06
1652,178,62,7,2425.12,0.29,2024-12-01
1653,73,92,9,3488.83,0.26,2025-01-04
1654,90,25,2,637.93,0.16,2025-01-15
1655,60,94,8,3092.81,0.29,2025-05-17
1656,99,90,8,756.34,0.17,2024-10-07
1657,243,2,1,74.17,0.11,2024-01-04
1658,238,57,10,3342.89,0.04,2025-05-25
1659,52,99,5,4877.62,0.02,2025-04-21
1660,199,55,3,845.25,0.26,2024-12-28
1661,137,36,5,920.4,0.25,2025-08-09
1662,286,30,7,2181.03,0.16,2024-09-19
1663,50,6,10,3097.2,0.17,2024-05-27
1664,254,20,7,2529.83,0.13,2024-03-30
1665,33,36,8,1337.12,0.14,2025-03-10
1666,243,62,3,571.49,0.12,2024-03-19
1667,188,12,6,4225.15,0.1,2025-08-08
1668,161,54,7,941.23,0.01,2025-08-03
1669,251,18,1,2240.96,0.1,2025-04-10
1670,100,58,3,4099.09,0.03,2024-09-12
1671,108,87,2,3732.62,0.25,2024-09-02
1672,1,94,10,4135.56,0.13,2024-06-05
1673,244,12,6,1685.68,0.29,2024-04-04
1674,70,13,3,122.85,0.29,2024-03-22
1675,108,77,4,46.59,0.17,2024-03-28
1676,70,83,4,2196.78,0.16,2025-06-29
1677,168,86,6,2458.98,0.1,2025-08-14
1678,214,65,8,3847.33,0.1,2024-07-29
1679,105,64,2,839.42,0.09,2024-03-17
1680,139,79,5,1467.15,0.08,2025-02-18
1681,44,8,2,3539.71,0.17,2024-01-16
1682,61,28,7,2769.78,0.17,2024-02-07
1683,292,26,4,2564.09,0.2,2025-01-09
1684,272,70,2,1467.11,0.14,2025-06-26
1685,278,82,6,2403.76,0.18,2024-04-20
1686,179,33,6,3073.48,0.2,2024-12-31
1687,27,16,3,2396.31,0.05,2024-06-09
1688,46,52,7,3536.91,0.22,2024-03-27
1689,8,32,7,4119.49,0.13,2024-10-16
1690,30,34,1,3848.98,0.07,2024-07-28
1691,12,58,6,1820.93,0.29,2024-04-26
1692,121,6,1,4112.09,0.11,2024-06-14
1693,230,74,2,2506.95,0.1,2025-03-10
1694,81,36,8,3665.38,0.08,2024-10-01
1695,56,98,10,1832.96,0.19,2024-03-30
1696,278,82,10,630.46,0.16,2025-07-03
1697,159,90,1,4387.94,0.07,2024-11-21
1698,147,10,1,2682.42,0.04,2024-10-02
1699,184,13,6,812.45,0.25,2025-06-09
1700,190,3,3,4447.55,0.06,2025-03-06
1701,225,37,5,3237.0,0.11,2024-02-03
1702,42,28,3,481.5,0.18,2025-01-02
1703,129,57,1,284.93,0.04,2025-08-02
1704,219,39,6,4445.68,0.04,2024-05-02
1705,166,90,6,3483.54,0.17,2025-01-21
1706,48,54,6,1465.63,0.29,2025-08-19
1707,289,83,3,1783.16,0.19,2025-06-11
1708,118,76,4,548.02,0.12,2024-10-14
1709,113,15,1,43.34,0.21,2025-07-31
1710,2,67,4,3601.41,0.29,2025-05-12
1711,243,87,5,222.1,0.21,2024-07-20
1712,132,86,2,1070.32,0.06,2025-08-10
1713,70,6,2,983.09,0.27,2024-11-21
1714,264,99,4,4179.9,0.12,2025-08-05
1715,182,49,6,4122.4,0.0,2024-06-19
1716,233,91,8,3387.01,0.02,2024-09-17
1717,159,34,8,575.54,0.24,2024-12-14
1718,26,56,3,2437.98,0.14,2024-09-15
1719,18,27,7,4371.31,0.11,2024-12-25
1720,201,68,1,543.81,0.04,2025-02-03
1721,172,97,6,3987.47,0.22,2024-11-08
1722,161,67,8,1031.11,0.23,2024-05-13
1723,298,32,4,4849.39,0.26,2025-05-04
1724,25,47,7,156.08,0.02,2024-11-26
1725,164,25,9,3235.3,0.23,2025-07-24
1726,210,57,2,125.82,0.16,2025-04-21
1727,70,83,7,3024.98,0.08,2024-12-08
1728,129,24,3,1537.51,0.06,2024-11-02
1729,268,33,1,701.46,0.14,2024-07-15
1730,53,60,4,2872.44,0.26,2025-01-28
1731,120,13,2,1444.24,0.08,2025-05-12
1732,113,49,3,1474.37,0.19,2024-01-19
1733,288,19,8,1686.56,0.19,2025-07-21
1734,88,36,3,2358.01,0.0,2024-06-04
1735,128,4,3,985.68,0.14,2025-05-11
1736,179,54,2,1835.79,0.01,2025-02-23
1737,228,2,7,2260.15,0.17,2025-07-07
1738,80,43,1,1623.77,0.28,2024-02-26
1739,127,30,6,730.55,0.1,2024-04-16
1740,22,70,8,4144.03,0.04,2025-06-18
1741,143,11,1,2971.67,0.3,2025-08-06
1742,29,5,6,3215.27,0.0,2024-04-04
1743,190,80,7,1336.08,0.21,2024-09-27
1744,88,37,1,2028.67,0.04,2024-01-25
1745,71,65,10,1086.52,0.3,2024-09-06
1746,161,38,4,2094.44,0.16,2024-11-19
1747,214,5,1,1383.46,0.02,2024-04-16
1748,132,27,1,3911.06,0.14,2024-08-29
1749,105,36,6,714.36,0.04,2024-12-09
1750,263,7,7,3877.01,0.09,2024-02-04
1751,102,89,10,4033.0,0.3,2025-03-17
1752,236,31,5,543.14,0.19,2024-01-14
1753,273,7,10,4990.06,0.02,2024-12-14
1754,68,52,3,2678.93,0.21,2024-06-08
1755,157,51,10,2363.29,0.11,2024-07-07
1756,286,6,1,2588.38,0.19,2024-09-06
1757,224,67,10,1107.69,0.18,2024-01-30
1758,46,48,7,479.82,0.05,2024-09-08
1759,287,62,4,1630.95,0.17,2024-11-20
1760,112,96,8,725.07,0.25,2024-11-23
1761,62,30,7,847.7,0.28,2025-02-02
1762,190,93,10,1266.75,0.01,2024-11-01
1763,258,25,5,4319.42,0.28,2024-11-05
1764,79,39,1,3837.86,0.26,2025-03-29
1765,64,97,4,1588.08,0.14,2024-06-15
1766,213,15,9,4628.34,0.02,2024-01-06
1767,166,32,10,3514.8,0.06,2025-06-09
1768,235,96,7,1747.72,0.09,2025-07-20
1769,222,90,7,4482.6,0.27,2025-01-17
1770,188,84,4,469.73,0.14,2024-12-13
1771,191,17,2,3435.98,0.04,2024-12-21
1772,103,50,9,4565.67,0.03,2024-07-08
1773,127,21,4,791.0,0.09,2024-11-23
1774,121,99,4,4919.66,0.06,2024-04-25
1775,187,3,1,84.34,0.12,2024-07-07
1776,294,55,4,979.75,0.04,2025-08-09
1777,159,37,6,488.44,0.1,2024-11-07
1778,73,90,5,192.06,0.23,2024-06-24
1779,174,36,6,4518.78,0.15,2024-05-03
1780,264,32,8,691.41,0.12,2025-03-25
1781,278,78,9,1645.56,0.18,2025-02-04
1782,145,40,6,3983.08,0.16,2025-05-30
1783,255,82,7,4666.19,0.04,2025-07-17
1784,198,7,9,3253.19,0.28,2025-07-21
1785,138,48,3,1357.98,0.2,2024-06-11
1786,214,69,7,1837.62,0.12,2025-01-10
1787,32,7,4,2635.96,0.27,2024-02-14
1788,290,35,9,510.71,0.19,2024-08-03
1789,39,46,2,3623.26,0.12,2024-10-25
1790,147,47,6,2219.64,0.23,2025-07-05
1791,70,90,10,403.68,0.21,2025-03-26
1792,73,46,6,4669.22,0.15,2025-01-04
1793,6,53,5,3967.58,0.21,2025-04-04
1794,178,89,6,2238.67,0.08,2025-03-01
1795,190,55,1,1853.35,0.16,2025-04-10
1796,226,43,6,390.21,0.22,2024-06-21
1797,227,89,10,1396.55,0.11,2024-07-02
1798,43,6,2,1052.54,0.05,2024-01-07
1799,167,92,5,2717.09,0.12,2024-05-13
1800,203,4,3,3017.35,0.23,2024-05-06
1801,7,39,4,2558.39,0.05,2024-06-20
1802,240,63,9,3066.17,0.0,2024-09-11
1803,222,80,3,2493.55,0.18,2025-07-17
1804,194,45,9,604.05,0.08,2025-05-20
1805,173,50,8,4622.27,0.23,2024-10-04
1806,120,93,7,1931.83,0.04,2024-10-10
1807,177,91,3,3390.36,0.29,2024-05-09
1808,156,2,5,3694.58,0.06,2024-08-21
1809,83,94,9,4922.77,0.11,2024-06-15
1810,199,48,10,3297.38,0.11,2024-08-03
1811,185,21,10,3223.28,0.16,2025-08-03
1812,265,97,8,121.4,0.21,2024-05-18
1813,269,55,1,3381.25,0.15,2025-03-03
1814,269,25,3,2018.08,0.17,2024-03-10
1815,7,3,7,1386.52,0.23,2024-04-25
1816,149,89,2,4510.54,0.02,2025-04-26
1817,165,79,1,311.49,0.04,2024-10-28
1818,83,21,6,3228.8,0.04,2025-08-09
1819,61,81,8,627.86,0.27,2024-11-28
1820,42,19,7,735.54,0.14,2025-08-18
1821,44,39,4,916.76,0.16,2024-06-18
1822,50,75,2,2462.1,0.27,2024-10-10
1823,46,31,3,3683.85,0.27,2024-01-31
1824,114,45,2,2023.21,0.29,2025-02-11
1825,90,15,5,2710.84,0.07,2024-12-12
1826,86,86,8,4914.36,0.08,2024-07-02
1827,66,79,5,3475.53,0.07,2024-11-08
1828,67,39,9,1244.02,0.18,2024-08-19
1829,270,44,1,4379.19,0.0,2025-08-04
1830,84,46,3,2486.0,0.01,2025-01-02
1831,97,84,5,4431.26,0.2,2025-07-13
1832,259,7,8,4935.08,0.19,2025-06-01
1833,293,33,7,4062.39,0.25,2024-12-09
1834,296,76,7,279.3,0.16,2024-03-15
1835,129,50,8,587.69,0.23,2025-07-29
1836,246,25,2,2245.09,0.07,2024-11-26
1837,11,100,6,1750.74,0.01,2024-04-26
1838,136,53,5,2533.82,0.15,2024-06-29
1839,121,26,6,4878.75,0.1,2025-02-07
1840,79,6,4,293.58,0.12,2024-04-13
1841,188,7,3,3461.65,0.28,2024-05-02
1842,173,37,6,3859.26,0.16,2024-03-06
1843,122,79,6,1847.29,0.15,2024-07-04
1844,83,4,4,2903.59,0.3,2025-08-19
1845,51,30,10,4926.77,0.03,2024-03-31
1846,179,46,8,4525.69,0.06,2025-06-30
1847,33,11,1,4059.25,0.11,2025-05-06
1848,33,10,10,3866.84,0.18,2024-08-02
1849,205,8,3,3083.57,0.12,2024-01-20
1850,220,19,6,115.74,0.18,2024-09-16
1851,123,57,5,3496.73,0.17,2024-11-08
1852,132,37,9,1021.85,0.17,2024-11-28
1853,232,38,5,928.82,0.03,2024-04-27
1854,260,82,10,616.07,0.02,2024-11-15
1855,205,16,10,3822.97,0.11,2024-07-08
1856,255,49,3,2832.08,0.14,2024-04-22
1857,264,87,2,3835.0,0.01,2025-05-06
1858,139,89,8,2673.31,0.22,2024-01-21
1859,6,28,3,2356.99,0.1,2024-12-05
1860,294,29,8,4804.65,0.14,2025-07-27
1861,182,97,2,4895.94,0.27,2025-03-01
1862,36,79,4,427.71,0.28,2024-10-25
1863,232,49,9,720.37,0.12,2024-01-21
1864,257,55,4,3007.23,0.21,2025-05-24
1865,85,45,8,4706.69,0.05,2025-03-28
1866,103,92,7,3022.78,0.21,2025-04-16
1867,258,51,9,2466.58,0.12,2025-01-22
1868,181,86,3,2894.69,0.14,2024-02-11
1869,266,5,9,2847.52,0.13,2024-08-06
1870,235,33,8,1160.76,0.06,2024-03-16
1871,151,54,8,344.01,0.13,2024-11-21
1872,179,82,10,1968.23,0.0,2024-08-04
1873,207,58,2,2946.78,0.15,2024-04-28
1874,240,11,4,1987.48,0.26,2025-06-03
1875,55,8,9,3856.76,0.07,2024-05-02
1876,268,48,5,3941.7,0.2,2024-02-16
1877,198,91,2,4663.45,0.26,2025-02-08
1878,55,65,9,2504.69,0.04,2024-08-17
1879,170,43,5,4230.87,0.03,2025-07-22
1880,3,71,6,3425.61,0.01,2025-02-13
1881,92,46,8,4413.16,0.04,2024-06-11
1882,255,68,7,2809.23,0.01,2024-03-21
1883,143,58,6,4459.98,0.29,2025-07-31
1884,39,99,5,728.74,0.04,2024-03-28
1885,149,13,2,1187.8,0.19,2024-07-03
1886,44,54,3,1356.86,0.13,2024-12-31
1887,202,7,5,2824.93,0.16,2025-06-25
1888,132,42,1,4211.49,0.11,2025-01-30
1889,58,25,10,1451.63,0.07,2024-05-24
1890,92,90,4,3650.69,0.01,2025-01-27
1891,96,61,3,2995.82,0.03,2025-01-17
1892,120,84,2,2903.18,0.15,2024-11-14
1893,48,49,3,595.91,0.24,2024-03-07
1894,11,8,7,2249.51,0.2,2024-10-07
1895,132,33,4,1606.39,0.26,2024-12-19
1896,228,51,1,1951.91,0.27,2024-11-05
1897,9,70,1,1179.59,0.1,2025-08-15
1898,149,100,5,3924.57,0.08,2025-05-03
1899,300,69,2,4456.56,0.23,2024-01-14
1900,95,67,1,2654.68,0.24,2024-05-02
1901,29,82,3,70.78,0.02,2024-04-26
1902,256,47,1,632.39,0.08,2025-07-18
1903,143,99,10,2644.48,0.24,2024-10-04
1904,48,81,7,162.72,0.05,2025-03-03
1905,90,3,5,3321.9,0.17,2024-02-19
1906,236,14,7,414.66,0.27,2025-07-28
1907,90,20,6,430.36,0.21,2024-08-07
1908,174,64,9,4973.78,0.24,2024-11-09
1909,72,92,6,2653.46,0.05,2025-01-19
1910,179,76,9,1636.94,0.01,2024-02-25
1911,123,3,2,1536.82,0.26,2024-07-20
1912,31,89,3,2852.14,0.02,2024-12-02
1913,296,44,1,793.35,0.3,2024-07-15
1914,249,32,7,1436.42,0.26,2024-07-22
1915,282,6,3,799.55,0.03,2025-07-19
1916,59,67,1,162.6,0.18,2025-02-17
1917,190,16,8,2540.06,0.07,2025-08-21
1918,91,75,3,1194.15,0.26,2024-12-28
1919,183,5,3,1237.25,0.16,2024-05-14
1920,121,57,7,2492.54,0.3,2024-01-30
1921,2,26,5,3296.73,0.24,2025-01-20
1922,172,4,3,1265.06,0.14,2025-05-25
1923,168,39,10,3792.19,0.14,2025-06-28
1924,247,72,3,4920.55,0.15,2024-03-13
1925,102,95,1,4542.14,0.14,2024-10-21
1926,281,65,2,1400.16,0.21,2025-02-10
1927,89,99,1,4318.6,0.07,2025-02-16
1928,100,17,10,2380.18,0.12,2025-06-20
1929,197,13,10,4496.27,0.15,2025-07-24
1930,124,87,2,678.22,0.05,2024-05-04
1931,86,62,3,189.53,0.07,2024-12-30
1932,156,68,3,2976.85,0.06,2024-03-26
1933,226,93,3,3597.4,0.04,2024-03-24
1934,283,55,6,1407.65,0.22,2025-04-08
1935,97,13,5,246.65,0.23,2025-07-09
1936,8,85,8,179.03,0.1,2024-05-26
1937,242,22,3,240.1,0.3,2024-03-06
1938,289,83,2,1953.01,0.15,2024-09-22
1939,71,16,5,60.31,0.02,2024-06-17
1940,53,17,10,4936.11,0.06,2024-11-09
1941,222,86,3,2700.11,0.11,2025-07-29
1942,156,25,9,701.95,0.26,2024-03-25
1943,287,96,10,572.6,0.09,2024-04-24
1944,33,84,3,1864.89,0.26,2025-03-06
1945,227,97,6,2568.06,0.1,2025-01-29
1946,185,20,6,541.08,0.13,2024-01-01
1947,52,61,6,1279.52,0.1,2025-06-24
1948,241,15,9,2217.47,0.08,2024-10-02
1949,115,37,10,1317.01,0.27,2025-05-12
1950,23,95,9,3575.8,0.24,2025-01-05
1951,172,58,8,2462.06,0.2,2025-04-18
1952,171,38,4,4777.92,0.14,2024-12-01
1953,194,15,9,1051.61,0.1,2024-06-22
1954,224,87,9,2159.95,0.11,2025-02-03
1955,210,65,8,2365.12,0.02,2024-04-26
1956,124,93,6,3143.63,0.24,2024-10-09
1957,186,8,8,21.8,0.04,2025-06-26
1958,136,22,1,4753.38,0.1,2024-08-04
1959,228,22,1,100.75,0.25,2024-09-14
1960,248,35,3,632.87,0.26,2024-11-08
1961,273,3,7,605.52,0.22,2024-08-18
1962,292,59,5,4228.13,0.24,2024-11-14
1963,199,73,9,2053.37,0.23,2025-02-24
1964,142,28,1,4247.76,0.08,2024-01-17
1965,135,9,4,995.1,0.08,2025-01-04
1966,170,73,10,120.19,0.19,2024-12-20
1967,196,25,7,2394.26,0.25,2024-11-01
1968,249,55,5,1724.34,0.15,2025-02-25
1969,209,54,2,1537.59,0.07,2024-01-26
1970,144,92,9,2999.57,0.07,2024-01-12
1971,10,72,9,3652.41,0.01,2024-09-02
1972,277,85,4,875.45,0.15,2024-05-10
1973,8,93,5,938.93,0.15,2024-04-22
1974,8,56,3,1528.3,0.1,2025-07-22
1975,63,31,1,3067.24,0.0,2024-10-28
1976,77,27,1,2299.02,0.21,2024-12-24
1977,214,90,3,1549.36,0.03,2024-09-24
1978,64,82,6,733.73,0.15,2025-07-07
1979,159,78,9,3788.56,0.23,2025-06-17
1980,50,96,3,2530.02,0.09,2024-09-07
1981,103,91,6,1625.34,0.05,2025-08-21
1982,199,60,4,2528.87,0.29,2025-01-20
1983,46,82,5,2660.49,0.12,2025-07-11
1984,219,15,8,3078.98,0.23,2024-04-16
1985,93,76,2,2490.68,0.19,2024-03-12
1986,260,38,5,3857.35,0.02,2025-06-17
1987,156,83,4,2466.73,0.14,2024-05-30
1988,103,78,10,3559.46,0.07,2025-03-13
1989,186,65,5,3860.15,0.25,2024-10-20
1990,233,63,1,491.77,0.11,2025-01-15
1991,264,70,1,4566.86,0.22,2024-10-03
1992,153,100,8,2491.37,0.18,2024-01-01
1993,91,46,2,994.23,0.2,2025-08-12
1994,115,8,4,2650.09,0.04,2024-07-30
1995,249,12,9,3221.56,0.07,2025-04-13
1996,165,5,1,4977.08,0.17,2024-06-16
1997,291,8,1,461.42,0.2,2024-06-19
1998,90,20,9,1816.94,0.15,2025-04-27
1999,243,75,10,2768.14,0.03,2024-10-06
2000,283,20,2,1059.56,0.19,2025-08-23
2001,109,48,6,1240.01,0.17,2025-04-13
2002,83,68,1,2528.33,0.25,2024-04-07
2003,200,29,5,4389.13,0.21,2025-04-18
2004,31,12,8,1184.91,0.01,2024-05-16
2005,85,71,6,1775.93,0.27,2025-03-10
2006,139,63,2,787.27,0.29,2024-12-29
2007,153,60,4,4601.9,0.23,2025-07-18
2008,287,91,8,1312.09,0.23,2024-04-28
2009,262,30,7,2371.29,0.14,2024-09-10
2010,73,81,10,850.34,0.15,2025-05-18
2011,71,59,10,73.11,0.18,2024-07-28
2012,117,99,2,1319.76,0.08,2025-03-11
2013,284,51,9,1086.74,0.11,2024-03-29
2014,173,64,5,562.2,0.07,2024-01-17
2015,58,25,7,3942.59,0.27,2024-08-09
2016,193,55,10,2888.42,0.29,2025-06-02
2017,40,21,6,243.29,0.02,2024-03-25
2018,111,95,4,4692.41,0.09,2025-01-23
2019,254,82,4,4270.01,0.22,2025-05-21
2020,99,14,10,3673.16,0.23,2025-04-29
2021,21,94,9,1797.67,0.19,2025-07-12
2022,38,60,10,2476.31,0.13,2024-12-02
2023,111,10,4,4103.79,0.28,2024-03-30
2024,267,69,8,1993.53,0.3,2025-08-19
2025,137,51,4,4530.23,0.06,2024-11-18
2026,19,58,1,3275.02,0.06,2024-04-14
2027,178,65,2,1520.91,0.0,2025-01-25
2028,242,66,4,4326.5,0.1,2024-09-29
2029,96,48,3,3777.76,0.13,2025-04-28
2030,240,96,9,1632.22,0.26,2025-08-01
2031,107,25,7,2145.87,0.05,2024-05-10
2032,234,90,5,2665.45,0.05,2024-09-21
2033,281,66,10,1288.84,0.27,2025-05-12
2034,201,59,1,4925.06,0.03,2024-04-06
2035,247,43,10,1794.56,0.09,2024-06-27
2036,5,3,10,234.52,0.25,2024-04-22
2037,242,7,2,2018.87,0.13,2024-06-14
2038,186,13,8,807.5,0.21,2024-10-26
2039,215,57,1,467.75,0.22,2025-06-27
2040,100,18,1,3018.78,0.25,2024-02-19
2041,206,50,8,2874.92,0.13,2024-09-20
2042,215,14,9,1833.14,0.14,2024-08-02
2043,258,79,5,1735.58,0.12,2025-01-12
2044,54,48,4,386.42,0.13,2024-05-13
2045,299,30,2,2076.04,0.22,2024-02-25
2046,228,90,3,359.78,0.28,2025-03-10
2047,39,60,4,2898.77,0.28,2024-02-27
2048,280,43,3,4239.79,0.21,2025-01-11
2049,170,95,10,4035.77,0.22,2024-07-26
2050,183,17,3,4892.5,0.25,2024-12-23
2051,171,27,5,4265.94,0.22,2024-08-03
2052,66,74,7,2719.93,0.1,2024-11-08
2053,265,47,2,1645.72,0.02,2024-09-22
2054,241,40,8,418.76,0.1,2024-05-11
2055,26,37,3,1782.16,0.1,2024-12-20
2056,11,71,3,1739.36,0.0,2025-02-10
2057,114,40,3,2981.01,0.01,2025-03-18
2058,60,4,7,1584.37,0.19,2025-02-02
2059,45,10,6,626.74,0.22,2024-07-10
2060,5,40,7,4432.01,0.04,2024-10-15
2061,110,43,1,3724.99,0.04,2024-04-20
2062,189,12,2,2716.15,0.02,2025-08-04
2063,200,85,4,2945.58,0.27,2024-02-04
2064,157,80,10,4647.59,0.23,2025-03-12
2065,206,54,6,2508.15,0.19,2024-05-20
2066,180,69,10,3653.31,0.27,2024-05-05
2067,123,67,1,2510.4,0.05,2024-12-31
2068,206,55,7,1923.78,0.19,2024-08-25
2069,79,48,9,3255.66,0.22,2024-12-16
2070,197,35,9,2423.41,0.19,2024-11-30
2071,147,89,7,925.33,0.25,2024-05-14
2072,294,43,7,2550.35,0.07,2025-04-17
2073,180,52,5,1211.98,0.28,2024-10-30
2074,103,71,2,2510.62,0.15,2025-01-27
2075,104,71,6,1663.77,0.1,2024-11-13
2076,205,87,9,2714.65,0.06,2025-07-14
2077,11,93,8,3561.86,0.16,2025-01-15
2078,216,57,6,1764.67,0.24,2024-11-29
2079,237,83,7,4133.18,0.14,2025-06-11
2080,259,97,5,3192.04,0.15,2024-11-24
2081,68,40,1,2335.56,0.22,2024-11-23
2082,212,26,1,1734.2,0.03,2024-08-01
2083,69,13,2,2603.15,0.01,2024-08-26
2084,216,13,8,279.84,0.2,2025-01-08
2085,289,77,1,691.59,0.1,2024-04-15
2086,147,62,6,3527.51,0.03,2024-12-08
2087,183,90,10,2976.78,0.23,2024-08-21
2088,176,94,7,844.83,0.05,2024-02-23
2089,27,96,5,3996.43,0.07,2025-04-22
2090,90,100,6,4585.83,0.27,2024-08-31
2091,30,47,6,2775.53,0.19,2024-11-05
2092,113,88,9,1063.04,0.08,2025-02-22
2093,279,47,5,4916.82,0.16,2024-10-30
2094,179,32,5,1234.13,0.3,2025-08-18
2095,259,100,10,4344.17,0.05,2024-01-13
2096,296,68,9,1306.83,0.09,2024-05-30
2097,86,4,7,4778.24,0.08,2024-05-24
2098,166,76,2,3387.65,0.03,2024-11-18
2099,140,78,1,4510.31,0.06,2024-08-20
2100,195,11,6,1662.82,0.22,2025-08-06
2101,120,37,6,1784.68,0.1,2025-05-30
2102,228,70,9,1519.07,0.29,2025-04-06
2103,274,16,10,4738.17,0.02,2024-04-11
2104,92,39,10,4756.97,0.18,2025-08-03
2105,53,81,7,3127.55,0.21,2024-12-22
2106,142,95,9,2967.42,0.01,2024-10-18
2107,111,52,7,2624.8,0.21,2024-11-04
2108,31,94,5,594.74,0.03,2024-01-26
2109,36,13,5,4966.73,0.22,2024-04-24
2110,16,49,2,1614.03,0.15,2024-03-23
2111,282,76,5,3233.29,0.11,2024-04-22
2112,229,42,6,3000.54,0.18,2024-09-12
2113,152,48,8,4816.8,0.23,2024-03-04
2114,116,69,1,111.95,0.28,2024-02-02
2115,137,59,2,2778.36,0.19,2024-12-07
2116,201,55,3,2300.86,0.15,2025-03-20
2117,107,47,9,2805.24,0.17,2025-06-16
2118,113,75,3,99.0,0.06,2024-05-18
2119,105,61,3,4303.64,0.21,2024-03-01
2120,100,98,10,760.99,0.16,2024-07-26
2121,33,82,8,3018.82,0.19,2025-05-17
2122,116,88,2,4597.27,0.2,2025-07-26
2123,218,78,6,2077.85,0.27,2025-03-06
2124,139,64,5,4119.11,0.15,2024-10-04
2125,215,10,2,2219.39,0.02,2024-01-14
2126,183,54,1,648.31,0.28,2025-02-19
2127,238,64,9,2007.71,0.14,2024-11-09
2128,273,87,10,3548.04,0.01,2024-09-08
2129,16,24,8,2798.91,0.04,2024-06-22
2130,100,24,7,1471.98,0.17,2025-06-01
2131,246,14,1,3311.43,0.15,2025-04-03
2132,254,12,10,1363.0,0.26,2024-10-08
2133,218,97,9,1287.36,0.03,2024-04-06
2134,55,35,9,3673.29,0.1,2025-06-25
2135,48,54,9,1572.41,0.26,2024-09-08
2136,182,96,2,1424.01,0.05,2025-07-27
2137,299,55,9,564.17,0.18,2025-02-12
2138,48,14,4,2263.14,0.21,2025-05-21
2139,241,18,1,69.81,0.16,2024-11-23
2140,251,52,2,30.96,0.11,2024-02-10
2141,186,1,5,1796.81,0.21,2024-10-15
2142,8,63,8,2948.33,0.11,2024-02-16
2143,54,79,6,2666.08,0.02,2024-06-11
2144,180,13,8,1732.16,0.14,2025-08-13
2145,154,87,2,1012.32,0.17,2025-01-02
2146,111,7,1,1287.21,0.02,2024-11-08
2147,264,98,2,4630.84,0.14,2025-01-09
2148,18,89,5,3105.51,0.19,2024-09-14
2149,273,81,5,2270.08,0.02,2025-06-09
2150,175,48,5,811.08,0.08,2025-02-26
2151,105,40,2,4036.84,0.23,2025-08-14
2152,214,17,10,2480.2,0.29,2025-05-07
2153,69,27,9,2030.33,0.22,2024-03-06
2154,167,56,9,2371.98,0.21,2024-08-17
2155,236,49,10,2222.65,0.1,2024-11-21
2156,88,1,7,554.27,0.0,2024-01-27
2157,203,87,8,4649.51,0.01,2025-08-07
2158,21,35,9,4289.04,0.24,2024-08-04
2159,179,22,6,4477.96,0.11,2025-05-17
2160,291,84,10,3577.98,0.12,2024-11-05
2161,236,71,6,2125.75,0.07,2025-06-13
2162,213,57,9,1144.68,0.24,2025-08-22
2163,132,8,3,2428.55,0.19,2024-08-25
2164,26,41,10,4763.45,0.23,2024-08-06
2165,83,71,7,1091.15,0.21,2025-02-24
2166,244,78,4,4380.07,0.29,2024-01-16
2167,11,99,7,3337.72,0.1,2025-01-14
2168,132,29,5,4392.71,0.21,2024-08-15
2169,199,62,8,2997.32,0.01,2024-06-09
2170,36,63,3,1799.27,0.11,2024-12-23
2171,167,78,6,22.73,0.14,2024-10-23
2172,204,23,10,797.73,0.11,2025-02-09
2173,165,43,7,118.53,0.11,2025-01-25
2174,53,60,7,476.95,0.05,2025-02-16
2175,67,37,10,1380.19,0.16,2024-04-25
2176,4,69,6,903.98,0.01,2024-01-01
2177,292,4,3,2445.01,0.28,2024-04-03
2178,165,76,10,1513.61,0.06,2024-01-18
2179,224,12,3,2277.81,0.29,2024-08-28
2180,72,35,9,1690.46,0.11,2025-04-23
2181,160,31,1,2224.55,0.21,2024-09-21
2182,137,63,4,2835.46,0.13,2025-07-30
2183,274,65,10,2605.15,0.24,2025-03-20
2184,249,46,9,3414.27,0.23,2024-12-07
2185,134,68,6,2659.41,0.27,2025-06-15
2186,21,54,7,1178.64,0.08,2024-03-01
2187,83,61,7,1492.77,0.09,2024-01-01
2188,58,30,4,164.64,0.13,2024-06-14
2189,152,64,2,635.38,0.19,2025-03-18
2190,147,6,10,2852.97,0.29,2024-08-29
2191,163,61,3,1436.1,0.14,2024-01-19
2192,99,8,9,1351.11,0.07,2025-01-02
2193,193,72,8,4454.9,0.19,2024-04-13
2194,13,25,7,2172.48,0.04,2025-05-20
2195,235,28,1,2297.12,0.11,2025-01-19
2196,77,76,7,105.91,0.23,2024-12-12
2197,89,9,3,1707.33,0.08,2024-03-17
2198,175,90,8,4891.72,0.12,2025-02-16
2199,65,52,3,1247.87,0.05,2025-06-26
2200,102,84,5,4768.69,0.05,2024-02-22
2201,204,28,3,4691.12,0.16,2024-04-26
2202,125,32,5,2314.73,0.19,2024-02-08
2203,136,53,1,3290.48,0.21,2024-01-21
2204,126,56,1,1482.28,0.08,2024-02-13
2205,204,55,1,2481.41,0.22,2024-05-06
2206,37,46,3,1185.4,0.01,2024-08-10
2207,5,73,1,2125.46,0.11,2024-12-06
2208,160,33,10,899.56,0.14,2024-10-31
2209,102,38,7,4164.42,0.12,2024-04-16
2210,111,40,10,325.66,0.19,2025-06-21
2211,157,86,2,1886.12,0.13,2024-08-25
2212,205,66,2,4826.03,0.09,2024-04-08
2213,223,56,9,508.43,0.05,2025-05-16
2214,168,71,1,625.24,0.25,2025-02-27
2215,116,65,2,2385.4,0.02,2024-11-30
2216,275,87,8,2696.95,0.26,2025-04-23
2217,32,51,5,4921.72,0.06,2025-03-07
2218,199,92,3,1771.09,0.28,2024-02-12
2219,15,4,6,2918.22,0.17,2025-06-01
2220,270,87,10,2623.81,0.11,2025-02-17
2221,30,83,6,2010.17,0.24,2024-11-06
2222,276,91,5,2996.98,0.06,2024-07-10
2223,106,44,8,2901.3,0.13,2024-11-20
2224,227,19,6,2142.45,0.15,2024-05-08
2225,60,3,9,4795.65,0.19,2024-08-30
2226,258,23,5,3470.84,0.16,2024-11-06
2227,299,45,10,2795.84,0.08,2025-05-16
2228,224,2,8,1677.22,0.2,2024-03-10
2229,221,33,10,2211.36,0.29,2025-02-28
2230,179,48,3,3922.41,0.0,2024-04-04
2231,168,32,7,2936.39,0.1,2024-03-19
2232,262,52,7,3327.94,0.18,2024-07-19
2233,210,9,5,443.7,0.17,2024-02-15
2234,53,15,1,3072.62,0.12,2024-11-25
2235,174,73,1,3335.49,0.17,2024-03-04
2236,19,12,5,4461.42,0.0,2025-05-19
2237,10,96,5,980.55,0.24,2024-04-05
2238,164,1,4,3704.79,0.11,2024-11-22
2239,243,11,8,1685.15,0.01,2025-02-27
2240,107,23,9,3311.48,0.03,2024-07-22
2241,266,21,1,3760.58,0.01,2025-06-23
2242,206,57,8,2116.12,0.3,2024-04-10
2243,118,78,1,2270.36,0.15,2025-06-18
2244,19,40,4,3617.34,0.04,2024-10-31
2245,36,57,5,4991.95,0.07,2025-07-02
2246,298,30,6,3356.91,0.07,2025-02-09
2247,110,100,4,3235.89,0.05,2024-08-22
2248,67,39,8,2515.6,0.12,2025-06-03
2249,200,75,3,1219.07,0.27,2024-01-19
2250,48,96,5,3365.01,0.04,2025-01-06
2251,27,63,6,3996.15,0.16,2024-10-19
2252,271,22,2,1723.0,0.06,2024-02-20
2253,194,19,3,2836.8,0.16,2024-03-18
2254,55,35,1,4620.53,0.19,2024-04-03
2255,267,57,8,1958.31,0.02,2025-05-12
2256,219,92,1,4511.37,0.01,2024-07-13
2257,134,33,1,2527.2,0.07,2024-04-15
2258,274,77,6,4755.94,0.04,2025-03-18
2259,251,29,6,2417.21,0.1,2024-03-03
2260,104,99,6,4551.48,0.07,2024-10-15
2261,280,79,7,3047.52,0.28,2025-01-06
2262,266,40,8,2309.06,0.09,2024-07-29
2263,180,2,6,2864.46,0.2,2024-12-18
2264,18,43,4,3834.82,0.04,2024-01-24
2265,160,37,2,2539.27,0.03,2025-02-09
2266,258,11,4,2112.73,0.18,2024-07-30
2267,246,31,1,1060.5,0.3,2024-02-16
2268,264,34,10,3238.56,0.23,2025-01-20
2269,73,26,7,2229.51,0.02,2024-10-11
2270,237,89,9,4445.45,0.28,2024-09-13
2271,63,31,1,582.49,0.26,2025-08-10
2272,66,55,7,972.58,0.05,2024-11-10
2273,70,57,6,3424.39,0.13,2024-12-16
2274,32,77,1,4462.1,0.28,2024-02-12
2275,85,85,5,2805.86,0.2,2025-01-25
2276,49,89,2,3471.96,0.1,2024-07-23
2277,8,49,10,576.14,0.24,2024-11-30
2278,235,9,6,910.54,0.29,2024-02-20
2279,82,89,1,3700.25,0.06,2024-02-13
2280,69,3,3,2297.74,0.27,2025-03-29
2281,235,13,10,938.71,0.26,2024-10-08
2282,249,90,6,2576.36,0.15,2024-06-14
2283,174,36,5,2431.67,0.15,2024-03-02
2284,172,47,2,117.58,0.07,2025-05-14
2285,5,18,3,4277.49,0.29,2024-02-24
2286,218,59,8,4499.6,0.02,2024-08-29
2287,46,89,5,2978.59,0.01,2025-07-25
2288,247,60,5,2707.65,0.17,2025-02-06
2289,81,52,5,3889.55,0.24,2025-06-18
2290,191,17,2,3467.92,0.09,2024-01-28
2291,139,50,10,3801.41,0.07,2025-02-15
2292,261,50,5,1870.23,0.25,2025-07-14
2293,23,25,1,2966.27,0.11,2025-05-03
2294,80,4,6,912.84,0.25,2024-01-27
2295,213,77,1,1486.07,0.22,2025-05-18
2296,68,93,4,4326.68,0.25,2025-05-15
2297,29,32,6,3543.51,0.08,2024-02-08
2298,118,44,9,2751.48,0.23,2024-04-19
2299,183,18,7,4617.23,0.25,2025-01-05
2300,275,18,9,424.03,0.04,2025-07-24
2301,291,94,8,600.45,0.08,2024-12-10
2302,125,52,1,4005.52,0.28,2024-05-11
2303,31,77,5,1179.12,0.12,2024-02-16
2304,296,82,1,3223.46,0.26,2024-05-15
2305,188,26,9,33.24,0.16,2024-07-19
2306,129,39,10,3819.41,0.15,2024-03-08
2307,272,41,10,3335.49,0.18,2025-06-08
2308,219,28,10,3490.12,0.19,2024-07-15
2309,52,81,6,56.42,0.17,2024-04-10
2310,216,51,4,4367.96,0.29,2024-11-11
2311,204,100,3,2199.99,0.07,2024-09-26
2312,171,31,4,3324.13,0.03,2025-04-12
2313,229,78,3,2337.55,0.29,2025-06-12
2314,59,32,2,2402.83,0.18,2024-07-11
2315,165,89,4,2587.89,0.15,2024-08-10
2316,92,14,9,417.37,0.06,2024-03-14
2317,141,69,3,1163.53,0.06,2025-05-29
2318,298,5,6,3391.41,0.1,2025-06-28
2319,278,26,1,4773.71,0.28,2025-04-02
2320,190,37,4,2905.11,0.15,2025-02-13
2321,67,6,9,2003.31,0.2,2024-05-19
2322,154,13,8,1026.28,0.09,2024-11-09
2323,44,30,5,795.78,0.17,2025-05-16
2324,154,27,9,4322.17,0.08,2025-01-23
2325,284,5,10,1374.01,0.07,2024-08-11
2326,136,54,9,4266.42,0.25,2025-01-16
2327,108,70,5,4663.93,0.28,2024-08-04
2328,255,45,2,712.82,0.13,2024-11-20
2329,116,72,9,1109.53,0.0,2024-05-01
2330,169,24,3,3777.67,0.02,2024-02-24
2331,129,77,10,1941.81,0.26,2025-07-14
2332,24,98,5,2527.04,0.12,2024-01-11
2333,124,67,9,1353.52,0.13,2025-04-16
2334,28,8,3,4176.02,0.28,2024-06-18
2335,103,67,7,1727.03,0.04,2024-02-04
2336,50,14,1,3272.63,0.18,2025-07-13
2337,61,68,10,3222.77,0.07,2024-08-26
2338,212,2,8,336.99,0.27,2025-03-07
2339,192,7,8,2497.26,0.04,2024-06-21
2340,286,12,3,4177.69,0.21,2024-07-17
2341,227,30,10,3134.09,0.0,2024-07-25
2342,244,22,2,3463.46,0.14,2024-11-06
2343,124,14,10,1631.57,0.06,2025-07-18
2344,94,16,9,354.95,0.02,2024-01-12
2345,233,96,9,1885.18,0.01,2025-06-18
2346,152,37,10,3748.56,0.07,2025-08-18
2347,9,66,8,3581.71,0.11,2025-08-08
2348,234,13,5,4660.67,0.13,2024-10-05
2349,289,100,10,4978.61,0.05,2024-05-21
2350,153,9,7,1005.17,0.11,2025-03-17
2351,275,97,8,197.97,0.29,2024-05-09
2352,300,76,8,2564.06,0.28,2024-12-09
2353,298,50,1,2184.93,0.02,2025-05-04
2354,182,14,6,2262.22,0.29,2024-10-03
2355,252,26,6,3642.68,0.12,2025-04-21
2356,218,39,3,335.4,0.27,2024-04-20
2357,289,18,6,4350.95,0.07,2025-07-20
2358,217,42,1,1681.39,0.02,2024-08-22
2359,154,58,6,2669.75,0.02,2024-08-29
2360,144,77,1,4240.53,0.17,2024-05-01
2361,97,59,10,4662.47,0.01,2024-05-23
2362,229,21,2,4013.35,0.09,2024-10-22
2363,206,15,7,2991.9,0.13,2024-04-21
2364,114,71,10,2441.6,0.01,2025-08-20
2365,28,91,7,4931.66,0.15,2024-07-17
2366,92,29,6,4323.43,0.01,2024-12-06
2367,101,93,8,4198.86,0.05,2024-12-16
2368,232,22,7,3663.65,0.02,2024-01-25
2369,260,66,2,2507.82,0.25,2024-11-06
2370,276,85,6,297.59,0.21,2024-04-21
2371,293,28,2,897.12,0.24,2024-05-30
2372,91,94,3,927.66,0.28,2024-07-10
2373,208,9,2,2473.0,0.26,2024-11-08
2374,233,17,1,24.25,0.17,2024-09-08
2375,202,63,9,1810.88,0.2,2025-08-16
2376,6,34,7,4218.58,0.12,2024-08-11
2377,229,30,9,3849.05,0.18,2025-08-05
2378,53,56,1,767.73,0.03,2025-02-24
2379,130,79,7,1298.39,0.04,2025-08-13
2380,158,34,9,4154.71,0.01,2025-07-03
2381,53,93,10,2500.9,0.28,2024-07-05
2382,173,45,3,3667.12,0.07,2025-08-01
2383,126,17,5,4769.76,0.15,2024-11-17
2384,287,93,6,1902.83,0.0,2024-11-12
2385,163,95,5,1594.82,0.25,2024-11-05
2386,4,79,4,4877.74,0.28,2024-05-31
2387,288,11,10,1980.18,0.11,2024-11-04
2388,21,49,7,3821.83,0.02,2024-07-25
2389,268,38,1,673.8,0.25,2024-08-13
2390,139,48,8,130.87,0.01,2025-01-15
2391,82,96,8,2149.47,0.1,2024-07-21
2392,49,80,2,4376.66,0.19,2024-07-15
2393,292,92,2,2360.68,0.05,2024-06-19
2394,192,87,8,3448.37,0.08,2024-08-03
2395,136,39,1,530.31,0.2,2024-05-14
2396,96,60,5,3290.62,0.11,2024-12-22
2397,70,98,9,1895.09,0.08,2025-08-03
2398,42,99,4,2676.17,0.16,2024-03-31
2399,88,30,9,1016.32,0.16,2025-05-31
2400,105,73,7,650.26,0.05,2024-03-05
2401,34,5,9,489.73,0.16,2024-05-08
2402,111,43,9,4128.24,0.2,2025-03-29
2403,287,76,4,4140.94,0.29,2024-01-04
2404,78,15,6,4512.98,0.18,2025-01-07
2405,259,10,5,3009.57,0.09,2025-08-08
2406,268,53,6,1990.31,0.25,2024-07-27
2407,233,52,9,1272.02,0.29,2024-09-17
2408,183,71,5,481.53,0.25,2024-11-30
2409,14,85,5,2178.61,0.26,2024-08-22
2410,97,2,9,3908.18,0.06,2024-09-28
2411,73,17,4,2552.12,0.25,2025-07-25
2412,249,48,8,4207.58,0.19,2025-06-30
2413,173,92,3,863.24,0.16,2025-07-15
2414,153,2,3,514.07,0.1,2024-05-19
2415,32,44,1,2634.89,0.18,2024-06-30
2416,148,49,2,2001.08,0.18,2024-05-09
2417,98,81,3,4689.44,0.25,2024-12-11
2418,108,58,4,739.87,0.26,2024-04-29
2419,234,84,1,786.31,0.29,2024-02-22
2420,98,93,7,3618.89,0.25,2025-05-29
2421,73,80,9,3277.33,0.26,2024-02-19
2422,216,45,5,2130.65,0.08,2024-04-07
2423,46,51,1,4159.24,0.0,2024-01-06
2424,242,35,2,1302.32,0.1,2025-01-30
2425,15,41,9,3020.51,0.18,2025-04-27
2426,56,65,6,1416.42,0.19,2025-05-04
2427,222,36,8,2823.67,0.2,2025-08-21
2428,144,31,2,2106.87,0.21,2024-08-31
2429,87,98,7,1868.45,0.17,2024-11-06
2430,198,51,5,311.85,0.26,2025-01-19
2431,114,96,10,985.51,0.24,2025-07-05
2432,226,27,2,1042.61,0.12,2024-05-08
2433,66,62,1,2640.08,0.21,2024-08-17
2434,115,12,1,2074.59,0.0,2025-08-12
2435,263,32,10,1852.9,0.14,2024-08-27
2436,114,6,2,1676.5,0.15,2024-09-10
2437,142,47,9,2417.91,0.04,2024-01-15
2438,216,16,8,3135.75,0.3,2024-10-04
2439,18,17,5,4941.7,0.19,2024-01-07
2440,146,71,2,1012.37,0.08,2024-03-04
2441,149,16,5,3894.22,0.04,2025-04-10
2442,162,2,4,848.72,0.16,2025-05-11
2443,14,20,10,868.99,0.19,2025-06-12
2444,262,19,3,1792.1,0.06,2025-04-09
2445,154,16,7,3283.66,0.29,2024-04-29
2446,68,51,8,2082.84,0.17,2024-06-19
2447,73,13,4,1693.12,0.24,2025-05-11
2448,117,91,5,2506.4,0.1,2025-08-22
2449,121,57,5,3907.8,0.22,2024-06-15
2450,204,13,1,811.63,0.29,2025-06-12
2451,83,72,7,3295.95,0.21,2025-01-23
2452,18,88,8,2606.41,0.0,2024-08-12
2453,266,5,2,3174.51,0.25,2024-03-06
2454,291,83,2,1463.8,0.16,2024-10-06
2455,168,57,9,634.46,0.01,2025-07-11
2456,142,49,2,3489.01,0.09,2024-11-17
2457,81,1,5,33.34,0.04,2024-06-21
2458,151,40,5,579.84,0.18,2024-11-09
2459,151,21,8,672.82,0.02,2024-11-18
2460,271,69,6,1158.97,0.1,2024-03-19
2461,77,67,5,1705.49,0.13,2024-07-15
2462,187,23,3,4889.61,0.13,2024-09-05
2463,57,11,4,1860.89,0.07,2024-10-25
2464,219,100,9,21.75,0.13,2024-08-27
2465,209,50,6,35.59,0.11,2025-03-24
2466,272,98,3,2789.14,0.2,2025-01-25
2467,144,43,4,4970.61,0.04,2024-08-19
2468,6,21,4,2542.62,0.27,2025-03-17
2469,113,30,9,133.33,0.03,2024-09-26
2470,96,55,7,3100.22,0.02,2024-09-17
2471,242,7,6,936.73,0.17,2025-07-10
2472,111,34,4,2106.21,0.01,2024-08-19
2473,73,65,6,491.43,0.19,2025-05-09
2474,190,96,7,683.41,0.24,2024-07-08
2475,255,66,2,4024.97,0.12,2024-05-25
2476,81,74,4,126.16,0.28,2024-03-05
2477,66,54,8,1967.27,0.13,2024-07-14
2478,38,96,7,4632.15,0.25,2024-07-19
2479,102,31,4,3918.46,0.1,2025-03-02
2480,216,90,3,2888.79,0.21,2025-01-04
2481,206,38,10,2236.15,0.12,2025-01-18
2482,139,83,4,3436.94,0.16,2024-07-23
2483,129,16,2,1520.43,0.18,2024-07-31
2484,140,26,6,2020.07,0.02,2024-12-15
2485,35,41,1,3239.74,0.08,2025-05-28
2486,261,6,2,3583.41,0.2,2025-02-28
2487,81,76,4,1939.81,0.23,2024-05-21
2488,288,84,6,4687.33,0.29,2025-05-04
2489,294,59,7,2037.43,0.15,2025-05-19
2490,97,45,7,2233.22,0.15,2025-06-15
2491,191,87,7,1653.52,0.25,2024-04-18
2492,58,62,5,932.33,0.13,2025-03-04
2493,255,34,7,2216.07,0.28,2024-01-09
2494,4,45,2,4142.72,0.07,2025-02-27
2495,278,38,3,3517.03,0.04,2024-04-24
2496,70,73,4,2160.43,0.23,2024-01-16
2497,90,45,4,2919.27,0.18,2025-01-09
2498,165,40,8,4656.44,0.24,2025-07-12
2499,63,76,7,2700.93,0.19,2024-08-28
2500,38,59,3,3055.87,0.12,2025-05-16
2501,229,92,8,3425.13,0.24,2024-02-04
2502,244,80,1,964.58,0.16,2024-03-01
2503,212,54,10,4537.29,0.28,2024-10-23
2504,14,87,10,1545.36,0.23,2025-07-13
2505,25,49,7,3384.64,0.07,2025-04-17
2506,52,92,1,164.32,0.25,2024-09-11
2507,273,15,10,4813.56,0.05,2025-01-04
2508,48,93,8,2478.39,0.25,2024-09-17
2509,69,39,2,4288.49,0.29,2024-02-10
2510,273,79,10,2881.32,0.05,2024-06-11
2511,57,55,5,715.0,0.27,2024-05-29
2512,183,46,8,396.39,0.2,2024-10-28
2513,271,15,5,972.51,0.21,2024-08-23
2514,217,78,7,1693.79,0.08,2025-03-06
2515,136,40,2,2031.52,0.15,2024-07-16
2516,184,72,1,3116.78,0.13,2024-01-13
2517,288,63,5,1931.52,0.2,2024-04-30
2518,279,47,3,3330.32,0.11,2025-01-09
2519,135,97,5,3417.54,0.26,2024-12-07
2520,251,96,7,192.67,0.24,2025-02-28
2521,59,98,5,309.58,0.29,2025-03-24
2522,164,53,8,4245.84,0.22,2025-02-20
2523,71,38,9,4308.57,0.17,2025-04-05
2524,13,38,10,2189.1,0.13,2024-10-02
2525,35,49,3,562.99,0.04,2025-02-28
2526,111,61,8,2549.98,0.17,2025-05-02
2527,12,72,8,4317.21,0.28,2024-10-25
2528,252,81,5,621.28,0.29,2024-10-18
2529,30,37,6,4563.36,0.27,2024-07-10
2530,35,45,6,3046.85,0.07,2025-06-19
2531,48,14,1,2060.19,0.22,2025-07-24
2532,20,74,8,4541.45,0.12,2025-06-03
2533,277,31,8,3637.39,0.07,2024-08-13
2534,122,58,6,282.04,0.13,2025-07-30
2535,276,69,8,2044.34,0.11,2025-01-26
2536,32,13,7,1269.26,0.21,2024-10-27
2537,68,96,2,118.28,0.21,2025-05-26
2538,152,26,5,4754.77,0.04,2025-03-10
2539,252,51,8,2462.55,0.23,2024-03-19
2540,113,46,4,3263.86,0.19,2025-02-28
2541,229,34,4,3583.79,0.19,2024-11-20
2542,237,96,1,3684.53,0.15,2025-06-15
2543,112,40,1,4300.31,0.05,2024-09-09
2544,22,22,1,4669.18,0.08,2024-05-04
2545,287,12,3,1642.72,0.15,2024-08-31
2546,236,39,10,1128.99,0.07,2025-06-19
2547,79,21,10,1586.72,0.13,2024-04-11
2548,66,47,9,3904.9,0.18,2024-11-25
2549,155,79,8,4579.85,0.01,2024-04-17
2550,16,5,7,106.0,0.09,2024-02-20
2551,161,21,1,4579.84,0.26,2025-08-22
2552,144,42,5,2994.3,0.22,2024-01-17
2553,16,23,1,4315.05,0.03,2024-09-11
2554,16,32,2,1751.85,0.13,2025-05-16
2555,233,46,6,4088.39,0.02,2024-01-10
2556,200,77,9,2833.24,0.05,2025-03-23
2557,38,40,3,4952.21,0.04,2024-04-01
2558,1,57,1,137.16,0.21,2024-06-23
2559,5,65,1,552.46,0.16,2024-10-17
2560,217,30,6,3973.66,0.0,2024-05-04
2561,64,88,6,2236.93,0.22,2025-06-08
2562,57,95,3,2159.32,0.27,2024-04-28
2563,66,10,8,4328.85,0.19,2024-12-15
2564,65,36,5,3953.74,0.06,2024-06-24
2565,167,33,2,4289.53,0.28,2024-10-19
2566,75,26,2,673.32,0.13,2025-05-18
2567,42,31,1,1078.36,0.09,2025-08-17
2568,81,4,3,2859.5,0.1,2025-08-13
2569,54,94,7,2430.77,0.16,2024-04-10
2570,205,13,2,1293.26,0.24,2025-04-14
2571,243,2,5,1418.12,0.08,2025-03-03
2572,144,52,7,600.56,0.22,2024-02-29
2573,126,57,9,1112.24,0.15,2024-01-06
2574,6,64,7,510.89,0.19,2024-12-30
2575,124,94,10,4828.1,0.19,2025-08-01
2576,175,49,5,1680.99,0.02,2024-10-18
2577,264,57,1,711.92,0.14,2024-12-06
2578,260,90,8,3560.69,0.03,2025-05-11
2579,56,64,10,3135.0,0.21,2025-06-25
2580,293,53,3,2776.81,0.29,2024-02-15
2581,140,72,9,500.05,0.22,2024-03-21
2582,104,8,4,1610.34,0.23,2025-03-27
2583,146,30,4,317.8,0.0,2025-02-07
2584,133,52,4,3830.1,0.24,2024-09-29
2585,65,86,4,478.16,0.04,2025-03-03
2586,290,17,8,2678.56,0.18,2025-05-21
2587,4,67,1,4824.35,0.25,2024-07-03
2588,190,95,4,611.46,0.3,2025-03-16
2589,239,49,1,938.49,0.11,2024-04-10
2590,210,32,6,2318.08,0.26,2024-04-03
2591,241,58,6,1374.89,0.15,2025-07-19
2592,151,99,1,3280.05,0.0,2024-10-30
2593,122,46,5,1158.51,0.06,2025-03-31
2594,263,23,2,1612.43,0.09,2025-04-07
2595,98,66,4,1032.48,0.19,2024-04-01
2596,66,85,10,3812.26,0.28,2024-04-10
2597,282,75,3,445.62,0.04,2024-09-16
2598,132,76,8,531.77,0.08,2024-12-15
2599,106,95,5,3902.12,0.17,2024-11-21
2600,254,98,9,2947.47,0.05,2024-11-18
2601,19,48,10,1792.33,0.23,2024-03-17
2602,173,60,1,2970.22,0.08,2024-01-01
2603,13,41,8,4479.16,0.02,2024-05-14
2604,6,47,2,3520.35,0.03,2024-02-07
2605,262,43,3,4477.58,0.05,2024-11-26
2606,214,82,3,3868.5,0.15,2024-05-17
2607,43,75,1,3243.2,0.17,2025-05-21
2608,55,9,2,3886.72,0.18,2025-02-03
2609,143,5,3,2282.33,0.04,2024-02-19
2610,285,50,6,2092.34,0.23,2024-03-09
2611,157,77,5,639.38,0.21,2025-06-12
2612,292,37,8,1265.73,0.23,2024-10-31
2613,118,64,8,2289.74,0.28,2024-03-05
2614,242,14,6,1848.88,0.15,2025-07-31
2615,116,63,10,152.63,0.01,2024-07-15
2616,73,74,9,1322.55,0.23,2025-07-18
2617,168,56,4,898.52,0.17,2024-08-17
2618,245,27,9,2458.84,0.1,2025-08-17
2619,122,3,6,437.37,0.01,2025-07-26
2620,126,95,5,2757.99,0.24,2024-03-03
2621,221,31,2,3768.02,0.07,2024-11-16
2622,116,86,10,3344.82,0.17,2024-11-08
2623,52,86,2,1313.37,0.08,2024-06-25
2624,213,66,7,4006.42,0.1,2024-03-27
2625,51,62,7,2747.66,0.03,2025-08-10
2626,117,51,5,4740.03,0.26,2024-10-21
2627,54,5,2,1329.43,0.28,2025-06-09
2628,254,25,7,157.73,0.2,2025-07-07
2629,42,66,6,3362.82,0.11,2025-04-13
2630,280,87,8,400.64,0.26,2024-05-23
2631,195,23,7,2135.83,0.09,2025-07-29
2632,194,49,5,2234.51,0.28,2025-04-09
2633,61,65,1,2567.14,0.08,2024-03-16
2634,118,38,1,1913.73,0.03,2024-03-07
2635,267,39,5,3928.66,0.02,2025-03-01
2636,290,5,6,2454.75,0.3,2024-08-26
2637,285,61,9,4851.12,0.07,2025-04-07
2638,287,93,10,841.96,0.02,2024-11-01
2639,115,82,9,3552.85,0.02,2024-08-06
2640,36,99,5,3486.69,0.18,2024-07-22
2641,253,10,1,1662.35,0.29,2024-09-12
2642,261,72,3,1170.06,0.05,2024-10-21
2643,195,29,3,512.65,0.21,2025-02-25
2644,89,85,5,799.2,0.11,2024-08-21
2645,295,69,2,1444.2,0.29,2024-06-21
2646,251,100,8,3283.39,0.25,2025-01-07
2647,255,58,5,781.24,0.12,2024-08-30
2648,262,53,7,1596.3,0.08,2024-08-01
2649,268,8,3,2758.7,0.05,2025-02-27
2650,216,73,9,2678.58,0.04,2025-04-30
2651,17,78,1,3546.07,0.09,2024-06-01
2652,28,36,8,4446.09,0.0,2025-04-25
2653,191,17,1,4296.6,0.09,2024-07-31
2654,126,8,1,4602.55,0.11,2025-02-25
2655,202,40,6,4516.77,0.03,2025-08-12
2656,232,10,5,100.46,0.25,2024-04-30
2657,166,31,8,4162.13,0.09,2024-01-16
2658,114,35,2,1210.49,0.13,2024-07-16
2659,57,18,2,1690.64,0.02,2024-12-13
2660,230,61,5,2779.08,0.24,2025-01-29
2661,119,50,9,2791.83,0.07,2024-04-26
2662,34,80,10,339.25,0.14,2025-06-01
2663,164,91,4,379.47,0.27,2024-01-10
2664,68,66,7,2985.0,0.21,2025-02-25
2665,238,74,2,1293.1,0.14,2025-06-27
2666,55,47,10,2678.43,0.06,2025-08-01
2667,157,67,7,2455.12,0.12,2025-05-06
2668,269,38,2,3432.94,0.06,2025-02-26
2669,78,87,1,2077.01,0.12,2024-06-28
2670,128,41,10,115.79,0.09,2024-06-05
2671,212,14,6,319.2,0.25,2024-04-16
2672,40,17,4,3970.43,0.14,2025-01-05
2673,46,100,2,1543.87,0.17,2025-02-09
2674,64,85,7,4269.97,0.19,2024-10-20
2675,274,48,10,1820.17,0.17,2024-05-07
2676,272,82,2,3233.78,0.22,2025-05-20
2677,14,24,6,329.62,0.15,2025-04-29
2678,120,81,6,4269.38,0.12,2025-07-24
2679,79,58,6,2330.77,0.13,2025-04-24
2680,193,99,10,4456.29,0.28,2024-08-29
2681,235,92,9,2407.68,0.25,2024-05-23
2682,37,9,5,3703.4,0.27,2024-02-20
2683,70,17,4,1216.24,0.05,2024-04-04
2684,263,23,9,2359.59,0.21,2025-04-07
2685,51,38,3,842.84,0.13,2024-07-15
2686,12,28,10,483.22,0.23,2025-05-09
2687,43,30,2,2595.33,0.08,2024-04-06
2688,225,39,7,3197.3,0.25,2025-02-08
2689,294,92,2,2715.75,0.16,2024-05-09
2690,288,46,2,1319.78,0.22,2024-05-20
2691,283,63,8,3001.17,0.26,2024-03-21
2692,30,40,2,1825.79,0.1,2024-03-21
2693,171,3,3,1651.56,0.11,2025-01-07
2694,104,39,9,563.59,0.05,2024-09-10
2695,11,9,3,36.47,0.19,2024-05-27
2696,131,9,1,649.97,0.28,2024-03-12
2697,114,37,4,2232.96,0.17,2024-05-04
2698,11,27,3,4742.49,0.18,2024-04-18
2699,210,12,4,1711.79,0.2,2024-12-24
2700,213,96,5,3906.06,0.07,2025-01-05
2701,172,43,4,2312.04,0.0,2024-09-14
2702,140,6,1,2227.24,0.25,2024-04-29
2703,135,10,9,3059.77,0.1,2024-01-27
2704,216,45,8,3613.63,0.15,2025-01-17
2705,282,11,4,3754.78,0.19,2025-01-01
2706,103,80,4,4909.37,0.28,2025-04-09
2707,252,1,5,952.01,0.15,2025-05-04
2708,196,56,2,1963.36,0.09,2025-07-27
2709,158,41,8,3612.37,0.28,2024-06-03
2710,239,22,5,4158.01,0.12,2025-07-05
2711,212,96,7,3771.86,0.23,2025-03-09
2712,84,66,10,1410.56,0.2,2024-05-21
2713,109,15,9,1753.27,0.07,2025-08-16
2714,245,87,7,4992.41,0.2,2025-03-25
2715,238,26,9,4866.6,0.2,2024-09-08
2716,192,30,6,1843.71,0.21,2024-04-04
2717,179,21,10,3359.99,0.01,2025-05-05
2718,8,80,8,559.68,0.19,2025-01-26
2719,15,65,6,2827.11,0.22,2025-06-16
2720,153,18,4,1758.48,0.26,2024-03-30
2721,113,63,5,1326.33,0.16,2024-06-29
2722,107,49,9,741.04,0.09,2024-04-04
2723,102,58,7,4327.32,0.23,2024-01-28
2724,298,20,5,4207.89,0.28,2025-08-23
2725,224,19,1,1013.15,0.18,2024-12-09
2726,202,49,6,4791.15,0.11,2024-07-14
2727,76,51,8,2033.98,0.12,2024-04-02
2728,27,88,6,1296.63,0.14,2024-02-13
2729,157,55,3,4926.22,0.04,2025-06-05
2730,86,9,6,4220.0,0.27,2024-10-18
2731,173,8,1,4011.25,0.3,2024-05-31
2732,143,32,1,967.79,0.01,2024-12-12
2733,13,6,3,2205.66,0.1,2024-09-29
2734,270,31,8,2805.95,0.24,2024-03-01
2735,207,5,1,4946.02,0.2,2024-09-05
2736,159,51,9,613.65,0.03,2024-09-18
2737,272,19,2,3540.1,0.22,2024-08-02
2738,271,79,10,1671.1,0.17,2024-10-16
2739,121,67,3,299.3,0.01,2024-09-01
2740,216,57,7,4845.0,0.21,2024-08-15
2741,24,7,9,4478.55,0.29,2024-02-15
2742,57,92,1,3065.32,0.04,2025-06-28
2743,279,50,4,1462.56,0.14,2025-08-21
2744,108,47,6,3876.82,0.23,2024-10-04
2745,54,70,10,4563.97,0.18,2025-02-08
2746,233,85,8,4965.36,0.19,2025-03-29
2747,88,65,7,449.79,0.14,2025-08-16
2748,286,8,9,3329.51,0.14,2025-02-01
2749,63,94,5,1328.83,0.2,2025-02-20
2750,33,68,1,4717.62,0.29,2024-06-15
2751,171,69,6,408.28,0.23,2024-09-18
2752,208,27,5,49.93,0.08,2024-11-02
2753,287,59,6,1270.81,0.2,2024-02-14
2754,179,61,9,4437.77,0.09,2024-05-28
2755,203,35,2,616.13,0.09,2025-04-04
2756,242,90,3,4263.61,0.05,2024-12-13
2757,141,59,7,1156.01,0.15,2025-06-22
2758,52,74,10,99.3,0.14,2024-09-03
2759,289,58,6,3373.69,0.22,2024-10-08
2760,256,29,1,781.73,0.19,2025-02-20
2761,84,88,2,2871.7,0.12,2024-09-20
2762,292,45,6,4266.3,0.18,2024-05-16
2763,138,87,6,4076.35,0.0,2025-01-26
2764,194,26,7,2497.52,0.0,2025-06-15
2765,275,40,3,3898.5,0.29,2024-08-13
2766,251,40,1,4463.59,0.29,2025-01-05
2767,70,86,4,3578.69,0.27,2024-09-09
2768,201,33,7,4526.88,0.08,2024-12-21
2769,107,10,5,1756.88,0.0,2024-06-05
2770,257,73,3,3168.16,0.26,2024-02-09
2771,112,93,4,612.56,0.27,2025-02-24
2772,256,81,5,3463.82,0.16,2024-08-08
2773,253,84,9,2709.18,0.2,2024-01-10
2774,72,55,2,2130.96,0.21,2024-03-22
2775,4,44,5,4389.97,0.01,2025-03-27
2776,254,85,3,2853.78,0.13,2024-12-16
2777,65,100,7,1828.24,0.0,2024-07-31
2778,185,2,10,2817.88,0.0,2024-09-01
2779,217,79,9,3166.52,0.27,2024-11-07
2780,75,49,10,484.21,0.1,2024-06-28
2781,35,9,9,2611.37,0.12,2024-06-26
2782,94,75,7,2838.11,0.14,2024-11-25
2783,261,76,6,2434.26,0.21,2024-03-29
2784,64,20,10,660.3,0.2,2024-06-09
2785,205,71,4,550.13,0.09,2025-08-11
2786,124,63,8,1152.81,0.3,2025-08-10
2787,205,55,6,1213.37,0.04,2025-01-07
2788,102,53,4,200.94,0.06,2024-02-01
2789,209,85,8,3401.31,0.03,2025-02-12
2790,64,65,9,4256.02,0.1,2024-08-08
2791,104,57,6,3345.25,0.03,2024-05-20
2792,143,92,6,828.12,0.02,2024-08-31
2793,103,76,8,944.03,0.17,2025-06-22
2794,292,64,8,2723.6,0.04,2024-12-30
2795,186,61,7,4135.76,0.1,2025-01-07
2796,179,5,6,4490.15,0.12,2025-02-10
2797,264,76,9,1581.45,0.26,2025-01-05
2798,300,96,4,4480.06,0.25,2024-03-16
2799,167,28,8,4049.72,0.13,2024-08-03
2800,298,43,5,2476.86,0.08,2024-02-19
2801,277,88,8,1259.05,0.18,2024-03-14
2802,98,27,3,1289.49,0.11,2025-04-23
2803,99,84,6,4008.26,0.11,2024-02-15
2804,279,74,4,3052.59,0.28,2024-06-21
2805,268,16,7,1476.12,0.11,2024-10-22
2806,270,99,4,1700.7,0.14,2024-11-22
2807,98,43,7,1145.79,0.07,2025-05-04
2808,132,84,2,4029.25,0.07,2024-07-23
2809,138,66,3,49.96,0.07,2024-01-10
2810,223,14,5,3006.39,0.06,2025-07-30
2811,233,84,8,1698.8,0.2,2024-10-17
2812,163,45,9,2697.79,0.29,2024-05-14
2813,79,12,8,3885.01,0.29,2025-03-03
2814,27,78,9,4156.73,0.16,2024-02-26
2815,114,25,10,2607.28,0.05,2024-10-19
2816,127,95,6,1414.05,0.01,2025-08-11
2817,268,29,5,631.75,0.14,2024-03-16
2818,237,64,7,4748.75,0.01,2024-08-06
2819,174,74,1,4877.63,0.09,2024-11-25
2820,4,48,4,4163.7,0.16,2025-08-09
2821,139,75,10,3167.36,0.18,2024-01-01
2822,53,15,5,2346.49,0.06,2025-05-30
2823,96,1,3,870.06,0.1,2024-12-12
2824,290,63,2,2498.41,0.23,2024-01-11
2825,57,11,6,4400.22,0.14,2025-05-08
2826,128,51,2,4487.13,0.17,2024-09-19
2827,51,83,3,150.63,0.14,2025-03-08
2828,110,38,2,3155.81,0.08,2024-06-22
2829,240,88,10,3410.37,0.3,2024-02-17
2830,97,66,6,2923.97,0.19,2024-06-08
2831,157,45,2,4789.25,0.1,2025-01-09
2832,120,56,10,4068.39,0.25,2024-01-05
2833,10,30,8,492.09,0.01,2024-05-16
2834,283,10,2,2951.03,0.23,2025-02-02
2835,22,58,4,437.46,0.29,2025-04-27
2836,220,45,1,2338.6,0.2,2024-12-28
2837,82,14,5,2373.33,0.25,2025-05-05
2838,39,1,6,295.72,0.11,2024-07-03
2839,221,85,3,3397.12,0.24,2024-05-10
2840,65,39,3,3132.76,0.23,2024-11-17
2841,80,2,4,354.63,0.01,2025-06-27
2842,241,18,6,285.45,0.12,2024-09-19
2843,262,96,9,859.97,0.12,2025-01-18
2844,193,6,2,390.41,0.29,2025-05-25
2845,267,13,6,1847.0,0.1,2024-07-27
2846,224,25,8,2481.87,0.19,2024-02-04
2847,30,32,2,502.65,0.12,2025-03-09
2848,75,41,10,174.01,0.02,2025-04-07
2849,81,94,10,3433.49,0.09,2024-08-22
2850,15,55,10,3202.82,0.23,2025-08-02
2851,227,34,3,2686.27,0.03,2024-11-20
2852,296,86,6,4591.36,0.22,2025-08-02
2853,153,96,7,1866.29,0.01,2024-03-04
2854,81,42,1,47.13,0.27,2025-08-05
2855,14,10,5,310.41,0.02,2024-03-14
2856,110,29,8,4878.79,0.11,2024-05-16
2857,249,90,2,1480.88,0.24,2024-02-17
2858,65,36,9,2430.48,0.17,2025-07-24
2859,29,90,1,29.02,0.18,2024-11-07
2860,9,81,10,2768.45,0.27,2024-07-29
2861,157,10,6,2458.69,0.19,2024-07-26
2862,78,74,9,2482.85,0.2,2024-05-02
2863,268,36,3,847.04,0.12,2024-05-09
2864,21,10,5,2096.09,0.12,2025-01-14
2865,204,2,10,1271.09,0.0,2024-11-02
2866,22,76,5,940.17,0.15,2025-06-30
2867,2,13,8,4378.61,0.18,2024-12-08
2868,114,19,10,1760.19,0.11,2024-09-28
2869,85,41,1,72.75,0.18,2025-07-23
2870,114,39,1,2625.47,0.18,2024-11-09
2871,111,58,1,4847.87,0.18,2024-08-25
2872,275,91,7,611.91,0.11,2025-01-22
2873,182,56,6,3739.26,0.08,2024-12-13
2874,196,34,9,3999.16,0.24,2024-07-09
2875,37,64,10,1983.92,0.13,2024-08-23
2876,167,75,3,1469.87,0.22,2024-05-30
2877,10,85,4,4013.97,0.25,2024-02-05
2878,148,60,2,1333.54,0.07,2025-05-31
2879,269,55,7,2973.13,0.03,2024-08-03
2880,66,77,5,2109.17,0.0,2024-12-19
2881,202,23,7,2851.66,0.11,2024-08-22
2882,43,12,9,137.37,0.17,2025-05-18
2883,102,60,10,2371.51,0.18,2024-05-30
2884,89,72,1,3598.26,0.24,2025-04-13
2885,275,31,6,1678.83,0.2,2024-01-08
2886,152,51,6,1022.2,0.07,2024-06-15
2887,248,3,1,1867.86,0.26,2024-07-12
2888,241,33,6,4635.65,0.0,2024-06-24
2889,51,26,3,2470.72,0.13,2024-11-06
2890,229,50,7,4661.54,0.03,2024-03-01
2891,288,94,3,2404.67,0.27,2025-03-21
2892,94,25,6,3086.2,0.06,2024-10-03
2893,151,76,3,1464.57,0.19,2024-12-19
2894,271,21,9,1336.06,0.19,2024-08-29
2895,70,94,7,4617.02,0.22,2024-04-07
2896,266,48,10,2386.48,0.05,2025-03-07
2897,119,18,9,1779.76,0.04,2025-06-17
2898,102,42,9,2732.62,0.26,2025-07-30
2899,284,86,7,3196.27,0.1,2025-01-05
2900,160,9,10,702.3,0.23,2025-03-31
2901,281,55,5,4258.48,0.09,2025-02-03
2902,176,68,10,447.6,0.2,2025-07-21
2903,28,70,8,672.6,0.08,2024-11-13
2904,239,12,5,789.28,0.14,2024-06-01
2905,245,4,4,4653.3,0.18,2024-09-30
2906,35,82,4,4075.44,0.26,2024-11-06
2907,251,60,9,4246.52,0.21,2024-07-29
2908,151,62,2,3529.02,0.27,2024-09-14
2909,17,7,7,3625.44,0.15,2024-03-28
2910,15,78,9,2867.54,0.07,2024-09-08
2911,176,67,4,1601.76,0.04,2025-04-05
2912,94,14,1,4459.6,0.12,2024-01-02
2913,8,80,4,1702.16,0.26,2024-02-04
2914,204,61,9,3356.1,0.02,2025-01-30
2915,31,16,10,3412.12,0.05,2025-06-09
2916,143,38,10,2021.25,0.09,2024-05-24
2917,68,37,6,448.04,0.19,2025-02-06
2918,263,44,7,1471.61,0.01,2025-03-15
2919,32,85,9,3600.61,0.27,2024-04-23
2920,275,4,8,3150.39,0.25,2024-12-17
2921,256,54,7,4526.48,0.13,2024-02-06
2922,184,91,4,3745.9,0.11,2025-08-21
2923,149,82,8,126.43,0.08,2024-05-26
2924,33,56,8,2878.45,0.15,2024-03-22
2925,142,1,10,2598.52,0.18,2024-09-09
2926,83,41,2,196.58,0.01,2024-04-23
2927,238,8,10,2997.11,0.15,2025-08-21
2928,160,17,3,3080.89,0.1,2025-04-14
2929,78,42,5,1296.23,0.0,2025-05-30
2930,93,48,1,1486.54,0.09,2024-11-23
2931,181,84,2,215.47,0.23,2024-06-11
2932,214,67,2,812.08,0.05,2024-12-04
2933,169,21,9,2408.06,0.02,2025-08-18
2934,285,3,9,3238.48,0.2,2024-07-21
2935,92,85,5,2253.48,0.28,2024-02-14
2936,187,77,5,4336.09,0.28,2024-10-07
2937,140,70,7,3159.91,0.13,2024-09-27
2938,72,71,3,3525.87,0.26,2024-10-17
2939,175,82,2,4748.8,0.04,2024-04-03
2940,123,4,7,430.52,0.16,2025-01-30
2941,226,32,5,1050.23,0.26,2025-03-24
2942,272,30,6,3213.94,0.09,2024-12-17
2943,276,94,10,2275.63,0.27,2024-12-05
2944,297,24,10,4920.11,0.0,2024-04-17
2945,67,35,6,1604.16,0.05,2025-01-26
2946,269,76,4,3791.68,0.24,2024-11-24
2947,21,68,2,4394.94,0.24,2024-04-16
2948,227,74,2,2657.53,0.21,2024-10-16
2949,83,84,6,4584.56,0.22,2025-03-19
2950,189,27,10,2245.77,0.05,2025-01-30
2951,255,12,2,3103.89,0.16,2024-02-14
2952,196,78,5,808.72,0.03,2024-09-29
2953,86,80,7,4197.13,0.13,2024-09-26
2954,249,11,10,3999.76,0.0,2024-08-26
2955,22,89,3,3835.16,0.04,2024-05-12
2956,127,43,9,3765.94,0.15,2025-08-17
2957,185,66,3,2862.6,0.03,2025-08-04
2958,89,57,10,4192.65,0.29,2024-04-29
2959,187,90,9,3436.97,0.14,2024-07-26
2960,250,19,7,502.87,0.07,2024-09-11
2961,165,6,8,3058.15,0.06,2024-07-20
2962,81,45,3,38.36,0.0,2024-11-23
2963,86,14,9,4326.02,0.01,2024-12-25
2964,129,77,2,3907.11,0.2,2024-02-22
2965,145,45,3,1364.59,0.01,2024-07-05
2966,209,42,10,2206.55,0.27,2024-04-22
2967,276,50,1,3912.94,0.05,2024-09-02
2968,85,70,5,3038.56,0.19,2025-04-08
2969,27,87,4,1615.52,0.17,2025-06-12
2970,270,77,6,4781.28,0.1,2025-03-28
2971,206,97,3,1128.06,0.24,2024-06-30
2972,65,80,8,777.65,0.02,2024-02-20
2973,287,41,10,4843.94,0.19,2024-08-16
2974,32,58,1,1602.6,0.03,2024-07-25
2975,101,89,5,4094.19,0.23,2025-06-26
2976,129,52,6,1081.69,0.29,2024-12-21
2977,169,43,10,3470.2,0.16,2025-06-20
2978,140,28,2,890.66,0.09,2025-03-10
2979,263,61,7,1591.85,0.13,2024-04-09
2980,96,90,7,1621.34,0.06,2024-02-04
2981,225,23,5,764.91,0.11,2024-08-06
2982,172,39,7,279.95,0.16,2024-01-10
2983,74,49,10,1365.6,0.26,2025-01-18
2984,69,8,7,1300.08,0.01,2024-12-28
2985,294,19,5,1742.76,0.2,2024-06-25
2986,188,96,7,2181.72,0.26,2024-09-22
2987,54,76,8,4319.06,0.0,2024-08-08
2988,185,77,4,1257.89,0.08,2024-11-25
2989,15,60,2,1237.69,0.29,2024-05-30
2990,200,73,4,1142.6,0.26,2024-01-18
2991,76,57,4,1544.8,0.29,2024-01-01
2992,98,73,2,3183.74,0.25,2025-02-05
2993,121,59,3,1840.53,0.01,2024-06-20
2994,92,13,4,2774.12,0.04,2024-11-11
2995,273,16,4,1386.47,0.2,2025-06-30
2996,173,18,7,2024.82,0.17,2024-07-19
2997,133,19,2,1558.52,0.23,2024-10-11
2998,57,51,4,2458.44,0.28,2025-03-21
2999,202,90,3,4272.68,0.1,2025-03-26
3000,110,73,6,2265.4,0.04,2024-02-29
3001,67,15,9,4294.66,0.02,2024-10-11
3002,159,16,4,2243.07,0.28,2024-07-12
3003,182,41,9,4855.65,0.29,2024-10-13
3004,188,14,5,529.53,0.06,2025-06-03
3005,129,78,5,1445.71,0.19,2025-01-27
3006,68,83,5,564.14,0.03,2024-11-10
3007,152,63,9,254.53,0.02,2024-07-15
3008,89,26,4,1909.94,0.25,2024-07-09
3009,86,61,7,2572.66,0.29,2025-02-09
3010,52,33,4,2216.86,0.1,2024-10-04
3011,125,56,8,1891.47,0.27,2024-09-25
3012,248,44,5,840.99,0.23,2025-05-31
3013,152,29,7,4406.81,0.11,2024-06-12
3014,171,98,10,3693.41,0.19,2025-05-25
3015,101,76,3,233.87,0.26,2024-05-23
3016,294,59,3,3198.74,0.22,2025-03-16
3017,104,79,6,2377.39,0.16,2024-11-21
3018,213,16,2,1542.5,0.03,2024-02-08
3019,161,95,8,4509.33,0.29,2025-01-21
3020,169,97,1,1091.97,0.12,2024-01-16
3021,66,48,9,2391.87,0.02,2025-02-01
3022,162,85,3,505.06,0.11,2025-08-04
3023,238,57,7,3720.94,0.09,2024-07-12
3024,224,92,9,1457.02,0.27,2025-02-17
3025,35,51,6,522.59,0.11,2024-06-19
3026,198,18,5,499.99,0.25,2025-07-07
3027,155,92,7,2793.43,0.27,2025-04-01
3028,16,12,10,2949.73,0.11,2024-12-16
3029,71,9,7,4747.78,0.14,2025-04-05
3030,284,79,8,3980.97,0.02,2025-07-13
3031,158,37,9,661.44,0.13,2024-01-29
3032,122,95,8,4020.37,0.14,2025-03-21
3033,136,64,10,3718.69,0.17,2024-09-24
3034,270,47,9,2801.6,0.22,2025-02-27
3035,110,40,6,1396.6,0.17,2025-06-11
3036,280,80,9,1048.11,0.08,2024-12-12
3037,217,63,9,3698.56,0.17,2025-04-24
3038,298,1,1,165.03,0.19,2024-08-24
3039,124,40,5,3852.97,0.05,2024-12-09
3040,165,67,9,4417.67,0.15,2024-08-31
3041,202,84,1,2466.11,0.27,2024-12-26
3042,134,18,10,3019.28,0.1,2025-08-20
3043,232,71,4,2741.36,0.07,2024-01-18
3044,27,34,3,110.82,0.13,2024-03-29
3045,41,11,10,3238.86,0.18,2024-04-14
3046,275,93,2,652.52,0.17,2024-01-06
3047,89,84,10,2647.6,0.29,2024-06-22
3048,202,33,1,658.69,0.25,2024-04-28
3049,240,14,5,4587.59,0.19,2025-02-01
3050,20,79,9,2617.33,0.05,2024-03-06
3051,162,87,9,3419.23,0.2,2024-11-10
3052,202,78,9,183.82,0.29,2025-03-26
3053,101,74,9,2550.01,0.15,2025-03-24
3054,63,88,8,4736.89,0.26,2024-05-18
3055,261,71,4,4448.49,0.05,2024-07-25
3056,142,34,8,1922.39,0.01,2025-03-22
3057,155,84,1,2864.45,0.26,2025-07-29
3058,201,57,3,1841.51,0.0,2025-03-29
3059,56,76,2,4005.91,0.2,2024-04-16
3060,163,22,3,2602.03,0.2,2025-03-07
3061,187,55,7,4155.81,0.15,2025-04-15
3062,126,96,5,2271.0,0.07,2025-07-08
3063,90,80,2,2546.7,0.16,2024-09-26
3064,9,77,5,2169.77,0.22,2024-09-02
3065,202,51,1,4754.47,0.11,2024-03-25
3066,176,76,8,4564.19,0.27,2024-04-10
3067,5,15,6,4235.96,0.18,2025-01-28
3068,244,72,10,84.86,0.18,2024-05-14
3069,14,66,4,3798.09,0.22,2024-12-24
3070,158,82,2,466.86,0.02,2024-05-18
3071,6,86,7,2143.77,0.06,2024-05-01
3072,232,71,1,80.44,0.27,2024-06-29
3073,188,4,1,3159.57,0.07,2025-05-26
3074,249,4,9,1362.59,0.23,2024-07-03
3075,233,1,2,1705.21,0.18,2024-12-30
3076,110,80,5,2942.38,0.08,2025-05-16
3077,299,16,1,2861.18,0.29,2024-05-25
3078,199,73,4,2833.82,0.14,2024-09-24
3079,9,20,7,1679.89,0.11,2024-07-21
3080,196,23,9,3476.72,0.05,2025-02-08
3081,206,40,2,4880.99,0.19,2024-07-06
3082,220,35,7,1055.91,0.19,2024-08-08
3083,72,77,2,2607.04,0.09,2025-07-27
3084,204,93,6,4533.36,0.27,2024-01-08
3085,153,91,7,4404.65,0.06,2024-03-02
3086,173,66,9,277.12,0.19,2025-05-27
3087,92,22,5,160.34,0.2,2025-03-06
3088,293,81,6,2599.82,0.01,2024-11-17
3089,237,12,1,3641.31,0.1,2024-05-02
3090,76,31,7,1151.77,0.01,2024-01-08
3091,108,16,1,2104.17,0.05,2024-01-24
3092,287,83,5,1916.53,0.14,2024-09-19
3093,163,42,5,1273.22,0.02,2024-04-04
3094,90,56,4,1554.81,0.06,2024-12-23
3095,152,66,7,3743.88,0.06,2024-11-24
3096,254,1,4,295.98,0.27,2025-04-06
3097,132,79,2,459.02,0.05,2024-05-31
3098,66,3,8,3463.16,0.18,2025-01-04
3099,187,97,1,1478.73,0.16,2025-01-01
3100,16,66,3,262.65,0.0,2025-05-01
3101,185,9,10,4841.01,0.11,2025-08-22
3102,249,88,2,206.05,0.06,2024-04-20
3103,65,48,5,1722.4,0.04,2024-01-22
3104,66,61,6,1205.41,0.17,2025-08-18
3105,297,38,4,1387.08,0.12,2024-12-30
3106,111,82,1,4401.32,0.04,2024-09-12
3107,174,84,4,4202.93,0.19,2024-06-25
3108,177,94,5,2298.56,0.24,2025-08-11
3109,88,17,1,2758.12,0.14,2025-01-05
3110,63,2,5,2436.1,0.26,2024-05-02
3111,177,82,4,183.17,0.19,2024-06-12
3112,178,93,2,4995.26,0.02,2024-11-09
3113,93,19,6,2348.41,0.28,2024-04-06
3114,107,95,1,1112.38,0.01,2024-02-28
3115,22,15,8,3689.1,0.2,2024-07-06
3116,289,25,2,4187.16,0.1,2025-04-06
3117,197,64,9,2610.67,0.23,2024-12-16
3118,193,46,6,1487.74,0.21,2024-03-03
3119,127,95,1,4065.05,0.06,2024-12-03
3120,213,84,9,569.49,0.26,2024-07-04
3121,4,80,1,4530.74,0.2,2025-05-22
3122,155,8,5,3565.6,0.14,2025-05-11
3123,250,75,5,836.28,0.14,2024-09-05
3124,273,85,5,2007.79,0.06,2024-07-06
3125,120,51,10,4722.93,0.15,2025-03-03
3126,182,4,3,3709.38,0.08,2024-10-14
3127,174,38,8,2846.53,0.01,2025-08-22
3128,128,40,10,1302.39,0.17,2024-01-12
3129,157,50,3,681.46,0.23,2024-08-06
3130,159,5,8,3443.91,0.04,2025-07-20
3131,68,98,9,2710.3,0.23,2025-02-14
3132,12,34,4,22.16,0.24,2025-07-14
3133,41,70,5,1613.68,0.13,2024-04-25
3134,6,89,4,4043.24,0.13,2024-07-01
3135,282,9,5,3288.26,0.16,2024-01-08
3136,138,68,6,3856.02,0.21,2025-07-09
3137,136,91,5,4918.29,0.21,2024-04-07
3138,267,79,10,3564.76,0.28,2024-10-26
3139,24,77,8,3877.93,0.25,2025-02-11
3140,194,43,1,1842.24,0.02,2025-04-16
3141,175,6,3,4483.7,0.1,2024-02-16
3142,146,62,7,1659.2,0.22,2025-01-31
3143,289,34,7,3184.64,0.18,2025-05-18
3144,222,37,1,139.79,0.26,2025-08-03
3145,179,8,4,1844.43,0.15,2024-10-24
3146,265,53,2,472.94,0.18,2024-07-16
3147,135,5,1,3903.7,0.12,2025-07-16
3148,27,16,2,3592.26,0.26,2024-07-30
3149,287,63,4,998.32,0.1,2024-03-23
3150,141,52,10,4036.22,0.24,2025-01-10
3151,45,80,7,4214.89,0.1,2024-04-12
3152,39,67,8,1054.56,0.17,2024-09-16
3153,177,42,10,1642.0,0.07,2025-06-14
3154,207,15,10,2827.12,0.16,2025-07-30
3155,4,4,3,4081.94,0.22,2025-02-13
3156,47,89,8,291.92,0.07,2024-11-17
3157,6,49,8,2319.87,0.06,2025-04-09
3158,56,18,5,4719.99,0.21,2024-04-07
3159,171,86,6,1011.64,0.23,2024-06-09
3160,135,50,5,4215.45,0.28,2025-03-09
3161,101,16,6,4401.23,0.06,2025-01-14
3162,117,21,4,4553.19,0.15,2025-03-18
3163,53,98,6,4373.63,0.0,2024-11-07
3164,65,68,9,1616.52,0.25,2025-04-14
3165,274,86,6,2554.58,0.25,2024-05-03
3166,191,78,7,729.25,0.01,2024-04-19
3167,107,99,4,1129.64,0.25,2024-03-05
3168,300,100,10,4448.04,0.0,2024-12-19
3169,130,32,5,1836.17,0.29,2024-03-16
3170,3,6,2,2523.26,0.24,2025-02-09
3171,260,73,10,962.7,0.26,2024-03-21
3172,54,4,1,1069.79,0.08,2025-02-10
3173,217,9,8,2091.38,0.2,2024-05-06
3174,154,50,10,108.01,0.29,2025-03-07
3175,290,77,7,821.61,0.27,2024-05-18
3176,14,16,3,3445.87,0.18,2025-07-31
3177,248,6,1,1214.21,0.02,2024-06-13
3178,116,81,7,4126.43,0.09,2024-09-17
3179,74,80,10,4008.25,0.24,2024-02-24
3180,54,97,4,3017.73,0.28,2024-11-01
3181,291,99,10,141.72,0.1,2024-08-02
3182,142,59,7,435.66,0.2,2024-02-28
3183,32,2,6,2599.88,0.22,2025-03-29
3184,124,8,7,3127.44,0.16,2024-01-28
3185,2,40,5,79.07,0.23,2024-05-19
3186,205,15,2,4822.52,0.02,2024-04-27
3187,67,17,8,3241.16,0.24,2024-03-01
3188,103,19,7,604.49,0.26,2024-03-18
3189,31,89,10,2230.65,0.28,2025-07-18
3190,47,24,6,3925.35,0.09,2025-06-18
3191,227,53,8,1750.82,0.15,2024-06-30
3192,243,14,1,3376.63,0.03,2024-03-15
3193,126,88,9,572.89,0.1,2025-06-09
3194,147,25,6,1104.31,0.04,2025-01-19
3195,257,15,2,3740.36,0.2,2025-07-10
3196,64,34,8,576.14,0.27,2024-05-17
3197,25,24,1,1055.35,0.16,2025-03-09
3198,266,75,7,638.27,0.2,2024-08-02
3199,161,79,5,1967.62,0.18,2025-02-17
3200,45,43,10,1157.3,0.08,2024-01-03
3201,121,38,4,2646.35,0.08,2025-08-18
3202,193,7,4,917.82,0.27,2025-08-10
3203,36,82,10,3244.86,0.18,2024-10-22
3204,279,4,1,28.24,0.18,2024-03-15
3205,242,42,2,2791.64,0.01,2024-02-16
3206,186,59,10,2294.25,0.17,2025-08-15
3207,70,21,3,4126.34,0.3,2024-03-27
3208,130,65,10,4619.89,0.02,2025-08-22
3209,153,26,8,4627.15,0.04,2024-01-31
3210,5,44,6,3226.46,0.02,2025-03-08
3211,212,99,9,1002.07,0.09,2024-09-12
3212,270,44,7,2253.15,0.15,2024-02-22
3213,161,22,2,3628.04,0.1,2024-09-04
3214,225,83,9,3214.25,0.29,2024-09-11
3215,187,19,2,4914.12,0.22,2024-12-22
3216,199,70,5,1669.19,0.05,2024-12-25
3217,52,51,3,572.76,0.08,2024-08-06
3218,243,19,10,254.35,0.12,2024-01-20
3219,19,65,3,3586.07,0.1,2024-01-06
3220,104,98,4,4822.34,0.06,2024-02-21
3221,6,6,4,4332.09,0.12,2024-07-09
3222,122,71,6,2393.89,0.07,2024-06-29
3223,278,90,2,2151.39,0.02,2024-07-27
3224,212,53,1,4289.0,0.01,2025-05-27
3225,77,99,7,1548.63,0.25,2024-03-02
3226,98,54,8,2259.4,0.07,2024-07-13
3227,282,33,8,2122.99,0.3,2024-04-25
3228,210,94,6,3297.63,0.26,2024-11-30
3229,213,63,1,1541.83,0.14,2025-03-01
3230,209,49,9,4237.96,0.24,2024-08-23
3231,220,87,3,719.12,0.05,2024-11-19
3232,169,63,6,4806.49,0.18,2025-01-08
3233,297,3,7,4353.91,0.24,2024-01-30
3234,296,46,1,3617.11,0.17,2024-08-26
3235,288,81,3,3146.66,0.27,2025-06-13
3236,169,60,6,3955.41,0.07,2024-11-02
3237,289,74,3,4830.01,0.21,2025-04-01
3238,18,32,6,529.31,0.06,2024-12-13
3239,85,99,9,4476.39,0.01,2025-02-01
3240,171,34,1,3233.46,0.16,2024-11-05
3241,184,33,10,621.47,0.09,2024-05-31
3242,181,26,7,504.45,0.11,2024-12-24
3243,45,11,7,4000.37,0.24,2024-12-20
3244,64,22,10,3003.55,0.09,2025-02-25
3245,122,9,9,3362.39,0.07,2025-03-18
3246,192,80,3,1621.45,0.28,2024-02-25
3247,118,49,4,3573.39,0.3,2024-11-11
3248,227,48,2,2739.59,0.11,2025-01-01
3249,218,40,9,3458.91,0.08,2024-06-02
3250,224,82,3,4613.86,0.21,2025-06-30
3251,100,89,6,3584.68,0.08,2025-02-16
3252,170,45,9,4653.92,0.22,2024-03-07
3253,230,23,10,3446.97,0.18,2024-08-11
3254,182,31,3,4781.83,0.06,2025-03-21
3255,111,53,9,4197.82,0.18,2024-03-23
3256,295,14,4,2145.52,0.23,2024-11-10
3257,57,54,8,339.42,0.16,2025-08-01
3258,236,36,8,3616.49,0.02,2024-04-04
3259,279,83,9,326.58,0.11,2025-08-03
3260,77,97,10,2320.92,0.12,2024-07-31
3261,243,25,1,4124.27,0.24,2025-01-04
3262,271,71,6,1827.77,0.13,2024-12-24
3263,18,16,10,1114.15,0.28,2025-06-26
3264,242,37,8,776.45,0.03,2025-05-24
3265,201,60,5,4170.2,0.08,2024-09-20
3266,45,45,10,2038.81,0.09,2024-04-02
3267,177,11,8,1399.49,0.15,2024-09-16
3268,270,45,2,886.98,0.02,2025-04-09
3269,150,33,6,776.53,0.15,2024-05-29
3270,135,36,3,4623.47,0.02,2024-03-30
3271,12,100,9,4649.21,0.09,2025-03-28
3272,298,84,3,3109.66,0.18,2024-08-01
3273,291,72,1,1194.11,0.28,2025-02-14
3274,22,53,7,3281.17,0.02,2025-07-14
3275,217,6,2,2080.98,0.26,2024-02-15
3276,124,51,5,4766.81,0.15,2025-04-23
3277,24,33,1,2787.22,0.19,2024-04-01
3278,27,86,10,4575.81,0.18,2025-06-14
3279,21,11,9,133.71,0.06,2024-12-30
3280,8,99,3,2326.22,0.3,2024-12-01
3281,275,58,1,4901.73,0.03,2024-05-25
3282,153,100,8,2231.16,0.15,2025-01-10
3283,60,45,3,2679.51,0.09,2024-07-27
3284,216,66,6,2327.85,0.22,2024-04-21
3285,106,13,3,2749.03,0.23,2024-10-29
3286,93,82,9,4713.32,0.13,2024-10-22
3287,15,96,10,3243.35,0.03,2025-02-05
3288,136,33,4,3024.11,0.19,2024-01-02
3289,254,46,3,2515.87,0.16,2025-08-19
3290,296,61,9,2751.53,0.21,2024-11-16
3291,206,68,8,4088.08,0.24,2024-03-19
3292,75,91,9,3574.91,0.09,2024-05-04
3293,100,79,6,4692.32,0.03,2024-06-27
3294,261,18,7,3257.77,0.1,2024-07-22
3295,162,48,5,3004.29,0.24,2024-03-30
3296,150,3,7,4713.7,0.27,2024-11-12
3297,44,40,2,4520.33,0.27,2024-01-19
3298,92,34,3,2616.15,0.13,2024-03-17
3299,80,36,2,3521.09,0.11,2024-02-21
3300,10,98,9,3074.45,0.04,2025-08-14
3301,207,29,9,4419.27,0.2,2024-05-11
3302,138,23,9,3557.08,0.11,2024-08-10
3303,92,75,7,3947.48,0.16,2025-04-24
3304,238,83,10,2113.33,0.07,2024-05-27
3305,202,40,9,1814.85,0.14,2024-08-19
3306,115,91,1,190.64,0.27,2024-01-18
3307,125,48,1,393.07,0.22,2024-04-27
3308,4,92,3,1744.83,0.22,2024-08-22
3309,175,67,3,1724.67,0.28,2025-04-11
3310,170,11,3,726.53,0.09,2024-12-24
3311,174,36,9,2864.3,0.1,2024-06-04
3312,195,48,1,471.03,0.11,2025-03-31
3313,165,11,2,4101.08,0.11,2024-12-20
3314,92,87,2,4780.17,0.06,2024-05-18
3315,189,22,5,3032.65,0.09,2024-10-19
3316,288,64,3,2973.41,0.22,2024-02-05
3317,120,70,6,2599.74,0.07,2024-12-26
3318,34,64,3,4676.4,0.01,2024-10-08
3319,202,69,1,1070.66,0.1,2025-07-03
3320,214,45,7,875.81,0.04,2024-10-08
3321,46,79,9,1712.2,0.14,2024-05-26
3322,61,77,8,4717.45,0.19,2025-03-16
3323,26,73,8,4718.97,0.23,2025-02-28
3324,212,60,7,1957.7,0.24,2025-08-04
3325,41,30,1,528.83,0.18,2024-03-31
3326,300,69,5,2310.8,0.08,2025-06-09
3327,78,35,2,1773.18,0.25,2025-04-24
3328,256,59,6,656.95,0.3,2025-01-27
3329,272,42,3,2108.43,0.11,2025-05-22
3330,190,32,6,2918.39,0.25,2024-05-27
3331,126,85,5,1752.94,0.12,2024-10-16
3332,296,100,3,4875.86,0.03,2024-01-24
3333,166,75,9,4568.22,0.12,2024-02-28
3334,151,56,1,4626.16,0.04,2024-01-26
3335,298,19,4,3962.9,0.01,2024-01-26
3336,69,87,2,3012.65,0.19,2024-03-23
3337,100,84,9,3734.2,0.14,2025-06-20
3338,15,72,3,1844.42,0.02,2024-03-21
3339,198,13,3,1069.05,0.28,2024-05-01
3340,210,6,1,4596.44,0.26,2024-04-02
3341,161,79,2,3386.35,0.02,2024-01-09
3342,154,22,9,2875.73,0.27,2025-05-16
3343,153,23,4,229.45,0.09,2024-06-28
3344,100,2,2,646.49,0.2,2024-08-19
3345,119,42,5,3598.78,0.02,2025-03-12
3346,94,31,4,415.8,0.22,2024-01-13
3347,273,41,3,1254.59,0.24,2024-11-11
3348,280,56,5,761.68,0.18,2025-01-06
3349,171,36,1,4476.71,0.19,2025-03-15
3350,280,46,3,56.26,0.18,2024-04-10
3351,226,27,7,1942.69,0.19,2025-06-01
3352,195,75,5,2829.51,0.25,2025-02-13
3353,168,85,5,1291.54,0.18,2024-10-21
3354,47,18,4,4255.11,0.21,2024-05-13
3355,215,89,3,3183.73,0.08,2025-06-09
3356,249,12,8,4113.34,0.13,2024-04-06
3357,128,21,6,3436.46,0.02,2025-02-01
3358,277,41,4,4407.61,0.25,2025-06-15
3359,99,42,4,1257.35,0.11,2025-01-06
3360,48,8,7,2894.15,0.2,2025-05-15
3361,222,45,5,4741.13,0.04,2024-08-17
3362,110,52,7,4447.49,0.16,2024-07-24
3363,280,99,1,4766.51,0.05,2024-05-16
3364,72,52,7,3327.78,0.12,2024-05-06
3365,142,47,6,1668.12,0.13,2024-05-03
3366,37,37,6,3810.1,0.29,2025-08-09
3367,296,32,4,1784.91,0.09,2024-08-18
3368,111,40,4,977.28,0.2,2025-07-28
3369,164,86,1,2663.75,0.17,2024-12-02
3370,214,27,4,346.15,0.27,2024-11-06
3371,205,74,5,4971.46,0.17,2024-11-22
3372,56,81,6,2580.02,0.07,2024-01-05
3373,117,51,9,827.86,0.05,2024-12-19
3374,273,26,3,2930.93,0.02,2025-02-18
3375,173,81,9,528.65,0.28,2024-01-17
3376,241,75,4,3107.93,0.0,2024-07-10
3377,214,23,5,3137.35,0.17,2024-04-18
3378,69,95,9,1239.36,0.23,2024-05-20
3379,192,85,3,504.5,0.27,2024-12-24
3380,215,39,10,2043.34,0.14,2024-10-28
3381,123,19,9,2650.16,0.21,2024-05-19
3382,140,85,8,3803.33,0.19,2025-04-11
3383,138,89,6,4913.86,0.27,2024-01-11
3384,141,20,8,826.71,0.01,2025-04-07
3385,176,18,9,2083.16,0.1,2024-09-26
3386,277,71,10,3509.16,0.02,2024-07-17
3387,25,54,9,2115.76,0.24,2024-09-01
3388,46,8,10,2723.71,0.02,2025-04-11
3389,50,24,3,965.69,0.23,2025-06-04
3390,143,19,1,2624.39,0.15,2024-08-22
3391,203,37,2,2923.15,0.11,2025-05-12
3392,84,9,7,3164.35,0.11,2024-03-13
3393,271,17,8,1491.58,0.18,2025-01-27
3394,214,3,1,3074.15,0.18,2024-11-07
3395,97,50,6,3674.3,0.14,2024-03-07
3396,231,15,10,318.52,0.19,2024-03-26
3397,144,94,1,4969.4,0.17,2025-08-07
3398,11,49,2,1629.63,0.11,2025-01-12
3399,293,95,10,3467.26,0.06,2024-09-25
3400,279,58,5,3721.48,0.21,2024-05-10
3401,67,46,2,4373.78,0.13,2025-01-15
3402,246,20,8,1792.88,0.28,2024-10-08
3403,38,34,9,199.6,0.26,2024-09-22
3404,133,11,5,3490.05,0.1,2024-06-03
3405,24,90,8,2843.32,0.06,2025-07-30
3406,150,96,10,3641.56,0.27,2024-01-07
3407,49,80,8,1699.81,0.23,2024-01-31
3408,102,67,10,1019.77,0.01,2025-02-19
3409,261,68,9,4730.53,0.11,2024-08-29
3410,131,96,9,1319.59,0.26,2025-02-14
3411,53,36,1,1270.69,0.25,2024-12-02
3412,293,8,6,721.06,0.06,2024-12-21
3413,202,14,10,380.27,0.14,2024-04-02
3414,4,89,9,3450.86,0.3,2024-07-05
3415,19,32,5,1421.96,0.18,2025-02-12
3416,276,33,1,1333.15,0.15,2024-01-04
3417,182,33,8,3171.25,0.27,2024-05-28
3418,282,15,3,3796.43,0.04,2024-03-22
3419,246,17,10,3458.45,0.26,2024-01-08
3420,236,85,10,2927.45,0.12,2024-01-30
3421,185,54,4,1687.01,0.06,2025-06-08
3422,143,75,5,1359.03,0.1,2024-10-19
3423,217,33,8,651.03,0.23,2024-07-18
3424,75,47,6,2797.16,0.2,2024-02-07
3425,123,24,2,2718.64,0.08,2024-07-27
3426,168,30,4,2324.41,0.18,2024-06-23
3427,172,14,9,393.22,0.29,2024-03-07
3428,111,37,10,2180.26,0.06,2024-02-27
3429,293,47,7,755.38,0.19,2024-07-28
3430,133,10,5,3663.27,0.07,2024-09-28
3431,64,100,10,1976.75,0.28,2024-10-28
3432,196,39,3,718.44,0.1,2025-01-14
3433,152,81,2,316.29,0.16,2024-05-30
3434,111,61,2,415.54,0.2,2025-04-18
3435,48,63,5,1452.41,0.12,2024-12-07
3436,144,58,3,193.04,0.14,2025-02-09
3437,290,61,1,544.66,0.16,2025-06-30
3438,131,3,1,4978.99,0.1,2025-06-30
3439,218,55,7,3793.31,0.21,2025-08-09
3440,169,36,5,3016.82,0.09,2024-09-08
3441,294,10,3,1923.11,0.28,2024-02-05
3442,109,47,2,3399.11,0.06,2025-07-04
3443,225,86,1,3267.51,0.23,2025-08-20
3444,145,35,3,1767.43,0.1,2024-01-31
3445,114,65,8,1808.18,0.19,2025-05-24
3446,286,82,9,3215.55,0.16,2024-10-23
3447,154,24,6,4281.53,0.18,2024-12-14
3448,88,81,3,3560.96,0.21,2024-11-18
3449,232,1,5,4138.88,0.05,2025-03-29
3450,91,17,4,383.64,0.1,2025-06-09
3451,121,36,4,1248.56,0.26,2025-01-30
3452,254,42,9,2076.25,0.02,2025-07-18
3453,158,81,1,897.2,0.18,2025-07-26
3454,257,76,7,2305.42,0.24,2024-01-05
3455,62,82,9,3139.27,0.02,2024-03-06
3456,259,22,3,2355.3,0.01,2025-03-02
3457,181,82,2,4185.1,0.24,2025-07-29
3458,117,59,3,4697.63,0.09,2024-03-22
3459,179,99,6,187.36,0.17,2024-08-16
3460,236,15,7,3798.37,0.3,2025-05-08
3461,171,12,5,373.35,0.0,2025-02-25
3462,78,56,10,3386.16,0.25,2025-01-22
3463,59,13,4,799.23,0.21,2025-01-16
3464,283,17,1,4757.23,0.09,2024-12-21
3465,88,21,2,4235.09,0.21,2024-02-25
3466,245,63,3,375.38,0.11,2024-10-07
3467,226,66,10,577.86,0.26,2024-06-04
3468,97,45,10,640.77,0.23,2025-08-02
3469,15,25,6,125.51,0.1,2025-03-08
3470,134,25,4,4369.43,0.14,2024-08-16
3471,76,99,6,4936.23,0.11,2024-08-16
3472,257,32,2,3866.83,0.11,2024-04-27
3473,284,53,4,154.75,0.22,2024-03-28
3474,41,60,8,796.32,0.1,2024-01-10
3475,153,31,10,1991.81,0.1,2024-07-22
3476,127,57,9,879.55,0.17,2024-06-19
3477,7,48,8,3720.72,0.18,2024-12-05
3478,84,40,4,675.12,0.21,2025-07-29
3479,25,55,5,1985.26,0.15,2025-03-02
3480,208,64,1,2673.73,0.28,2025-01-19
3481,88,65,3,1049.68,0.25,2024-12-18
3482,30,88,3,4039.07,0.17,2025-04-23
3483,126,65,8,1549.65,0.14,2025-01-06
3484,268,12,7,3973.97,0.21,2025-02-15
3485,224,68,6,4594.95,0.09,2025-07-23
3486,215,55,7,626.57,0.28,2024-07-14
3487,271,11,6,218.33,0.09,2025-08-11
3488,113,11,7,4701.39,0.25,2025-06-23
3489,209,3,2,3498.2,0.03,2025-05-17
3490,129,79,6,2627.32,0.11,2024-08-17
3491,9,88,1,1789.92,0.07,2024-03-04
3492,147,28,4,1121.28,0.26,2025-08-09
3493,56,6,6,2223.24,0.25,2024-06-12
3494,95,46,8,4903.99,0.19,2024-06-20
3495,134,32,8,4005.64,0.28,2024-06-01
3496,199,94,3,958.32,0.21,2024-04-12
3497,201,95,3,4654.5,0.25,2025-08-05
3498,9,21,8,2080.98,0.19,2025-01-26
3499,221,72,5,4455.81,0.1,2024-05-13
3500,121,22,4,1673.92,0.01,2024-07-15
3501,120,64,8,4525.37,0.3,2024-12-31
3502,243,48,9,697.33,0.15,2024-05-06
3503,125,29,6,1091.08,0.22,2024-05-31
3504,294,36,2,4697.33,0.19,2025-06-10
3505,55,20,4,2513.46,0.12,2024-04-10
3506,130,98,9,3360.84,0.28,2024-07-11
3507,294,50,6,3020.37,0.22,2024-02-07
3508,100,56,3,236.72,0.14,2025-06-30
3509,83,25,1,1359.89,0.26,2025-06-18
3510,299,45,1,4005.01,0.3,2025-03-16
3511,116,12,4,4172.34,0.14,2025-03-19
3512,58,100,5,2029.64,0.14,2024-05-15
3513,145,79,5,4878.06,0.03,2024-12-13
3514,91,73,4,2974.18,0.27,2025-05-14
3515,34,41,9,1980.44,0.09,2025-05-30
3516,294,51,8,1660.61,0.09,2024-06-27
3517,297,46,10,1774.44,0.11,2024-08-28
3518,231,53,10,880.24,0.17,2025-04-22
3519,219,91,4,1123.12,0.15,2025-05-23
3520,99,68,6,2779.6,0.05,2025-02-25
3521,256,53,9,3726.85,0.13,2024-03-30
3522,42,97,7,77.73,0.29,2024-09-26
3523,40,84,10,833.07,0.02,2024-09-29
3524,206,64,3,2461.58,0.02,2024-12-10
3525,139,6,10,996.03,0.01,2024-10-15
3526,96,92,10,3260.75,0.17,2024-12-29
3527,43,8,4,40.93,0.25,2025-05-27
3528,260,25,9,571.39,0.22,2024-02-26
3529,172,91,5,2417.76,0.26,2024-07-22
3530,21,49,8,609.16,0.07,2025-03-08
3531,101,56,10,1306.17,0.07,2025-07-13
3532,18,63,5,39.44,0.15,2025-02-16
3533,83,100,5,309.05,0.03,2024-07-10
3534,84,52,7,1773.54,0.13,2024-02-03
3535,39,19,9,2390.87,0.2,2024-03-12
3536,17,35,10,2898.34,0.17,2025-08-15
3537,125,89,1,2757.48,0.1,2024-03-16
3538,263,88,2,2944.04,0.15,2024-10-22
3539,72,4,10,236.33,0.24,2025-06-12
3540,260,35,1,27.96,0.05,2025-08-10
3541,27,33,1,3491.15,0.22,2025-07-19
3542,131,25,10,879.28,0.21,2024-10-14
3543,13,48,3,3330.25,0.01,2024-06-13
3544,177,35,4,112.63,0.1,2025-04-02
3545,90,66,10,4899.91,0.23,2025-03-30
3546,258,93,7,464.87,0.09,2024-08-16
3547,41,79,6,3920.24,0.19,2025-04-12
3548,262,9,2,3815.75,0.07,2024-01-21
3549,155,62,4,2195.65,0.03,2024-09-28
3550,102,80,10,3030.8,0.14,2024-11-19
3551,167,41,7,969.17,0.23,2025-05-31
3552,217,33,9,684.61,0.1,2025-07-20
3553,161,97,1,1431.35,0.25,2025-02-14
3554,63,46,3,1249.56,0.18,2024-12-29
3555,131,18,3,1576.04,0.0,2025-01-18
3556,168,28,6,904.64,0.03,2025-03-17
3557,124,59,5,2049.97,0.07,2024-12-25
3558,84,8,8,3687.74,0.22,2024-10-19
3559,57,8,5,923.35,0.28,2025-07-14
3560,204,54,8,4355.11,0.01,2025-03-23
3561,205,65,1,4364.93,0.08,2025-01-23
3562,169,17,8,927.52,0.21,2025-07-12
3563,10,37,1,2354.54,0.15,2024-07-05
3564,254,57,5,561.3,0.3,2024-08-06
3565,110,96,5,1515.85,0.07,2024-05-27
3566,27,8,9,238.72,0.09,2025-07-28
3567,104,24,4,3533.45,0.22,2024-10-10
3568,93,52,3,4003.2,0.22,2025-07-07
3569,190,46,7,1224.4,0.0,2024-07-26
3570,19,5,7,396.38,0.15,2025-03-07
3571,116,55,3,4147.48,0.11,2025-05-24
3572,253,66,3,4367.08,0.06,2025-07-08
3573,176,29,6,2932.07,0.27,2024-04-19
3574,102,92,6,4793.15,0.25,2025-04-23
3575,277,2,4,1975.2,0.1,2025-01-08
3576,17,79,2,4156.31,0.05,2024-10-22
3577,248,93,1,3333.1,0.21,2025-04-06
3578,194,63,4,2868.59,0.13,2024-08-10
3579,179,95,10,3866.13,0.16,2024-08-29
3580,300,82,8,4910.32,0.1,2025-07-16
3581,97,97,10,2728.99,0.27,2025-01-31
3582,122,25,5,3662.3,0.25,2024-03-06
3583,236,9,1,1550.05,0.25,2025-06-17
3584,20,64,7,2128.25,0.11,2024-10-02
3585,101,8,6,1839.33,0.19,2024-03-12
3586,157,7,9,1798.0,0.3,2025-07-18
3587,106,96,8,2689.19,0.02,2024-10-01
3588,39,14,2,3721.46,0.29,2025-06-30
3589,245,35,10,4519.19,0.0,2025-05-24
3590,137,42,8,1144.86,0.1,2025-05-27
3591,146,43,7,3635.96,0.03,2024-10-28
3592,120,74,2,4667.55,0.11,2024-02-27
3593,65,92,9,3859.02,0.13,2024-12-02
3594,110,4,6,4054.58,0.03,2025-06-08
3595,291,9,3,4559.4,0.11,2024-11-01
3596,90,91,7,4220.84,0.22,2024-06-12
3597,208,53,7,986.65,0.04,2024-09-01
3598,138,99,6,3979.33,0.07,2025-05-18
3599,112,6,10,2610.17,0.17,2025-01-24
3600,130,3,5,1572.61,0.1,2024-05-05
3601,34,61,4,2650.32,0.23,2024-10-23
3602,69,50,6,3852.3,0.19,2024-08-05
3603,59,4,1,3179.8,0.28,2024-02-26
3604,76,60,10,3608.62,0.07,2025-03-20
3605,275,7,4,3545.72,0.1,2024-10-06
3606,31,16,1,4793.83,0.15,2024-11-24
3607,155,95,7,618.47,0.09,2025-01-11
3608,57,54,3,1341.7,0.23,2024-09-11
3609,42,86,10,4579.98,0.03,2024-05-17
3610,52,16,1,924.38,0.2,2024-07-06
3611,253,23,6,4084.84,0.18,2024-07-09
3612,220,39,5,1393.01,0.01,2024-07-07
3613,131,95,6,2874.94,0.23,2025-06-19
3614,168,54,3,2196.19,0.06,2024-11-17
3615,237,44,4,4887.22,0.23,2025-07-07
3616,40,3,3,1144.97,0.07,2024-02-18
3617,92,31,5,714.56,0.24,2024-10-08
3618,147,28,5,2487.73,0.17,2024-07-08
3619,232,15,7,4576.09,0.06,2024-02-04
3620,179,61,7,4348.04,0.28,2024-11-04
3621,218,72,3,869.6,0.1,2024-12-22
3622,212,49,2,1261.52,0.21,2024-09-18
3623,170,22,6,1881.65,0.09,2024-12-25
3624,179,49,10,2061.14,0.11,2024-10-08
3625,238,42,10,1726.76,0.08,2025-03-31
3626,85,23,4,209.94,0.05,2025-07-02
3627,248,59,7,3723.99,0.16,2024-06-27
3628,252,90,5,4519.22,0.07,2025-07-02
3629,24,67,6,2841.96,0.14,2025-04-12
3630,62,82,8,2354.54,0.23,2024-06-12
3631,132,19,6,4594.64,0.09,2024-08-02
3632,180,66,10,2574.13,0.14,2024-03-15
3633,86,81,7,643.37,0.08,2024-07-01
3634,168,29,6,3623.54,0.13,2024-04-04
3635,30,85,10,1047.77,0.25,2025-01-19
3636,60,78,3,501.82,0.15,2024-12-03
3637,98,40,10,35.24,0.03,2024-12-02
3638,236,76,4,1404.3,0.29,2025-05-19
3639,90,50,6,4697.88,0.15,2024-09-10
3640,284,45,10,3986.73,0.02,2024-08-27
3641,104,31,6,3506.69,0.22,2024-03-31
3642,291,64,7,1930.54,0.01,2025-07-07
3643,215,96,7,1195.14,0.17,2025-05-06
3644,284,55,8,910.22,0.09,2024-04-30
3645,158,3,4,3483.83,0.27,2024-03-10
3646,176,96,2,3464.08,0.08,2024-06-13
3647,285,99,8,2374.4,0.24,2025-04-04
3648,14,59,4,2877.34,0.07,2025-03-01
3649,30,24,8,1141.64,0.21,2024-11-07
3650,86,84,2,4920.07,0.28,2025-03-14
3651,80,69,10,540.29,0.25,2024-04-06
3652,160,92,2,2875.47,0.18,2024-12-02
3653,183,45,1,1449.39,0.19,2025-04-04
3654,71,53,4,1563.02,0.13,2024-10-10
3655,113,51,8,625.52,0.06,2025-08-09
3656,48,11,8,610.67,0.14,2025-05-23
3657,275,47,3,4337.47,0.29,2025-04-19
3658,278,65,9,4553.27,0.04,2025-06-26
3659,28,94,2,2068.25,0.19,2025-01-28
3660,107,23,9,2060.83,0.15,2025-07-21
3661,243,64,3,954.96,0.14,2025-05-04
3662,222,94,9,1315.15,0.29,2025-04-06
3663,77,82,5,340.98,0.27,2024-07-26
3664,225,65,6,3676.34,0.22,2024-06-12
3665,216,44,1,1665.19,0.25,2025-02-25
3666,104,89,2,3444.52,0.24,2024-03-07
3667,167,33,7,1229.27,0.13,2024-11-12
3668,128,84,1,1422.61,0.14,2025-05-01
3669,265,97,9,2055.89,0.18,2025-03-29
3670,268,23,3,767.36,0.24,2025-07-03
3671,42,86,3,4527.25,0.12,2024-10-06
3672,182,97,3,4651.3,0.26,2024-11-11
3673,296,29,2,2229.54,0.04,2024-06-05
3674,194,79,1,290.32,0.27,2024-08-26
3675,172,16,4,3968.18,0.23,2025-06-12
3676,83,84,3,477.01,0.15,2025-04-06
3677,50,86,9,312.11,0.3,2025-06-21
3678,283,68,9,1298.26,0.02,2024-11-10
3679,293,90,3,3132.54,0.26,2025-05-20
3680,104,97,8,1635.6,0.05,2024-04-17
3681,259,11,4,4864.24,0.07,2024-07-03
3682,254,91,10,4663.5,0.03,2024-10-09
3683,235,60,4,2172.84,0.06,2025-08-05
3684,86,2,1,4485.37,0.2,2025-02-01
3685,92,71,3,3802.23,0.09,2024-06-20
3686,15,100,4,4731.65,0.09,2025-01-31
3687,244,15,7,1659.93,0.1,2024-06-12
3688,128,25,10,4562.5,0.26,2024-11-29
3689,274,51,3,4528.69,0.05,2025-07-19
3690,26,50,2,2283.06,0.09,2024-05-24
3691,93,24,3,4810.59,0.17,2024-08-22
3692,296,26,5,3447.4,0.04,2024-12-13
3693,152,26,3,2498.48,0.06,2025-07-21
3694,133,73,10,1432.44,0.04,2024-07-30
3695,297,45,10,2365.33,0.09,2024-06-28
3696,37,18,3,2442.41,0.12,2025-01-19
3697,250,37,10,1537.59,0.05,2024-06-20
3698,91,24,4,4631.96,0.12,2024-09-19
3699,55,68,7,2011.37,0.06,2024-11-25
3700,274,25,4,3284.88,0.23,2024-07-03
3701,120,18,1,3461.45,0.07,2024-12-16
3702,253,99,5,3563.55,0.25,2024-12-12
3703,298,7,4,2908.0,0.23,2025-01-24
3704,200,11,3,1620.44,0.29,2024-09-12
3705,100,20,4,1209.87,0.26,2024-02-04
3706,226,51,10,4685.45,0.19,2025-08-06
3707,241,88,4,2064.53,0.17,2024-02-27
3708,196,38,4,3983.56,0.04,2024-07-20
3709,285,78,10,4044.04,0.21,2024-09-30
3710,288,28,10,1374.4,0.19,2025-01-30
3711,37,85,10,508.18,0.21,2025-06-11
3712,102,73,5,1957.4,0.2,2024-01-07
3713,193,38,6,519.58,0.21,2025-01-19
3714,186,66,1,4518.18,0.02,2025-03-26
3715,102,29,2,1300.05,0.21,2025-06-17
3716,203,87,3,3165.49,0.11,2025-06-18
3717,199,78,8,769.98,0.24,2024-04-09
3718,91,25,5,847.85,0.05,2024-01-24
3719,179,88,8,2239.33,0.29,2025-07-03
3720,17,77,5,3236.82,0.01,2025-05-15
3721,286,31,4,2810.9,0.0,2024-01-19
3722,278,99,2,4346.55,0.19,2025-04-27
3723,299,76,7,3544.9,0.11,2024-09-25
3724,113,36,9,536.59,0.14,2024-01-25
3725,41,95,5,1455.25,0.04,2025-06-04
3726,56,42,9,2245.96,0.05,2024-04-19
3727,74,19,4,1187.24,0.18,2024-08-04
3728,245,89,7,366.69,0.07,2024-04-26
3729,105,15,4,1341.99,0.25,2024-12-18
3730,40,42,2,1193.29,0.26,2025-06-05
3731,27,83,8,2863.31,0.0,2025-06-17
3732,86,43,4,3676.77,0.28,2024-02-24
3733,78,9,8,4701.34,0.23,2024-10-13
3734,270,54,7,665.97,0.16,2024-08-14
3735,185,36,5,122.83,0.07,2024-11-16
3736,157,27,6,861.09,0.26,2024-09-03
3737,78,96,5,762.79,0.27,2025-08-21
3738,285,75,2,4535.88,0.02,2025-05-28
3739,138,43,7,2106.02,0.09,2024-11-10
3740,55,8,5,414.3,0.17,2024-06-28
3741,40,90,6,3207.04,0.04,2025-06-19
3742,234,29,8,2020.16,0.22,2024-01-17
3743,153,66,10,1963.53,0.1,2024-05-20
3744,39,71,10,2675.13,0.01,2025-06-16
3745,13,76,5,1385.4,0.24,2024-06-03
3746,66,40,9,2383.93,0.14,2025-02-15
3747,255,73,10,2917.14,0.26,2025-03-30
3748,227,24,4,4416.03,0.01,2024-12-06
3749,260,38,5,3996.37,0.07,2024-09-18
3750,283,67,5,4937.15,0.17,2025-03-15
3751,222,82,10,254.18,0.11,2025-08-22
3752,164,88,3,4506.44,0.11,2024-08-08
3753,116,30,5,2545.56,0.01,2025-03-01
3754,34,12,3,2699.14,0.08,2024-08-17
3755,94,14,7,2387.64,0.2,2024-06-23
3756,33,59,1,3933.37,0.23,2025-05-09
3757,53,79,10,4243.81,0.23,2024-11-26
3758,46,6,7,3382.12,0.14,2025-06-01
3759,48,47,3,3419.33,0.14,2024-09-02
3760,217,57,6,2820.36,0.19,2025-01-22
3761,115,75,4,3772.48,0.06,2024-08-06
3762,46,17,6,1425.94,0.17,2024-02-12
3763,278,95,10,3895.35,0.21,2024-09-04
3764,299,29,9,3501.92,0.12,2024-04-29
3765,28,43,5,2029.95,0.24,2024-06-08
3766,154,67,9,4912.87,0.2,2024-06-16
3767,273,66,5,4425.59,0.09,2024-11-23
3768,151,87,4,933.89,0.08,2025-05-28
3769,84,68,8,3312.61,0.17,2024-09-13
3770,265,31,1,1431.09,0.19,2024-12-26
3771,288,57,9,4978.29,0.14,2025-06-19
3772,64,17,5,3352.52,0.06,2024-11-22
3773,257,12,5,4413.0,0.02,2024-06-02
3774,130,86,7,2825.73,0.12,2025-07-05
3775,197,31,10,1118.89,0.14,2025-02-19
3776,73,65,10,893.34,0.02,2025-08-06
3777,129,7,5,2022.77,0.12,2024-09-18
3778,26,53,7,1738.47,0.22,2024-04-15
3779,99,97,6,2870.09,0.05,2024-07-30
3780,160,36,1,1714.29,0.28,2024-03-10
3781,49,95,6,264.1,0.08,2024-03-31
3782,112,91,6,1665.23,0.2,2025-07-26
3783,263,55,1,2238.66,0.01,2024-01-15
3784,55,66,4,2599.21,0.18,2025-04-19
3785,261,1,7,4786.26,0.12,2024-01-04
3786,275,37,8,351.93,0.04,2024-06-26
3787,20,70,10,1538.57,0.1,2024-12-08
3788,209,60,10,3046.31,0.08,2024-01-07
3789,102,51,3,3602.02,0.05,2024-11-01
3790,284,35,7,4174.72,0.11,2024-10-09
3791,176,82,2,4940.26,0.05,2024-07-17
3792,274,20,7,141.73,0.04,2024-06-29
3793,77,50,9,122.79,0.15,2024-06-18
3794,232,3,9,4772.09,0.18,2025-03-27
3795,191,96,7,4460.86,0.29,2024-04-29
3796,57,33,2,2663.46,0.21,2024-05-02
3797,164,40,8,4093.22,0.14,2024-11-10
3798,34,81,8,2055.55,0.0,2024-10-18
3799,195,85,3,2002.69,0.22,2024-03-01
3800,219,63,4,1587.98,0.11,2025-07-15
3801,228,15,8,2575.74,0.29,2025-06-24
3802,11,32,8,3930.99,0.18,2025-04-03
3803,206,73,6,4408.67,0.1,2024-04-16
3804,171,86,5,2407.4,0.14,2024-12-10
3805,62,10,5,4736.42,0.06,2024-03-27
3806,35,27,1,1089.66,0.11,2024-06-21
3807,13,76,2,148.39,0.18,2024-07-29
3808,266,75,6,3586.36,0.17,2024-02-22
3809,42,14,8,4336.91,0.07,2024-02-03
3810,21,6,3,3463.06,0.09,2024-12-17
3811,279,66,7,1745.01,0.21,2025-06-22
3812,51,21,9,4673.26,0.02,2024-05-21
3813,291,98,7,4323.21,0.11,2025-01-03
3814,251,59,3,4189.54,0.26,2024-02-06
3815,224,46,6,4067.64,0.16,2025-03-22
3816,45,60,5,4951.47,0.15,2024-04-05
3817,235,10,8,1057.12,0.12,2025-05-10
3818,255,60,8,3004.15,0.0,2024-12-01
3819,159,20,8,4442.91,0.26,2024-12-14
3820,286,14,9,990.17,0.23,2024-04-16
3821,260,88,8,533.73,0.26,2024-07-22
3822,104,59,7,2050.88,0.12,2025-02-23
3823,170,16,6,1771.05,0.09,2024-07-09
3824,96,82,7,1181.74,0.27,2025-01-22
3825,207,16,3,1165.93,0.27,2024-09-14
3826,23,11,6,528.7,0.14,2024-03-14
3827,91,94,1,320.6,0.01,2025-02-27
3828,114,63,10,4463.7,0.18,2024-04-17
3829,171,21,9,2033.2,0.02,2024-04-02
3830,37,10,8,2080.64,0.06,2024-04-05
3831,197,16,2,3532.3,0.23,2024-12-31
3832,73,1,9,1190.41,0.2,2024-01-19
3833,299,37,9,408.38,0.19,2024-06-18
3834,152,58,5,333.5,0.02,2024-11-10
3835,57,6,9,1275.12,0.24,2025-02-06
3836,277,75,9,344.53,0.04,2024-11-12
3837,168,77,4,4173.96,0.07,2025-02-05
3838,282,97,10,4648.63,0.2,2025-08-15
3839,201,16,4,1002.31,0.29,2024-07-21
3840,193,19,4,2673.85,0.12,2024-05-10
3841,105,63,3,4501.64,0.23,2025-04-24
3842,86,70,6,1885.25,0.11,2025-07-31
3843,258,38,2,2106.21,0.09,2025-03-02
3844,299,91,1,3660.31,0.29,2024-12-04
3845,168,76,4,2269.46,0.26,2024-08-21
3846,278,64,7,801.41,0.01,2024-12-31
3847,200,71,4,4216.57,0.07,2025-02-06
3848,82,47,10,1890.98,0.13,2024-01-08
3849,292,48,3,2542.12,0.08,2025-01-01
3850,52,55,3,2669.6,0.06,2025-08-08
3851,147,64,9,2780.74,0.08,2025-03-15
3852,254,46,7,3059.66,0.22,2025-06-20
3853,129,21,9,2467.99,0.19,2024-11-22
3854,239,16,9,2559.26,0.06,2025-05-05
3855,133,79,7,4690.47,0.09,2024-05-20
3856,17,57,5,1261.88,0.08,2025-03-13
3857,155,98,6,4703.9,0.07,2024-03-03
3858,160,56,6,1699.59,0.06,2024-04-30
3859,95,5,9,1222.97,0.07,2025-03-27
3860,237,80,3,2368.03,0.03,2025-08-20
3861,197,10,10,125.91,0.29,2025-06-23
3862,233,57,2,1151.44,0.01,2025-02-28
3863,122,97,8,3749.84,0.02,2024-04-13
3864,106,14,7,3895.69,0.2,2025-01-11
3865,204,36,9,4829.76,0.06,2024-08-07
3866,215,56,1,1892.58,0.08,2024-01-01
3867,53,10,9,704.4,0.21,2024-07-22
3868,1,63,4,3901.87,0.3,2024-09-22
3869,35,66,9,962.21,0.27,2024-08-03
3870,99,70,10,85.86,0.1,2024-11-12
3871,192,23,6,1104.01,0.07,2025-03-14
3872,253,91,7,1118.88,0.13,2025-06-26
3873,36,43,4,1528.25,0.02,2024-04-21
3874,246,68,5,63.35,0.3,2025-02-26
3875,131,31,8,3879.88,0.12,2024-07-22
3876,53,9,1,4281.88,0.16,2025-06-13
3877,96,34,5,1965.65,0.16,2025-03-29
3878,48,90,4,4607.13,0.01,2025-08-08
3879,192,3,8,2364.92,0.29,2025-05-01
3880,220,92,2,3863.61,0.16,2025-01-31
3881,151,68,9,218.48,0.04,2024-08-25
3882,142,38,3,3087.46,0.08,2024-11-08
3883,205,61,7,2415.29,0.23,2024-08-09
3884,296,82,4,3481.01,0.07,2024-04-24
3885,258,76,5,4460.1,0.04,2025-07-30
3886,92,44,3,1762.37,0.09,2024-07-07
3887,8,35,9,1725.95,0.14,2025-02-10
3888,219,78,9,4866.22,0.17,2024-04-24
3889,180,97,8,602.01,0.17,2024-04-12
3890,183,4,5,4027.84,0.22,2024-07-19
3891,251,41,6,1573.52,0.22,2025-08-10
3892,233,2,7,3317.74,0.08,2024-03-25
3893,121,73,10,960.37,0.06,2024-05-08
3894,92,93,8,3643.19,0.0,2024-11-23
3895,259,49,7,1918.89,0.28,2024-02-10
3896,244,71,6,2918.1,0.06,2024-07-23
3897,192,13,5,850.15,0.07,2024-08-20
3898,27,100,5,3268.23,0.28,2024-03-18
3899,178,77,1,3327.44,0.22,2025-08-05
3900,130,63,10,2599.91,0.0,2025-07-19
3901,1,88,7,4444.41,0.29,2024-08-21
3902,227,28,10,2631.37,0.2,2024-08-11
3903,56,27,7,2715.54,0.1,2024-10-05
3904,198,42,1,1184.45,0.13,2025-07-07
3905,73,71,8,1913.58,0.05,2024-12-17
3906,228,55,8,1992.33,0.0,2024-04-14
3907,294,29,8,2420.06,0.01,2025-01-26
3908,98,26,4,2470.0,0.03,2024-06-24
3909,130,39,8,2404.29,0.07,2024-08-15
3910,34,35,10,626.9,0.17,2024-08-27
3911,135,89,9,3837.81,0.24,2024-10-01
3912,44,10,5,3884.25,0.18,2025-03-03
3913,210,98,7,1713.01,0.22,2025-03-02
3914,63,76,10,2925.34,0.14,2024-01-05
3915,33,22,5,825.59,0.24,2025-02-09
3916,18,92,4,975.81,0.16,2024-10-31
3917,121,38,2,528.89,0.29,2025-04-30
3918,258,66,10,1778.66,0.0,2024-09-07
3919,115,25,9,1100.44,0.06,2025-05-15
3920,91,98,3,3238.7,0.1,2024-04-20
3921,59,99,8,4306.64,0.29,2024-08-09
3922,75,66,3,80.06,0.22,2024-07-05
3923,257,91,5,1734.98,0.28,2024-12-25
3924,224,46,7,401.61,0.19,2025-05-08
3925,75,99,4,4704.05,0.29,2024-01-26
3926,41,40,8,4620.81,0.04,2024-02-17
3927,208,82,7,4381.97,0.23,2024-10-12
3928,30,9,7,2333.31,0.28,2025-07-07
3929,86,83,9,3862.07,0.15,2025-06-21
3930,46,64,3,4240.2,0.12,2024-01-26
3931,228,71,3,4521.07,0.02,2024-02-01
3932,10,29,6,3955.15,0.06,2025-03-17
3933,23,60,7,2467.65,0.07,2024-07-31
3934,145,21,10,2358.19,0.22,2024-12-08
3935,295,19,1,829.12,0.19,2024-06-04
3936,159,63,8,1390.61,0.13,2024-03-13
3937,61,15,2,3079.78,0.19,2025-07-21
3938,200,38,10,2594.79,0.23,2025-03-19
3939,260,29,6,1658.82,0.12,2024-07-21
3940,195,13,7,4034.5,0.12,2024-07-05
3941,47,14,5,3163.3,0.19,2025-03-13
3942,199,7,10,1188.88,0.02,2024-06-18
3943,43,39,9,3224.94,0.14,2024-04-14
3944,223,17,9,4869.99,0.16,2024-08-03
3945,104,69,8,1163.6,0.09,2024-05-08
3946,251,62,7,4446.85,0.09,2024-02-03
3947,175,94,7,1535.82,0.27,2024-10-27
3948,246,86,3,2631.25,0.21,2025-08-02
3949,200,88,9,2195.51,0.24,2025-04-09
3950,21,42,7,686.44,0.16,2024-04-28
3951,126,90,6,4463.8,0.09,2024-12-20
3952,230,29,8,497.86,0.19,2025-05-31
3953,10,48,5,2044.6,0.29,2025-05-21
3954,69,77,6,3268.55,0.17,2024-11-28
3955,230,44,2,1794.14,0.14,2024-10-10
3956,225,77,4,4118.66,0.16,2025-04-08
3957,213,2,9,4122.53,0.27,2025-05-03
3958,142,17,9,193.75,0.18,2024-01-13
3959,268,88,2,3918.94,0.25,2024-04-27
3960,110,94,7,2624.76,0.26,2025-03-26
3961,177,60,2,1621.3,0.17,2024-12-03
3962,14,34,4,4409.69,0.06,2025-07-18
3963,176,3,3,3397.97,0.03,2024-12-22
3964,78,96,10,1306.01,0.04,2024-12-31
3965,205,88,10,3872.34,0.14,2024-10-02
3966,69,92,4,2128.78,0.0,2024-01-16
3967,30,5,9,3256.17,0.0,2024-06-28
3968,105,13,8,3051.38,0.04,2024-09-15
3969,5,94,9,2887.58,0.21,2025-01-12
3970,68,74,6,3114.71,0.3,2024-03-19
3971,218,82,7,3404.03,0.05,2024-08-26
3972,211,75,8,2197.59,0.06,2025-04-24
3973,105,56,2,579.17,0.29,2025-06-18
3974,186,36,5,2173.81,0.08,2024-08-26
3975,23,73,5,1866.57,0.28,2024-03-10
3976,47,62,1,3620.75,0.08,2024-07-17
3977,204,23,4,4635.65,0.0,2024-11-22
3978,137,7,10,2915.22,0.02,2025-02-24
3979,37,77,8,727.29,0.23,2024-05-19
3980,152,33,8,4494.77,0.21,2025-01-27
3981,31,89,8,3125.47,0.22,2024-02-02
3982,262,39,3,4750.12,0.06,2025-01-20
3983,69,30,10,3277.47,0.06,2025-05-15
3984,74,63,7,2646.58,0.04,2024-06-18
3985,43,84,4,1547.66,0.21,2024-03-28
3986,22,52,3,2758.18,0.03,2024-12-18
3987,116,84,10,4612.89,0.19,2025-06-10
3988,26,63,9,315.66,0.3,2025-05-10
3989,157,17,1,1314.77,0.15,2025-05-16
3990,278,36,2,1905.35,0.17,2024-07-23
3991,264,39,1,1436.96,0.03,2024-12-26
3992,247,68,7,345.27,0.11,2025-08-05
3993,204,35,9,1997.54,0.15,2024-09-13
3994,140,31,4,3449.3,0.03,2024-07-12
3995,68,8,3,253.75,0.18,2025-03-14
3996,227,32,10,761.06,0.24,2025-08-12
3997,161,36,6,4124.71,0.3,2024-12-08
3998,193,11,10,2087.29,0.14,2024-02-20
3999,233,1,3,1141.04,0.14,2025-07-11
4000,246,99,7,244.94,0.18,2024-06-06
4001,80,59,5,3913.51,0.12,2024-07-16
4002,149,41,9,3614.45,0.08,2024-06-25
4003,24,12,5,3083.73,0.1,2025-06-05
4004,277,22,7,38.46,0.17,2025-04-11
4005,83,15,7,4668.45,0.25,2024-08-03
4006,46,9,6,2329.28,0.05,2024-06-21
4007,4,15,8,3786.71,0.17,2024-03-01
4008,275,36,10,3404.12,0.24,2024-06-12
4009,246,78,6,98.07,0.11,2024-03-20
4010,226,9,7,3658.94,0.01,2024-10-17
4011,93,65,1,4840.05,0.14,2024-10-31
4012,237,32,9,4524.7,0.1,2024-08-06
4013,57,77,5,2146.04,0.08,2024-12-21
4014,140,86,6,172.41,0.13,2024-08-01
4015,167,21,9,3657.48,0.15,2024-07-06
4016,3,65,2,1251.73,0.09,2025-02-21
4017,3,18,9,3338.03,0.24,2025-03-28
4018,80,6,4,4512.64,0.19,2025-02-07
4019,53,54,10,2893.51,0.24,2025-06-03
4020,33,76,4,1514.49,0.25,2024-11-07
4021,26,87,6,4778.35,0.13,2024-06-23
4022,153,91,9,3723.42,0.29,2024-09-25
4023,293,71,5,1403.32,0.09,2025-02-07
4024,61,96,10,459.9,0.19,2024-07-10
4025,46,14,5,1474.53,0.15,2024-08-12
4026,187,24,2,3734.6,0.25,2024-11-29
4027,54,17,6,3348.48,0.23,2025-03-10
4028,81,71,6,4918.42,0.06,2024-12-31
4029,237,50,7,2511.14,0.09,2024-10-02
4030,20,74,5,4013.66,0.05,2024-06-07
4031,256,100,7,1429.16,0.04,2024-06-13
4032,209,4,9,1111.94,0.16,2024-11-14
4033,36,2,1,4599.13,0.19,2024-02-12
4034,61,86,2,3139.65,0.16,2024-10-23
4035,116,33,10,3305.6,0.24,2024-08-26
4036,5,53,4,4089.31,0.18,2024-12-27
4037,52,78,2,1146.74,0.2,2024-02-12
4038,237,19,3,3106.86,0.12,2025-04-01
4039,258,67,4,3220.25,0.07,2025-02-13
4040,112,99,6,4768.72,0.02,2025-03-14
4041,16,90,7,1224.28,0.14,2024-06-04
4042,3,45,8,1095.21,0.27,2024-01-03
4043,72,2,9,4698.26,0.15,2025-03-07
4044,196,77,5,246.84,0.22,2024-07-24
4045,286,30,7,903.94,0.1,2025-05-15
4046,115,2,9,3592.33,0.23,2024-06-05
4047,118,64,1,692.96,0.08,2025-06-14
4048,35,27,5,3859.16,0.27,2024-07-11
4049,230,51,3,2716.1,0.07,2025-04-18
4050,109,45,4,3986.0,0.17,2024-11-01
4051,239,12,10,2795.27,0.19,2024-03-07
4052,227,93,8,4936.1,0.04,2024-08-06
4053,156,52,8,3782.85,0.14,2025-01-04
4054,254,40,9,977.65,0.09,2025-07-06
4055,140,83,4,2288.96,0.29,2024-07-04
4056,73,88,2,3905.39,0.15,2024-02-02
4057,51,81,7,4246.92,0.2,2024-09-16
4058,89,99,10,3676.6,0.09,2025-07-01
4059,100,88,10,4305.91,0.07,2025-03-24
4060,230,44,2,1982.95,0.07,2025-07-18
4061,291,22,5,1995.43,0.15,2024-07-13
4062,295,5,5,1387.77,0.09,2025-05-30
4063,245,12,5,853.42,0.23,2024-08-18
4064,54,23,7,4445.64,0.1,2024-12-15
4065,119,100,2,1141.1,0.09,2024-02-18
4066,1,4,3,4177.76,0.15,2024-08-13
4067,210,67,9,1136.28,0.22,2024-06-28
4068,47,13,10,723.88,0.09,2024-05-18
4069,299,4,9,4581.0,0.05,2025-04-24
4070,167,53,9,2155.4,0.13,2024-04-11
4071,3,86,4,148.63,0.28,2025-05-21
4072,197,70,6,2860.71,0.03,2025-03-28
4073,182,16,10,3129.36,0.13,2025-04-22
4074,161,16,9,3551.38,0.26,2025-05-14
4075,79,26,9,3194.85,0.06,2024-01-03
4076,163,20,9,4285.03,0.27,2024-04-03
4077,88,11,9,2544.44,0.1,2024-11-15
4078,291,45,4,1109.96,0.28,2024-07-24
4079,66,31,7,2874.51,0.06,2024-04-20
4080,39,25,8,1061.73,0.03,2024-11-18
4081,104,36,7,3107.43,0.07,2025-01-24
4082,209,87,9,4634.68,0.04,2024-11-08
4083,191,71,1,461.73,0.25,2025-08-22
4084,259,87,9,4852.03,0.26,2025-05-08
4085,57,67,8,3721.35,0.1,2024-02-19
4086,47,55,5,4483.29,0.15,2025-03-19
4087,231,64,7,3380.2,0.12,2025-06-28
4088,235,44,8,710.84,0.21,2024-10-25
4089,290,37,4,345.81,0.24,2025-06-09
4090,7,74,9,4568.13,0.17,2025-03-26
4091,228,43,6,146.3,0.11,2024-11-04
4092,171,82,5,1518.63,0.15,2024-06-14
4093,269,61,4,4005.91,0.19,2024-09-09
4094,279,71,6,3137.81,0.2,2024-11-06
4095,66,87,3,1561.86,0.01,2024-07-29
4096,67,82,7,1947.48,0.28,2024-03-18
4097,219,96,3,3017.91,0.23,2024-10-31
4098,86,59,2,3608.2,0.27,2024-04-14
4099,280,56,1,954.67,0.18,2024-11-02
4100,125,52,5,3387.25,0.05,2025-07-15
4101,29,36,9,2796.17,0.2,2025-06-23
4102,173,7,10,3295.77,0.28,2025-05-09
4103,4,38,4,2915.46,0.23,2025-05-23
4104,162,66,5,2126.64,0.28,2024-12-07
4105,218,2,10,176.02,0.22,2025-06-22
4106,225,63,4,3868.77,0.29,2024-05-12
4107,236,62,10,2410.02,0.28,2024-06-03
4108,248,20,10,1512.91,0.2,2024-09-06
4109,100,9,10,4414.53,0.29,2024-10-04
4110,192,6,6,408.66,0.12,2024-02-09
4111,142,6,7,3794.68,0.08,2024-08-12
4112,19,98,7,1311.37,0.25,2024-05-08
4113,58,41,4,3784.22,0.28,2025-05-17
4114,233,98,5,989.2,0.07,2025-04-05
4115,7,85,2,2503.16,0.19,2024-09-02
4116,296,31,8,4190.69,0.22,2024-10-16
4117,150,81,1,96.27,0.04,2024-02-10
4118,253,26,5,1275.19,0.21,2025-01-11
4119,185,93,8,2853.28,0.27,2025-02-17
4120,272,46,8,4011.76,0.02,2025-06-10
4121,54,80,3,4809.32,0.06,2024-05-07
4122,52,45,5,3214.1,0.06,2024-07-24
4123,224,89,3,984.63,0.15,2025-05-07
4124,70,19,10,282.87,0.07,2025-07-16
4125,17,62,9,2063.23,0.08,2025-07-20
4126,235,52,1,4646.97,0.25,2024-08-24
4127,281,23,6,1593.62,0.03,2025-06-10
4128,140,1,7,89.92,0.14,2024-12-15
4129,208,88,10,4113.57,0.14,2024-03-11
4130,125,55,3,2270.56,0.17,2025-05-04
4131,290,88,10,3879.2,0.02,2024-09-27
4132,110,67,3,981.14,0.26,2024-12-17
4133,48,8,5,218.27,0.09,2025-06-27
4134,120,52,2,4353.25,0.09,2024-03-21
4135,132,58,9,3002.7,0.1,2025-06-05
4136,12,18,8,3935.0,0.04,2024-07-09
4137,47,12,2,2375.95,0.02,2025-08-23
4138,292,75,5,3917.7,0.23,2024-04-29
4139,53,31,4,2446.05,0.25,2024-04-27
4140,2,61,9,1652.17,0.13,2025-05-01
4141,56,16,8,831.32,0.05,2024-11-14
4142,106,59,1,1899.24,0.02,2025-03-17
4143,225,70,7,1285.68,0.25,2024-04-03
4144,22,88,3,1200.73,0.22,2024-08-08
4145,227,97,10,4953.66,0.26,2024-08-21
4146,106,76,5,2256.1,0.06,2024-11-17
4147,279,99,5,4222.43,0.21,2024-07-13
4148,188,85,1,2914.03,0.27,2024-10-19
4149,146,30,6,3909.47,0.29,2024-06-25
4150,100,56,3,3996.56,0.23,2024-02-22
4151,255,71,1,1331.14,0.15,2024-10-08
4152,80,18,3,106.25,0.3,2025-04-07
4153,29,58,7,2257.57,0.21,2024-06-28
4154,266,47,10,1909.77,0.14,2024-12-07
4155,46,22,1,4732.44,0.15,2025-06-08
4156,220,25,7,2304.25,0.24,2024-09-11
4157,294,69,9,2968.91,0.24,2025-02-18
4158,65,55,10,690.21,0.06,2024-04-16
4159,275,60,1,4636.21,0.28,2024-07-28
4160,209,49,2,1753.37,0.09,2025-06-27
4161,293,33,5,3554.08,0.09,2024-08-04
4162,173,34,6,3891.85,0.16,2024-10-09
4163,200,90,3,4977.65,0.1,2024-08-24
4164,140,74,7,1628.07,0.16,2024-04-18
4165,161,38,2,4457.38,0.05,2025-02-12
4166,217,21,7,4046.4,0.05,2025-01-17
4167,113,99,5,4719.28,0.09,2025-08-13
4168,232,5,7,3624.05,0.22,2024-03-17
4169,149,8,4,4387.21,0.03,2024-06-24
4170,113,38,8,4100.11,0.22,2024-10-04
4171,72,58,9,4742.83,0.19,2025-01-04
4172,129,67,8,4778.01,0.19,2024-03-12
4173,177,15,7,3414.25,0.13,2024-02-20
4174,38,21,6,2551.02,0.19,2025-01-26
4175,274,72,6,997.59,0.29,2024-09-28
4176,288,26,7,386.91,0.29,2025-07-13
4177,80,43,3,2985.79,0.02,2024-10-16
4178,37,7,10,2127.0,0.3,2024-12-31
4179,133,75,10,4842.46,0.16,2024-08-06
4180,81,35,2,1590.52,0.25,2024-10-03
4181,224,62,5,1652.49,0.17,2025-02-07
4182,274,34,7,1134.04,0.09,2024-03-26
4183,132,7,4,960.32,0.3,2025-08-01
4184,118,82,2,3141.64,0.13,2025-03-24
4185,118,74,9,2517.55,0.19,2024-12-16
4186,126,67,9,3657.75,0.07,2025-05-24
4187,300,29,1,3414.86,0.08,2025-06-19
4188,1,74,1,4602.09,0.08,2024-08-09
4189,134,99,8,2875.6,0.13,2025-05-14
4190,281,59,9,4610.38,0.26,2025-07-16
4191,17,56,10,3386.52,0.1,2025-06-23
4192,51,73,10,1821.2,0.05,2024-02-09
4193,65,49,3,1115.48,0.05,2024-03-29
4194,18,49,10,1020.46,0.25,2025-06-09
4195,73,66,8,853.46,0.02,2024-10-07
4196,147,93,8,1987.16,0.25,2024-12-08
4197,94,2,7,2009.99,0.0,2024-09-20
4198,231,68,8,4399.03,0.01,2024-11-28
4199,235,30,2,2872.58,0.04,2024-02-05
4200,116,26,10,3995.69,0.16,2025-04-03
4201,256,92,3,2854.89,0.29,2024-08-09
4202,246,67,10,4392.37,0.12,2025-07-07
4203,239,80,3,1268.33,0.2,2025-01-03
4204,184,2,7,4849.66,0.27,2024-06-18
4205,298,15,6,4451.74,0.29,2024-03-19
4206,257,34,7,2435.44,0.07,2025-03-28
4207,295,94,4,573.05,0.22,2025-02-09
4208,242,8,10,1128.99,0.29,2024-05-18
4209,151,48,8,1591.68,0.11,2024-05-09
4210,42,60,7,149.73,0.23,2025-04-29
4211,47,100,2,2235.41,0.03,2024-05-09
4212,224,6,9,2211.37,0.17,2025-03-27
4213,286,4,7,1743.04,0.03,2024-11-22
4214,117,54,10,4238.9,0.19,2024-03-28
4215,297,40,1,4657.72,0.08,2024-11-21
4216,286,29,7,4664.99,0.08,2024-11-15
4217,278,87,5,2005.08,0.15,2024-02-22
4218,182,54,9,1873.13,0.07,2024-12-31
4219,26,100,7,4434.05,0.12,2025-04-14
4220,254,36,10,4247.92,0.16,2024-04-20
4221,202,7,7,4787.11,0.11,2024-11-07
4222,137,43,3,4518.03,0.27,2024-01-20
4223,291,19,8,1999.06,0.07,2025-04-06
4224,112,2,9,2758.09,0.17,2024-03-29
4225,227,78,4,2511.78,0.28,2025-07-10
4226,90,46,6,2402.85,0.15,2025-04-25
4227,72,68,9,1349.3,0.26,2024-08-28
4228,5,1,9,4210.47,0.05,2024-09-13
4229,68,89,10,2810.46,0.25,2025-08-16
4230,102,19,5,3130.2,0.21,2025-07-24
4231,31,59,3,1063.41,0.27,2024-10-04
4232,104,50,3,3696.48,0.13,2024-06-27
4233,61,5,9,2558.3,0.14,2025-04-18
4234,18,42,10,4076.74,0.15,2025-01-28
4235,190,80,9,787.03,0.11,2025-04-14
4236,104,10,3,3702.27,0.04,2025-08-01
4237,20,50,9,4330.74,0.09,2024-03-15
4238,223,3,2,250.7,0.18,2024-12-11
4239,232,89,4,310.9,0.25,2024-07-27
4240,205,38,2,290.19,0.08,2024-12-16
4241,249,10,6,3651.38,0.03,2025-01-15
4242,171,21,2,4820.39,0.29,2024-01-18
4243,97,78,1,1987.58,0.08,2024-01-22
4244,54,82,1,1098.17,0.17,2025-02-17
4245,279,96,2,670.14,0.14,2024-08-05
4246,274,2,7,3611.39,0.1,2025-07-07
4247,78,68,4,4750.78,0.3,2025-03-01
4248,138,8,4,4103.87,0.06,2025-04-09
4249,237,1,10,3942.51,0.15,2025-08-07
4250,183,70,3,2973.06,0.29,2024-06-07
4251,45,92,2,957.03,0.23,2024-08-15
4252,237,40,1,1068.83,0.12,2024-08-14
4253,298,21,7,2117.22,0.14,2024-09-29
4254,235,5,6,352.75,0.29,2025-04-16
4255,68,87,8,318.74,0.03,2025-08-12
4256,117,80,9,939.07,0.17,2024-06-08
4257,293,54,10,3539.59,0.06,2024-09-10
4258,260,39,4,890.76,0.21,2024-10-17
4259,73,19,5,3740.53,0.23,2024-05-02
4260,205,45,1,1235.41,0.11,2024-08-06
4261,24,32,4,657.3,0.29,2024-04-19
4262,54,4,1,4835.93,0.0,2024-05-05
4263,143,56,4,2628.6,0.09,2024-12-22
4264,238,63,8,2707.99,0.03,2025-03-26
4265,177,12,1,2756.81,0.25,2025-06-08
4266,185,71,10,3206.11,0.12,2025-04-15
4267,111,68,5,1437.54,0.28,2024-12-21
4268,65,2,8,1601.6,0.01,2025-08-21
4269,252,68,8,1889.72,0.18,2025-06-14
4270,278,28,1,2943.35,0.21,2024-10-03
4271,281,98,3,3877.18,0.15,2024-03-16
4272,197,86,8,55.13,0.0,2025-02-04
4273,123,98,6,4056.67,0.05,2024-12-07
4274,244,88,6,3395.52,0.19,2024-10-03
4275,176,74,8,193.86,0.18,2024-03-09
4276,124,3,7,4707.67,0.09,2024-10-25
4277,119,35,3,4130.63,0.23,2025-05-09
4278,10,59,2,2263.93,0.17,2025-03-31
4279,93,24,10,545.75,0.1,2024-03-30
4280,23,63,10,3434.6,0.28,2024-05-10
4281,50,20,7,4376.79,0.2,2024-07-18
4282,208,33,2,700.15,0.09,2024-07-09
4283,212,3,3,3053.05,0.14,2024-10-26
4284,75,76,8,2590.39,0.1,2025-02-20
4285,54,49,5,4101.84,0.22,2025-02-06
4286,37,70,4,4365.54,0.01,2024-02-09
4287,292,3,8,1142.93,0.3,2024-08-22
4288,21,81,8,1143.64,0.24,2025-03-06
4289,300,45,4,2625.15,0.11,2024-08-31
4290,297,37,2,3996.48,0.27,2024-12-11
4291,258,66,10,2595.86,0.26,2024-10-08
4292,134,29,6,4899.84,0.22,2025-05-24
4293,21,63,10,883.83,0.23,2024-04-12
4294,209,19,1,1538.33,0.21,2025-01-22
4295,11,14,3,3672.17,0.05,2024-07-20
4296,276,35,6,502.77,0.13,2024-04-03
4297,84,88,8,2691.45,0.08,2024-08-22
4298,215,23,5,4979.03,0.02,2024-11-08
4299,32,30,10,1727.61,0.22,2025-03-21
4300,152,36,8,1989.94,0.18,2025-02-03
4301,205,29,6,3512.39,0.2,2025-08-13
4302,146,81,5,2510.51,0.06,2024-08-02
4303,166,59,6,3531.24,0.01,2024-05-17
4304,265,1,2,441.28,0.21,2024-11-21
4305,216,51,7,2830.75,0.01,2025-04-22
4306,59,51,3,1959.9,0.28,2024-04-02
4307,278,51,3,3701.91,0.21,2025-03-15
4308,113,3,3,696.23,0.0,2025-03-09
4309,138,76,4,1200.56,0.23,2025-08-16
4310,7,75,7,4482.11,0.26,2024-09-14
4311,267,52,9,3033.0,0.0,2024-11-14
4312,21,43,9,640.23,0.23,2024-05-17
4313,43,26,5,2537.56,0.05,2025-03-31
4314,154,64,7,751.52,0.2,2024-09-16
4315,132,29,5,1288.17,0.15,2024-01-04
4316,98,63,7,1652.2,0.02,2025-05-04
4317,35,57,1,2905.77,0.19,2024-04-18
4318,65,82,1,1604.23,0.12,2024-09-04
4319,6,11,8,525.65,0.14,2025-05-03
4320,23,32,2,4242.01,0.02,2025-03-26
4321,108,42,1,1408.72,0.21,2024-11-22
4322,241,36,4,633.84,0.04,2024-02-26
4323,142,22,7,830.06,0.15,2025-08-22
4324,220,43,7,4824.92,0.2,2024-08-27
4325,85,30,4,1502.5,0.2,2024-12-12
4326,94,24,2,1037.75,0.11,2024-05-21
4327,70,43,7,326.29,0.12,2024-03-20
4328,61,74,4,4462.49,0.26,2024-01-03
4329,227,48,9,3862.51,0.1,2024-01-29
4330,242,73,6,2433.28,0.18,2024-07-10
4331,16,4,5,3785.6,0.23,2025-07-01
4332,252,4,3,663.13,0.2,2024-12-25
4333,196,86,3,3748.41,0.28,2024-02-19
4334,258,22,5,740.3,0.12,2024-07-07
4335,110,13,3,4609.79,0.25,2025-07-27
4336,218,91,7,76.68,0.02,2024-05-17
4337,96,97,3,4962.22,0.14,2025-01-12
4338,285,56,2,1560.03,0.04,2024-03-28
4339,295,3,5,3256.27,0.16,2025-04-05
4340,160,64,7,347.16,0.27,2024-05-08
4341,296,2,5,2728.22,0.07,2024-02-28
4342,51,67,9,4357.89,0.0,2024-07-02
4343,154,61,8,1308.72,0.25,2024-05-24
4344,67,1,7,3202.25,0.09,2025-05-28
4345,234,47,9,2225.23,0.23,2024-12-14
4346,9,75,4,682.88,0.11,2024-04-22
4347,187,92,1,791.65,0.03,2025-05-20
4348,174,52,5,4579.24,0.18,2024-07-29
4349,240,48,7,4241.41,0.03,2025-05-16
4350,36,5,9,2195.85,0.06,2024-03-15
4351,122,22,8,1442.64,0.23,2024-06-12
4352,240,15,5,152.41,0.29,2025-08-05
4353,10,5,7,3459.18,0.29,2025-01-08
4354,183,38,3,2144.22,0.29,2025-01-18
4355,98,17,8,2745.0,0.22,2024-02-08
4356,256,19,10,2227.68,0.16,2024-05-21
4357,294,46,8,1306.54,0.02,2025-07-09
4358,194,41,1,3100.05,0.04,2024-12-04
4359,158,55,8,2330.57,0.25,2025-05-16
4360,111,85,1,751.53,0.04,2024-08-28
4361,180,23,9,1484.33,0.21,2024-01-25
4362,159,40,9,1983.51,0.27,2024-10-29
4363,260,59,2,3757.62,0.21,2024-05-20
4364,10,33,1,1058.09,0.15,2025-07-03
4365,232,28,5,48.91,0.19,2024-08-08
4366,190,17,10,3806.93,0.01,2024-10-22
4367,113,51,10,3073.55,0.06,2025-07-12
4368,151,54,6,1488.32,0.17,2024-05-05
4369,157,2,5,2845.25,0.23,2025-06-02
4370,54,21,2,444.28,0.14,2025-03-10
4371,36,72,9,94.43,0.25,2024-05-19
4372,282,29,7,2650.47,0.13,2024-09-29
4373,53,71,9,4296.36,0.19,2024-10-14
4374,192,80,4,198.93,0.11,2024-11-17
4375,184,39,7,4602.01,0.0,2024-02-22
4376,167,26,1,808.25,0.21,2024-02-09
4377,4,60,10,1442.06,0.3,2025-05-01
4378,193,74,9,1777.63,0.22,2024-10-08
4379,132,59,1,1700.4,0.27,2024-09-22
4380,214,19,9,4609.83,0.07,2024-05-20
4381,207,63,6,3952.3,0.19,2024-01-22
4382,208,15,5,602.37,0.1,2024-07-05
4383,220,13,8,1896.68,0.11,2024-05-05
4384,139,94,3,800.69,0.26,2025-01-07
4385,288,27,6,2692.06,0.2,2025-03-12
4386,67,49,3,3828.59,0.29,2025-05-13
4387,21,54,8,2661.71,0.15,2024-10-31
4388,71,98,6,4223.26,0.13,2024-09-17
4389,145,7,2,1846.58,0.28,2025-04-12
4390,188,16,5,3943.81,0.25,2024-05-22
4391,10,42,6,2743.4,0.21,2024-05-22
4392,43,47,5,43.28,0.24,2025-06-11
4393,115,9,5,4201.49,0.09,2025-06-19
4394,184,12,1,3210.25,0.21,2025-04-18
4395,23,28,10,2880.01,0.29,2024-07-24
4396,215,13,2,3130.5,0.2,2025-08-20
4397,47,55,8,4051.23,0.05,2024-10-17
4398,141,31,6,474.26,0.01,2024-07-17
4399,274,60,3,3461.01,0.28,2025-06-22
4400,16,13,1,2561.83,0.07,2025-06-03
4401,150,18,10,2458.41,0.05,2024-07-06
4402,103,17,9,2869.24,0.09,2025-02-12
4403,27,65,6,2909.3,0.07,2024-03-10
4404,37,45,7,757.78,0.1,2024-12-24
4405,120,24,1,1256.74,0.27,2024-10-26
4406,202,61,9,2331.4,0.16,2024-03-26
4407,85,63,7,1206.37,0.13,2024-06-16
4408,115,80,5,1404.5,0.29,2024-02-28
4409,178,34,2,4910.02,0.19,2025-05-07
4410,196,100,3,1728.53,0.23,2025-01-19
4411,126,38,5,3814.45,0.06,2025-07-21
4412,53,99,7,3725.49,0.19,2025-08-08
4413,131,80,3,1849.45,0.2,2024-11-13
4414,237,78,10,2705.53,0.07,2025-06-11
4415,182,9,3,4807.23,0.01,2024-10-24
4416,175,33,7,2028.51,0.16,2025-01-27
4417,175,8,5,3212.6,0.18,2024-02-21
4418,112,44,7,3868.55,0.3,2024-09-17
4419,256,27,2,3324.01,0.11,2024-06-25
4420,88,67,8,4632.43,0.29,2024-03-08
4421,118,72,8,3151.57,0.1,2025-07-05
4422,248,39,6,1090.9,0.24,2024-04-19
4423,289,35,5,1233.57,0.14,2024-05-23
4424,203,24,6,4570.5,0.26,2025-06-04
4425,11,18,2,4004.12,0.18,2024-05-13
4426,244,15,9,1786.91,0.08,2024-01-04
4427,79,50,3,2209.03,0.28,2025-02-22
4428,210,79,5,1779.84,0.03,2024-08-03
4429,125,84,5,1564.61,0.15,2025-07-03
4430,183,92,3,3401.88,0.22,2024-12-21
4431,14,22,1,3571.22,0.11,2024-02-08
4432,132,6,5,191.53,0.28,2024-10-21
4433,36,17,9,2973.63,0.25,2025-05-27
4434,222,58,2,2362.54,0.0,2024-04-11
4435,68,21,2,600.48,0.29,2024-11-07
4436,33,91,7,784.77,0.11,2025-06-03
4437,205,46,9,1093.35,0.03,2024-03-14
4438,152,1,4,139.24,0.2,2024-01-11
4439,164,7,9,4694.9,0.19,2024-03-25
4440,244,31,10,4582.35,0.06,2024-05-06
4441,56,84,8,3830.99,0.15,2024-12-24
4442,9,94,10,1101.16,0.05,2024-10-24
4443,117,31,7,877.41,0.19,2024-05-20
4444,197,11,3,2615.72,0.0,2024-04-22
4445,129,5,7,3636.69,0.27,2025-06-06
4446,250,49,1,128.58,0.09,2025-03-25
4447,164,36,5,3382.34,0.03,2025-07-27
4448,256,87,10,2214.59,0.24,2024-06-26
4449,167,14,7,2450.0,0.28,2024-12-24
4450,3,16,8,611.1,0.07,2025-06-02
4451,179,21,4,1621.72,0.18,2024-07-02
4452,84,100,6,3659.04,0.05,2024-09-09
4453,70,37,10,1272.04,0.19,2025-08-14
4454,237,62,1,2975.18,0.17,2025-05-25
4455,265,42,5,234.04,0.29,2025-01-01
4456,158,93,5,2819.0,0.22,2024-01-09
4457,95,92,9,846.06,0.28,2024-11-04
4458,290,85,8,4553.23,0.07,2024-12-10
4459,43,36,2,2265.02,0.02,2024-05-21
4460,13,63,8,1927.51,0.24,2024-10-02
4461,2,47,6,724.11,0.29,2024-03-01
4462,140,12,10,2828.36,0.04,2025-01-19
4463,216,63,7,1189.69,0.15,2025-03-21
4464,226,97,7,2865.42,0.26,2024-06-16
4465,49,4,9,2063.07,0.06,2024-07-17
4466,234,33,1,2719.01,0.25,2024-01-13
4467,275,100,2,3393.8,0.28,2024-03-11
4468,91,71,2,1821.21,0.25,2025-04-24
4469,81,56,4,289.87,0.21,2024-01-08
4470,262,53,7,1676.85,0.09,2024-08-02
4471,285,41,4,1963.65,0.02,2024-04-05
4472,184,11,6,238.57,0.28,2025-07-23
4473,104,6,9,2745.92,0.01,2025-07-25
4474,277,33,6,4283.9,0.27,2024-05-03
4475,209,86,4,2377.24,0.22,2024-08-09
4476,52,4,6,728.75,0.2,2025-05-12
4477,223,23,6,4827.03,0.27,2025-06-07
4478,243,18,2,119.21,0.25,2025-05-01
4479,174,90,4,1549.77,0.0,2025-02-10
4480,132,1,6,1043.3,0.04,2024-07-07
4481,220,72,9,2351.17,0.03,2024-09-07
4482,45,87,10,3985.22,0.21,2024-11-09
4483,243,93,3,2304.26,0.1,2024-07-21
4484,268,2,2,1109.34,0.08,2024-12-16
4485,184,18,8,4900.3,0.11,2024-05-21
4486,128,8,7,4680.34,0.28,2024-03-27
4487,118,93,5,2527.18,0.21,2024-02-23
4488,74,43,9,4051.66,0.02,2025-04-08
4489,146,23,7,478.46,0.02,2024-08-15
4490,298,58,8,1795.15,0.01,2025-07-07
4491,70,64,4,3417.59,0.3,2024-10-07
4492,252,53,3,1006.58,0.27,2025-02-25
4493,290,88,3,1598.35,0.2,2025-02-26
4494,160,18,1,1743.41,0.08,2024-04-09
4495,34,4,10,2096.95,0.26,2024-11-08
4496,186,42,6,3584.37,0.28,2025-03-24
4497,1,35,2,3287.62,0.08,2024-11-09
4498,257,93,8,1936.25,0.26,2025-05-15
4499,233,15,10,3678.46,0.2,2025-07-07
4500,245,68,7,3291.49,0.25,2025-03-25
4501,268,69,8,1148.0,0.2,2025-06-14
4502,229,69,8,257.94,0.14,2024-02-20
4503,196,8,1,3700.53,0.12,2025-03-29
4504,283,91,8,1658.04,0.2,2024-12-22
4505,135,32,5,4324.36,0.13,2025-01-16
4506,78,11,7,3326.58,0.18,2024-11-02
4507,166,85,5,2029.37,0.01,2024-08-06
4508,80,46,2,3088.46,0.22,2025-08-20
4509,170,44,10,3798.93,0.27,2025-05-28
4510,284,5,9,1391.37,0.22,2025-04-05
4511,144,50,7,4050.96,0.2,2024-05-01
4512,48,51,4,3403.12,0.13,2024-08-04
4513,133,95,5,3917.33,0.08,2025-03-23
4514,58,49,4,2834.37,0.1,2024-10-31
4515,210,67,1,3138.53,0.27,2024-05-17
4516,160,100,7,1804.48,0.13,2024-04-25
4517,83,98,3,167.15,0.13,2024-02-01
4518,277,31,8,4156.4,0.18,2024-02-11
4519,61,20,2,2876.17,0.19,2025-05-17
4520,290,89,2,4776.31,0.17,2024-01-23
4521,269,45,6,2874.38,0.03,2024-01-29
4522,111,32,10,2922.88,0.16,2024-05-22
4523,96,88,6,2548.73,0.23,2025-05-31
4524,242,63,8,4768.36,0.27,2024-10-21
4525,68,80,7,1141.13,0.21,2024-01-31
4526,31,95,4,4460.58,0.11,2024-05-31
4527,262,15,1,2958.79,0.26,2025-08-13
4528,233,67,9,4428.16,0.05,2024-11-11
4529,269,50,5,3452.25,0.26,2025-04-27
4530,195,42,2,4325.31,0.19,2024-03-29
4531,34,48,2,4784.06,0.12,2024-06-02
4532,299,62,8,3410.81,0.12,2024-08-30
4533,196,94,1,4150.39,0.2,2024-12-09
4534,133,55,4,1190.86,0.13,2024-05-03
4535,163,93,10,4084.16,0.0,2024-12-05
4536,184,86,6,4040.89,0.27,2025-05-21
4537,221,27,5,375.75,0.07,2024-12-13
4538,237,41,3,1517.04,0.11,2025-05-11
4539,180,80,2,522.8,0.17,2024-07-26
4540,184,92,2,457.72,0.1,2025-05-31
4541,280,39,4,4075.3,0.25,2025-06-14
4542,186,69,6,4212.21,0.2,2024-06-05
4543,239,94,7,176.74,0.07,2025-03-01
4544,52,79,1,3865.39,0.12,2025-02-05
4545,174,19,3,2961.45,0.16,2024-05-05
4546,114,31,1,3093.03,0.29,2025-02-20
4547,290,5,4,4805.54,0.12,2024-08-14
4548,287,97,8,3098.79,0.24,2025-06-24
4549,285,25,1,407.38,0.14,2025-08-04
4550,300,39,7,305.13,0.08,2025-04-15
4551,174,90,1,3146.14,0.28,2024-09-27
4552,187,64,8,434.39,0.12,2025-06-12
4553,57,4,2,3400.14,0.05,2024-07-25
4554,153,100,8,715.35,0.05,2025-04-29
4555,85,93,4,482.64,0.04,2024-06-04
4556,126,44,5,1762.15,0.28,2024-04-16
4557,162,15,2,1054.43,0.03,2024-06-03
4558,36,59,4,4088.28,0.07,2024-09-08
4559,45,32,10,1247.7,0.17,2024-05-12
4560,90,77,3,3082.33,0.08,2024-02-07
4561,197,2,4,1437.85,0.26,2025-02-25
4562,145,37,8,1144.84,0.26,2025-03-18
4563,242,45,8,1315.02,0.23,2024-08-20
4564,287,65,7,4301.03,0.24,2024-08-31
4565,69,87,3,1928.01,0.03,2024-08-22
4566,49,70,3,1110.19,0.3,2024-12-20
4567,90,77,7,4744.33,0.06,2024-11-27
4568,43,79,4,3362.02,0.25,2024-04-25
4569,281,91,2,1214.86,0.08,2025-06-26
4570,208,31,10,4873.18,0.03,2025-08-18
4571,108,74,4,4833.78,0.12,2024-01-13
4572,57,47,10,2798.61,0.0,2024-12-08
4573,75,67,3,2781.74,0.27,2025-04-28
4574,153,53,10,187.08,0.2,2024-02-07
4575,254,30,10,1840.06,0.12,2024-01-22
4576,79,74,5,3289.49,0.12,2025-04-15
4577,58,17,2,3232.85,0.2,2024-01-25
4578,156,36,3,3404.95,0.23,2025-05-10
4579,164,74,1,2289.63,0.01,2025-04-16
4580,243,34,6,967.13,0.22,2025-08-09
4581,228,71,9,2825.87,0.26,2024-03-10
4582,251,20,8,3692.28,0.01,2024-06-28
4583,64,27,6,2499.54,0.06,2024-09-16
4584,125,33,10,759.26,0.07,2025-08-12
4585,124,38,3,1889.83,0.16,2024-06-05
4586,217,100,4,3114.87,0.29,2025-05-02
4587,70,26,9,3640.6,0.2,2025-01-03
4588,90,77,5,1031.32,0.3,2024-09-19
4589,21,81,9,1692.62,0.25,2025-06-23
4590,69,64,4,397.0,0.23,2025-07-15
4591,50,96,7,688.86,0.04,2025-02-08
4592,102,34,8,4621.22,0.06,2025-05-12
4593,276,2,5,4040.92,0.11,2025-05-29
4594,199,57,9,1933.43,0.04,2024-03-24
4595,261,62,3,3302.93,0.18,2024-05-11
4596,214,76,3,1515.57,0.22,2024-05-20
4597,266,16,6,797.72,0.21,2025-04-22
4598,162,22,8,3211.35,0.03,2025-01-10
4599,55,85,6,1584.63,0.26,2024-08-11
4600,127,66,5,214.1,0.03,2024-08-05
4601,164,28,1,4849.15,0.23,2025-06-22
4602,113,97,8,3324.64,0.24,2024-12-20
4603,137,33,1,1589.38,0.27,2024-03-13
4604,267,58,4,2874.83,0.06,2025-05-20
4605,38,12,10,901.37,0.07,2024-08-26
4606,209,72,4,3981.3,0.29,2025-01-05
4607,136,93,9,1574.92,0.04,2024-06-03
4608,66,68,10,2499.03,0.13,2025-06-30
4609,252,60,7,4476.7,0.25,2025-01-12
4610,142,2,1,1876.7,0.21,2024-12-27
4611,206,85,7,3166.02,0.2,2025-05-19
4612,217,98,6,3349.89,0.26,2024-01-04
4613,188,18,5,2762.77,0.12,2024-04-01
4614,159,52,3,1415.24,0.13,2024-07-07
4615,117,39,4,3675.49,0.24,2024-04-23
4616,278,87,3,360.57,0.28,2025-03-10
4617,55,95,1,2862.32,0.29,2025-03-11
4618,31,56,10,2325.37,0.0,2024-03-13
4619,233,48,9,3938.3,0.04,2024-05-20
4620,233,69,3,2249.46,0.03,2025-04-23
4621,115,39,3,378.43,0.04,2024-07-27
4622,87,94,6,1781.05,0.13,2024-02-18
4623,8,42,4,2274.81,0.28,2024-03-30
4624,38,32,4,2905.59,0.08,2024-06-02
4625,5,98,2,1699.31,0.1,2024-03-28
4626,285,34,2,2649.16,0.15,2025-04-16
4627,17,37,1,2525.65,0.23,2025-02-03
4628,7,71,2,2229.36,0.0,2024-08-11
4629,170,4,3,3672.36,0.15,2024-12-14
4630,177,6,1,87.48,0.02,2025-05-01
4631,247,72,2,3533.84,0.28,2024-06-12
4632,162,25,8,2254.24,0.12,2024-06-25
4633,73,31,1,2319.38,0.04,2024-05-08
4634,296,73,4,1204.64,0.19,2024-04-15
4635,234,57,6,990.97,0.18,2024-05-02
4636,76,85,4,2850.58,0.25,2024-11-30
4637,68,16,8,2665.21,0.22,2025-07-27
4638,119,28,10,2726.55,0.12,2025-05-05
4639,89,39,5,4373.66,0.09,2024-05-04
4640,212,54,2,3350.29,0.01,2024-03-10
4641,24,52,4,4531.57,0.07,2024-02-02
4642,258,32,10,1673.31,0.06,2024-04-03
4643,174,24,2,2789.83,0.24,2024-11-30
4644,256,59,3,3898.9,0.08,2024-04-10
4645,282,72,1,4981.68,0.19,2024-12-19
4646,255,87,4,2186.98,0.02,2024-01-28
4647,24,48,3,4913.53,0.08,2024-11-14
4648,80,12,2,3900.6,0.02,2025-04-09
4649,175,82,10,4574.14,0.03,2024-01-05
4650,246,29,8,2756.18,0.16,2024-10-27
4651,120,17,1,2094.45,0.06,2025-04-10
4652,185,41,10,4017.79,0.24,2025-06-25
4653,152,42,8,3093.77,0.1,2024-05-15
4654,260,76,2,2934.13,0.18,2024-11-15
4655,274,67,7,3305.1,0.08,2024-10-06
4656,241,13,5,3505.73,0.08,2024-03-02
4657,202,96,5,304.45,0.2,2025-04-06
4658,51,7,6,3267.41,0.08,2024-08-24
4659,213,36,8,3159.41,0.22,2024-03-03
4660,150,58,3,1648.91,0.11,2024-06-17
4661,80,30,8,3557.37,0.07,2024-01-30
4662,225,71,8,320.85,0.23,2024-09-09
4663,124,20,5,830.2,0.12,2025-01-11
4664,142,8,5,1937.56,0.13,2024-09-14
4665,49,83,10,3220.37,0.11,2024-12-06
4666,124,4,9,626.0,0.24,2024-07-23
4667,294,59,4,2259.21,0.27,2024-09-26
4668,106,34,10,3219.18,0.14,2024-07-14
4669,193,95,7,1807.07,0.13,2025-04-30
4670,132,22,7,2198.06,0.05,2024-06-13
4671,175,81,7,1425.38,0.08,2025-05-22
4672,209,35,5,4215.75,0.04,2024-12-05
4673,148,10,3,141.77,0.18,2024-10-08
4674,103,47,10,2160.98,0.26,2024-11-07
4675,284,53,8,3841.71,0.1,2024-06-15
4676,240,76,4,4661.02,0.28,2024-01-01
4677,93,1,10,2609.23,0.11,2024-11-29
4678,230,22,9,1074.17,0.19,2024-01-27
4679,213,93,7,1707.39,0.26,2024-02-29
4680,262,72,8,4098.74,0.16,2024-08-13
4681,1,79,5,4539.24,0.2,2024-10-15
4682,161,80,3,1391.5,0.03,2024-04-03
4683,151,71,8,4854.59,0.07,2025-04-03
4684,176,50,8,2865.57,0.19,2024-11-18
4685,300,40,1,250.19,0.09,2025-08-07
4686,270,68,4,2481.33,0.03,2024-07-22
4687,44,20,5,1285.9,0.04,2025-03-14
4688,199,30,9,1464.25,0.23,2025-05-19
4689,121,63,10,2512.68,0.27,2025-06-03
4690,46,29,3,567.73,0.17,2024-03-19
4691,142,64,7,1189.95,0.14,2024-09-01
4692,116,49,6,3563.67,0.21,2024-02-09
4693,108,90,3,4998.66,0.07,2024-08-17
4694,69,9,6,4123.66,0.21,2024-04-17
4695,208,91,3,538.6,0.29,2025-05-31
4696,5,10,6,214.6,0.08,2025-08-16
4697,169,17,6,1321.8,0.0,2025-01-07
4698,14,34,6,1209.81,0.2,2024-04-11
4699,109,19,1,4097.14,0.08,2024-05-28
4700,158,56,10,4003.79,0.05,2025-08-18
4701,166,13,7,262.19,0.03,2024-09-18
4702,83,33,8,799.38,0.26,2024-03-29
4703,64,77,10,3639.83,0.08,2024-10-08
4704,54,74,5,2436.67,0.21,2024-05-20
4705,297,88,3,1169.2,0.21,2025-06-30
4706,132,84,6,673.7,0.18,2024-04-22
4707,51,1,6,4667.32,0.28,2024-07-11
4708,60,47,1,1814.87,0.22,2024-10-20
4709,186,55,10,1827.39,0.23,2025-02-09
4710,215,64,1,771.05,0.08,2025-04-26
4711,74,83,3,917.82,0.04,2024-07-05
4712,183,24,1,2272.97,0.12,2025-01-16
4713,252,41,9,4764.25,0.07,2025-01-23
4714,285,65,4,1015.78,0.22,2025-03-18
4715,198,15,7,2211.24,0.14,2024-04-18
4716,174,36,3,2835.56,0.26,2025-07-13
4717,300,7,5,1315.26,0.04,2025-08-03
4718,286,84,7,2735.97,0.1,2024-08-26
4719,263,79,1,2087.34,0.0,2024-04-08
4720,148,61,6,898.86,0.27,2025-06-28
4721,168,60,6,3938.74,0.16,2025-04-15
4722,27,82,4,3477.64,0.26,2024-05-19
4723,238,46,10,4165.32,0.3,2024-05-19
4724,230,31,2,4240.77,0.06,2025-03-05
4725,150,87,3,515.48,0.07,2024-08-25
4726,17,93,1,2794.06,0.06,2024-12-12
4727,213,45,10,2044.31,0.27,2024-03-29
4728,60,38,5,2563.86,0.16,2025-07-04
4729,148,90,4,1995.9,0.24,2025-06-15
4730,204,3,6,3533.06,0.18,2025-05-31
4731,86,3,10,1981.68,0.24,2025-08-06
4732,207,66,9,2575.77,0.27,2024-11-27
4733,49,40,3,757.03,0.19,2024-08-11
4734,186,44,3,3226.89,0.07,2025-02-05
4735,183,12,9,2704.41,0.04,2024-05-16
4736,145,26,6,3939.71,0.27,2024-02-28
4737,57,73,6,2618.35,0.08,2025-05-05
4738,236,33,4,3167.3,0.05,2024-11-23
4739,80,51,8,2344.43,0.12,2024-05-09
4740,295,8,10,3484.2,0.13,2024-11-10
4741,273,65,7,2024.17,0.22,2025-06-07
4742,212,35,8,863.33,0.03,2025-07-16
4743,272,49,5,1273.39,0.29,2024-09-25
4744,272,11,8,2903.09,0.19,2025-08-10
4745,59,34,3,2698.58,0.28,2024-01-01
4746,273,90,2,4709.24,0.27,2025-01-05
4747,276,74,7,484.3,0.15,2025-06-28
4748,190,66,9,388.87,0.17,2025-07-05
4749,132,81,1,925.56,0.19,2025-01-17
4750,178,14,7,1043.53,0.02,2024-09-15
4751,140,100,4,21.55,0.21,2024-10-17
4752,114,48,5,2953.8,0.03,2024-08-20
4753,281,29,10,3655.21,0.08,2025-01-01
4754,204,31,5,4093.96,0.05,2024-06-30
4755,296,71,8,4596.77,0.14,2024-06-16
4756,174,35,9,2906.38,0.18,2025-01-28
4757,287,22,9,536.32,0.25,2024-08-07
4758,272,22,6,3884.76,0.2,2024-01-30
4759,45,24,8,3371.24,0.13,2024-06-10
4760,284,96,4,1163.24,0.01,2024-06-14
4761,147,18,4,4502.14,0.07,2025-06-18
4762,164,28,4,4788.32,0.23,2024-09-22
4763,238,50,8,3654.82,0.14,2024-11-12
4764,40,61,10,2947.38,0.09,2024-07-10
4765,22,29,8,1007.86,0.19,2024-01-07
4766,186,75,10,2292.76,0.25,2024-05-03
4767,65,54,10,3837.18,0.05,2025-05-18
4768,200,69,7,1053.65,0.14,2024-10-07
4769,39,6,6,2145.93,0.2,2024-04-15
4770,191,23,8,1641.03,0.3,2024-10-24
4771,224,61,7,2164.2,0.01,2025-07-18
4772,98,20,7,286.04,0.15,2024-08-21
4773,202,2,3,620.86,0.25,2025-02-18
4774,267,100,5,555.79,0.17,2024-05-24
4775,24,24,4,150.29,0.21,2025-05-05
4776,93,60,10,3738.39,0.21,2024-05-04
4777,165,2,7,2136.39,0.17,2024-11-03
4778,176,100,7,1598.04,0.12,2024-01-12
4779,55,5,5,4046.78,0.13,2024-09-08
4780,196,82,7,4043.75,0.12,2025-03-31
4781,213,45,2,4471.63,0.28,2024-04-27
4782,55,81,10,2885.92,0.14,2025-06-17
4783,139,83,4,2282.73,0.09,2025-05-05
4784,121,22,7,425.79,0.11,2024-03-15
4785,233,28,1,4068.76,0.1,2024-01-28
4786,273,11,3,2394.82,0.18,2025-02-27
4787,182,23,4,4539.2,0.08,2025-04-09
4788,149,19,1,1697.34,0.11,2025-07-29
4789,260,31,9,167.82,0.08,2024-10-20
4790,45,82,6,3947.64,0.16,2024-09-20
4791,169,91,7,4367.76,0.1,2025-07-07
4792,35,20,8,2675.75,0.28,2025-05-16
4793,141,29,3,306.79,0.07,2024-12-11
4794,174,81,1,1251.89,0.06,2024-03-25
4795,282,70,8,1086.21,0.29,2024-05-10
4796,163,17,2,2996.6,0.12,2025-01-31
4797,286,80,1,912.62,0.04,2025-04-06
4798,170,3,1,212.26,0.06,2025-06-20
4799,216,86,1,4874.39,0.27,2024-03-11
4800,270,26,2,3824.35,0.2,2024-09-05
4801,222,68,6,1305.36,0.17,2024-01-01
4802,228,51,5,4367.93,0.05,2024-12-26
4803,232,69,10,2850.77,0.01,2025-06-29
4804,43,33,1,2007.96,0.05,2025-07-29
4805,156,9,1,3510.62,0.24,2024-10-04
4806,220,12,7,2159.68,0.29,2024-07-05
4807,291,36,6,4628.49,0.26,2025-03-28
4808,228,22,7,4598.29,0.09,2024-03-27
4809,44,48,2,3056.67,0.29,2024-07-17
4810,36,13,7,3912.64,0.14,2025-01-27
4811,188,15,8,2268.92,0.21,2024-01-15
4812,17,84,3,531.07,0.13,2024-09-16
4813,103,21,7,4289.24,0.2,2024-06-24
4814,33,81,4,4040.92,0.11,2024-10-04
4815,149,96,5,1907.56,0.09,2024-10-14
4816,66,35,6,1114.76,0.3,2024-02-28
4817,214,13,10,439.24,0.08,2024-12-15
4818,143,77,9,2059.15,0.02,2024-08-10
4819,102,65,1,3252.74,0.07,2024-02-17
4820,275,85,6,1358.28,0.09,2024-12-29
4821,208,1,10,2179.97,0.11,2024-05-08
4822,57,42,10,3962.85,0.21,2025-05-10
4823,235,15,2,4924.71,0.19,2025-06-25
4824,124,44,5,2956.04,0.23,2025-02-15
4825,284,12,9,2622.48,0.14,2025-06-07
4826,237,87,4,1031.34,0.09,2024-10-07
4827,270,59,1,3703.44,0.15,2024-02-26
4828,120,24,8,3156.56,0.04,2024-03-14
4829,156,37,8,2018.08,0.24,2024-03-28
4830,50,1,10,4677.34,0.12,2024-10-03
4831,147,11,10,1023.0,0.01,2024-02-20
4832,149,19,10,1968.68,0.04,2024-09-02
4833,261,42,2,1890.55,0.23,2024-02-14
4834,70,73,6,1515.44,0.05,2024-10-21
4835,241,90,6,4762.93,0.26,2024-09-29
4836,217,76,10,4325.65,0.14,2025-01-11
4837,151,53,4,2774.76,0.27,2024-04-18
4838,44,71,3,4889.5,0.26,2024-10-02
4839,280,97,1,3823.52,0.18,2024-10-13
4840,250,15,10,3449.95,0.05,2024-10-14
4841,130,47,4,4675.64,0.16,2024-11-28
4842,152,1,4,3484.42,0.02,2025-01-10
4843,179,55,2,4322.07,0.14,2024-07-04
4844,214,30,4,2233.9,0.17,2024-01-30
4845,32,61,1,3717.6,0.08,2024-06-15
4846,298,99,8,2307.43,0.11,2024-12-22
4847,106,99,6,4354.02,0.29,2024-09-22
4848,235,30,6,2547.38,0.15,2025-04-12
4849,133,49,9,4693.21,0.18,2024-06-18
4850,8,23,10,328.67,0.29,2024-04-01
4851,57,23,3,3898.02,0.14,2024-09-30
4852,19,68,2,2583.83,0.23,2025-08-12
4853,112,37,9,3140.16,0.29,2024-05-31
4854,239,26,8,2217.77,0.0,2024-05-30
4855,202,33,1,140.3,0.26,2024-04-08
4856,162,21,2,2907.65,0.05,2025-04-02
4857,252,39,5,1564.42,0.07,2024-12-28
4858,181,63,4,788.34,0.02,2025-04-28
4859,171,86,5,3083.22,0.02,2024-06-20
4860,110,94,5,3029.62,0.18,2024-09-11
4861,151,25,2,1846.25,0.02,2024-11-27
4862,152,95,2,1121.58,0.23,2024-11-17
4863,98,71,9,2252.05,0.02,2025-03-01
4864,255,90,2,4783.67,0.24,2024-07-06
4865,169,39,7,407.87,0.08,2024-02-09
4866,25,46,2,2444.32,0.11,2024-09-12
4867,44,70,3,3744.34,0.28,2024-12-17
4868,218,19,5,3572.09,0.28,2025-07-06
4869,196,26,7,4485.7,0.04,2025-07-07
4870,10,45,7,2523.17,0.08,2025-08-11
4871,30,95,2,1104.3,0.2,2025-03-01
4872,238,62,1,492.0,0.11,2024-03-08
4873,101,5,10,649.54,0.03,2025-07-11
4874,178,9,9,2589.67,0.23,2024-07-08
4875,269,74,4,2502.84,0.05,2024-06-06
4876,259,4,4,665.18,0.08,2024-05-14
4877,266,66,6,2213.39,0.09,2024-11-11
4878,107,45,8,2963.53,0.26,2024-02-24
4879,227,30,9,730.43,0.22,2025-01-14
4880,151,53,4,457.4,0.07,2025-05-26
4881,259,66,6,1625.45,0.2,2025-04-29
4882,206,53,2,4418.74,0.21,2025-08-05
4883,206,100,8,2502.62,0.2,2025-04-23
4884,15,5,1,4758.3,0.06,2025-01-28
4885,104,88,8,4339.72,0.15,2025-04-28
4886,178,39,6,2589.81,0.05,2024-11-04
4887,114,60,6,978.16,0.06,2025-05-05
4888,193,62,8,2618.74,0.23,2024-11-16
4889,88,46,8,28.58,0.3,2025-04-13
4890,233,30,8,2802.94,0.23,2024-09-16
4891,192,93,10,689.52,0.0,2024-04-02
4892,83,66,3,4466.56,0.09,2024-06-07
4893,71,41,7,4575.17,0.0,2024-12-15
4894,46,33,2,1515.43,0.11,2024-02-02
4895,51,77,9,2768.63,0.22,2025-04-27
4896,264,30,6,1879.29,0.16,2025-03-14
4897,16,55,5,2933.91,0.1,2024-04-29
4898,169,64,2,4579.53,0.21,2025-01-20
4899,242,12,1,519.3,0.12,2025-03-31
4900,41,24,3,546.85,0.04,2025-01-13
4901,283,5,2,2912.68,0.14,2025-01-23
4902,165,99,1,3451.64,0.22,2025-02-17
4903,50,5,5,4261.04,0.08,2024-02-29
4904,299,81,5,1265.04,0.14,2025-02-14
4905,152,70,2,1113.74,0.12,2024-04-08
4906,20,4,2,3561.16,0.26,2024-11-06
4907,260,36,5,2885.81,0.05,2024-04-27
4908,100,75,10,2732.08,0.06,2025-01-17
4909,252,30,8,3528.11,0.1,2025-04-30
4910,292,14,10,2441.57,0.03,2024-10-24
4911,226,85,10,2831.04,0.16,2024-09-01
4912,181,94,6,2399.34,0.12,2024-11-24
4913,269,3,6,718.58,0.26,2025-08-09
4914,30,80,3,764.31,0.29,2024-05-13
4915,67,26,2,3401.66,0.23,2025-06-15
4916,67,95,9,3648.64,0.1,2025-02-18
4917,278,57,8,2678.05,0.05,2024-11-02
4918,290,53,3,914.52,0.03,2025-03-25
4919,185,15,10,177.33,0.01,2025-01-17
4920,55,42,5,3281.83,0.25,2024-01-09
4921,114,28,3,2379.48,0.05,2025-06-15
4922,185,25,1,1308.11,0.02,2024-07-19
4923,184,29,1,4962.51,0.02,2025-02-19
4924,38,25,2,4530.61,0.1,2024-12-21
4925,13,80,1,4349.92,0.21,2025-07-13
4926,13,8,3,3067.34,0.04,2025-01-16
4927,292,5,3,4745.69,0.01,2025-03-25
4928,52,46,1,4726.62,0.12,2025-03-15
4929,123,96,2,1928.61,0.15,2024-12-30
4930,221,74,2,2311.45,0.15,2025-05-11
4931,148,3,3,3943.42,0.22,2024-11-23
4932,99,26,7,1753.93,0.07,2024-04-24
4933,54,98,9,3838.1,0.1,2025-02-15
4934,269,66,3,2152.6,0.2,2024-10-08
4935,62,71,2,2651.11,0.17,2025-03-15
4936,80,23,2,3860.63,0.27,2025-08-03
4937,116,98,1,4632.57,0.29,2025-05-15
4938,147,91,10,3638.89,0.02,2024-01-04
4939,14,73,10,3278.76,0.2,2025-03-25
4940,230,46,6,2251.74,0.04,2025-08-17
4941,248,47,10,896.54,0.06,2024-10-10
4942,59,54,3,2747.24,0.17,2025-04-06
4943,291,100,2,4101.22,0.05,2025-07-03
4944,291,37,5,404.74,0.08,2025-04-01
4945,204,64,6,4984.84,0.12,2024-09-11
4946,199,30,7,2692.01,0.26,2024-05-01
4947,291,58,6,1201.65,0.1,2024-02-11
4948,110,16,10,1801.29,0.2,2025-06-06
4949,73,55,6,3219.85,0.13,2025-07-08
4950,47,51,8,2809.58,0.03,2025-03-29
4951,239,25,5,1701.04,0.11,2025-08-18
4952,196,98,7,1328.93,0.28,2024-07-19
4953,294,20,4,1079.55,0.16,2025-03-14
4954,219,96,5,4760.7,0.23,2025-05-18
4955,29,3,3,2965.88,0.27,2024-09-03
4956,191,37,9,1786.33,0.17,2024-05-18
4957,151,89,5,4935.42,0.13,2024-07-14
4958,228,86,7,3168.75,0.22,2024-11-19
4959,56,21,8,4083.31,0.19,2024-12-09
4960,242,69,9,3932.24,0.28,2024-11-10
4961,64,1,4,2059.52,0.2,2024-04-17
4962,151,94,1,2732.45,0.23,2024-12-05
4963,14,83,9,677.4,0.17,2024-04-23
4964,253,70,4,4804.45,0.22,2024-12-06
4965,75,32,3,2820.55,0.12,2024-01-22
4966,21,83,2,4571.55,0.01,2024-06-12
4967,35,62,9,3772.38,0.13,2024-08-08
4968,294,23,8,1206.44,0.19,2025-04-12
4969,222,96,4,2545.95,0.09,2025-02-12
4970,273,90,8,3475.53,0.3,2025-01-03
4971,197,49,7,343.92,0.11,2025-08-13
4972,166,13,4,3580.16,0.18,2025-01-12
4973,58,57,8,1249.22,0.02,2024-08-28
4974,127,25,10,4293.21,0.13,2024-12-19
4975,218,53,10,2256.93,0.26,2025-07-29
4976,43,38,10,828.1,0.28,2024-08-17
4977,116,1,4,2789.67,0.01,2024-11-15
4978,209,12,4,881.6,0.24,2025-07-16
4979,135,76,10,4392.81,0.13,2025-01-29
4980,34,80,4,4625.3,0.19,2025-04-19
4981,154,59,7,3465.3,0.01,2025-08-06
4982,72,35,2,1713.43,0.27,2024-10-03
4983,39,93,6,860.57,0.16,2024-01-17
4984,276,16,5,107.39,0.05,2025-05-14
4985,168,1,4,1413.69,0.14,2024-10-27
4986,169,76,9,152.51,0.1,2025-02-24
4987,276,86,10,1291.84,0.24,2024-06-24
4988,156,41,5,3569.5,0.04,2024-10-24
4989,152,61,6,3151.96,0.07,2024-06-07
4990,89,19,5,150.03,0.06,2025-06-26
4991,24,84,5,3567.8,0.19,2025-02-22
4992,229,3,10,3501.06,0.29,2024-01-10
4993,37,46,8,496.3,0.24,2024-09-19
4994,9,38,3,1466.78,0.17,2025-07-27
4995,159,51,5,2597.24,0.15,2024-09-28
4996,225,22,8,2656.71,0.24,2024-05-02
4997,221,59,5,3236.35,0.22,2025-01-15
4998,60,34,1,2883.01,0.3,2025-03-01
4999,270,73,6,1626.2,0.07,2024-11-06
5000,150,31,3,4908.27,0.16,2024-06-09
