pagamento_id,pedido_id,forma_pagamento,status_pagamento,valor_pago,data_pagamento
90001,10001,Cartão Débito,aprovado,473.56,2025-10-12
90002,10002,Pix,aprovado,303.13,2025-08-03
90003,10003,Pix,aprovado,281.64,2025-10-08
90004,10004,Cartão Crédito,aprovado,281.65,2025-09-04
90005,10005,Pix,aprovado,893.22,2025-09-18
90006,10007,Boleto,aprovado,233.26,2025-10-02
90007,10008,Cartão Crédito,aprovado,487.87,2025-05-07
90008,10009,Cartão Crédito,aprovado,399.09,2025-02-01
90009,10010,Pix,aprovado,50.94,2025-07-22
90010,10011,Cartão Crédito,pendente,80.52,2025-06-12
90011,10012,Pix,aprovado,419.36,2025-12-31
90012,10013,Boleto,aprovado,840.69,2025-09-11
90013,10014,Cartão Crédito,aprovado,283.48,2025-01-30
90014,10015,Pix,aprovado,219.12,2025-01-02
90015,10016,Cartão Débito,aprovado,364.02,2025-04-05
90016,10017,Cartão Crédito,aprovado,208.88,2025-10-28
90017,10018,Pix,aprovado,269.25,2025-09-29
90018,10019,Pix,aprovado,332.69,2025-07-22
90019,10020,Pix,aprovado,137.23,2025-03-23
90020,10021,Cartão Crédito,aprovado,581.6,2025-12-01
90021,10022,Cartão Crédito,aprovado,116.31,2025-03-31
90022,10023,Cartão Crédito,aprovado,103.78,2025-01-03
90023,10024,Pix,aprovado,386.78,2025-10-19
90024,10025,Cartão Débito,aprovado,552.29,2025-04-26
90025,10026,Cartão Débito,aprovado,379.93,2025-06-20
90026,10027,Cartão Crédito,aprovado,308.35,2025-03-27
90027,10028,Cartão Crédito,aprovado,267.26,2025-11-24
90028,10029,Cartão Crédito,pendente,155.78,2025-04-20
90029,10030,Pix,pendente,286.36,2025-02-25
90030,10031,Cartão Crédito,aprovado,422.17,2025-08-03
90031,10032,Cartão Débito,aprovado,249.92,2025-06-30
90032,10033,Pix,aprovado,195.51,2025-10-27
90033,10034,Cartão Crédito,aprovado,509.99,2025-01-21
90034,10035,Cartão Débito,aprovado,658.68,2025-02-09
90035,10036,Cartão Crédito,aprovado,621.0,2025-10-08
90036,10037,Cartão Débito,aprovado,168.99,2025-09-09
90037,10038,Cartão Débito,aprovado,265.55,2025-11-07
90038,10039,Pix,aprovado,231.4,2025-04-17
90039,10041,Cartão Débito,aprovado,578.05,2025-01-27
90040,10042,Pix,aprovado,792.07,2025-01-03
90041,10043,Pix,aprovado,433.01,2025-11-04
90042,10044,Cartão Crédito,aprovado,201.01,2025-11-26
90043,10046,Pix,aprovado,886.36,2025-05-17
90044,10047,Cartão Crédito,aprovado,357.87,2025-07-17
90045,10048,Cartão Crédito,aprovado,267.7,2025-08-28
90046,10049,Cartão Crédito,aprovado,284.82,2025-12-23
90047,10051,Pix,aprovado,173.81,2025-07-19
90048,10053,Pix,aprovado,615.14,2025-07-24
90049,10054,Pix,aprovado,423.51,2025-09-23
90050,10056,Pix,aprovado,634.95,2025-04-10
90051,10057,Cartão Débito,aprovado,191.23,2025-08-11
90052,10058,Cartão Crédito,aprovado,261.69,2025-06-16
90053,10059,Pix,aprovado,414.21,2025-07-27
90054,10060,Cartão Crédito,aprovado,404.38,2025-01-10
90055,10061,Cartão Crédito,aprovado,94.28,2025-03-20
90056,10062,Pix,aprovado,242.81,2025-02-24
90057,10063,Pix,aprovado,297.88,2025-07-18
90058,10064,Cartão Crédito,aprovado,445.48,2025-07-26
90059,10065,Cartão Crédito,pendente,231.57,2025-06-21
90060,10066,Pix,aprovado,318.02,2025-07-14
90061,10067,Pix,aprovado,50.55,2025-09-12
90062,10069,Cartão Débito,aprovado,351.03,2025-05-22
90063,10070,Cartão Débito,aprovado,1378.76,2025-07-30
90064,10071,Cartão Crédito,pendente,160.62,2025-03-27
90065,10072,Cartão Débito,aprovado,415.75,2025-09-30
90066,10073,Pix,aprovado,702.7,2025-04-16
90067,10074,Pix,aprovado,556.92,2025-07-08
90068,10075,Cartão Débito,aprovado,812.52,2025-09-17
90069,10076,Pix,aprovado,95.72,2025-07-13
90070,10077,Cartão Débito,aprovado,146.53,2025-09-04
90071,10078,Pix,aprovado,215.09,2025-05-14
90072,10079,Cartão Débito,aprovado,80.73,2025-01-30
90073,10080,Boleto,aprovado,353.15,2025-04-27
90074,10081,Cartão Crédito,aprovado,156.82,2025-01-13
90075,10082,Pix,estornado,0.0,2025-12-01
90076,10083,Cartão Crédito,aprovado,177.84,2025-06-07
90077,10085,Cartão Débito,aprovado,578.4,2025-09-27
90078,10086,Pix,aprovado,115.1,2025-09-19
90079,10087,Pix,aprovado,75.45,2025-11-12
90080,10088,Cartão Crédito,aprovado,383.48,2025-05-25
90081,10089,Pix,aprovado,404.05,2025-12-02
90082,10090,Cartão Crédito,estornado,0.0,2025-02-03
90083,10091,Cartão Crédito,pendente,206.94,2025-03-14
90084,10093,Cartão Crédito,aprovado,194.98,2025-04-09
90085,10094,Cartão Débito,aprovado,396.42,2025-09-03
90086,10095,Boleto,aprovado,413.35,2025-04-02
90087,10096,Cartão Crédito,aprovado,189.16,2025-03-07
90088,10097,Pix,aprovado,1035.4,2025-06-21
90089,10098,Cartão Débito,aprovado,466.52,2025-06-08
90090,10099,Cartão Crédito,aprovado,148.78,2025-06-01
90091,10100,Pix,aprovado,569.11,2025-11-22
90092,10102,Cartão Crédito,aprovado,448.08,2025-01-31
90093,10103,Cartão Crédito,aprovado,279.19,2025-06-28
90094,10104,Cartão Débito,aprovado,182.63,2025-04-07
90095,10105,Cartão Crédito,aprovado,317.39,2025-06-12
90096,10106,Cartão Crédito,aprovado,427.08,2025-03-30
90097,10107,Pix,aprovado,339.21,2025-02-15
90098,10108,Cartão Crédito,aprovado,835.21,2025-08-10
90099,10109,Cartão Crédito,aprovado,514.55,2025-04-17
90100,10110,Boleto,aprovado,166.21,2025-09-29
90101,10111,Cartão Crédito,aprovado,135.45,2025-04-28
90102,10112,Boleto,aprovado,469.17,2025-07-17
90103,10113,Cartão Crédito,aprovado,283.99,2025-01-26
90104,10114,Pix,aprovado,543.96,2025-11-05
90105,10115,Cartão Crédito,aprovado,466.34,2025-06-26
90106,10116,Pix,aprovado,318.41,2025-03-30
90107,10117,Cartão Débito,aprovado,167.81,2025-03-13
90108,10118,Cartão Crédito,pendente,27.96,2025-03-06
90109,10119,Pix,aprovado,391.45,2025-05-11
90110,10120,Cartão Crédito,aprovado,113.32,2025-12-06
90111,10121,Pix,aprovado,162.14,2025-08-03
90112,10122,Cartão Crédito,aprovado,375.24,2025-12-26
90113,10123,Cartão Crédito,aprovado,350.52,2025-02-25
90114,10124,Cartão Débito,aprovado,126.01,2025-03-12
90115,10125,Pix,aprovado,678.93,2025-03-05
90116,10126,Cartão Débito,aprovado,667.5,2025-04-15
90117,10127,Pix,aprovado,479.24,2025-06-04
90118,10128,Pix,aprovado,478.85,2025-09-08
90119,10129,Cartão Débito,aprovado,479.25,2025-02-27
90120,10130,Cartão Crédito,aprovado,629.46,2025-09-23
90121,10131,Pix,aprovado,523.0,2025-05-01
90122,10132,Pix,aprovado,179.52,2025-02-25
90123,10133,Cartão Crédito,aprovado,281.06,2025-12-13
90124,10134,Boleto,aprovado,1287.21,2025-01-26
90125,10135,Cartão Débito,aprovado,54.22,2025-06-18
90126,10136,Cartão Crédito,estornado,0.0,2025-02-20
90127,10137,Cartão Crédito,aprovado,681.25,2025-07-25
90128,10138,Pix,aprovado,189.0,2025-09-03
90129,10139,Pix,aprovado,532.37,2025-01-31
90130,10140,Pix,aprovado,347.33,2025-10-31
90131,10142,Cartão Crédito,aprovado,43.51,2025-03-01
90132,10143,Cartão Crédito,aprovado,383.97,2025-12-05
90133,10144,Cartão Débito,aprovado,176.35,2025-06-27
90134,10145,Pix,aprovado,308.57,2025-05-08
90135,10146,Cartão Crédito,aprovado,476.12,2025-10-14
90136,10147,Cartão Crédito,aprovado,597.05,2025-09-17
90137,10148,Cartão Crédito,pendente,198.64,2025-09-13
90138,10150,Cartão Crédito,aprovado,111.52,2025-02-11
90139,10151,Cartão Crédito,aprovado,616.05,2025-08-18
90140,10152,Cartão Crédito,aprovado,1174.74,2025-02-22
90141,10153,Pix,aprovado,659.24,2025-02-17
90142,10154,Boleto,aprovado,753.79,2025-04-16
90143,10155,Cartão Débito,aprovado,190.28,2025-01-29
90144,10156,Cartão Crédito,aprovado,457.39,2025-11-15
90145,10157,Pix,aprovado,564.77,2025-02-19
90146,10158,Cartão Crédito,aprovado,20.0,2025-11-23
90147,10159,Cartão Débito,aprovado,141.79,2025-12-30
90148,10160,Cartão Crédito,aprovado,918.57,2025-07-29
90149,10161,Cartão Débito,aprovado,92.74,2025-07-23
90150,10163,Pix,aprovado,92.14,2025-08-23
90151,10164,Cartão Crédito,aprovado,147.81,2025-09-29
90152,10165,Pix,aprovado,462.94,2025-09-22
90153,10166,Pix,aprovado,353.46,2025-03-09
90154,10167,Cartão Crédito,aprovado,249.87,2025-08-04
90155,10168,Cartão Débito,aprovado,896.44,2025-06-01
90156,10169,Pix,aprovado,114.26,2025-12-29
90157,10171,Cartão Débito,aprovado,502.44,2025-05-29
90158,10173,Cartão Crédito,aprovado,204.95,2025-07-01
90159,10174,Pix,aprovado,210.9,2025-10-02
90160,10175,Cartão Crédito,aprovado,591.24,2025-02-28
90161,10176,Cartão Crédito,estornado,0.0,2025-04-14
90162,10177,Cartão Crédito,aprovado,417.38,2025-05-09
90163,10178,Pix,aprovado,170.58,2025-04-19
90164,10179,Cartão Crédito,aprovado,216.21,2025-02-26
90165,10180,Pix,aprovado,330.89,2025-07-21
90166,10181,Pix,aprovado,365.69,2025-07-18
90167,10182,Cartão Débito,aprovado,489.3,2025-01-09
90168,10183,Pix,aprovado,288.69,2025-08-19
90169,10184,Pix,aprovado,582.61,2025-11-06
90170,10185,Boleto,aprovado,578.4,2025-12-20
90171,10186,Pix,pendente,348.61,2025-07-16
90172,10187,Pix,aprovado,341.19,2025-03-26
90173,10188,Cartão Crédito,aprovado,422.19,2026-01-03
90174,10189,Pix,aprovado,305.0,2025-11-05
90175,10190,Cartão Débito,aprovado,172.27,2025-10-13
90176,10191,Cartão Débito,aprovado,1157.96,2025-09-28
90177,10192,Boleto,pendente,555.87,2025-07-30
90178,10193,Cartão Crédito,estornado,0.0,2025-06-19
90179,10194,Boleto,aprovado,333.0,2025-11-16
90180,10195,Cartão Crédito,aprovado,160.12,2025-08-20
90181,10196,Cartão Crédito,aprovado,637.38,2025-06-18
90182,10197,Cartão Débito,aprovado,301.12,2025-05-29
90183,10198,Cartão Crédito,aprovado,448.13,2025-08-20
90184,10199,Pix,aprovado,215.56,2025-06-18
90185,10200,Cartão Crédito,aprovado,399.92,2025-10-06
90186,10201,Cartão Crédito,aprovado,226.11,2025-04-22
90187,10202,Pix,aprovado,232.96,2025-10-03
90188,10203,Cartão Crédito,aprovado,396.36,2025-12-18
90189,10204,Cartão Crédito,aprovado,90.88,2025-02-14
90190,10205,Pix,estornado,0.0,2025-02-10
90191,10206,Boleto,pendente,137.5,2025-07-18
90192,10207,Pix,aprovado,286.19,2025-07-22
90193,10208,Pix,aprovado,594.13,2025-02-06
90194,10209,Pix,aprovado,298.18,2025-07-03
90195,10210,Pix,aprovado,331.47,2025-06-05
90196,10211,Boleto,aprovado,269.89,2025-07-17
90197,10212,Cartão Crédito,aprovado,421.78,2025-04-27
90198,10213,Pix,pendente,152.97,2025-10-07
90199,10214,Cartão Crédito,aprovado,309.96,2025-12-02
90200,10215,Pix,aprovado,444.79,2025-03-14
90201,10216,Boleto,aprovado,394.18,2025-10-04
90202,10217,Cartão Crédito,aprovado,339.11,2025-06-30
90203,10218,Pix,pendente,267.12,2025-11-12
90204,10219,Boleto,aprovado,473.95,2025-10-19
90205,10220,Boleto,aprovado,1192.41,2025-06-01
90206,10221,Cartão Débito,aprovado,180.41,2025-10-27
90207,10222,Cartão Crédito,aprovado,1213.48,2025-12-03
90208,10223,Pix,aprovado,173.84,2025-04-13
90209,10224,Cartão Crédito,aprovado,37.58,2025-06-07
90210,10225,Pix,aprovado,222.58,2025-06-11
90211,10228,Cartão Crédito,aprovado,159.95,2025-08-21
90212,10229,Cartão Crédito,estornado,0.0,2025-04-01
90213,10231,Pix,pendente,830.18,2025-11-20
90214,10232,Cartão Débito,aprovado,717.53,2025-09-17
90215,10233,Cartão Crédito,aprovado,233.32,2025-01-19
90216,10234,Pix,aprovado,791.04,2025-07-09
90217,10235,Cartão Crédito,aprovado,308.61,2025-09-22
90218,10236,Cartão Débito,aprovado,741.6,2025-05-04
90219,10237,Cartão Crédito,aprovado,337.29,2025-08-18
90220,10238,Cartão Crédito,aprovado,347.69,2025-07-03
90221,10239,Boleto,aprovado,237.03,2025-07-12
90222,10240,Cartão Débito,aprovado,513.63,2025-07-06
90223,10241,Cartão Crédito,aprovado,366.46,2025-12-02
90224,10242,Pix,aprovado,479.06,2025-10-25
90225,10243,Pix,aprovado,82.31,2025-07-07
90226,10244,Cartão Débito,pendente,479.7,2025-04-28
90227,10245,Cartão Crédito,aprovado,880.05,2025-09-09
90228,10246,Cartão Crédito,aprovado,365.26,2025-08-16
90229,10247,Pix,aprovado,1140.3,2025-04-21
90230,10248,Cartão Crédito,aprovado,978.95,2025-03-04
90231,10249,Boleto,aprovado,521.02,2025-03-01
90232,10250,Cartão Crédito,aprovado,797.48,2025-03-26
90233,10252,Cartão Débito,aprovado,62.52,2025-01-24
90234,10253,Cartão Crédito,aprovado,274.01,2025-04-05
90235,10254,Pix,aprovado,545.16,2025-11-26
90236,10255,Pix,aprovado,916.74,2025-08-22
90237,10256,Cartão Crédito,aprovado,98.05,2025-04-23
90238,10257,Pix,aprovado,67.07,2025-04-07
90239,10258,Cartão Crédito,aprovado,322.52,2025-06-26
90240,10259,Pix,aprovado,40.9,2025-03-13
90241,10260,Cartão Crédito,aprovado,314.56,2025-09-19
90242,10261,Pix,aprovado,434.46,2025-09-02
90243,10262,Cartão Crédito,aprovado,153.81,2025-09-15
90244,10263,Pix,pendente,225.43,2025-11-05
90245,10264,Boleto,aprovado,629.88,2025-12-14
90246,10266,Cartão Crédito,aprovado,176.3,2025-07-17
90247,10267,Cartão Crédito,aprovado,310.36,2025-09-06
90248,10268,Cartão Crédito,aprovado,140.3,2025-10-08
90249,10269,Pix,aprovado,1087.79,2025-10-25
90250,10270,Cartão Crédito,aprovado,344.75,2025-12-21
90251,10271,Cartão Crédito,aprovado,191.62,2025-08-10
90252,10272,Cartão Débito,pendente,237.37,2025-08-08
90253,10273,Pix,aprovado,309.13,2025-04-18
90254,10274,Cartão Crédito,aprovado,284.53,2025-10-15
90255,10275,Cartão Crédito,aprovado,221.69,2025-12-30
90256,10276,Pix,aprovado,213.35,2025-03-06
90257,10277,Cartão Crédito,aprovado,84.15,2025-02-21
90258,10278,Pix,aprovado,796.71,2025-10-10
90259,10280,Cartão Crédito,aprovado,418.5,2025-08-13
90260,10281,Cartão Débito,aprovado,305.51,2025-11-09
90261,10282,Boleto,aprovado,151.53,2025-11-11
90262,10283,Pix,aprovado,182.21,2025-01-30
90263,10284,Pix,aprovado,93.56,2025-01-08
90264,10285,Cartão Crédito,aprovado,200.75,2025-11-03
90265,10286,Cartão Crédito,aprovado,134.03,2025-01-20
90266,10287,Pix,aprovado,945.13,2025-05-23
90267,10289,Pix,aprovado,355.39,2025-02-17
90268,10290,Cartão Crédito,aprovado,165.58,2025-05-23
90269,10291,Cartão Crédito,estornado,0.0,2025-10-25
90270,10292,Cartão Crédito,pendente,238.52,2025-10-14
90271,10293,Boleto,estornado,0.0,2025-09-20
90272,10294,Pix,aprovado,96.07,2025-10-20
90273,10295,Boleto,aprovado,494.34,2025-08-26
90274,10296,Pix,aprovado,200.05,2025-02-05
90275,10297,Pix,pendente,175.97,2025-06-12
90276,10298,Cartão Crédito,aprovado,348.07,2025-12-27
90277,10299,Pix,aprovado,170.28,2025-12-15
90278,10300,Cartão Crédito,aprovado,280.6,2025-09-01
90279,10301,Cartão Crédito,estornado,0.0,2025-04-07
90280,10302,Cartão Débito,aprovado,213.18,2025-05-01
90281,10303,Cartão Crédito,aprovado,558.11,2025-05-09
90282,10304,Pix,pendente,129.34,2025-03-07
90283,10305,Cartão Crédito,aprovado,556.73,2025-10-05
90284,10306,Boleto,estornado,0.0,2025-09-10
90285,10307,Pix,aprovado,496.77,2025-09-20
90286,10308,Pix,estornado,0.0,2025-01-29
90287,10309,Pix,aprovado,347.96,2025-01-20
90288,10310,Cartão Débito,aprovado,518.79,2025-03-31
90289,10311,Pix,aprovado,70.64,2025-06-11
90290,10312,Boleto,aprovado,199.84,2025-10-27
90291,10313,Cartão Crédito,aprovado,347.79,2025-04-06
90292,10314,Cartão Débito,aprovado,649.2,2025-06-27
90293,10315,Boleto,aprovado,213.16,2025-12-27
90294,10316,Cartão Débito,aprovado,483.86,2025-08-21
90295,10318,Cartão Crédito,aprovado,498.84,2025-08-10
90296,10319,Cartão Crédito,pendente,157.05,2025-03-20
90297,10320,Cartão Crédito,aprovado,435.79,2025-03-13
90298,10321,Pix,aprovado,208.28,2025-05-11
90299,10322,Boleto,aprovado,357.75,2025-03-29
90300,10323,Boleto,aprovado,299.15,2025-02-23
90301,10324,Cartão Crédito,aprovado,426.05,2025-10-14
90302,10325,Pix,pendente,191.29,2025-03-04
90303,10326,Boleto,aprovado,442.64,2025-12-02
90304,10327,Pix,aprovado,242.74,2025-09-23
90305,10328,Pix,aprovado,598.99,2025-11-11
90306,10329,Cartão Débito,aprovado,262.03,2025-06-23
90307,10330,Cartão Débito,aprovado,42.7,2025-02-12
90308,10331,Cartão Crédito,aprovado,144.06,2025-06-02
90309,10332,Cartão Crédito,aprovado,340.55,2025-07-06
90310,10334,Cartão Crédito,aprovado,584.03,2025-12-25
90311,10335,Cartão Crédito,aprovado,32.82,2025-02-19
90312,10336,Boleto,aprovado,87.78,2025-07-25
90313,10337,Cartão Crédito,aprovado,703.07,2025-03-24
90314,10339,Pix,aprovado,1260.92,2025-04-01
90315,10340,Pix,aprovado,235.22,2025-09-04
90316,10341,Pix,aprovado,167.34,2025-12-27
90317,10342,Pix,aprovado,353.91,2025-10-18
90318,10343,Pix,pendente,182.3,2025-10-08
90319,10344,Pix,aprovado,661.2,2025-08-01
90320,10345,Cartão Débito,pendente,121.71,2025-03-11
90321,10346,Cartão Débito,aprovado,273.9,2025-09-10
90322,10347,Pix,aprovado,148.2,2025-08-11
90323,10348,Boleto,aprovado,558.66,2025-07-14
90324,10349,Pix,aprovado,156.41,2025-12-01
90325,10351,Boleto,aprovado,1041.15,2025-10-04
90326,10352,Boleto,aprovado,60.94,2025-04-06
90327,10353,Cartão Crédito,aprovado,854.54,2025-08-22
90328,10354,Cartão Crédito,aprovado,409.66,2025-03-22
90329,10355,Cartão Débito,pendente,72.55,2025-05-27
90330,10356,Boleto,estornado,0.0,2025-02-20
90331,10357,Cartão Crédito,aprovado,547.96,2025-06-09
90332,10358,Boleto,aprovado,176.68,2025-12-27
90333,10360,Cartão Crédito,aprovado,899.83,2025-04-04
90334,10361,Pix,aprovado,225.31,2025-01-11
90335,10362,Boleto,aprovado,146.66,2025-05-07
90336,10363,Pix,aprovado,306.01,2025-02-18
90337,10364,Cartão Crédito,aprovado,349.89,2025-06-11
90338,10365,Cartão Débito,aprovado,683.32,2025-10-11
90339,10366,Boleto,aprovado,298.62,2025-04-16
90340,10367,Cartão Crédito,aprovado,241.57,2025-02-27
90341,10368,Cartão Crédito,aprovado,143.5,2025-05-24
90342,10369,Cartão Crédito,aprovado,71.23,2025-01-26
90343,10370,Cartão Crédito,aprovado,108.13,2025-07-13
90344,10371,Cartão Crédito,aprovado,107.54,2025-12-19
90345,10372,Cartão Crédito,aprovado,276.12,2025-03-24
90346,10373,Cartão Crédito,aprovado,85.33,2025-06-16
90347,10374,Cartão Débito,aprovado,322.82,2025-04-12
90348,10375,Cartão Débito,aprovado,1026.67,2025-05-11
90349,10376,Pix,pendente,432.24,2025-06-01
90350,10377,Cartão Crédito,aprovado,274.12,2025-10-06
90351,10378,Pix,aprovado,1449.34,2025-11-04
90352,10379,Cartão Débito,aprovado,350.77,2025-08-23
90353,10380,Pix,aprovado,387.11,2025-01-04
90354,10381,Cartão Crédito,aprovado,301.73,2025-01-10
90355,10382,Pix,aprovado,328.01,2025-06-18
90356,10383,Cartão Crédito,estornado,0.0,2025-09-16
90357,10384,Pix,aprovado,277.11,2025-07-29
90358,10385,Pix,aprovado,858.19,2025-02-07
90359,10386,Cartão Débito,aprovado,745.05,2025-04-16
90360,10387,Cartão Crédito,aprovado,40.54,2025-11-29
90361,10388,Cartão Crédito,aprovado,95.11,2025-11-01
90362,10389,Cartão Crédito,aprovado,178.72,2025-02-08
90363,10390,Cartão Débito,aprovado,622.64,2025-02-11
90364,10391,Pix,aprovado,755.75,2025-08-01
90365,10392,Cartão Crédito,aprovado,546.56,2025-09-30
90366,10393,Pix,aprovado,127.8,2025-04-23
90367,10395,Pix,aprovado,471.29,2025-10-19
90368,10396,Cartão Crédito,aprovado,280.3,2025-08-02
90369,10397,Cartão Débito,aprovado,251.99,2025-12-11
90370,10398,Cartão Crédito,aprovado,254.82,2025-10-10
90371,10400,Cartão Débito,aprovado,503.98,2025-06-16
90372,10401,Cartão Crédito,aprovado,265.48,2025-06-16
90373,10402,Pix,aprovado,422.76,2025-05-13
90374,10403,Pix,aprovado,112.68,2025-01-05
90375,10404,Cartão Crédito,aprovado,223.15,2025-03-15
90376,10405,Cartão Crédito,aprovado,665.64,2025-04-20
90377,10406,Cartão Débito,aprovado,80.16,2025-05-22
90378,10407,Pix,aprovado,508.15,2025-07-04
90379,10408,Cartão Débito,aprovado,40.03,2025-05-09
90380,10409,Cartão Débito,aprovado,949.71,2025-10-23
90381,10410,Cartão Crédito,estornado,0.0,2025-09-07
90382,10411,Cartão Débito,aprovado,444.03,2025-01-22
90383,10412,Cartão Crédito,aprovado,364.88,2025-06-25
90384,10413,Pix,aprovado,374.34,2025-03-06
90385,10414,Pix,aprovado,417.52,2025-11-07
90386,10415,Cartão Crédito,aprovado,66.5,2025-01-24
90387,10416,Cartão Crédito,aprovado,379.8,2025-04-25
90388,10417,Pix,aprovado,292.75,2025-11-04
90389,10418,Cartão Crédito,pendente,86.26,2025-07-21
90390,10419,Cartão Débito,aprovado,178.64,2025-01-28
90391,10420,Cartão Débito,aprovado,386.5,2025-08-12
90392,10421,Cartão Crédito,aprovado,148.25,2025-10-17
90393,10422,Pix,aprovado,657.97,2025-10-16
90394,10423,Pix,aprovado,466.14,2025-08-13
90395,10424,Cartão Crédito,aprovado,402.98,2025-08-07
90396,10425,Cartão Crédito,aprovado,640.24,2025-12-02
90397,10426,Pix,aprovado,56.17,2025-11-16
90398,10427,Pix,pendente,72.63,2025-01-26
90399,10428,Cartão Crédito,aprovado,480.06,2025-03-23
90400,10429,Cartão Crédito,aprovado,187.26,2025-05-06
90401,10430,Cartão Crédito,aprovado,206.93,2025-05-30
90402,10431,Cartão Débito,aprovado,95.2,2025-01-13
90403,10432,Cartão Crédito,aprovado,148.61,2025-05-16
90404,10433,Pix,aprovado,667.44,2025-01-12
90405,10434,Pix,aprovado,472.51,2025-05-28
90406,10435,Cartão Crédito,aprovado,383.54,2025-01-06
90407,10436,Boleto,aprovado,213.39,2025-12-07
90408,10437,Pix,aprovado,366.91,2025-05-02
90409,10438,Pix,aprovado,705.29,2025-11-02
90410,10439,Cartão Crédito,aprovado,191.04,2025-10-15
90411,10440,Pix,pendente,234.59,2025-06-06
90412,10441,Cartão Crédito,aprovado,986.73,2025-06-27
90413,10442,Pix,aprovado,541.84,2025-09-16
90414,10443,Cartão Débito,aprovado,215.79,2025-07-20
90415,10444,Cartão Crédito,aprovado,513.29,2025-04-28
90416,10445,Pix,aprovado,78.88,2025-07-17
90417,10446,Cartão Crédito,aprovado,318.03,2025-03-20
90418,10447,Boleto,aprovado,512.92,2025-08-21
90419,10448,Pix,aprovado,438.44,2025-10-07
90420,10449,Pix,aprovado,509.64,2025-12-20
90421,10450,Boleto,aprovado,585.64,2025-03-18
90422,10451,Cartão Crédito,aprovado,462.05,2025-10-04
90423,10452,Cartão Crédito,aprovado,453.12,2025-03-20
90424,10453,Boleto,aprovado,389.71,2025-07-30
90425,10454,Pix,aprovado,134.1,2025-02-28
90426,10455,Cartão Crédito,aprovado,667.25,2025-11-13
90427,10456,Cartão Débito,aprovado,326.37,2025-12-20
90428,10457,Cartão Crédito,aprovado,533.01,2025-03-12
90429,10458,Boleto,aprovado,623.6,2025-04-05
90430,10459,Cartão Crédito,estornado,0.0,2025-04-12
90431,10460,Cartão Crédito,aprovado,240.07,2025-05-21
90432,10461,Pix,aprovado,265.56,2025-04-17
90433,10462,Pix,aprovado,749.1,2025-12-21
90434,10463,Pix,aprovado,160.52,2025-07-30
90435,10465,Pix,aprovado,386.69,2025-08-25
90436,10466,Cartão Crédito,aprovado,406.05,2025-09-23
90437,10467,Pix,aprovado,605.71,2025-11-22
90438,10468,Pix,aprovado,356.64,2025-06-05
90439,10469,Cartão Crédito,aprovado,672.05,2025-06-04
90440,10470,Cartão Crédito,aprovado,224.16,2025-03-15
90441,10471,Cartão Crédito,aprovado,815.43,2025-02-28
90442,10472,Boleto,aprovado,237.92,2025-08-22
90443,10473,Pix,aprovado,835.15,2025-04-15
90444,10474,Pix,aprovado,242.9,2025-12-01
90445,10475,Pix,aprovado,271.36,2025-02-16
90446,10476,Cartão Crédito,aprovado,144.61,2025-09-28
90447,10477,Pix,estornado,0.0,2025-01-25
90448,10478,Cartão Crédito,aprovado,327.54,2025-03-18
90449,10479,Cartão Crédito,aprovado,396.95,2025-01-29
90450,10480,Boleto,aprovado,640.86,2025-05-29
90451,10481,Boleto,aprovado,286.07,2025-01-04
90452,10482,Cartão Crédito,aprovado,439.09,2025-09-16
90453,10483,Pix,pendente,329.56,2025-05-02
90454,10484,Boleto,aprovado,472.24,2025-02-10
90455,10485,Pix,pendente,142.44,2025-05-25
90456,10486,Pix,aprovado,221.6,2025-01-30
90457,10487,Pix,aprovado,202.36,2025-12-10
90458,10488,Cartão Crédito,estornado,0.0,2025-01-29
90459,10489,Cartão Débito,pendente,594.4,2025-11-10
90460,10490,Cartão Crédito,aprovado,214.28,2025-10-27
90461,10491,Cartão Débito,aprovado,217.67,2025-06-16
90462,10492,Pix,aprovado,516.93,2025-08-09
90463,10493,Cartão Débito,aprovado,878.34,2025-03-07
90464,10494,Cartão Crédito,aprovado,999.43,2025-09-30
90465,10495,Cartão Débito,estornado,0.0,2025-10-24
90466,10496,Cartão Débito,aprovado,249.39,2025-11-08
90467,10497,Cartão Crédito,aprovado,411.32,2025-06-15
90468,10498,Pix,aprovado,425.15,2025-10-18
90469,10499,Pix,pendente,107.62,2025-11-13
90470,10500,Cartão Crédito,aprovado,175.43,2025-03-02
90471,10501,Boleto,pendente,135.28,2025-11-14
90472,10502,Cartão Débito,aprovado,998.76,2025-10-18
90473,10503,Cartão Crédito,aprovado,224.1,2025-12-23
90474,10504,Cartão Crédito,aprovado,394.1,2025-10-11
90475,10505,Cartão Crédito,pendente,647.35,2025-06-25
90476,10508,Pix,aprovado,1025.51,2025-10-04
90477,10509,Cartão Crédito,pendente,184.56,2025-02-02
90478,10510,Pix,aprovado,689.06,2025-06-15
90479,10511,Boleto,aprovado,580.87,2025-06-22
90480,10512,Cartão Crédito,aprovado,476.83,2025-05-27
90481,10513,Pix,aprovado,803.42,2025-10-05
90482,10514,Pix,aprovado,522.12,2025-06-11
90483,10515,Cartão Crédito,aprovado,296.55,2025-07-31
90484,10516,Pix,aprovado,373.39,2025-06-05
90485,10518,Cartão Crédito,aprovado,248.25,2025-09-05
90486,10519,Cartão Crédito,aprovado,385.22,2025-09-30
90487,10520,Cartão Débito,aprovado,347.55,2025-02-21
90488,10521,Pix,aprovado,521.05,2025-08-27
90489,10522,Pix,aprovado,1198.18,2025-12-22
90490,10523,Pix,aprovado,401.14,2025-01-25
90491,10524,Cartão Débito,aprovado,892.39,2025-11-26
90492,10525,Boleto,aprovado,508.77,2025-05-25
90493,10526,Pix,aprovado,384.01,2025-03-18
90494,10527,Cartão Crédito,aprovado,237.73,2025-10-14
90495,10528,Pix,aprovado,386.03,2025-06-17
90496,10529,Cartão Crédito,aprovado,369.77,2025-02-10
90497,10530,Pix,pendente,110.61,2025-03-10
90498,10531,Pix,aprovado,216.44,2025-02-17
90499,10532,Pix,aprovado,437.57,2025-11-01
90500,10533,Pix,aprovado,886.78,2025-06-23
90501,10534,Cartão Crédito,pendente,100.84,2025-08-30
90502,10535,Pix,aprovado,90.88,2025-09-01
90503,10536,Pix,aprovado,33.47,2025-08-28
90504,10537,Pix,aprovado,142.23,2025-11-16
90505,10538,Pix,aprovado,542.04,2025-12-08
90506,10539,Pix,aprovado,109.25,2025-02-05
90507,10540,Cartão Crédito,aprovado,599.47,2025-03-31
90508,10541,Cartão Crédito,aprovado,522.61,2025-09-20
90509,10543,Boleto,aprovado,192.95,2025-05-04
90510,10544,Pix,aprovado,280.1,2025-02-07
90511,10545,Pix,aprovado,430.23,2025-10-19
90512,10546,Cartão Crédito,aprovado,112.63,2025-02-09
90513,10547,Cartão Débito,aprovado,830.81,2025-08-26
90514,10548,Cartão Crédito,aprovado,427.53,2025-06-07
90515,10549,Pix,aprovado,461.31,2025-11-05
90516,10551,Cartão Crédito,aprovado,780.33,2025-10-26
90517,10552,Cartão Crédito,aprovado,386.68,2025-03-19
90518,10553,Pix,aprovado,542.26,2025-08-21
90519,10554,Cartão Crédito,aprovado,195.6,2025-12-17
90520,10555,Pix,aprovado,1002.0,2025-06-28
90521,10556,Boleto,pendente,296.89,2025-07-29
90522,10557,Pix,aprovado,194.8,2025-10-09
90523,10558,Pix,aprovado,237.78,2025-07-04
90524,10559,Cartão Débito,aprovado,52.61,2025-08-13
90525,10560,Cartão Crédito,aprovado,236.59,2025-07-17
90526,10561,Cartão Débito,aprovado,22.93,2025-04-01
90527,10562,Cartão Crédito,pendente,463.62,2025-07-07
90528,10563,Pix,aprovado,451.87,2025-12-10
90529,10564,Cartão Débito,aprovado,149.89,2025-03-17
90530,10565,Cartão Crédito,aprovado,324.4,2025-02-17
90531,10566,Cartão Crédito,aprovado,335.11,2025-12-25
90532,10567,Pix,aprovado,124.05,2025-09-18
90533,10569,Cartão Crédito,aprovado,342.66,2025-05-05
90534,10570,Pix,aprovado,278.8,2025-10-25
90535,10571,Cartão Débito,aprovado,194.64,2025-07-09
90536,10572,Pix,aprovado,144.97,2025-03-18
90537,10573,Cartão Débito,pendente,192.27,2025-09-29
90538,10575,Cartão Débito,pendente,262.69,2025-10-27
90539,10577,Cartão Crédito,aprovado,618.55,2025-08-05
90540,10578,Cartão Crédito,pendente,256.39,2025-12-23
90541,10579,Cartão Crédito,pendente,154.35,2025-05-18
90542,10580,Cartão Crédito,aprovado,607.73,2025-01-30
90543,10581,Pix,aprovado,517.66,2025-01-15
90544,10582,Pix,pendente,421.56,2025-05-26
90545,10583,Cartão Débito,aprovado,386.98,2025-01-11
90546,10585,Cartão Crédito,aprovado,387.06,2025-12-26
90547,10586,Cartão Crédito,aprovado,199.91,2025-01-20
90548,10587,Pix,aprovado,230.5,2025-03-24
90549,10588,Pix,aprovado,481.68,2025-12-06
90550,10589,Boleto,aprovado,213.74,2025-06-27
90551,10591,Boleto,aprovado,455.13,2025-10-02
90552,10592,Cartão Crédito,aprovado,345.43,2025-09-29
90553,10593,Boleto,pendente,192.98,2025-08-20
90554,10594,Pix,aprovado,276.6,2025-01-26
90555,10595,Pix,aprovado,70.03,2025-11-13
90556,10596,Pix,aprovado,230.63,2025-02-22
90557,10597,Pix,aprovado,890.76,2025-05-04
90558,10599,Cartão Débito,pendente,300.72,2025-01-09
90559,10600,Cartão Débito,aprovado,677.21,2025-02-25
90560,10601,Cartão Crédito,aprovado,326.62,2025-05-13
90561,10602,Pix,aprovado,523.31,2025-11-03
90562,10603,Pix,aprovado,78.31,2025-03-05
90563,10604,Boleto,aprovado,845.64,2025-03-09
90564,10605,Cartão Crédito,aprovado,802.51,2025-04-08
90565,10606,Cartão Crédito,aprovado,472.73,2025-11-27
90566,10608,Cartão Crédito,aprovado,329.75,2025-02-08
90567,10609,Pix,aprovado,714.79,2025-02-03
90568,10611,Cartão Crédito,aprovado,254.52,2025-11-29
90569,10612,Boleto,estornado,0.0,2025-04-26
90570,10613,Cartão Crédito,aprovado,107.59,2025-05-16
90571,10614,Pix,aprovado,709.96,2025-05-13
90572,10615,Cartão Crédito,aprovado,324.59,2025-12-03
90573,10616,Cartão Crédito,aprovado,467.5,2025-03-22
90574,10617,Cartão Crédito,aprovado,355.25,2026-01-02
90575,10618,Cartão Crédito,aprovado,108.94,2025-02-06
90576,10619,Cartão Crédito,aprovado,80.17,2025-09-04
90577,10620,Pix,aprovado,241.33,2025-07-25
90578,10621,Pix,aprovado,257.34,2025-06-24
90579,10622,Cartão Crédito,aprovado,257.22,2025-11-28
90580,10623,Pix,pendente,135.82,2025-04-10
90581,10625,Pix,aprovado,658.4,2025-04-08
90582,10627,Pix,aprovado,318.7,2025-06-10
90583,10628,Cartão Débito,aprovado,326.93,2025-01-21
90584,10629,Cartão Crédito,aprovado,550.3,2025-07-29
90585,10630,Pix,aprovado,316.54,2025-10-05
90586,10632,Pix,aprovado,428.62,2025-01-28
90587,10633,Pix,aprovado,1155.71,2025-06-11
90588,10634,Cartão Crédito,aprovado,302.83,2025-10-31
90589,10635,Cartão Crédito,aprovado,688.86,2025-11-12
90590,10636,Cartão Débito,aprovado,139.66,2025-12-16
90591,10637,Pix,aprovado,204.76,2025-10-10
90592,10638,Cartão Crédito,aprovado,1060.74,2025-04-01
90593,10639,Cartão Crédito,aprovado,598.61,2025-08-01
90594,10640,Pix,aprovado,473.24,2025-05-08
90595,10641,Boleto,estornado,0.0,2025-11-21
90596,10643,Pix,aprovado,687.8,2025-11-30
90597,10644,Cartão Crédito,aprovado,720.63,2025-09-03
90598,10645,Pix,aprovado,919.06,2025-09-29
90599,10646,Pix,aprovado,125.58,2025-12-22
90600,10647,Cartão Crédito,aprovado,320.47,2025-02-19
90601,10648,Boleto,aprovado,423.51,2025-10-15
90602,10649,Pix,aprovado,909.6,2025-11-14
90603,10650,Pix,aprovado,460.33,2025-12-08
90604,10651,Cartão Débito,aprovado,721.62,2025-03-20
90605,10652,Cartão Crédito,aprovado,115.49,2025-12-10
90606,10653,Boleto,estornado,0.0,2025-04-20
90607,10654,Pix,aprovado,800.58,2025-08-24
90608,10655,Cartão Crédito,aprovado,295.21,2025-03-26
90609,10656,Pix,aprovado,339.85,2025-05-03
90610,10657,Boleto,pendente,793.04,2025-12-16
90611,10658,Cartão Débito,pendente,94.05,2025-04-30
90612,10659,Pix,aprovado,202.09,2025-04-25
90613,10660,Cartão Crédito,pendente,85.15,2025-03-19
90614,10661,Boleto,aprovado,923.19,2025-03-14
90615,10662,Boleto,aprovado,650.55,2025-04-16
90616,10663,Cartão Crédito,aprovado,639.89,2025-05-24
90617,10664,Cartão Crédito,aprovado,262.28,2025-06-26
90618,10665,Pix,aprovado,97.03,2025-11-25
90619,10666,Cartão Débito,aprovado,72.06,2025-04-28
90620,10667,Cartão Crédito,aprovado,804.35,2025-10-30
90621,10668,Pix,aprovado,494.63,2025-08-09
90622,10669,Cartão Débito,aprovado,559.33,2025-10-27
90623,10670,Cartão Crédito,aprovado,410.01,2025-01-04
90624,10671,Pix,aprovado,182.6,2025-09-16
90625,10672,Pix,aprovado,271.59,2025-12-27
90626,10673,Pix,aprovado,146.8,2025-10-13
90627,10674,Pix,aprovado,131.11,2025-07-04
90628,10675,Cartão Débito,aprovado,616.22,2025-03-25
90629,10676,Boleto,aprovado,78.86,2025-03-14
90630,10677,Cartão Crédito,aprovado,147.67,2025-07-09
90631,10678,Cartão Crédito,aprovado,283.73,2025-07-18
90632,10679,Pix,aprovado,362.59,2025-08-09
90633,10680,Pix,estornado,0.0,2025-11-16
90634,10681,Cartão Crédito,aprovado,456.38,2025-12-14
90635,10682,Boleto,aprovado,394.13,2025-08-30
90636,10683,Pix,aprovado,795.52,2025-10-16
90637,10684,Cartão Débito,aprovado,366.98,2025-05-04
90638,10685,Cartão Crédito,pendente,363.66,2025-10-26
90639,10686,Cartão Crédito,aprovado,191.24,2025-04-27
90640,10687,Pix,aprovado,197.92,2025-05-22
90641,10688,Cartão Crédito,aprovado,113.54,2025-09-16
90642,10689,Cartão Crédito,aprovado,192.78,2025-12-16
90643,10690,Pix,aprovado,268.56,2025-12-13
90644,10691,Cartão Crédito,aprovado,745.74,2025-08-26
90645,10692,Cartão Débito,aprovado,169.59,2025-02-12
90646,10693,Cartão Débito,aprovado,1187.82,2025-09-16
90647,10694,Boleto,aprovado,517.21,2025-01-16
90648,10695,Pix,aprovado,448.38,2025-08-17
90649,10696,Cartão Débito,aprovado,346.89,2025-01-14
90650,10697,Cartão Crédito,aprovado,301.13,2025-11-29
90651,10698,Cartão Débito,aprovado,216.7,2025-06-21
90652,10699,Pix,aprovado,99.17,2025-03-12
90653,10700,Cartão Crédito,aprovado,174.58,2025-04-28
90654,10702,Pix,aprovado,496.25,2025-03-25
90655,10703,Boleto,aprovado,916.64,2025-12-29
90656,10704,Pix,aprovado,212.29,2025-01-25
90657,10705,Pix,aprovado,143.13,2025-04-07
90658,10706,Pix,aprovado,344.45,2025-03-18
90659,10707,Cartão Crédito,aprovado,179.99,2025-01-13
90660,10708,Cartão Crédito,aprovado,396.84,2025-06-16
90661,10710,Cartão Crédito,estornado,0.0,2025-08-15
90662,10711,Cartão Crédito,aprovado,436.64,2025-01-23
90663,10712,Pix,aprovado,938.01,2025-11-17
90664,10713,Pix,aprovado,449.94,2025-01-29
90665,10714,Cartão Débito,aprovado,492.86,2025-05-23
90666,10715,Pix,aprovado,355.04,2025-12-13
90667,10716,Cartão Crédito,aprovado,379.4,2025-04-12
90668,10717,Cartão Débito,aprovado,94.46,2025-07-25
90669,10718,Cartão Débito,aprovado,185.63,2025-01-07
90670,10719,Pix,aprovado,740.88,2025-10-18
90671,10720,Cartão Crédito,aprovado,264.04,2025-08-15
90672,10721,Cartão Débito,aprovado,731.34,2025-03-14
90673,10722,Pix,aprovado,372.07,2025-09-03
90674,10723,Cartão Débito,aprovado,385.48,2025-07-12
90675,10724,Cartão Débito,aprovado,265.57,2025-08-05
90676,10725,Pix,pendente,395.45,2025-03-13
90677,10727,Boleto,aprovado,177.4,2025-09-12
90678,10729,Cartão Crédito,aprovado,56.52,2025-11-25
90679,10730,Cartão Crédito,aprovado,477.05,2025-12-23
90680,10731,Pix,aprovado,440.91,2025-09-11
90681,10732,Boleto,aprovado,1397.6,2025-10-29
90682,10734,Pix,aprovado,312.26,2025-10-24
90683,10735,Pix,aprovado,406.14,2025-03-16
90684,10736,Cartão Crédito,aprovado,421.49,2025-05-24
90685,10737,Cartão Crédito,aprovado,294.78,2025-09-30
90686,10739,Cartão Crédito,pendente,237.98,2025-10-07
90687,10740,Boleto,aprovado,333.76,2025-06-07
90688,10741,Pix,aprovado,329.88,2025-07-02
90689,10742,Pix,pendente,189.89,2025-07-10
90690,10743,Boleto,aprovado,338.55,2025-03-29
90691,10744,Cartão Crédito,aprovado,105.62,2025-04-11
90692,10746,Cartão Crédito,aprovado,292.08,2025-06-28
90693,10747,Pix,estornado,0.0,2025-11-04
90694,10748,Cartão Crédito,aprovado,483.83,2025-01-17
90695,10749,Cartão Crédito,aprovado,352.11,2025-12-22
90696,10750,Cartão Débito,aprovado,46.71,2025-03-12
90697,10751,Cartão Crédito,pendente,88.98,2025-03-03
90698,10752,Pix,aprovado,506.19,2025-04-13
90699,10753,Cartão Crédito,aprovado,286.19,2025-05-10
90700,10754,Cartão Crédito,aprovado,373.9,2025-02-22
90701,10755,Cartão Crédito,aprovado,259.73,2025-04-07
90702,10757,Cartão Débito,aprovado,266.97,2025-09-14
90703,10758,Pix,aprovado,377.06,2025-02-24
90704,10759,Pix,aprovado,336.75,2025-04-11
90705,10760,Cartão Crédito,aprovado,627.8,2025-01-06
90706,10761,Pix,pendente,26.99,2025-12-31
90707,10762,Cartão Crédito,estornado,0.0,2025-04-04
90708,10763,Cartão Crédito,aprovado,283.7,2025-04-28
90709,10765,Cartão Crédito,aprovado,559.41,2025-01-24
90710,10766,Cartão Débito,aprovado,213.23,2025-08-22
90711,10767,Cartão Crédito,aprovado,20.0,2025-08-16
90712,10768,Cartão Crédito,aprovado,218.77,2025-08-09
90713,10769,Pix,pendente,209.46,2025-09-01
90714,10770,Boleto,aprovado,332.25,2025-09-13
90715,10771,Cartão Crédito,aprovado,499.55,2025-12-17
90716,10772,Cartão Crédito,aprovado,724.54,2025-11-02
90717,10773,Cartão Crédito,aprovado,298.5,2025-06-26
90718,10774,Cartão Crédito,aprovado,238.35,2025-08-06
90719,10775,Pix,aprovado,162.0,2025-10-29
90720,10776,Pix,aprovado,98.94,2025-11-09
90721,10778,Pix,aprovado,196.86,2025-11-19
90722,10779,Boleto,aprovado,662.11,2025-02-06
90723,10780,Cartão Crédito,estornado,0.0,2025-11-09
90724,10781,Cartão Débito,aprovado,229.73,2025-02-20
90725,10782,Pix,aprovado,1194.77,2025-05-31
90726,10783,Pix,aprovado,207.97,2025-06-27
90727,10784,Cartão Crédito,aprovado,768.57,2025-08-09
90728,10786,Pix,aprovado,462.29,2025-12-06
90729,10788,Cartão Débito,aprovado,253.93,2025-02-26
90730,10789,Pix,aprovado,383.49,2025-10-08
90731,10790,Pix,aprovado,101.66,2025-09-21
90732,10791,Cartão Débito,aprovado,149.22,2025-11-12
90733,10792,Cartão Crédito,aprovado,138.7,2025-11-03
90734,10793,Pix,aprovado,486.01,2025-10-27
90735,10794,Cartão Débito,aprovado,720.08,2025-06-29
90736,10795,Cartão Crédito,aprovado,545.64,2025-05-07
90737,10796,Cartão Crédito,aprovado,645.3,2025-12-23
90738,10797,Cartão Débito,aprovado,182.13,2025-01-13
90739,10798,Pix,aprovado,262.73,2025-08-07
90740,10799,Cartão Crédito,aprovado,278.01,2025-09-01
90741,10800,Cartão Débito,aprovado,461.05,2025-06-16
90742,10801,Pix,aprovado,201.29,2025-04-16
90743,10802,Boleto,aprovado,619.73,2025-07-06
90744,10803,Cartão Crédito,aprovado,869.49,2025-02-12
90745,10804,Cartão Crédito,pendente,368.62,2025-06-03
90746,10805,Cartão Crédito,aprovado,254.0,2025-02-17
90747,10806,Cartão Débito,pendente,130.59,2025-02-08
90748,10807,Pix,aprovado,138.99,2025-02-13
90749,10808,Cartão Crédito,aprovado,47.31,2025-08-13
90750,10809,Pix,aprovado,284.47,2025-05-11
90751,10810,Cartão Crédito,aprovado,272.42,2025-04-04
90752,10811,Pix,estornado,0.0,2025-12-05
90753,10812,Pix,aprovado,212.04,2025-09-30
90754,10813,Cartão Débito,aprovado,296.55,2025-11-17
90755,10814,Pix,pendente,207.29,2025-05-05
90756,10815,Cartão Crédito,aprovado,471.78,2025-06-17
90757,10816,Cartão Crédito,aprovado,551.07,2025-08-04
90758,10817,Cartão Débito,aprovado,382.51,2025-12-18
90759,10818,Pix,pendente,61.39,2025-04-13
90760,10819,Pix,aprovado,444.19,2025-08-12
90761,10820,Cartão Débito,aprovado,199.92,2025-03-14
90762,10821,Boleto,aprovado,741.79,2025-11-27
90763,10822,Cartão Crédito,aprovado,341.26,2025-02-14
90764,10823,Pix,aprovado,398.75,2025-07-29
90765,10824,Cartão Crédito,estornado,0.0,2025-03-15
90766,10825,Boleto,aprovado,557.4,2025-10-29
90767,10826,Pix,aprovado,438.72,2025-05-06
90768,10827,Cartão Débito,aprovado,303.09,2025-07-23
90769,10828,Cartão Crédito,aprovado,115.89,2025-03-17
90770,10830,Pix,aprovado,167.24,2025-12-28
90771,10831,Cartão Crédito,pendente,676.02,2025-12-18
90772,10832,Cartão Crédito,pendente,196.94,2025-07-05
90773,10833,Cartão Crédito,estornado,0.0,2025-11-29
90774,10834,Pix,aprovado,207.24,2025-01-29
90775,10835,Pix,aprovado,177.58,2025-06-08
90776,10836,Cartão Crédito,aprovado,521.98,2025-03-07
90777,10837,Pix,aprovado,161.59,2025-01-09
90778,10838,Cartão Crédito,aprovado,239.49,2025-05-15
90779,10841,Pix,aprovado,93.97,2025-09-09
90780,10842,Cartão Crédito,aprovado,62.36,2025-08-05
90781,10843,Pix,pendente,63.11,2025-05-17
90782,10844,Cartão Débito,pendente,494.28,2025-10-08
90783,10845,Boleto,aprovado,217.74,2025-01-27
90784,10846,Cartão Débito,aprovado,1439.48,2025-11-25
90785,10847,Pix,aprovado,875.83,2025-06-10
90786,10848,Boleto,aprovado,1110.21,2025-12-01
90787,10849,Cartão Crédito,aprovado,656.01,2025-08-21
90788,10850,Cartão Crédito,aprovado,503.8,2025-11-04
90789,10851,Boleto,estornado,0.0,2025-07-10
90790,10852,Boleto,aprovado,335.17,2025-10-23
90791,10853,Pix,aprovado,538.01,2025-11-11
90792,10854,Cartão Débito,pendente,520.25,2025-05-17
90793,10855,Cartão Crédito,aprovado,126.17,2025-08-11
90794,10856,Pix,estornado,0.0,2025-04-01
90795,10857,Cartão Crédito,pendente,211.15,2025-08-14
90796,10858,Pix,estornado,0.0,2025-03-06
90797,10859,Cartão Crédito,aprovado,141.82,2025-05-18
90798,10860,Cartão Crédito,aprovado,1029.33,2025-04-17
90799,10861,Cartão Débito,aprovado,283.32,2025-08-07
90800,10862,Cartão Crédito,aprovado,150.97,2025-05-05
90801,10863,Cartão Débito,aprovado,1045.23,2025-12-02
90802,10864,Cartão Crédito,aprovado,876.36,2025-06-16
90803,10865,Pix,aprovado,371.85,2025-07-19
90804,10866,Boleto,aprovado,233.93,2025-02-03
90805,10868,Cartão Crédito,aprovado,478.8,2025-11-15
90806,10869,Pix,aprovado,221.28,2025-10-14
90807,10870,Cartão Crédito,aprovado,329.28,2025-09-14
90808,10871,Cartão Débito,aprovado,987.46,2026-01-01
90809,10872,Cartão Débito,aprovado,208.59,2025-01-27
90810,10873,Pix,aprovado,464.97,2025-05-26
90811,10874,Pix,aprovado,561.81,2025-05-18
90812,10876,Pix,aprovado,311.97,2025-10-13
90813,10877,Pix,aprovado,288.36,2025-02-01
90814,10878,Cartão Débito,aprovado,283.32,2025-12-29
90815,10879,Cartão Débito,aprovado,434.68,2025-01-21
90816,10880,Pix,aprovado,853.01,2025-03-17
90817,10882,Cartão Débito,aprovado,22.91,2025-10-27
90818,10883,Pix,aprovado,603.67,2025-04-05
90819,10884,Cartão Débito,aprovado,352.75,2025-12-16
90820,10885,Pix,aprovado,479.53,2025-07-25
90821,10886,Boleto,aprovado,79.61,2025-01-16
90822,10888,Pix,aprovado,571.63,2025-11-16
90823,10889,Boleto,aprovado,112.3,2025-10-23
90824,10890,Cartão Crédito,aprovado,464.26,2025-06-19
90825,10891,Pix,aprovado,327.31,2025-07-16
90826,10893,Pix,aprovado,173.53,2025-07-29
90827,10894,Boleto,aprovado,142.98,2025-08-12
90828,10895,Pix,aprovado,351.4,2025-03-10
90829,10896,Boleto,aprovado,381.29,2025-04-17
90830,10897,Cartão Crédito,aprovado,253.58,2025-11-04
90831,10898,Cartão Débito,estornado,0.0,2025-04-06
90832,10899,Cartão Crédito,aprovado,455.2,2025-06-25
90833,10900,Cartão Crédito,aprovado,610.93,2025-03-21
90834,10901,Pix,aprovado,512.43,2025-02-14
90835,10902,Pix,pendente,757.89,2025-12-20
90836,10903,Pix,aprovado,293.0,2025-10-20
90837,10904,Cartão Crédito,aprovado,800.22,2025-02-26
90838,10905,Pix,estornado,0.0,2025-10-23
90839,10906,Cartão Débito,pendente,137.26,2025-09-15
90840,10907,Cartão Crédito,pendente,163.07,2025-07-25
90841,10908,Cartão Débito,aprovado,914.85,2025-06-11
90842,10909,Boleto,aprovado,269.22,2025-11-19
90843,10910,Cartão Crédito,aprovado,79.54,2025-04-08
90844,10911,Boleto,aprovado,603.33,2025-05-16
90845,10912,Cartão Crédito,aprovado,317.22,2025-01-03
90846,10913,Cartão Débito,pendente,143.01,2025-08-25
90847,10914,Pix,aprovado,182.95,2025-11-16
90848,10916,Cartão Débito,aprovado,91.89,2025-12-25
90849,10917,Cartão Crédito,aprovado,1039.33,2025-03-16
90850,10918,Pix,pendente,487.41,2025-10-06
90851,10919,Boleto,pendente,116.93,2025-09-04
90852,10920,Cartão Crédito,aprovado,592.38,2025-12-28
90853,10921,Pix,pendente,116.9,2025-08-20
90854,10922,Cartão Crédito,estornado,0.0,2025-07-20
90855,10923,Cartão Crédito,aprovado,260.21,2025-08-10
90856,10924,Cartão Crédito,aprovado,246.19,2025-10-13
90857,10925,Boleto,aprovado,151.59,2025-09-23
90858,10926,Boleto,aprovado,451.31,2025-10-02
90859,10927,Boleto,aprovado,341.99,2025-12-02
90860,10928,Cartão Crédito,aprovado,816.71,2025-11-28
90861,10929,Cartão Crédito,aprovado,136.6,2025-04-09
90862,10931,Boleto,estornado,0.0,2025-12-06
90863,10933,Boleto,aprovado,256.42,2025-03-27
90864,10934,Cartão Crédito,aprovado,379.16,2025-12-08
90865,10935,Cartão Débito,pendente,368.29,2025-09-10
90866,10936,Cartão Crédito,aprovado,775.15,2025-06-07
90867,10937,Cartão Débito,aprovado,307.79,2025-05-18
90868,10938,Pix,aprovado,766.54,2025-09-17
90869,10939,Cartão Crédito,aprovado,330.41,2025-11-14
90870,10940,Pix,aprovado,588.03,2025-07-01
90871,10942,Cartão Crédito,aprovado,248.57,2025-08-23
90872,10943,Cartão Crédito,aprovado,156.38,2025-11-11
90873,10944,Pix,aprovado,733.02,2025-09-18
90874,10946,Cartão Crédito,aprovado,445.39,2025-09-17
90875,10947,Cartão Crédito,aprovado,330.08,2025-06-21
90876,10948,Cartão Crédito,aprovado,121.45,2025-08-04
90877,10949,Cartão Crédito,aprovado,720.89,2025-08-31
90878,10950,Pix,aprovado,410.59,2025-08-03
90879,10951,Pix,aprovado,276.27,2025-10-01
90880,10952,Pix,aprovado,599.05,2025-08-02
90881,10953,Cartão Crédito,aprovado,101.79,2025-12-17
90882,10954,Cartão Crédito,aprovado,145.15,2025-01-06
90883,10955,Cartão Crédito,aprovado,195.37,2025-07-26
90884,10956,Cartão Débito,aprovado,478.89,2025-01-23
90885,10957,Pix,aprovado,382.13,2025-11-22
90886,10958,Cartão Crédito,aprovado,517.52,2025-12-16
90887,10959,Pix,aprovado,689.46,2025-06-26
90888,10960,Pix,aprovado,530.03,2025-03-21
90889,10962,Cartão Crédito,aprovado,688.42,2025-11-30
90890,10963,Cartão Débito,aprovado,307.26,2025-01-23
90891,10964,Cartão Crédito,aprovado,220.79,2025-03-08
90892,10966,Pix,aprovado,542.41,2025-01-14
90893,10969,Cartão Crédito,aprovado,511.19,2025-11-30
90894,10971,Cartão Crédito,aprovado,680.08,2025-10-21
90895,10973,Cartão Crédito,aprovado,1021.1,2025-05-09
90896,10974,Pix,pendente,264.36,2025-08-21
90897,10975,Pix,aprovado,266.82,2025-02-17
90898,10976,Cartão Crédito,aprovado,137.78,2025-02-12
90899,10977,Cartão Crédito,estornado,0.0,2025-07-23
90900,10978,Cartão Crédito,aprovado,628.08,2025-12-21
90901,10979,Pix,aprovado,956.68,2025-03-29
90902,10980,Cartão Débito,aprovado,310.96,2025-03-09
90903,10981,Cartão Crédito,aprovado,296.17,2025-09-01
90904,10982,Pix,aprovado,353.52,2025-03-04
90905,10983,Boleto,aprovado,710.39,2025-10-21
90906,10984,Pix,aprovado,155.65,2025-07-11
90907,10985,Cartão Débito,aprovado,398.1,2025-03-16
90908,10986,Pix,aprovado,637.41,2025-06-09
90909,10987,Pix,aprovado,474.91,2025-09-08
90910,10988,Pix,estornado,0.0,2025-08-06
90911,10990,Boleto,aprovado,478.05,2025-11-11
90912,10991,Cartão Crédito,aprovado,799.68,2025-08-23
90913,10992,Cartão Crédito,aprovado,908.92,2025-02-17
90914,10993,Cartão Crédito,aprovado,774.21,2025-07-23
90915,10994,Boleto,aprovado,354.89,2025-08-17
90916,10995,Cartão Débito,aprovado,75.95,2025-01-13
90917,10996,Cartão Crédito,aprovado,294.57,2025-11-29
90918,10997,Cartão Crédito,aprovado,346.84,2025-10-23
90919,10998,Cartão Crédito,aprovado,949.01,2025-01-14
90920,10999,Cartão Crédito,aprovado,184.49,2025-04-18
90921,11000,Cartão Crédito,estornado,0.0,2025-11-09
90922,11001,Pix,aprovado,241.1,2025-06-27
90923,11003,Cartão Crédito,pendente,48.95,2025-10-08
90924,11004,Cartão Débito,aprovado,315.97,2025-02-17
90925,11005,Pix,estornado,0.0,2025-11-12
90926,11006,Cartão Crédito,aprovado,89.91,2025-06-05
90927,11008,Cartão Crédito,aprovado,182.89,2025-11-02
90928,11009,Cartão Crédito,aprovado,365.09,2025-07-21
90929,11010,Pix,aprovado,391.21,2025-10-14
90930,11011,Cartão Débito,pendente,136.14,2025-01-14
90931,11012,Cartão Crédito,aprovado,676.17,2025-12-04
90932,11013,Boleto,aprovado,341.27,2025-02-14
90933,11014,Cartão Débito,pendente,161.15,2025-07-12
90934,11015,Cartão Débito,aprovado,84.29,2025-08-09
90935,11016,Pix,pendente,157.28,2025-08-30
90936,11017,Cartão Crédito,aprovado,477.28,2025-01-01
90937,11018,Cartão Débito,aprovado,230.65,2025-12-19
90938,11019,Pix,aprovado,373.41,2025-10-31
90939,11022,Cartão Crédito,aprovado,36.01,2025-11-13
90940,11023,Pix,pendente,130.36,2025-11-24
90941,11024,Cartão Crédito,aprovado,304.74,2025-06-16
90942,11025,Pix,aprovado,355.26,2025-01-09
90943,11026,Cartão Débito,aprovado,379.21,2025-11-11
90944,11027,Boleto,aprovado,456.82,2025-10-14
90945,11028,Cartão Crédito,aprovado,312.33,2025-02-13
90946,11029,Cartão Crédito,aprovado,340.66,2025-12-12
90947,11030,Boleto,aprovado,629.14,2025-07-13
90948,11031,Boleto,aprovado,411.67,2025-12-27
90949,11032,Cartão Crédito,aprovado,125.91,2025-08-20
90950,11033,Cartão Débito,aprovado,363.41,2026-01-02
90951,11034,Cartão Crédito,aprovado,305.37,2025-06-07
90952,11035,Cartão Crédito,estornado,0.0,2025-07-08
90953,11036,Cartão Débito,aprovado,376.87,2025-11-09
90954,11037,Boleto,aprovado,141.34,2025-07-23
90955,11039,Cartão Débito,aprovado,452.39,2025-02-06
90956,11040,Cartão Débito,aprovado,119.64,2025-05-22
90957,11041,Cartão Crédito,aprovado,616.52,2025-12-17
90958,11042,Cartão Crédito,aprovado,807.96,2025-08-22
90959,11043,Cartão Crédito,aprovado,278.18,2025-01-29
90960,11045,Cartão Crédito,aprovado,577.45,2025-01-25
90961,11046,Cartão Crédito,aprovado,769.68,2025-09-30
90962,11047,Cartão Débito,aprovado,70.56,2025-02-12
90963,11048,Cartão Crédito,aprovado,132.78,2025-12-21
90964,11049,Cartão Crédito,aprovado,244.76,2025-03-28
90965,11050,Cartão Crédito,aprovado,265.8,2025-01-17
90966,11051,Pix,aprovado,566.52,2025-06-22
90967,11052,Pix,aprovado,772.23,2025-06-27
90968,11053,Pix,aprovado,809.38,2025-02-08
90969,11054,Pix,aprovado,68.76,2025-08-20
90970,11055,Boleto,aprovado,174.23,2025-01-18
90971,11057,Pix,aprovado,173.63,2025-01-31
90972,11058,Pix,pendente,233.07,2025-02-22
90973,11059,Pix,aprovado,489.05,2025-12-08
90974,11060,Boleto,pendente,222.21,2025-08-09
90975,11061,Cartão Débito,aprovado,314.73,2025-01-17
90976,11062,Cartão Crédito,aprovado,252.97,2025-02-23
90977,11063,Boleto,aprovado,276.29,2025-04-11
90978,11064,Pix,aprovado,902.43,2025-07-03
90979,11065,Pix,aprovado,538.2,2025-01-23
90980,11066,Pix,aprovado,260.41,2025-12-02
90981,11067,Boleto,aprovado,310.3,2025-03-17
90982,11068,Cartão Crédito,aprovado,458.57,2025-07-11
90983,11069,Cartão Crédito,aprovado,119.6,2025-10-15
90984,11070,Cartão Crédito,aprovado,372.39,2025-11-25
90985,11071,Pix,aprovado,518.61,2025-09-04
90986,11073,Cartão Débito,aprovado,177.11,2025-06-21
90987,11074,Boleto,aprovado,205.28,2025-01-23
90988,11075,Boleto,aprovado,46.46,2025-04-28
90989,11076,Pix,aprovado,555.53,2025-06-23
90990,11077,Cartão Crédito,pendente,810.2,2025-01-07
90991,11078,Cartão Crédito,aprovado,156.82,2025-03-03
90992,11080,Pix,pendente,766.57,2025-03-31
90993,11081,Pix,aprovado,234.07,2025-10-15
90994,11083,Pix,aprovado,402.34,2025-02-26
90995,11084,Cartão Crédito,aprovado,464.64,2025-07-10
90996,11085,Cartão Débito,aprovado,417.59,2025-11-20
90997,11086,Pix,aprovado,248.59,2025-03-12
90998,11087,Cartão Crédito,pendente,395.13,2025-07-11
90999,11089,Pix,aprovado,437.53,2025-03-19
91000,11090,Pix,aprovado,328.85,2025-03-10
91001,11091,Pix,aprovado,61.39,2025-09-01
91002,11092,Cartão Crédito,aprovado,751.69,2025-11-27
91003,11093,Pix,aprovado,209.77,2025-04-06
91004,11094,Pix,aprovado,800.03,2025-09-15
91005,11095,Pix,aprovado,668.37,2025-10-27
91006,11096,Cartão Crédito,aprovado,393.94,2025-08-20
91007,11097,Pix,estornado,0.0,2025-07-17
91008,11098,Cartão Crédito,pendente,237.15,2025-03-12
91009,11099,Cartão Débito,aprovado,289.77,2025-04-30
91010,11100,Cartão Crédito,aprovado,300.15,2025-08-07
91011,11101,Cartão Crédito,pendente,438.84,2025-09-14
91012,11102,Pix,estornado,0.0,2025-05-03
91013,11103,Cartão Crédito,aprovado,249.22,2025-06-03
91014,11104,Cartão Crédito,pendente,81.95,2025-02-24
91015,11105,Cartão Crédito,aprovado,446.38,2025-06-20
91016,11106,Boleto,aprovado,204.24,2025-12-20
91017,11107,Boleto,aprovado,595.84,2025-10-10
91018,11108,Pix,aprovado,629.13,2025-07-01
91019,11109,Pix,aprovado,478.64,2025-10-27
91020,11110,Cartão Crédito,aprovado,547.73,2025-03-21
91021,11111,Pix,aprovado,479.6,2025-04-19
91022,11112,Cartão Crédito,aprovado,573.78,2025-06-27
91023,11114,Cartão Crédito,aprovado,430.05,2025-01-16
91024,11115,Cartão Débito,aprovado,673.87,2025-01-08
91025,11116,Boleto,estornado,0.0,2025-08-10
91026,11117,Pix,aprovado,184.08,2025-10-07
91027,11118,Cartão Débito,pendente,146.05,2025-03-15
91028,11119,Pix,aprovado,265.81,2025-11-07
91029,11120,Cartão Débito,aprovado,52.32,2025-07-20
91030,11121,Boleto,aprovado,391.23,2025-06-22
91031,11122,Cartão Crédito,aprovado,525.6,2025-02-17
91032,11123,Pix,aprovado,623.34,2025-11-09
91033,11124,Cartão Crédito,aprovado,75.44,2025-07-17
91034,11125,Cartão Crédito,aprovado,181.17,2025-02-05
91035,11126,Cartão Débito,aprovado,584.06,2025-06-17
91036,11127,Boleto,aprovado,290.55,2025-03-12
91037,11128,Pix,aprovado,517.74,2025-04-17
91038,11129,Pix,aprovado,114.09,2025-12-30
91039,11130,Pix,aprovado,794.0,2025-11-01
91040,11131,Cartão Crédito,aprovado,105.97,2025-03-15
91041,11132,Pix,aprovado,383.27,2025-09-28
91042,11135,Cartão Crédito,aprovado,467.29,2025-04-01
91043,11136,Pix,aprovado,476.27,2025-08-10
91044,11137,Boleto,aprovado,442.04,2025-07-24
91045,11138,Cartão Crédito,aprovado,225.73,2025-03-24
91046,11139,Cartão Crédito,aprovado,192.47,2025-12-26
91047,11140,Cartão Crédito,aprovado,245.06,2025-10-15
91048,11141,Cartão Débito,estornado,0.0,2025-09-18
91049,11142,Pix,aprovado,693.97,2025-05-14
91050,11143,Cartão Crédito,aprovado,261.64,2025-11-24
91051,11144,Pix,aprovado,375.63,2025-07-25
91052,11145,Cartão Débito,aprovado,582.5,2025-03-02
91053,11146,Cartão Crédito,pendente,67.95,2025-08-30
91054,11147,Cartão Débito,aprovado,101.8,2025-05-08
91055,11148,Cartão Crédito,aprovado,172.11,2025-05-26
91056,11149,Cartão Crédito,aprovado,404.8,2025-02-24
91057,11150,Cartão Crédito,aprovado,385.89,2025-03-30
91058,11151,Cartão Débito,aprovado,441.46,2025-08-16
91059,11152,Pix,aprovado,311.25,2025-12-14
91060,11153,Cartão Crédito,aprovado,22.32,2025-11-24
91061,11154,Cartão Crédito,aprovado,304.05,2025-08-17
91062,11155,Cartão Crédito,aprovado,633.73,2025-04-15
91063,11156,Pix,aprovado,740.9,2025-02-18
91064,11157,Cartão Crédito,aprovado,358.28,2025-04-13
91065,11158,Pix,aprovado,386.9,2025-02-20
91066,11159,Cartão Crédito,estornado,0.0,2025-08-01
91067,11160,Cartão Crédito,aprovado,727.54,2025-04-08
91068,11161,Cartão Débito,aprovado,336.13,2025-04-29
91069,11162,Cartão Crédito,aprovado,506.6,2025-07-29
91070,11163,Cartão Crédito,aprovado,217.98,2025-04-27
91071,11164,Pix,aprovado,116.33,2025-01-27
91072,11165,Pix,aprovado,236.41,2025-11-06
91073,11166,Pix,aprovado,834.73,2025-10-23
91074,11168,Cartão Débito,pendente,49.18,2025-12-21
91075,11169,Boleto,aprovado,529.33,2025-11-09
91076,11171,Cartão Débito,aprovado,437.33,2025-03-09
91077,11172,Cartão Débito,pendente,94.14,2025-02-10
91078,11173,Pix,aprovado,120.16,2025-03-21
91079,11174,Cartão Crédito,aprovado,923.51,2025-11-07
91080,11175,Pix,aprovado,261.49,2025-03-11
91081,11176,Cartão Crédito,pendente,443.86,2025-12-02
91082,11177,Boleto,aprovado,346.16,2025-06-20
91083,11178,Cartão Crédito,aprovado,144.89,2025-12-10
91084,11179,Pix,aprovado,282.86,2025-09-25
91085,11180,Cartão Débito,pendente,80.92,2025-09-12
91086,11181,Cartão Crédito,aprovado,1347.09,2025-04-18
91087,11182,Cartão Crédito,aprovado,568.25,2025-04-18
91088,11183,Cartão Crédito,aprovado,341.56,2025-06-12
91089,11184,Pix,estornado,0.0,2025-11-07
91090,11185,Boleto,aprovado,544.42,2025-04-18
91091,11186,Cartão Crédito,estornado,0.0,2025-07-23
91092,11187,Cartão Crédito,estornado,0.0,2025-11-12
91093,11188,Boleto,estornado,0.0,2025-09-08
91094,11189,Pix,aprovado,361.68,2025-06-07
91095,11191,Boleto,aprovado,378.17,2025-10-17
91096,11192,Pix,aprovado,348.67,2025-08-31
91097,11193,Pix,pendente,130.1,2025-07-15
91098,11194,Pix,aprovado,399.64,2025-07-12
91099,11195,Boleto,aprovado,76.05,2025-02-09
91100,11197,Cartão Crédito,aprovado,311.24,2025-05-13
91101,11198,Pix,aprovado,72.25,2025-11-23
91102,11199,Pix,pendente,151.74,2025-05-10
91103,11200,Cartão Débito,aprovado,395.99,2025-11-23
91104,11202,Pix,aprovado,206.07,2025-05-14
91105,11203,Pix,aprovado,760.02,2025-11-26
91106,11204,Cartão Crédito,aprovado,492.66,2025-02-12
91107,11205,Cartão Crédito,aprovado,474.02,2025-08-08
91108,11206,Cartão Débito,aprovado,701.62,2025-12-04
91109,11207,Pix,aprovado,173.44,2025-02-17
91110,11208,Pix,aprovado,111.91,2025-04-21
91111,11209,Pix,aprovado,642.0,2025-03-30
91112,11211,Cartão Débito,aprovado,169.62,2025-08-13
91113,11212,Boleto,aprovado,75.43,2025-04-16
91114,11213,Cartão Crédito,aprovado,383.51,2025-04-21
91115,11214,Cartão Crédito,aprovado,291.4,2025-04-13
91116,11215,Cartão Crédito,aprovado,255.54,2025-11-17
91117,11216,Boleto,aprovado,32.78,2025-07-16
91118,11217,Pix,aprovado,871.79,2025-05-01
91119,11218,Pix,aprovado,93.38,2025-01-08
91120,11219,Cartão Crédito,aprovado,274.6,2025-01-05
91121,11220,Pix,aprovado,241.11,2025-06-25
91122,11221,Boleto,aprovado,502.52,2025-06-26
91123,11222,Cartão Crédito,pendente,57.18,2025-07-25
91124,11223,Cartão Crédito,aprovado,462.96,2025-06-21
91125,11224,Cartão Crédito,aprovado,384.85,2025-07-28
91126,11225,Pix,aprovado,198.08,2025-10-03
91127,11226,Cartão Crédito,aprovado,452.0,2025-12-20
91128,11227,Cartão Débito,aprovado,340.73,2025-04-10
91129,11228,Cartão Débito,aprovado,1003.74,2025-01-26
91130,11229,Cartão Débito,aprovado,291.2,2025-11-09
91131,11230,Cartão Crédito,aprovado,151.4,2025-12-05
91132,11231,Cartão Débito,aprovado,466.08,2025-11-10
91133,11232,Pix,aprovado,264.74,2025-10-22
91134,11233,Pix,aprovado,335.83,2025-02-18
91135,11234,Pix,aprovado,112.76,2025-03-04
91136,11235,Cartão Débito,aprovado,507.67,2025-12-05
91137,11236,Cartão Débito,aprovado,233.15,2025-01-15
91138,11237,Pix,aprovado,405.72,2025-05-25
91139,11238,Boleto,aprovado,1162.08,2025-12-14
91140,11239,Cartão Crédito,aprovado,278.84,2025-09-13
91141,11240,Cartão Crédito,pendente,493.2,2025-11-06
91142,11241,Boleto,aprovado,293.37,2025-07-19
91143,11242,Cartão Débito,aprovado,200.27,2025-05-16
91144,11243,Cartão Crédito,aprovado,776.95,2025-11-03
91145,11244,Cartão Débito,aprovado,54.27,2025-06-12
91146,11245,Boleto,aprovado,649.67,2025-10-04
91147,11246,Cartão Crédito,pendente,21.59,2025-07-09
91148,11247,Cartão Crédito,aprovado,606.79,2025-11-03
91149,11248,Pix,estornado,0.0,2025-06-15
91150,11249,Cartão Crédito,aprovado,151.76,2025-12-18
91151,11251,Pix,aprovado,534.62,2025-03-09
91152,11252,Cartão Débito,aprovado,1094.11,2025-09-13
91153,11253,Pix,aprovado,79.45,2025-06-23
91154,11255,Pix,aprovado,103.54,2025-04-03
91155,11256,Cartão Débito,aprovado,291.6,2025-12-05
91156,11257,Pix,aprovado,617.44,2025-07-24
91157,11258,Pix,aprovado,90.56,2025-07-24
91158,11259,Cartão Crédito,aprovado,333.04,2025-12-25
91159,11260,Pix,pendente,462.63,2025-10-29
91160,11261,Pix,pendente,126.14,2025-06-08
91161,11262,Pix,aprovado,387.34,2025-12-26
91162,11264,Pix,aprovado,135.43,2025-10-25
91163,11266,Cartão Crédito,aprovado,420.9,2025-04-06
91164,11267,Cartão Crédito,aprovado,428.96,2025-06-25
91165,11268,Cartão Crédito,aprovado,229.86,2025-05-10
91166,11269,Pix,estornado,0.0,2025-12-21
91167,11270,Cartão Crédito,aprovado,344.47,2025-12-24
91168,11271,Pix,aprovado,133.27,2025-11-29
91169,11272,Cartão Débito,aprovado,133.46,2025-03-03
91170,11273,Cartão Crédito,aprovado,532.3,2025-09-19
91171,11274,Cartão Débito,aprovado,125.27,2025-02-20
91172,11275,Cartão Débito,pendente,56.43,2025-12-30
91173,11276,Cartão Débito,aprovado,195.4,2025-10-03
91174,11277,Cartão Débito,aprovado,234.24,2025-10-06
91175,11278,Pix,aprovado,462.92,2025-10-29
91176,11279,Pix,aprovado,209.44,2025-12-04
91177,11280,Cartão Débito,aprovado,821.23,2025-04-04
91178,11281,Cartão Crédito,aprovado,357.42,2025-01-23
91179,11282,Cartão Crédito,aprovado,173.85,2025-10-19
91180,11283,Cartão Crédito,pendente,185.81,2025-09-18
91181,11284,Cartão Crédito,pendente,626.42,2025-01-03
91182,11285,Cartão Crédito,aprovado,522.69,2025-06-01
91183,11286,Cartão Crédito,estornado,0.0,2025-12-24
91184,11287,Pix,aprovado,250.14,2025-04-20
91185,11288,Pix,aprovado,401.36,2025-03-18
91186,11289,Cartão Débito,aprovado,508.39,2025-10-11
91187,11290,Cartão Crédito,aprovado,292.93,2025-11-15
91188,11291,Cartão Débito,aprovado,263.15,2025-03-29
91189,11292,Cartão Débito,aprovado,999.09,2025-08-07
91190,11293,Cartão Crédito,aprovado,527.82,2025-11-19
91191,11294,Boleto,aprovado,450.71,2025-12-03
91192,11295,Boleto,aprovado,216.55,2025-06-12
91193,11296,Pix,aprovado,131.57,2025-05-07
91194,11297,Cartão Crédito,aprovado,456.09,2025-10-11
91195,11298,Cartão Crédito,pendente,315.14,2025-06-21
91196,11299,Pix,aprovado,334.63,2025-05-21
91197,11300,Cartão Crédito,aprovado,528.75,2025-07-14
91198,11301,Pix,estornado,0.0,2025-06-08
91199,11302,Pix,aprovado,591.06,2025-12-29
91200,11303,Cartão Crédito,aprovado,83.89,2025-02-24
91201,11304,Cartão Crédito,aprovado,255.62,2025-07-21
91202,11305,Pix,aprovado,474.78,2025-05-17
91203,11306,Cartão Crédito,aprovado,348.39,2025-07-17
91204,11307,Pix,aprovado,538.83,2025-11-27
91205,11308,Cartão Crédito,aprovado,450.53,2025-12-28
91206,11309,Cartão Débito,aprovado,35.93,2025-08-31
91207,11310,Boleto,estornado,0.0,2025-04-28
91208,11311,Cartão Débito,aprovado,231.46,2025-06-11
91209,11312,Pix,pendente,58.76,2025-02-21
91210,11313,Pix,aprovado,669.89,2025-10-11
91211,11314,Cartão Débito,aprovado,511.73,2025-12-13
91212,11315,Pix,estornado,0.0,2025-12-19
91213,11316,Boleto,aprovado,404.43,2025-04-08
91214,11317,Cartão Débito,aprovado,253.12,2025-10-03
91215,11319,Cartão Débito,aprovado,141.1,2025-12-13
91216,11320,Cartão Crédito,aprovado,101.05,2025-03-11
91217,11322,Pix,aprovado,871.93,2025-05-08
91218,11323,Boleto,aprovado,220.71,2025-06-04
91219,11324,Boleto,aprovado,66.73,2025-07-21
91220,11325,Boleto,pendente,225.23,2025-09-21
91221,11326,Cartão Crédito,aprovado,218.39,2025-11-16
91222,11327,Cartão Crédito,aprovado,692.52,2025-08-27
91223,11329,Cartão Crédito,aprovado,244.23,2025-04-16
91224,11330,Cartão Crédito,estornado,0.0,2025-09-11
91225,11331,Boleto,aprovado,427.84,2025-07-12
91226,11332,Pix,aprovado,324.18,2025-05-18
91227,11333,Cartão Débito,aprovado,282.46,2025-03-24
91228,11334,Pix,aprovado,156.11,2025-02-26
91229,11335,Pix,aprovado,55.77,2025-06-21
91230,11336,Cartão Débito,aprovado,155.33,2025-12-09
91231,11337,Pix,aprovado,315.9,2025-09-15
91232,11338,Cartão Crédito,aprovado,90.72,2025-07-25
91233,11339,Cartão Crédito,aprovado,389.59,2025-01-15
91234,11340,Cartão Débito,aprovado,353.34,2025-12-19
91235,11341,Pix,aprovado,218.69,2025-01-07
91236,11342,Pix,aprovado,273.52,2025-08-10
91237,11343,Cartão Crédito,aprovado,107.02,2025-05-08
91238,11344,Boleto,pendente,449.23,2025-05-09
91239,11345,Cartão Débito,aprovado,577.65,2025-02-25
91240,11346,Pix,aprovado,125.33,2025-11-02
91241,11347,Cartão Débito,aprovado,128.64,2025-07-26
91242,11348,Pix,aprovado,157.1,2025-01-12
91243,11349,Cartão Crédito,aprovado,490.69,2025-08-01
91244,11350,Cartão Débito,aprovado,426.91,2025-09-07
91245,11351,Cartão Crédito,aprovado,664.98,2025-02-26
91246,11352,Pix,aprovado,713.52,2025-08-03
91247,11353,Pix,aprovado,82.6,2025-01-28
91248,11354,Pix,aprovado,479.0,2025-05-26
91249,11355,Cartão Crédito,aprovado,695.29,2025-09-09
91250,11356,Cartão Débito,aprovado,260.36,2025-01-09
91251,11357,Cartão Crédito,aprovado,330.24,2025-07-06
91252,11358,Cartão Crédito,pendente,101.34,2025-04-18
91253,11359,Pix,aprovado,304.69,2025-11-20
91254,11360,Cartão Crédito,aprovado,582.84,2025-12-03
91255,11361,Cartão Débito,aprovado,976.06,2025-02-10
91256,11362,Pix,aprovado,803.11,2025-04-16
91257,11363,Cartão Crédito,aprovado,226.86,2025-08-04
91258,11364,Boleto,aprovado,405.05,2025-10-15
91259,11365,Pix,aprovado,177.76,2025-03-02
91260,11366,Cartão Crédito,aprovado,193.18,2025-09-17
91261,11367,Cartão Crédito,aprovado,319.75,2025-03-11
91262,11368,Pix,aprovado,188.92,2025-04-08
91263,11369,Boleto,aprovado,212.58,2025-09-21
91264,11370,Boleto,aprovado,398.38,2025-07-20
91265,11371,Boleto,aprovado,474.48,2025-04-17
91266,11372,Cartão Crédito,aprovado,465.96,2025-12-26
91267,11373,Cartão Crédito,aprovado,469.1,2025-09-30
91268,11374,Cartão Débito,aprovado,114.28,2025-10-10
91269,11375,Cartão Crédito,aprovado,181.07,2025-06-02
91270,11377,Pix,aprovado,674.98,2025-04-22
91271,11378,Boleto,aprovado,1317.07,2025-11-08
91272,11380,Cartão Débito,aprovado,546.52,2025-06-02
91273,11381,Boleto,aprovado,102.61,2025-07-03
91274,11382,Pix,aprovado,536.84,2025-10-05
91275,11383,Cartão Crédito,aprovado,1102.82,2025-07-18
91276,11385,Cartão Crédito,aprovado,218.16,2025-04-19
91277,11386,Pix,aprovado,594.83,2025-08-11
91278,11387,Boleto,aprovado,342.28,2025-08-26
91279,11388,Cartão Crédito,aprovado,50.49,2025-04-05
91280,11389,Boleto,aprovado,228.73,2025-04-04
91281,11390,Pix,aprovado,830.75,2025-08-10
91282,11391,Cartão Crédito,aprovado,271.96,2025-03-12
91283,11392,Cartão Débito,estornado,0.0,2025-07-16
91284,11393,Pix,aprovado,570.26,2025-01-26
91285,11394,Cartão Crédito,aprovado,426.76,2025-11-06
91286,11395,Cartão Crédito,aprovado,260.93,2025-10-08
91287,11396,Cartão Débito,aprovado,206.8,2025-04-17
91288,11397,Cartão Crédito,aprovado,1708.24,2025-06-19
91289,11398,Pix,aprovado,744.46,2025-05-17
91290,11399,Boleto,aprovado,468.98,2025-02-22
91291,11400,Pix,aprovado,489.36,2025-08-03
91292,11401,Pix,pendente,227.3,2025-07-19
91293,11402,Boleto,aprovado,423.26,2025-12-19
91294,11403,Boleto,aprovado,282.6,2025-04-27
91295,11404,Cartão Crédito,aprovado,167.1,2025-06-21
91296,11405,Pix,aprovado,434.72,2025-03-23
91297,11406,Pix,aprovado,264.64,2025-08-10
91298,11407,Cartão Débito,aprovado,450.26,2025-07-01
91299,11408,Cartão Crédito,aprovado,508.43,2025-07-08
91300,11409,Pix,aprovado,466.46,2025-03-20
91301,11410,Cartão Débito,pendente,90.89,2025-08-19
91302,11411,Cartão Crédito,aprovado,243.46,2025-10-23
91303,11412,Boleto,aprovado,268.53,2025-03-07
91304,11413,Cartão Crédito,aprovado,637.65,2025-08-06
91305,11414,Cartão Crédito,pendente,365.19,2025-06-20
91306,11415,Pix,aprovado,189.96,2025-09-15
91307,11416,Cartão Crédito,aprovado,111.8,2025-04-28
91308,11417,Pix,aprovado,1355.86,2025-12-26
91309,11418,Pix,aprovado,454.12,2025-07-07
91310,11419,Boleto,aprovado,98.32,2025-03-14
91311,11420,Cartão Débito,aprovado,215.37,2025-03-14
91312,11421,Cartão Crédito,estornado,0.0,2025-08-06
91313,11422,Cartão Crédito,aprovado,1155.75,2025-03-05
91314,11424,Pix,aprovado,441.21,2025-12-07
91315,11425,Boleto,aprovado,336.83,2025-03-23
91316,11426,Cartão Débito,aprovado,143.25,2025-02-09
91317,11427,Pix,aprovado,357.52,2025-09-01
91318,11428,Cartão Crédito,aprovado,160.41,2025-06-25
91319,11429,Cartão Crédito,aprovado,245.3,2025-02-02
91320,11430,Cartão Crédito,aprovado,594.42,2025-09-16
91321,11431,Pix,aprovado,281.54,2025-08-21
91322,11432,Cartão Débito,aprovado,267.56,2025-06-10
91323,11433,Cartão Crédito,aprovado,323.8,2025-02-17
91324,11434,Cartão Crédito,estornado,0.0,2025-11-17
91325,11435,Pix,aprovado,130.02,2025-10-15
91326,11436,Cartão Crédito,aprovado,409.85,2025-09-06
91327,11437,Cartão Crédito,aprovado,980.6,2025-01-31
91328,11438,Pix,pendente,140.51,2025-02-23
91329,11439,Pix,pendente,447.96,2025-03-27
91330,11440,Cartão Crédito,aprovado,104.78,2025-06-11
91331,11441,Cartão Débito,aprovado,288.51,2025-05-05
91332,11442,Cartão Débito,aprovado,175.15,2025-09-07
91333,11443,Pix,aprovado,320.62,2025-01-07
91334,11444,Cartão Crédito,aprovado,325.58,2025-04-12
91335,11445,Pix,aprovado,350.47,2025-12-26
91336,11446,Cartão Crédito,aprovado,590.82,2025-09-19
91337,11447,Cartão Débito,aprovado,30.99,2025-09-03
91338,11448,Cartão Débito,aprovado,207.79,2025-12-16
91339,11449,Cartão Crédito,estornado,0.0,2025-04-22
91340,11451,Cartão Crédito,aprovado,512.61,2025-06-25
91341,11452,Cartão Crédito,pendente,106.98,2025-12-17
91342,11454,Boleto,aprovado,608.42,2025-03-18
91343,11455,Cartão Débito,aprovado,757.15,2025-02-14
91344,11456,Pix,aprovado,523.05,2025-03-28
91345,11457,Pix,aprovado,126.69,2025-04-05
91346,11458,Pix,aprovado,505.82,2025-05-16
91347,11459,Cartão Crédito,aprovado,528.62,2025-03-05
91348,11461,Cartão Débito,aprovado,836.25,2025-11-19
91349,11462,Cartão Crédito,aprovado,357.04,2025-09-18
91350,11463,Pix,aprovado,815.93,2025-02-01
91351,11464,Pix,aprovado,812.78,2025-01-08
91352,11465,Cartão Crédito,pendente,329.46,2025-10-20
91353,11466,Pix,aprovado,414.34,2025-08-29
91354,11467,Cartão Débito,aprovado,463.27,2025-10-04
91355,11468,Cartão Crédito,aprovado,951.43,2025-02-25
91356,11470,Cartão Crédito,aprovado,140.67,2025-09-08
91357,11471,Cartão Débito,aprovado,443.67,2025-01-20
91358,11472,Cartão Débito,aprovado,167.68,2025-06-14
91359,11473,Cartão Crédito,aprovado,199.79,2025-07-09
91360,11474,Cartão Crédito,aprovado,252.87,2025-01-12
91361,11475,Cartão Débito,aprovado,95.32,2025-04-01
91362,11476,Pix,aprovado,158.55,2025-06-06
91363,11477,Pix,aprovado,865.24,2025-04-20
91364,11478,Cartão Crédito,aprovado,198.8,2025-02-21
91365,11480,Pix,aprovado,380.06,2025-09-03
91366,11481,Cartão Crédito,aprovado,491.25,2025-07-01
91367,11482,Cartão Crédito,aprovado,505.31,2025-11-03
91368,11483,Cartão Crédito,aprovado,152.58,2025-06-12
91369,11484,Cartão Crédito,aprovado,590.73,2025-06-15
91370,11485,Boleto,estornado,0.0,2025-01-05
91371,11486,Pix,aprovado,192.12,2025-10-25
91372,11487,Cartão Crédito,aprovado,500.42,2025-08-08
91373,11489,Cartão Crédito,aprovado,47.56,2025-01-12
91374,11490,Pix,aprovado,429.53,2025-09-17
91375,11492,Pix,aprovado,532.22,2025-08-11
91376,11493,Pix,aprovado,267.06,2025-08-25
91377,11494,Cartão Crédito,aprovado,425.32,2025-10-06
91378,11495,Cartão Crédito,aprovado,419.9,2025-12-19
91379,11496,Pix,aprovado,558.59,2025-02-23
91380,11497,Cartão Crédito,aprovado,510.25,2025-11-12
91381,11498,Cartão Crédito,aprovado,142.86,2025-11-20
91382,11499,Cartão Crédito,aprovado,279.48,2025-10-29
91383,11500,Pix,aprovado,424.97,2025-04-27
91384,11501,Cartão Crédito,aprovado,825.25,2025-08-30
91385,11502,Cartão Crédito,aprovado,513.38,2025-08-29
91386,11503,Pix,aprovado,780.24,2025-04-29
91387,11504,Cartão Crédito,aprovado,440.39,2025-06-09
91388,11505,Pix,pendente,322.89,2025-08-05
91389,11506,Pix,aprovado,401.12,2025-09-25
91390,11507,Pix,aprovado,664.12,2025-08-09
91391,11508,Pix,aprovado,256.78,2025-07-21
91392,11509,Pix,aprovado,885.79,2025-07-20
91393,11510,Cartão Crédito,pendente,410.0,2025-09-25
91394,11511,Pix,aprovado,95.99,2025-03-09
91395,11512,Cartão Crédito,aprovado,434.77,2025-05-15
91396,11513,Pix,aprovado,514.5,2025-02-21
91397,11514,Cartão Crédito,aprovado,604.11,2025-03-20
91398,11515,Cartão Débito,aprovado,1082.12,2025-03-12
91399,11516,Pix,aprovado,226.34,2025-04-28
91400,11517,Cartão Crédito,aprovado,1086.64,2025-07-16
91401,11518,Pix,aprovado,336.91,2025-11-20
91402,11519,Cartão Débito,aprovado,184.48,2025-03-08
91403,11520,Pix,aprovado,230.22,2025-02-20
91404,11521,Cartão Crédito,aprovado,494.31,2025-07-22
91405,11522,Cartão Débito,estornado,0.0,2025-11-21
91406,11523,Cartão Crédito,aprovado,260.14,2025-11-24
91407,11524,Cartão Crédito,pendente,309.6,2025-04-06
91408,11525,Cartão Débito,aprovado,881.45,2025-06-28
91409,11526,Boleto,aprovado,592.81,2025-05-13
91410,11527,Pix,aprovado,346.82,2025-01-13
91411,11528,Cartão Débito,aprovado,492.8,2025-03-02
91412,11529,Pix,pendente,126.85,2025-02-15
91413,11530,Cartão Crédito,estornado,0.0,2025-04-16
91414,11531,Cartão Crédito,pendente,728.48,2025-06-04
91415,11532,Cartão Crédito,aprovado,890.3,2025-04-12
91416,11533,Pix,aprovado,318.14,2025-05-28
91417,11534,Cartão Crédito,aprovado,236.72,2025-11-01
91418,11536,Pix,aprovado,513.59,2025-06-13
91419,11537,Cartão Crédito,aprovado,515.81,2025-07-03
91420,11538,Boleto,aprovado,174.47,2025-01-19
91421,11539,Cartão Débito,aprovado,402.18,2025-11-07
91422,11540,Cartão Crédito,aprovado,580.82,2025-04-04
91423,11541,Pix,aprovado,224.33,2025-05-08
91424,11542,Cartão Crédito,aprovado,289.96,2025-06-10
91425,11544,Cartão Débito,aprovado,183.81,2025-02-06
91426,11545,Pix,aprovado,294.37,2025-10-17
91427,11546,Cartão Crédito,aprovado,80.92,2025-08-06
91428,11547,Cartão Crédito,aprovado,276.85,2025-04-16
91429,11548,Pix,aprovado,280.04,2025-08-04
91430,11549,Pix,aprovado,321.04,2025-10-31
91431,11550,Cartão Crédito,aprovado,468.24,2025-10-24
91432,11551,Cartão Crédito,aprovado,118.46,2025-07-30
91433,11552,Cartão Crédito,aprovado,139.36,2025-02-05
91434,11554,Cartão Crédito,aprovado,107.42,2025-06-11
91435,11555,Cartão Débito,aprovado,504.61,2025-08-24
91436,11556,Pix,aprovado,216.71,2025-02-23
91437,11557,Pix,aprovado,328.33,2025-02-23
91438,11558,Cartão Débito,aprovado,167.56,2025-04-09
91439,11559,Boleto,aprovado,255.09,2025-01-03
91440,11561,Cartão Débito,aprovado,429.58,2025-12-19
91441,11562,Pix,aprovado,144.62,2025-03-12
91442,11563,Cartão Crédito,pendente,248.52,2025-03-21
91443,11564,Pix,aprovado,169.95,2025-03-07
91444,11565,Pix,aprovado,308.09,2025-09-10
91445,11566,Cartão Crédito,aprovado,202.68,2025-04-30
91446,11567,Cartão Crédito,pendente,557.03,2025-10-17
91447,11568,Pix,aprovado,578.63,2025-04-16
91448,11569,Cartão Crédito,aprovado,442.45,2025-04-20
91449,11570,Pix,aprovado,271.98,2025-04-11
91450,11571,Boleto,pendente,476.72,2025-09-28
91451,11572,Cartão Crédito,pendente,116.65,2025-12-30
91452,11573,Cartão Débito,aprovado,953.47,2025-03-08
91453,11574,Pix,aprovado,628.5,2025-11-15
91454,11576,Cartão Débito,aprovado,885.54,2025-11-28
91455,11577,Cartão Crédito,pendente,217.35,2025-02-26
91456,11578,Pix,aprovado,1055.51,2025-09-05
91457,11579,Cartão Crédito,aprovado,915.47,2025-10-13
91458,11581,Boleto,aprovado,84.01,2025-07-10
91459,11582,Cartão Débito,aprovado,392.18,2025-04-10
91460,11583,Cartão Crédito,pendente,118.32,2025-10-01
91461,11584,Cartão Crédito,aprovado,207.58,2025-11-27
91462,11585,Cartão Crédito,aprovado,220.09,2025-01-19
91463,11586,Pix,pendente,91.71,2025-05-23
91464,11587,Cartão Crédito,aprovado,393.21,2025-04-24
91465,11588,Pix,aprovado,188.56,2025-04-19
91466,11589,Boleto,aprovado,282.44,2025-01-02
91467,11590,Pix,aprovado,221.56,2025-12-21
91468,11591,Cartão Crédito,aprovado,469.6,2025-04-10
91469,11592,Cartão Débito,estornado,0.0,2025-12-08
91470,11593,Cartão Crédito,aprovado,265.84,2025-02-13
91471,11594,Pix,aprovado,485.43,2025-10-28
91472,11595,Pix,aprovado,737.92,2025-01-10
91473,11596,Cartão Débito,aprovado,39.73,2025-09-15
91474,11597,Pix,aprovado,211.76,2025-06-05
91475,11598,Pix,pendente,117.45,2025-07-02
91476,11599,Cartão Crédito,aprovado,197.08,2025-07-10
91477,11600,Pix,aprovado,31.43,2025-09-27
91478,11601,Cartão Crédito,aprovado,37.77,2025-09-25
91479,11602,Pix,aprovado,227.48,2025-04-26
91480,11604,Pix,aprovado,806.14,2025-02-19
91481,11606,Cartão Crédito,aprovado,477.14,2025-09-29
91482,11607,Pix,aprovado,2521.82,2025-11-02
91483,11608,Cartão Crédito,pendente,20.31,2025-10-27
91484,11609,Pix,aprovado,963.66,2025-08-12
91485,11610,Pix,aprovado,324.93,2025-09-17
91486,11611,Cartão Crédito,pendente,217.42,2025-09-28
91487,11612,Cartão Crédito,aprovado,214.44,2025-02-07
91488,11613,Cartão Crédito,aprovado,423.72,2025-05-25
91489,11614,Pix,aprovado,243.69,2025-01-03
91490,11615,Pix,aprovado,127.67,2025-06-30
91491,11616,Pix,aprovado,220.79,2025-05-21
91492,11617,Cartão Crédito,aprovado,432.09,2025-06-02
91493,11618,Cartão Débito,aprovado,534.35,2025-12-17
91494,11619,Boleto,aprovado,1026.49,2025-02-20
91495,11620,Pix,aprovado,360.7,2025-10-20
91496,11621,Pix,aprovado,766.07,2025-12-20
91497,11622,Boleto,aprovado,290.36,2025-04-17
91498,11623,Cartão Débito,aprovado,320.46,2025-08-28
91499,11624,Cartão Crédito,aprovado,308.22,2025-08-15
91500,11625,Cartão Crédito,aprovado,391.62,2025-12-19
91501,11628,Pix,pendente,140.54,2025-11-12
91502,11629,Boleto,aprovado,629.94,2025-03-09
91503,11630,Cartão Crédito,aprovado,600.77,2025-07-21
91504,11632,Cartão Débito,aprovado,208.28,2025-12-01
91505,11633,Cartão Crédito,aprovado,282.65,2025-09-04
91506,11634,Pix,aprovado,645.5,2025-12-13
91507,11636,Pix,aprovado,519.41,2025-12-13
91508,11637,Pix,aprovado,291.29,2025-01-06
91509,11638,Pix,aprovado,422.16,2025-03-24
91510,11639,Pix,aprovado,125.41,2025-04-16
91511,11640,Pix,aprovado,357.39,2025-07-20
91512,11641,Boleto,pendente,471.42,2025-04-06
91513,11642,Pix,aprovado,565.74,2025-08-13
91514,11643,Boleto,aprovado,152.49,2025-01-15
91515,11644,Boleto,aprovado,974.95,2025-12-26
91516,11645,Cartão Débito,aprovado,699.8,2025-12-11
91517,11646,Cartão Crédito,aprovado,130.76,2025-07-22
91518,11648,Cartão Crédito,pendente,76.42,2025-07-20
91519,11649,Boleto,aprovado,430.36,2025-12-07
91520,11650,Pix,aprovado,214.35,2025-03-13
91521,11651,Pix,aprovado,51.01,2025-07-05
91522,11652,Boleto,aprovado,319.4,2025-09-30
91523,11653,Cartão Crédito,aprovado,613.66,2025-07-01
91524,11654,Cartão Crédito,aprovado,362.68,2025-03-15
91525,11655,Cartão Débito,aprovado,488.16,2025-11-30
91526,11656,Cartão Crédito,aprovado,387.57,2025-10-26
91527,11657,Boleto,aprovado,550.25,2025-10-30
91528,11658,Pix,aprovado,412.12,2025-07-28
91529,11659,Cartão Débito,aprovado,306.72,2025-05-03
91530,11660,Cartão Crédito,aprovado,359.49,2025-09-03
91531,11662,Pix,aprovado,506.9,2025-08-08
91532,11663,Pix,estornado,0.0,2025-01-22
91533,11664,Pix,aprovado,355.42,2025-11-10
91534,11665,Cartão Crédito,aprovado,425.07,2025-02-28
91535,11666,Cartão Débito,aprovado,299.25,2025-10-24
91536,11668,Cartão Crédito,aprovado,165.72,2025-09-29
91537,11670,Boleto,aprovado,1046.86,2025-03-17
91538,11671,Pix,aprovado,470.26,2025-10-08
91539,11672,Cartão Crédito,aprovado,81.05,2025-11-28
91540,11673,Boleto,aprovado,313.49,2025-09-02
91541,11674,Pix,aprovado,778.88,2025-03-12
91542,11676,Pix,aprovado,661.52,2025-02-22
91543,11677,Cartão Crédito,aprovado,83.74,2025-06-21
91544,11678,Pix,aprovado,20.0,2025-07-20
91545,11679,Cartão Crédito,aprovado,726.05,2025-05-31
91546,11680,Cartão Débito,aprovado,234.48,2025-09-15
91547,11681,Pix,aprovado,249.22,2025-03-02
91548,11682,Cartão Crédito,aprovado,385.04,2025-06-27
91549,11683,Cartão Débito,aprovado,459.03,2025-02-01
91550,11684,Pix,aprovado,20.38,2025-02-05
91551,11685,Cartão Crédito,aprovado,198.72,2025-11-11
91552,11686,Cartão Crédito,aprovado,350.72,2025-08-06
91553,11687,Boleto,aprovado,458.32,2025-03-12
91554,11688,Cartão Débito,pendente,135.09,2025-09-18
91555,11689,Pix,aprovado,287.71,2025-05-01
91556,11690,Boleto,aprovado,211.41,2025-10-02
91557,11691,Pix,aprovado,394.21,2025-01-10
91558,11692,Pix,aprovado,709.25,2025-12-24
91559,11693,Pix,aprovado,259.9,2025-08-17
91560,11695,Cartão Crédito,aprovado,189.99,2025-01-06
91561,11696,Cartão Débito,aprovado,968.75,2025-05-12
91562,11697,Cartão Crédito,aprovado,166.27,2025-04-06
91563,11698,Pix,aprovado,118.59,2025-05-09
91564,11700,Boleto,aprovado,313.55,2025-04-18
91565,11701,Boleto,aprovado,221.91,2025-04-26
91566,11702,Cartão Débito,aprovado,84.22,2025-10-14
91567,11703,Boleto,aprovado,421.46,2025-06-17
91568,11704,Boleto,aprovado,394.5,2025-08-03
91569,11705,Cartão Crédito,pendente,214.18,2025-03-14
91570,11706,Pix,aprovado,388.25,2025-04-19
91571,11707,Pix,aprovado,918.3,2025-12-26
91572,11708,Cartão Crédito,aprovado,564.96,2025-09-16
91573,11709,Pix,aprovado,491.18,2025-06-06
91574,11710,Pix,estornado,0.0,2025-11-11
91575,11711,Pix,estornado,0.0,2025-08-17
91576,11712,Pix,pendente,123.76,2025-08-11
91577,11713,Pix,estornado,0.0,2025-07-02
91578,11714,Cartão Débito,estornado,0.0,2025-05-17
91579,11715,Pix,estornado,0.0,2025-11-15
91580,11716,Cartão Crédito,aprovado,313.3,2025-01-30
91581,11717,Pix,aprovado,450.12,2025-05-29
91582,11718,Boleto,aprovado,662.82,2025-10-18
91583,11719,Pix,aprovado,500.91,2025-08-30
91584,11720,Cartão Débito,aprovado,190.41,2025-05-26
91585,11721,Pix,aprovado,593.38,2025-10-06
91586,11722,Boleto,aprovado,926.8,2025-07-06
91587,11723,Boleto,aprovado,674.05,2025-11-11
91588,11724,Cartão Crédito,aprovado,107.76,2025-05-19
91589,11725,Cartão Crédito,aprovado,497.34,2025-01-09
91590,11726,Cartão Crédito,aprovado,123.62,2025-10-13
91591,11727,Cartão Crédito,aprovado,271.07,2025-05-26
91592,11729,Boleto,aprovado,401.72,2025-03-07
91593,11730,Cartão Débito,aprovado,665.52,2025-12-03
91594,11731,Pix,aprovado,929.67,2025-12-18
91595,11732,Cartão Débito,aprovado,471.86,2025-10-14
91596,11733,Pix,aprovado,255.42,2025-05-12
91597,11734,Pix,aprovado,51.21,2025-11-08
91598,11735,Pix,aprovado,775.66,2025-02-28
91599,11736,Cartão Crédito,aprovado,314.53,2025-07-10
91600,11737,Pix,aprovado,326.84,2025-05-25
91601,11738,Cartão Crédito,aprovado,346.27,2025-06-24
91602,11739,Cartão Crédito,pendente,205.74,2025-11-19
91603,11741,Cartão Crédito,estornado,0.0,2025-09-22
91604,11742,Boleto,aprovado,312.21,2025-10-27
91605,11743,Cartão Crédito,pendente,110.26,2025-02-14
91606,11744,Cartão Crédito,aprovado,190.29,2025-11-20
91607,11745,Cartão Crédito,aprovado,189.53,2025-09-28
91608,11746,Cartão Crédito,aprovado,309.51,2025-08-17
91609,11747,Pix,aprovado,160.21,2025-05-09
91610,11748,Cartão Crédito,aprovado,20.0,2025-03-02
91611,11749,Cartão Crédito,pendente,169.41,2025-07-31
91612,11750,Cartão Crédito,aprovado,114.31,2025-07-06
91613,11751,Pix,aprovado,363.63,2025-04-28
91614,11752,Cartão Crédito,aprovado,207.83,2025-07-31
91615,11753,Cartão Débito,aprovado,461.05,2025-05-30
91616,11755,Pix,aprovado,63.08,2025-04-16
91617,11756,Cartão Crédito,aprovado,312.79,2025-08-07
91618,11757,Boleto,aprovado,243.73,2025-01-22
91619,11758,Pix,aprovado,105.02,2025-03-11
91620,11759,Cartão Crédito,estornado,0.0,2025-03-11
91621,11760,Cartão Crédito,aprovado,144.88,2025-06-23
91622,11761,Pix,aprovado,182.85,2025-02-28
91623,11763,Cartão Crédito,aprovado,479.43,2025-06-01
91624,11764,Pix,pendente,99.52,2025-11-01
91625,11765,Cartão Crédito,aprovado,261.04,2025-11-04
91626,11766,Cartão Crédito,aprovado,119.25,2025-04-03
91627,11767,Boleto,aprovado,607.19,2025-04-29
91628,11768,Cartão Débito,aprovado,606.92,2025-09-27
91629,11769,Pix,aprovado,1016.69,2025-06-15
91630,11770,Pix,aprovado,1267.43,2025-04-18
91631,11771,Cartão Crédito,aprovado,205.84,2025-06-14
91632,11772,Pix,aprovado,543.52,2025-05-25
91633,11773,Pix,aprovado,53.07,2025-05-17
91634,11774,Pix,aprovado,383.63,2025-05-25
91635,11775,Pix,aprovado,451.86,2025-03-31
91636,11776,Cartão Crédito,aprovado,152.0,2025-10-04
91637,11777,Cartão Crédito,aprovado,195.49,2025-01-15
91638,11778,Pix,aprovado,609.64,2025-08-11
91639,11779,Cartão Crédito,estornado,0.0,2025-02-28
91640,11780,Pix,aprovado,935.41,2025-09-11
91641,11782,Pix,aprovado,71.07,2025-04-27
91642,11783,Cartão Crédito,aprovado,222.82,2025-05-22
91643,11784,Cartão Crédito,aprovado,138.26,2025-01-21
91644,11785,Cartão Débito,aprovado,558.84,2025-12-08
91645,11786,Pix,aprovado,410.72,2025-01-07
91646,11787,Cartão Crédito,aprovado,146.9,2025-12-13
91647,11788,Boleto,estornado,0.0,2025-04-09
91648,11789,Pix,aprovado,746.53,2025-02-16
91649,11790,Cartão Débito,aprovado,243.35,2025-09-13
91650,11791,Cartão Crédito,aprovado,43.47,2025-08-03
91651,11792,Pix,aprovado,135.46,2025-11-23
91652,11794,Cartão Crédito,aprovado,649.64,2025-07-20
91653,11795,Cartão Crédito,aprovado,112.23,2025-03-03
91654,11796,Boleto,aprovado,383.5,2025-06-18
91655,11797,Cartão Crédito,aprovado,623.47,2025-06-16
91656,11798,Pix,aprovado,70.03,2025-03-07
91657,11799,Pix,aprovado,669.41,2025-09-10
91658,11800,Pix,aprovado,456.63,2025-09-20
91659,11801,Pix,aprovado,186.03,2025-06-17
91660,11802,Cartão Crédito,aprovado,507.26,2025-08-18
91661,11804,Cartão Crédito,aprovado,434.76,2025-06-11
91662,11805,Cartão Crédito,aprovado,373.75,2025-10-05
91663,11806,Cartão Crédito,aprovado,162.56,2025-11-09
91664,11807,Pix,aprovado,189.52,2025-07-17
91665,11808,Cartão Crédito,aprovado,280.78,2025-10-12
91666,11809,Pix,aprovado,347.44,2025-10-06
91667,11810,Cartão Crédito,aprovado,527.65,2025-04-29
91668,11811,Cartão Crédito,aprovado,1075.19,2025-08-04
91669,11812,Cartão Crédito,aprovado,396.19,2025-01-11
91670,11813,Pix,aprovado,521.38,2025-09-09
91671,11814,Cartão Débito,aprovado,602.72,2025-11-23
91672,11815,Boleto,aprovado,546.38,2025-03-09
91673,11816,Cartão Crédito,aprovado,157.28,2025-05-22
91674,11817,Boleto,aprovado,791.72,2025-12-27
91675,11818,Cartão Débito,aprovado,713.76,2025-11-09
91676,11819,Pix,pendente,184.0,2025-07-20
91677,11820,Cartão Crédito,aprovado,165.51,2025-09-23
91678,11821,Pix,aprovado,343.44,2025-02-21
91679,11822,Cartão Débito,aprovado,79.7,2025-02-18
91680,11823,Cartão Débito,aprovado,857.93,2025-05-28
91681,11824,Cartão Débito,pendente,113.62,2025-07-23
91682,11825,Pix,aprovado,270.02,2025-01-15
91683,11826,Cartão Crédito,pendente,516.7,2025-10-18
91684,11827,Pix,aprovado,758.04,2025-11-20
91685,11828,Cartão Crédito,aprovado,426.17,2025-09-10
91686,11829,Cartão Débito,aprovado,939.88,2025-09-01
91687,11830,Pix,aprovado,152.99,2025-05-12
91688,11831,Cartão Crédito,aprovado,426.33,2025-06-15
91689,11832,Cartão Crédito,aprovado,154.1,2025-12-23
91690,11833,Cartão Crédito,aprovado,685.94,2025-12-01
91691,11834,Boleto,aprovado,670.44,2025-10-14
91692,11835,Pix,aprovado,981.89,2025-12-28
91693,11836,Cartão Débito,aprovado,335.92,2025-09-26
91694,11837,Cartão Débito,aprovado,1154.4,2025-03-03
91695,11838,Pix,aprovado,143.13,2025-09-30
91696,11839,Boleto,aprovado,322.92,2025-03-04
91697,11841,Cartão Crédito,aprovado,386.58,2025-10-20
91698,11842,Boleto,aprovado,159.1,2025-04-18
91699,11843,Boleto,aprovado,687.15,2025-09-01
91700,11844,Cartão Crédito,aprovado,466.93,2025-03-15
91701,11845,Boleto,estornado,0.0,2025-04-04
91702,11846,Cartão Crédito,aprovado,585.93,2025-06-13
91703,11847,Cartão Crédito,aprovado,898.25,2025-08-26
91704,11848,Cartão Crédito,aprovado,497.88,2025-03-23
91705,11849,Cartão Crédito,aprovado,99.6,2025-04-11
91706,11850,Pix,aprovado,300.68,2025-07-08
91707,11851,Cartão Débito,aprovado,541.27,2025-10-06
91708,11852,Cartão Crédito,aprovado,279.78,2025-02-24
91709,11853,Cartão Débito,aprovado,141.52,2025-02-22
91710,11854,Pix,aprovado,738.34,2025-11-03
91711,11855,Cartão Débito,aprovado,270.8,2025-04-29
91712,11856,Pix,aprovado,898.6,2025-03-17
91713,11857,Cartão Crédito,aprovado,223.77,2025-02-13
91714,11858,Cartão Débito,aprovado,258.94,2025-08-17
91715,11859,Pix,aprovado,210.1,2025-03-04
91716,11860,Cartão Crédito,aprovado,296.89,2025-12-30
91717,11861,Pix,aprovado,461.74,2025-10-01
91718,11862,Pix,aprovado,148.06,2025-05-25
91719,11864,Boleto,aprovado,68.42,2025-12-02
91720,11865,Cartão Débito,aprovado,59.75,2025-08-28
91721,11866,Cartão Crédito,aprovado,100.74,2025-11-12
91722,11867,Cartão Crédito,aprovado,222.56,2025-01-09
91723,11868,Cartão Crédito,aprovado,381.64,2025-10-31
91724,11869,Cartão Crédito,pendente,205.73,2025-05-11
91725,11870,Pix,aprovado,369.27,2025-11-29
91726,11871,Pix,aprovado,834.04,2025-12-31
91727,11872,Cartão Crédito,aprovado,1005.2,2025-01-20
91728,11874,Cartão Débito,aprovado,150.24,2025-10-09
91729,11875,Cartão Débito,aprovado,1199.21,2025-03-24
91730,11876,Cartão Débito,aprovado,722.07,2025-02-12
91731,11877,Cartão Crédito,aprovado,687.95,2026-01-01
91732,11878,Cartão Crédito,aprovado,215.52,2025-04-11
91733,11879,Pix,aprovado,595.57,2025-06-12
91734,11880,Cartão Crédito,aprovado,371.37,2025-07-09
91735,11881,Pix,aprovado,318.13,2025-12-09
91736,11882,Cartão Crédito,pendente,283.24,2025-03-20
91737,11883,Pix,aprovado,476.31,2025-05-24
91738,11884,Pix,pendente,609.63,2025-01-02
91739,11885,Pix,pendente,998.33,2025-10-20
91740,11886,Pix,aprovado,246.04,2025-02-17
91741,11887,Pix,aprovado,386.4,2025-04-08
91742,11888,Boleto,aprovado,312.27,2025-01-09
91743,11889,Pix,pendente,317.67,2025-05-10
91744,11890,Cartão Crédito,aprovado,284.2,2025-03-13
91745,11892,Cartão Débito,aprovado,246.3,2025-04-09
91746,11893,Pix,aprovado,218.06,2025-05-17
91747,11894,Pix,aprovado,301.12,2025-10-24
91748,11895,Pix,aprovado,107.82,2025-04-01
91749,11896,Pix,aprovado,221.38,2025-04-22
91750,11897,Cartão Crédito,aprovado,451.98,2025-12-19
91751,11898,Cartão Crédito,aprovado,449.7,2025-10-11
91752,11899,Cartão Crédito,aprovado,402.02,2025-04-22
91753,11900,Cartão Crédito,estornado,0.0,2025-09-26
91754,11901,Pix,aprovado,464.29,2025-10-28
91755,11903,Pix,aprovado,1261.95,2025-01-05
91756,11904,Pix,aprovado,605.49,2025-02-21
91757,11905,Pix,aprovado,108.32,2025-10-08
91758,11906,Cartão Crédito,aprovado,413.25,2025-08-26
91759,11907,Pix,aprovado,371.88,2025-05-05
91760,11908,Cartão Crédito,pendente,561.95,2025-12-18
91761,11909,Boleto,aprovado,309.32,2025-05-04
91762,11910,Pix,aprovado,174.37,2025-05-21
91763,11911,Cartão Crédito,aprovado,231.69,2025-09-23
91764,11912,Cartão Débito,aprovado,112.2,2025-09-27
91765,11913,Pix,aprovado,20.0,2025-01-28
91766,11914,Cartão Débito,aprovado,1135.98,2025-06-30
91767,11915,Cartão Crédito,aprovado,340.65,2025-03-20
91768,11916,Pix,aprovado,122.38,2025-04-09
91769,11917,Pix,aprovado,949.34,2025-05-09
91770,11918,Pix,aprovado,1051.9,2025-06-30
91771,11919,Pix,aprovado,380.98,2025-09-03
91772,11920,Pix,aprovado,102.82,2025-02-23
91773,11921,Cartão Crédito,aprovado,236.15,2025-07-24
91774,11922,Cartão Crédito,pendente,151.19,2025-08-10
91775,11923,Pix,aprovado,349.02,2025-10-30
91776,11924,Pix,aprovado,136.84,2025-07-06
91777,11925,Boleto,aprovado,638.4,2025-07-26
91778,11926,Pix,aprovado,38.64,2025-01-27
91779,11927,Pix,aprovado,707.04,2025-12-05
91780,11928,Boleto,aprovado,805.26,2025-12-16
91781,11930,Cartão Crédito,aprovado,320.46,2025-06-28
91782,11931,Pix,aprovado,870.29,2025-01-08
91783,11932,Pix,aprovado,527.49,2025-12-18
91784,11933,Cartão Crédito,aprovado,261.82,2025-07-29
91785,11934,Cartão Crédito,aprovado,286.19,2025-11-21
91786,11935,Boleto,aprovado,478.14,2025-09-04
91787,11936,Pix,aprovado,1071.96,2025-08-08
91788,11937,Cartão Crédito,aprovado,292.94,2025-03-20
91789,11938,Cartão Crédito,aprovado,255.7,2025-11-13
91790,11939,Cartão Crédito,aprovado,347.24,2025-05-25
91791,11941,Cartão Crédito,aprovado,421.85,2025-06-04
91792,11942,Cartão Crédito,aprovado,321.22,2025-06-02
91793,11943,Boleto,aprovado,734.54,2025-11-23
91794,11944,Cartão Crédito,aprovado,163.21,2025-10-02
91795,11945,Cartão Débito,aprovado,454.66,2025-02-20
91796,11946,Pix,aprovado,467.01,2025-05-25
91797,11947,Cartão Crédito,aprovado,175.87,2025-09-28
91798,11948,Pix,aprovado,451.55,2025-01-24
91799,11949,Pix,estornado,0.0,2025-02-10
91800,11950,Cartão Crédito,aprovado,20.19,2025-04-06
91801,11951,Cartão Crédito,aprovado,150.07,2025-02-10
91802,11952,Boleto,aprovado,917.01,2025-04-10
91803,11953,Cartão Crédito,aprovado,212.27,2025-05-08
91804,11954,Boleto,aprovado,122.1,2025-04-22
91805,11955,Cartão Crédito,aprovado,56.86,2025-04-06
91806,11956,Pix,aprovado,138.1,2025-04-03
91807,11959,Cartão Crédito,aprovado,532.16,2025-01-10
91808,11960,Pix,aprovado,173.19,2026-01-01
91809,11961,Pix,aprovado,424.11,2025-11-04
91810,11962,Cartão Débito,aprovado,834.07,2025-01-09
91811,11963,Pix,aprovado,800.93,2025-03-23
91812,11965,Cartão Crédito,aprovado,130.07,2025-10-22
91813,11966,Boleto,aprovado,327.27,2025-02-14
91814,11967,Pix,pendente,258.19,2025-06-13
91815,11968,Cartão Crédito,aprovado,1409.44,2025-10-29
91816,11969,Pix,aprovado,56.23,2025-01-16
91817,11970,Pix,pendente,291.05,2025-05-05
91818,11971,Cartão Débito,aprovado,519.43,2025-03-06
91819,11972,Boleto,aprovado,367.19,2025-10-21
91820,11973,Pix,aprovado,396.56,2025-07-25
91821,11974,Pix,aprovado,182.14,2025-11-03
91822,11975,Pix,aprovado,631.1,2025-12-18
91823,11976,Pix,aprovado,348.87,2025-07-23
91824,11977,Pix,aprovado,395.54,2025-05-28
91825,11978,Pix,aprovado,675.5,2025-04-04
91826,11979,Pix,aprovado,268.02,2025-08-27
91827,11980,Pix,pendente,578.5,2025-08-05
91828,11981,Boleto,aprovado,110.44,2025-11-16
91829,11982,Cartão Crédito,aprovado,411.63,2025-07-31
91830,11983,Pix,aprovado,172.72,2025-10-20
91831,11984,Cartão Débito,aprovado,136.08,2025-11-07
91832,11985,Cartão Débito,aprovado,1064.09,2025-04-10
91833,11986,Cartão Crédito,aprovado,116.06,2025-05-04
91834,11987,Cartão Débito,pendente,109.69,2025-02-05
91835,11988,Cartão Crédito,aprovado,107.72,2025-05-06
91836,11989,Cartão Crédito,aprovado,742.34,2025-04-01
91837,11990,Pix,aprovado,247.67,2025-06-19
91838,11991,Pix,aprovado,673.18,2025-02-06
91839,11992,Cartão Débito,aprovado,507.54,2025-09-26
91840,11993,Cartão Crédito,aprovado,1280.58,2025-05-18
91841,11995,Cartão Débito,aprovado,148.97,2025-01-31
91842,11996,Cartão Crédito,aprovado,649.52,2025-01-23
91843,11997,Pix,aprovado,425.63,2025-02-26
91844,11998,Pix,aprovado,283.1,2025-03-02
91845,11999,Pix,aprovado,1134.23,2025-03-16
91846,12000,Cartão Crédito,aprovado,336.17,2025-06-18
91847,12002,Cartão Débito,pendente,252.21,2025-08-18
91848,12003,Cartão Crédito,pendente,110.15,2025-05-21
91849,12004,Boleto,aprovado,364.14,2025-01-16
91850,12005,Pix,aprovado,536.82,2025-06-03
91851,12006,Pix,pendente,441.23,2025-09-02
91852,12007,Cartão Crédito,aprovado,147.2,2025-12-25
91853,12008,Cartão Débito,aprovado,270.85,2025-11-25
91854,12009,Pix,aprovado,98.84,2025-10-30
91855,12010,Pix,aprovado,430.06,2025-09-23
91856,12011,Pix,aprovado,1052.15,2025-03-21
91857,12012,Cartão Crédito,aprovado,152.64,2025-09-10
91858,12013,Cartão Débito,aprovado,81.48,2025-07-15
91859,12014,Cartão Crédito,aprovado,203.18,2025-04-17
91860,12015,Cartão Crédito,aprovado,281.25,2025-03-03
91861,12016,Pix,aprovado,554.25,2025-11-25
91862,12018,Cartão Crédito,aprovado,435.47,2025-02-06
91863,12019,Pix,estornado,0.0,2025-08-18
91864,12020,Pix,aprovado,293.07,2025-04-07
91865,12021,Cartão Débito,estornado,0.0,2025-08-22
91866,12022,Cartão Débito,aprovado,129.75,2025-04-11
91867,12023,Cartão Crédito,aprovado,567.64,2025-09-26
91868,12024,Cartão Débito,aprovado,240.74,2025-10-28
91869,12026,Cartão Crédito,pendente,116.17,2025-08-15
91870,12027,Cartão Débito,aprovado,337.77,2025-04-21
91871,12028,Cartão Crédito,aprovado,39.76,2025-08-10
91872,12029,Cartão Crédito,aprovado,255.01,2025-11-30
91873,12030,Cartão Débito,aprovado,186.87,2025-07-28
91874,12031,Cartão Débito,aprovado,722.96,2025-09-18
91875,12032,Pix,aprovado,111.88,2025-05-16
91876,12033,Cartão Crédito,aprovado,302.24,2025-10-19
91877,12034,Cartão Débito,aprovado,426.36,2025-04-04
91878,12035,Cartão Crédito,aprovado,658.08,2025-09-01
91879,12036,Cartão Crédito,pendente,215.99,2025-12-14
91880,12037,Cartão Crédito,aprovado,320.34,2025-10-06
91881,12038,Cartão Crédito,aprovado,354.24,2025-04-30
91882,12039,Pix,estornado,0.0,2025-09-03
91883,12040,Cartão Débito,estornado,0.0,2025-10-21
91884,12042,Pix,pendente,274.6,2025-06-19
91885,12043,Boleto,pendente,1114.59,2025-08-05
91886,12044,Cartão Débito,aprovado,405.41,2025-09-03
91887,12045,Cartão Crédito,aprovado,484.98,2025-06-20
91888,12046,Cartão Débito,aprovado,587.62,2025-10-20
91889,12047,Pix,aprovado,733.45,2025-01-29
91890,12048,Cartão Crédito,aprovado,668.89,2025-08-25
91891,12049,Boleto,aprovado,214.09,2025-04-20
91892,12050,Cartão Débito,aprovado,424.61,2025-01-17
91893,12051,Boleto,aprovado,671.93,2025-04-17
91894,12052,Pix,aprovado,834.8,2025-02-12
91895,12053,Pix,aprovado,302.65,2025-11-02
91896,12054,Pix,aprovado,417.47,2025-12-20
91897,12056,Cartão Crédito,aprovado,345.79,2025-05-22
91898,12057,Pix,aprovado,409.95,2025-08-30
91899,12058,Cartão Crédito,estornado,0.0,2025-08-01
91900,12059,Pix,aprovado,293.32,2025-04-13
91901,12060,Cartão Crédito,aprovado,310.52,2025-10-07
91902,12061,Pix,aprovado,72.71,2025-06-02
91903,12062,Cartão Débito,aprovado,60.33,2025-12-26
91904,12063,Pix,aprovado,473.61,2025-08-19
91905,12064,Cartão Crédito,pendente,304.62,2025-04-27
91906,12065,Cartão Crédito,aprovado,594.26,2025-05-17
91907,12066,Pix,aprovado,170.71,2025-07-31
91908,12067,Pix,aprovado,571.25,2025-10-02
91909,12068,Cartão Crédito,aprovado,306.87,2025-01-20
91910,12069,Cartão Crédito,pendente,196.2,2025-05-27
91911,12070,Cartão Crédito,aprovado,101.56,2025-02-17
91912,12071,Cartão Crédito,estornado,0.0,2025-09-23
91913,12072,Cartão Crédito,aprovado,481.19,2025-11-12
91914,12073,Pix,aprovado,421.48,2025-12-19
91915,12074,Pix,aprovado,379.05,2025-03-20
91916,12075,Pix,aprovado,34.63,2025-06-25
91917,12076,Cartão Crédito,aprovado,381.83,2025-10-25
91918,12077,Cartão Crédito,aprovado,211.52,2025-06-16
91919,12078,Pix,aprovado,423.61,2025-12-14
91920,12079,Cartão Crédito,aprovado,747.88,2025-10-23
91921,12080,Cartão Crédito,aprovado,237.38,2025-04-19
91922,12081,Cartão Crédito,aprovado,362.09,2025-01-23
91923,12083,Cartão Débito,aprovado,408.93,2025-08-10
91924,12084,Cartão Débito,aprovado,330.55,2025-07-01
91925,12085,Pix,aprovado,173.1,2025-01-17
91926,12086,Pix,aprovado,581.86,2025-08-14
91927,12087,Pix,aprovado,148.68,2025-03-05
91928,12088,Pix,aprovado,769.32,2025-09-26
91929,12089,Cartão Crédito,aprovado,527.41,2025-11-10
91930,12090,Pix,aprovado,217.54,2025-02-20
91931,12091,Boleto,aprovado,178.04,2025-02-28
91932,12092,Cartão Débito,aprovado,181.66,2025-07-24
91933,12093,Cartão Crédito,aprovado,61.54,2025-02-04
91934,12094,Pix,aprovado,465.82,2025-02-13
91935,12095,Pix,aprovado,40.41,2025-05-22
91936,12096,Boleto,aprovado,315.27,2025-05-10
91937,12097,Pix,estornado,0.0,2025-03-14
91938,12098,Pix,aprovado,261.89,2025-04-20
91939,12099,Cartão Crédito,aprovado,463.63,2025-03-23
91940,12100,Pix,aprovado,217.98,2025-12-09
91941,12101,Pix,aprovado,382.52,2025-09-14
91942,12102,Cartão Débito,pendente,654.6,2025-05-18
91943,12103,Cartão Crédito,aprovado,501.75,2025-01-15
91944,12104,Pix,aprovado,244.44,2025-08-01
91945,12105,Pix,estornado,0.0,2025-09-30
91946,12106,Cartão Crédito,aprovado,262.12,2025-02-19
91947,12107,Cartão Débito,aprovado,297.18,2025-08-26
91948,12108,Pix,aprovado,390.91,2025-11-25
91949,12109,Cartão Crédito,aprovado,97.14,2025-05-15
91950,12110,Pix,pendente,38.24,2025-02-19
91951,12111,Pix,pendente,80.63,2025-03-09
91952,12112,Pix,aprovado,478.8,2025-02-18
91953,12113,Boleto,aprovado,524.19,2025-05-08
91954,12114,Cartão Débito,aprovado,577.44,2025-06-20
91955,12115,Cartão Crédito,aprovado,166.31,2025-09-24
91956,12116,Cartão Crédito,aprovado,360.6,2025-06-19
91957,12117,Cartão Crédito,aprovado,250.37,2025-01-19
91958,12118,Pix,aprovado,306.48,2025-04-12
91959,12119,Cartão Crédito,aprovado,246.94,2025-05-06
91960,12120,Pix,aprovado,406.67,2025-09-05
91961,12121,Cartão Crédito,aprovado,196.68,2025-10-25
91962,12122,Cartão Crédito,aprovado,714.38,2025-10-08
91963,12123,Pix,aprovado,718.53,2025-06-24
91964,12124,Cartão Débito,pendente,373.69,2025-09-07
91965,12125,Pix,aprovado,660.64,2025-06-25
91966,12126,Pix,aprovado,93.48,2025-08-09
91967,12127,Cartão Crédito,estornado,0.0,2025-03-02
91968,12128,Pix,aprovado,438.32,2025-06-07
91969,12129,Pix,aprovado,206.43,2025-04-08
91970,12130,Cartão Crédito,aprovado,189.93,2025-04-26
91971,12131,Pix,pendente,769.24,2025-09-29
91972,12132,Boleto,aprovado,583.61,2025-09-28
91973,12133,Pix,aprovado,300.46,2025-09-29
91974,12134,Pix,aprovado,92.42,2025-11-24
91975,12135,Pix,aprovado,766.15,2025-03-23
91976,12136,Pix,pendente,57.68,2025-01-28
91977,12137,Cartão Crédito,estornado,0.0,2025-09-26
91978,12138,Boleto,aprovado,300.15,2025-06-06
91979,12139,Cartão Débito,aprovado,187.55,2025-06-10
91980,12140,Boleto,aprovado,290.2,2025-03-15
91981,12141,Cartão Débito,aprovado,334.27,2025-05-07
91982,12142,Cartão Crédito,aprovado,285.72,2025-10-30
91983,12143,Pix,aprovado,420.86,2025-03-14
91984,12144,Cartão Crédito,aprovado,928.8,2025-12-15
91985,12145,Cartão Crédito,aprovado,96.96,2025-06-20
91986,12146,Boleto,pendente,181.17,2025-02-25
91987,12147,Pix,aprovado,131.93,2025-06-04
91988,12148,Cartão Crédito,aprovado,87.94,2025-06-24
91989,12149,Pix,aprovado,627.97,2025-05-13
91990,12150,Cartão Crédito,aprovado,399.37,2026-01-03
91991,12151,Boleto,aprovado,82.45,2025-09-27
91992,12152,Pix,aprovado,290.0,2025-12-09
91993,12153,Cartão Débito,aprovado,161.16,2025-02-26
91994,12154,Cartão Crédito,aprovado,297.69,2025-05-23
91995,12155,Cartão Débito,aprovado,536.82,2025-05-10
91996,12156,Pix,aprovado,500.6,2025-05-09
91997,12157,Pix,aprovado,248.31,2025-05-21
91998,12158,Boleto,pendente,445.99,2025-10-18
91999,12159,Cartão Crédito,aprovado,808.39,2025-11-03
92000,12161,Pix,aprovado,216.95,2025-01-22
92001,12162,Boleto,aprovado,305.02,2025-09-28
92002,12163,Cartão Crédito,aprovado,910.11,2025-08-14
92003,12164,Cartão Débito,aprovado,262.86,2025-01-16
92004,12165,Cartão Crédito,aprovado,501.67,2025-01-16
92005,12166,Cartão Crédito,aprovado,185.43,2025-06-26
92006,12167,Boleto,aprovado,650.42,2025-01-25
92007,12168,Cartão Crédito,aprovado,168.1,2025-04-22
92008,12169,Cartão Crédito,pendente,201.51,2025-07-02
92009,12170,Pix,pendente,205.03,2025-02-18
92010,12171,Cartão Crédito,aprovado,1030.06,2025-02-21
92011,12172,Boleto,pendente,310.3,2025-11-17
92012,12174,Pix,aprovado,259.88,2025-08-15
92013,12175,Boleto,aprovado,631.82,2025-01-13
92014,12176,Cartão Débito,aprovado,463.05,2025-11-26
92015,12177,Cartão Crédito,aprovado,529.68,2025-02-10
92016,12178,Pix,aprovado,869.29,2025-12-08
92017,12179,Boleto,aprovado,350.99,2025-09-30
92018,12181,Pix,aprovado,257.18,2025-08-16
92019,12182,Cartão Crédito,aprovado,179.57,2025-05-24
92020,12183,Pix,aprovado,209.53,2025-05-08
92021,12184,Cartão Crédito,aprovado,24.33,2025-03-19
92022,12185,Pix,pendente,186.94,2025-11-13
92023,12186,Cartão Crédito,aprovado,452.69,2025-10-21
92024,12187,Pix,pendente,429.39,2025-07-25
92025,12188,Pix,aprovado,169.76,2025-07-10
92026,12189,Cartão Débito,aprovado,212.48,2025-05-05
92027,12190,Cartão Crédito,aprovado,206.96,2025-03-11
92028,12191,Cartão Crédito,aprovado,692.3,2025-03-09
92029,12192,Boleto,pendente,142.83,2025-11-09
92030,12193,Cartão Débito,pendente,192.9,2025-10-14
92031,12194,Pix,aprovado,562.76,2025-02-01
92032,12195,Boleto,aprovado,207.52,2025-02-03
92033,12196,Cartão Crédito,estornado,0.0,2025-10-15
92034,12197,Cartão Crédito,aprovado,1115.23,2025-03-19
92035,12198,Pix,aprovado,763.84,2025-05-22
92036,12200,Cartão Crédito,aprovado,357.78,2025-12-05
92037,12201,Cartão Crédito,aprovado,476.51,2025-09-20
92038,12202,Boleto,aprovado,832.41,2025-10-29
92039,12204,Pix,aprovado,922.52,2025-11-15
92040,12205,Cartão Crédito,aprovado,399.34,2025-04-13
92041,12207,Cartão Crédito,aprovado,1065.73,2025-07-27
92042,12208,Cartão Crédito,aprovado,179.24,2025-12-27
92043,12209,Cartão Crédito,pendente,170.58,2025-07-01
92044,12210,Cartão Crédito,aprovado,41.04,2025-02-18
92045,12211,Pix,aprovado,343.05,2025-11-28
92046,12213,Cartão Débito,aprovado,923.85,2025-12-18
92047,12214,Pix,aprovado,432.73,2025-01-09
92048,12215,Pix,aprovado,340.45,2025-10-20
92049,12216,Pix,aprovado,466.15,2025-11-22
92050,12217,Boleto,aprovado,20.0,2025-02-20
92051,12218,Pix,aprovado,203.68,2025-04-04
92052,12219,Pix,aprovado,229.66,2025-08-16
92053,12220,Cartão Crédito,aprovado,517.06,2025-03-07
92054,12221,Cartão Crédito,aprovado,147.31,2025-07-01
92055,12222,Cartão Crédito,aprovado,387.27,2025-04-11
92056,12223,Cartão Crédito,aprovado,316.93,2025-10-08
92057,12224,Cartão Crédito,aprovado,212.75,2025-10-15
92058,12225,Cartão Crédito,aprovado,224.09,2025-09-10
92059,12227,Pix,aprovado,55.35,2025-12-06
92060,12228,Cartão Crédito,aprovado,567.89,2025-04-16
92061,12229,Pix,aprovado,178.18,2025-06-02
92062,12230,Pix,aprovado,276.07,2025-02-16
92063,12231,Boleto,aprovado,902.37,2025-09-09
92064,12232,Cartão Crédito,aprovado,574.39,2025-05-28
92065,12233,Pix,aprovado,124.97,2025-04-10
92066,12234,Cartão Crédito,aprovado,20.0,2025-10-24
92067,12235,Cartão Crédito,estornado,0.0,2025-01-16
92068,12236,Pix,aprovado,284.41,2025-10-05
92069,12237,Cartão Débito,aprovado,388.91,2025-04-06
92070,12238,Cartão Crédito,aprovado,561.74,2025-08-25
92071,12240,Cartão Débito,aprovado,243.91,2025-04-19
92072,12242,Boleto,aprovado,442.3,2025-04-27
92073,12243,Cartão Crédito,aprovado,462.38,2025-11-05
92074,12244,Pix,aprovado,386.23,2025-12-17
92075,12245,Cartão Crédito,aprovado,839.13,2025-12-03
92076,12246,Pix,aprovado,458.85,2025-08-05
92077,12247,Cartão Crédito,aprovado,556.22,2025-04-12
92078,12248,Cartão Débito,aprovado,409.47,2025-11-18
92079,12249,Boleto,pendente,55.8,2025-03-07
92080,12250,Pix,aprovado,203.15,2025-03-02
92081,12251,Pix,aprovado,120.19,2025-06-21
92082,12252,Pix,aprovado,667.57,2025-12-22
92083,12253,Pix,aprovado,81.98,2025-05-17
92084,12254,Cartão Crédito,aprovado,301.61,2025-04-16
92085,12255,Boleto,pendente,221.7,2025-01-23
92086,12256,Cartão Crédito,aprovado,249.26,2025-07-20
92087,12257,Cartão Crédito,aprovado,266.3,2025-07-11
92088,12258,Cartão Crédito,pendente,563.22,2025-01-26
92089,12259,Pix,aprovado,51.05,2025-06-12
92090,12260,Cartão Crédito,aprovado,772.6,2025-05-09
92091,12261,Cartão Crédito,aprovado,283.8,2025-11-26
92092,12262,Pix,aprovado,594.83,2025-09-16
92093,12263,Cartão Débito,aprovado,356.01,2025-12-06
92094,12264,Cartão Crédito,aprovado,131.77,2025-05-09
92095,12265,Cartão Débito,aprovado,820.4,2025-10-08
92096,12266,Pix,aprovado,740.32,2025-07-30
92097,12267,Cartão Crédito,aprovado,140.75,2025-06-18
92098,12268,Boleto,aprovado,504.75,2025-05-04
92099,12269,Cartão Crédito,aprovado,210.81,2025-07-20
92100,12270,Cartão Crédito,aprovado,85.62,2025-11-18
92101,12271,Pix,aprovado,178.55,2025-10-24
92102,12272,Pix,estornado,0.0,2025-08-20
92103,12273,Pix,aprovado,604.45,2025-05-12
92104,12274,Cartão Débito,aprovado,268.71,2025-03-21
92105,12275,Cartão Débito,aprovado,792.22,2025-11-26
92106,12277,Cartão Débito,aprovado,178.79,2025-03-17
92107,12278,Pix,aprovado,917.23,2025-04-30
92108,12279,Pix,aprovado,252.43,2025-04-19
92109,12280,Pix,aprovado,279.78,2025-08-21
92110,12281,Pix,aprovado,52.58,2025-06-16
92111,12282,Cartão Débito,aprovado,207.62,2025-05-06
92112,12283,Pix,aprovado,303.35,2025-12-04
92113,12284,Cartão Crédito,aprovado,417.49,2025-07-29
92114,12285,Pix,aprovado,132.18,2025-08-29
92115,12286,Pix,aprovado,185.69,2025-11-19
92116,12287,Boleto,aprovado,930.06,2025-03-23
92117,12288,Pix,aprovado,673.96,2025-01-15
92118,12289,Cartão Crédito,aprovado,755.89,2025-05-20
92119,12290,Cartão Crédito,aprovado,322.43,2025-04-16
92120,12291,Pix,aprovado,426.15,2025-03-09
92121,12292,Cartão Crédito,aprovado,512.34,2025-11-12
92122,12293,Cartão Débito,aprovado,921.43,2025-02-05
92123,12294,Cartão Crédito,aprovado,83.79,2025-02-01
92124,12295,Pix,aprovado,224.64,2025-07-06
92125,12296,Pix,aprovado,399.52,2025-02-03
92126,12297,Pix,aprovado,357.62,2025-08-21
92127,12298,Pix,aprovado,183.75,2025-10-15
92128,12299,Cartão Crédito,pendente,358.31,2025-10-01
92129,12300,Pix,aprovado,231.74,2025-11-21
92130,12301,Cartão Crédito,aprovado,339.16,2025-05-12
92131,12302,Cartão Débito,aprovado,468.36,2025-01-24
92132,12303,Cartão Débito,aprovado,240.41,2025-03-31
92133,12304,Pix,aprovado,571.47,2025-10-23
92134,12305,Pix,aprovado,641.64,2025-10-20
92135,12306,Cartão Crédito,aprovado,189.56,2025-07-09
92136,12307,Pix,aprovado,230.44,2025-07-24
92137,12309,Boleto,aprovado,333.72,2025-02-15
92138,12310,Boleto,aprovado,417.29,2025-08-05
92139,12311,Pix,aprovado,258.53,2025-09-23
92140,12312,Cartão Débito,aprovado,409.21,2025-03-31
92141,12313,Pix,aprovado,225.68,2025-08-21
92142,12315,Cartão Débito,aprovado,432.38,2025-03-10
92143,12317,Cartão Débito,aprovado,320.71,2025-12-24
92144,12318,Pix,aprovado,443.04,2025-09-23
92145,12320,Boleto,aprovado,228.21,2025-05-26
92146,12321,Pix,aprovado,684.55,2025-12-08
92147,12322,Boleto,aprovado,20.0,2025-02-26
92148,12323,Cartão Crédito,pendente,180.14,2025-10-21
92149,12324,Pix,aprovado,399.55,2025-01-08
92150,12325,Pix,aprovado,132.88,2025-02-10
92151,12326,Cartão Crédito,aprovado,363.92,2025-12-11
92152,12327,Pix,aprovado,204.31,2025-04-17
92153,12328,Boleto,aprovado,472.74,2025-02-19
92154,12329,Cartão Crédito,aprovado,20.0,2025-02-12
92155,12330,Pix,aprovado,276.82,2025-12-31
92156,12331,Pix,aprovado,220.29,2025-12-17
92157,12332,Cartão Crédito,aprovado,572.88,2025-01-04
92158,12333,Cartão Crédito,aprovado,54.8,2025-10-08
92159,12334,Cartão Crédito,aprovado,347.31,2025-02-09
92160,12335,Pix,aprovado,492.86,2025-03-26
92161,12336,Pix,aprovado,1030.66,2025-11-25
92162,12337,Cartão Débito,aprovado,230.9,2025-05-05
92163,12338,Cartão Crédito,aprovado,422.28,2025-02-05
92164,12339,Pix,aprovado,58.98,2025-01-31
92165,12340,Pix,pendente,167.92,2025-08-17
92166,12341,Cartão Crédito,aprovado,717.15,2025-07-05
92167,12342,Boleto,aprovado,1036.99,2025-06-14
92168,12343,Pix,aprovado,450.15,2025-09-10
92169,12344,Pix,aprovado,78.82,2025-01-26
92170,12345,Boleto,pendente,447.68,2025-06-19
92171,12346,Pix,aprovado,79.56,2025-08-30
92172,12347,Pix,aprovado,121.4,2025-08-04
92173,12348,Cartão Crédito,estornado,0.0,2025-11-21
92174,12349,Pix,aprovado,317.13,2025-03-22
92175,12350,Pix,aprovado,210.81,2025-07-22
92176,12351,Pix,aprovado,538.78,2025-09-15
92177,12352,Pix,aprovado,378.05,2025-10-11
92178,12353,Cartão Crédito,aprovado,675.91,2025-09-17
92179,12354,Cartão Débito,aprovado,390.52,2025-02-02
92180,12355,Pix,aprovado,396.85,2025-12-30
92181,12356,Pix,aprovado,660.39,2025-09-12
92182,12358,Cartão Crédito,aprovado,161.55,2025-11-11
92183,12360,Pix,estornado,0.0,2025-02-06
92184,12361,Cartão Crédito,aprovado,412.74,2025-06-18
92185,12362,Cartão Crédito,aprovado,45.4,2025-09-02
92186,12363,Pix,aprovado,304.54,2025-12-26
92187,12364,Boleto,aprovado,222.96,2025-11-21
92188,12365,Boleto,aprovado,43.72,2025-05-04
92189,12366,Cartão Crédito,aprovado,311.7,2025-01-14
92190,12367,Pix,aprovado,319.52,2025-11-20
92191,12369,Cartão Crédito,aprovado,709.38,2025-05-25
92192,12370,Cartão Débito,aprovado,636.62,2025-09-04
92193,12371,Pix,aprovado,235.55,2025-11-15
92194,12372,Cartão Crédito,estornado,0.0,2025-09-10
92195,12373,Pix,aprovado,477.24,2025-04-07
92196,12374,Boleto,aprovado,240.9,2025-04-14
92197,12375,Pix,aprovado,87.23,2025-08-08
92198,12376,Pix,aprovado,287.3,2025-03-16
92199,12377,Cartão Crédito,aprovado,728.66,2025-08-08
92200,12379,Cartão Crédito,aprovado,147.36,2025-06-10
92201,12380,Boleto,aprovado,176.35,2025-12-30
92202,12381,Pix,aprovado,148.86,2025-06-18
92203,12382,Cartão Crédito,aprovado,540.38,2025-10-12
92204,12383,Pix,aprovado,203.66,2025-07-16
92205,12384,Cartão Crédito,estornado,0.0,2025-04-06
92206,12385,Pix,aprovado,347.03,2025-10-21
92207,12386,Boleto,aprovado,63.57,2025-03-12
92208,12387,Cartão Crédito,aprovado,245.06,2025-09-28
92209,12388,Pix,aprovado,649.06,2025-07-06
92210,12389,Cartão Crédito,aprovado,375.44,2025-09-10
92211,12390,Pix,estornado,0.0,2025-07-26
92212,12391,Boleto,aprovado,734.31,2025-03-25
92213,12392,Cartão Crédito,aprovado,134.68,2025-11-30
92214,12393,Pix,aprovado,209.79,2025-12-25
92215,12394,Cartão Débito,pendente,221.91,2025-05-03
92216,12395,Cartão Crédito,estornado,0.0,2025-07-22
92217,12396,Cartão Crédito,aprovado,124.64,2025-09-12
92218,12397,Cartão Crédito,aprovado,466.28,2025-04-13
92219,12399,Pix,pendente,23.64,2025-09-21
92220,12400,Cartão Crédito,aprovado,263.84,2025-10-03
92221,12401,Cartão Crédito,aprovado,1079.0,2025-09-21
92222,12402,Pix,aprovado,656.41,2025-06-22
92223,12403,Cartão Débito,aprovado,324.48,2025-05-30
92224,12404,Cartão Crédito,aprovado,77.77,2025-12-14
92225,12405,Pix,pendente,19.49,2025-01-25
92226,12406,Pix,aprovado,347.82,2025-04-16
92227,12407,Cartão Crédito,aprovado,445.53,2025-04-20
92228,12408,Pix,aprovado,544.59,2025-12-02
92229,12409,Cartão Crédito,aprovado,503.45,2025-06-12
92230,12410,Boleto,aprovado,532.58,2025-09-14
92231,12411,Boleto,pendente,161.62,2025-07-22
92232,12412,Pix,aprovado,724.09,2025-10-18
92233,12413,Pix,estornado,0.0,2025-01-02
92234,12415,Cartão Crédito,aprovado,63.86,2025-02-23
92235,12416,Pix,aprovado,218.81,2025-07-11
92236,12417,Cartão Débito,aprovado,644.7,2025-01-21
92237,12419,Cartão Débito,aprovado,25.14,2025-04-02
92238,12420,Pix,aprovado,1129.95,2025-10-28
92239,12422,Boleto,aprovado,381.22,2025-12-16
92240,12424,Cartão Crédito,aprovado,246.04,2025-12-05
92241,12425,Cartão Crédito,aprovado,373.16,2025-09-06
92242,12426,Cartão Crédito,aprovado,501.47,2025-04-11
92243,12427,Cartão Crédito,aprovado,422.24,2025-01-26
92244,12428,Cartão Crédito,aprovado,221.28,2025-09-08
92245,12429,Pix,aprovado,159.61,2025-11-06
92246,12430,Pix,aprovado,150.28,2025-12-07
92247,12433,Cartão Crédito,aprovado,470.65,2025-07-07
92248,12434,Cartão Crédito,pendente,317.2,2025-03-15
92249,12435,Cartão Débito,aprovado,306.15,2025-10-07
92250,12436,Pix,pendente,339.44,2025-09-17
92251,12437,Cartão Débito,pendente,353.19,2025-11-20
92252,12438,Pix,aprovado,600.82,2025-03-17
92253,12439,Pix,aprovado,137.13,2025-02-15
92254,12440,Pix,aprovado,20.01,2025-01-25
92255,12441,Pix,pendente,273.82,2025-12-11
92256,12442,Cartão Crédito,aprovado,256.89,2025-06-23
92257,12443,Cartão Crédito,aprovado,32.45,2025-07-12
92258,12444,Cartão Débito,aprovado,748.95,2025-07-25
92259,12445,Pix,aprovado,626.42,2025-02-26
92260,12446,Cartão Crédito,aprovado,429.74,2025-04-07
92261,12447,Cartão Crédito,estornado,0.0,2025-02-06
92262,12448,Cartão Crédito,aprovado,60.74,2025-06-07
92263,12449,Pix,pendente,18.77,2025-01-15
92264,12450,Pix,pendente,150.07,2025-12-15
92265,12451,Cartão Crédito,aprovado,537.83,2025-08-06
92266,12452,Cartão Débito,pendente,140.16,2025-06-05
92267,12453,Cartão Crédito,aprovado,474.62,2025-11-17
92268,12454,Pix,aprovado,490.82,2025-01-25
92269,12455,Cartão Débito,aprovado,532.59,2025-01-19
92270,12456,Pix,aprovado,49.31,2025-10-03
92271,12457,Pix,aprovado,181.39,2025-06-30
92272,12458,Cartão Débito,aprovado,468.64,2025-01-21
92273,12460,Cartão Crédito,aprovado,705.45,2025-06-26
92274,12461,Cartão Crédito,aprovado,414.34,2025-10-13
92275,12462,Pix,aprovado,754.11,2025-02-20
92276,12463,Pix,aprovado,412.13,2025-01-19
92277,12464,Cartão Débito,aprovado,80.65,2025-08-27
92278,12465,Cartão Débito,aprovado,526.53,2025-12-02
92279,12466,Cartão Crédito,aprovado,721.27,2025-09-22
92280,12468,Cartão Crédito,aprovado,212.59,2025-03-24
92281,12469,Pix,aprovado,124.3,2025-05-08
92282,12470,Pix,aprovado,591.41,2025-06-05
92283,12471,Pix,aprovado,449.54,2025-09-10
92284,12472,Pix,aprovado,421.91,2025-03-05
92285,12473,Pix,aprovado,760.94,2025-10-20
92286,12474,Cartão Crédito,aprovado,589.88,2025-08-11
92287,12475,Pix,aprovado,478.94,2025-08-06
92288,12476,Pix,aprovado,234.87,2025-08-09
92289,12477,Cartão Crédito,aprovado,558.52,2025-07-07
92290,12478,Cartão Crédito,aprovado,119.53,2025-03-16
92291,12479,Cartão Crédito,aprovado,411.3,2025-12-07
92292,12480,Boleto,aprovado,327.73,2025-02-07
92293,12481,Cartão Débito,aprovado,76.61,2025-10-15
92294,12482,Cartão Débito,aprovado,450.44,2025-12-28
92295,12483,Cartão Crédito,aprovado,212.97,2025-01-09
92296,12485,Cartão Crédito,pendente,75.05,2025-09-03
92297,12486,Cartão Débito,aprovado,593.79,2025-09-03
92298,12487,Pix,pendente,525.94,2025-11-21
92299,12488,Cartão Crédito,aprovado,119.57,2025-09-20
92300,12489,Cartão Débito,aprovado,151.07,2025-10-21
92301,12490,Cartão Débito,aprovado,101.07,2025-04-26
92302,12491,Pix,aprovado,286.06,2025-01-25
92303,12492,Cartão Débito,aprovado,438.21,2025-07-20
92304,12493,Pix,aprovado,536.02,2025-09-06
92305,12494,Pix,aprovado,405.65,2025-11-26
92306,12495,Cartão Crédito,aprovado,525.11,2025-08-11
92307,12496,Boleto,aprovado,319.19,2025-12-30
92308,12497,Cartão Débito,pendente,79.0,2025-07-11
92309,12498,Cartão Crédito,aprovado,154.44,2025-06-26
92310,12499,Cartão Débito,aprovado,294.12,2025-08-31
92311,12500,Pix,aprovado,157.8,2025-12-22
92312,12501,Cartão Crédito,aprovado,429.15,2025-12-22
92313,12502,Pix,estornado,0.0,2025-11-24
92314,12503,Pix,aprovado,229.77,2025-05-29
92315,12504,Pix,aprovado,675.51,2025-06-17
92316,12507,Cartão Débito,aprovado,323.11,2025-03-17
92317,12508,Pix,aprovado,217.9,2025-07-06
92318,12510,Pix,aprovado,162.95,2025-06-01
92319,12512,Boleto,aprovado,202.33,2025-09-09
92320,12513,Boleto,aprovado,285.0,2025-05-15
92321,12515,Cartão Débito,pendente,36.84,2025-05-11
92322,12516,Pix,aprovado,209.41,2025-10-27
92323,12517,Cartão Crédito,pendente,133.8,2025-08-11
92324,12518,Cartão Crédito,aprovado,501.16,2025-08-13
92325,12519,Cartão Débito,aprovado,447.42,2025-07-08
92326,12520,Cartão Crédito,aprovado,282.32,2025-05-25
92327,12521,Cartão Crédito,aprovado,599.6,2025-12-21
92328,12522,Pix,pendente,75.38,2025-01-31
92329,12523,Cartão Crédito,pendente,58.9,2025-05-25
92330,12524,Pix,pendente,193.9,2025-11-10
92331,12525,Pix,aprovado,135.55,2025-05-05
92332,12526,Boleto,aprovado,960.85,2025-07-18
92333,12528,Pix,aprovado,592.27,2025-02-19
92334,12529,Cartão Crédito,aprovado,115.3,2025-11-12
92335,12530,Boleto,aprovado,834.57,2025-02-26
92336,12531,Cartão Crédito,pendente,267.32,2025-11-05
92337,12532,Pix,aprovado,209.63,2025-02-12
92338,12533,Pix,aprovado,267.66,2025-07-19
92339,12534,Pix,aprovado,183.35,2025-04-19
92340,12535,Cartão Crédito,aprovado,284.41,2025-09-28
92341,12536,Pix,aprovado,121.71,2025-07-20
92342,12537,Cartão Crédito,aprovado,215.07,2025-02-12
92343,12538,Pix,aprovado,584.82,2025-04-20
92344,12539,Pix,aprovado,390.19,2025-05-29
92345,12541,Pix,aprovado,291.8,2025-08-22
92346,12542,Pix,aprovado,723.12,2025-07-05
92347,12543,Cartão Crédito,aprovado,235.16,2025-08-09
92348,12544,Pix,aprovado,134.26,2025-07-07
92349,12545,Pix,aprovado,488.89,2025-04-26
92350,12546,Pix,aprovado,34.93,2025-07-09
92351,12547,Cartão Crédito,aprovado,272.26,2025-03-26
92352,12548,Cartão Crédito,aprovado,764.11,2025-05-11
92353,12549,Cartão Crédito,aprovado,285.64,2025-05-25
92354,12550,Cartão Crédito,aprovado,623.3,2025-03-27
92355,12551,Boleto,aprovado,132.62,2025-01-29
92356,12552,Cartão Crédito,aprovado,277.4,2025-08-08
92357,12553,Pix,pendente,121.34,2025-11-08
92358,12554,Cartão Crédito,aprovado,471.25,2025-04-05
92359,12555,Pix,aprovado,352.96,2025-04-05
92360,12556,Cartão Crédito,aprovado,829.99,2025-06-19
92361,12557,Cartão Débito,aprovado,225.09,2025-09-17
92362,12558,Boleto,aprovado,349.93,2025-01-25
92363,12559,Cartão Crédito,aprovado,265.46,2025-07-10
92364,12560,Pix,aprovado,331.93,2025-03-31
92365,12561,Pix,aprovado,310.64,2025-01-25
92366,12562,Pix,aprovado,161.61,2025-08-28
92367,12563,Pix,aprovado,563.79,2025-10-12
92368,12565,Cartão Débito,aprovado,186.06,2025-07-28
92369,12566,Pix,aprovado,81.28,2025-09-14
92370,12567,Pix,aprovado,220.06,2025-07-10
92371,12568,Cartão Crédito,aprovado,195.11,2025-07-16
92372,12569,Pix,aprovado,44.0,2025-04-14
92373,12570,Cartão Crédito,aprovado,283.5,2025-03-19
92374,12571,Cartão Crédito,aprovado,806.44,2025-07-23
92375,12572,Pix,aprovado,96.69,2025-08-15
92376,12573,Pix,aprovado,327.57,2025-07-11
92377,12574,Cartão Crédito,aprovado,278.49,2025-05-07
92378,12575,Cartão Crédito,aprovado,514.86,2025-06-30
92379,12576,Pix,aprovado,540.38,2025-08-11
92380,12577,Pix,estornado,0.0,2025-10-11
92381,12578,Pix,aprovado,400.22,2025-04-12
92382,12579,Pix,pendente,110.86,2025-03-19
92383,12580,Cartão Débito,aprovado,215.22,2025-04-23
92384,12581,Boleto,pendente,135.25,2025-06-23
92385,12582,Cartão Crédito,aprovado,201.61,2025-05-26
92386,12584,Pix,aprovado,523.3,2025-10-20
92387,12585,Cartão Crédito,aprovado,468.49,2025-06-23
92388,12586,Cartão Crédito,pendente,108.93,2025-05-21
92389,12587,Cartão Crédito,aprovado,536.79,2025-05-23
92390,12588,Boleto,aprovado,687.92,2025-03-10
92391,12589,Pix,aprovado,282.27,2025-03-22
92392,12590,Pix,aprovado,213.24,2025-01-04
92393,12591,Pix,aprovado,843.14,2025-09-06
92394,12592,Pix,aprovado,191.66,2025-12-12
92395,12593,Cartão Débito,aprovado,175.78,2025-06-28
92396,12594,Cartão Crédito,aprovado,152.33,2025-10-24
92397,12595,Cartão Crédito,aprovado,316.07,2025-09-30
92398,12596,Cartão Crédito,aprovado,399.4,2025-05-08
92399,12597,Boleto,aprovado,628.45,2025-06-21
92400,12598,Pix,aprovado,482.95,2025-07-29
92401,12599,Pix,aprovado,477.72,2025-02-24
92402,12600,Cartão Crédito,aprovado,756.18,2025-05-12
92403,12601,Cartão Crédito,aprovado,146.2,2025-10-09
92404,12602,Cartão Crédito,pendente,78.92,2025-10-19
92405,12603,Cartão Débito,aprovado,498.93,2025-09-06
92406,12604,Cartão Crédito,aprovado,305.34,2025-02-03
92407,12605,Cartão Crédito,aprovado,629.93,2025-01-18
92408,12606,Cartão Crédito,aprovado,326.56,2025-09-09
92409,12608,Cartão Crédito,aprovado,503.8,2025-05-06
92410,12609,Cartão Crédito,aprovado,356.39,2025-06-17
92411,12610,Pix,aprovado,326.77,2025-01-08
92412,12611,Cartão Crédito,aprovado,1332.1,2025-12-25
92413,12612,Boleto,aprovado,719.49,2025-01-18
92414,12613,Cartão Débito,aprovado,546.95,2025-12-25
92415,12614,Pix,aprovado,364.25,2025-06-08
92416,12616,Pix,aprovado,266.74,2025-07-20
92417,12618,Pix,aprovado,229.62,2025-03-13
92418,12620,Cartão Crédito,aprovado,323.88,2025-05-27
92419,12621,Pix,aprovado,412.75,2025-09-04
92420,12622,Pix,aprovado,630.89,2025-06-01
92421,12623,Cartão Crédito,aprovado,176.62,2025-06-09
92422,12625,Cartão Crédito,aprovado,480.44,2025-03-03
92423,12626,Cartão Crédito,aprovado,473.28,2025-02-09
92424,12627,Cartão Crédito,aprovado,905.13,2025-05-03
92425,12628,Cartão Crédito,aprovado,270.65,2025-12-09
92426,12629,Pix,aprovado,164.51,2025-09-01
92427,12630,Pix,aprovado,360.63,2025-06-28
92428,12631,Pix,aprovado,281.26,2025-05-14
92429,12632,Pix,aprovado,245.54,2025-12-30
92430,12633,Pix,aprovado,220.9,2026-01-02
92431,12634,Cartão Crédito,aprovado,413.89,2025-10-22
92432,12635,Pix,aprovado,197.48,2025-05-10
92433,12636,Pix,aprovado,546.64,2025-03-21
92434,12637,Cartão Crédito,estornado,0.0,2025-09-11
92435,12638,Cartão Crédito,aprovado,439.62,2025-01-22
92436,12639,Pix,aprovado,145.98,2025-11-12
92437,12640,Cartão Crédito,aprovado,401.18,2025-09-14
92438,12641,Cartão Crédito,aprovado,658.06,2025-09-17
92439,12642,Pix,aprovado,572.48,2025-11-12
92440,12643,Pix,aprovado,521.09,2025-01-22
92441,12644,Pix,aprovado,340.79,2025-08-23
92442,12645,Cartão Crédito,aprovado,330.08,2025-11-20
92443,12646,Pix,pendente,543.08,2025-08-05
92444,12647,Cartão Débito,aprovado,409.41,2025-10-30
92445,12648,Pix,aprovado,412.92,2025-01-23
92446,12649,Cartão Débito,aprovado,1571.11,2025-10-03
92447,12650,Cartão Crédito,aprovado,266.31,2025-05-04
92448,12651,Cartão Crédito,aprovado,39.53,2025-05-23
92449,12652,Pix,aprovado,295.84,2025-11-04
92450,12653,Cartão Crédito,aprovado,308.59,2025-10-01
92451,12654,Boleto,aprovado,405.27,2025-05-02
92452,12655,Boleto,aprovado,470.31,2025-04-01
92453,12656,Cartão Crédito,aprovado,48.45,2025-02-12
92454,12657,Pix,aprovado,476.75,2025-02-23
92455,12658,Cartão Crédito,aprovado,322.08,2025-12-14
92456,12659,Cartão Crédito,aprovado,275.44,2025-03-28
92457,12660,Cartão Crédito,aprovado,76.51,2025-12-23
92458,12661,Pix,aprovado,823.43,2025-03-04
92459,12662,Boleto,aprovado,243.05,2025-05-22
92460,12663,Cartão Débito,aprovado,525.67,2025-03-06
92461,12664,Pix,aprovado,174.53,2025-12-09
92462,12665,Cartão Crédito,pendente,235.88,2025-07-04
92463,12666,Cartão Crédito,aprovado,278.68,2025-01-14
92464,12667,Cartão Débito,aprovado,515.18,2025-03-20
92465,12668,Pix,aprovado,271.84,2025-11-20
92466,12669,Pix,aprovado,167.98,2025-08-10
92467,12670,Cartão Crédito,aprovado,332.54,2025-11-14
92468,12672,Pix,aprovado,398.89,2025-07-20
92469,12674,Cartão Crédito,aprovado,138.19,2025-12-09
92470,12675,Pix,aprovado,598.14,2025-01-04
92471,12676,Pix,aprovado,120.54,2025-02-21
92472,12677,Cartão Crédito,aprovado,502.3,2025-09-15
92473,12678,Pix,pendente,347.79,2025-01-19
92474,12679,Cartão Crédito,aprovado,233.45,2025-08-06
92475,12680,Cartão Crédito,aprovado,181.81,2025-12-08
92476,12681,Pix,aprovado,174.15,2025-07-14
92477,12682,Cartão Débito,aprovado,354.96,2025-02-10
92478,12683,Cartão Crédito,aprovado,534.38,2025-06-06
92479,12684,Pix,aprovado,302.35,2025-04-07
92480,12685,Cartão Crédito,aprovado,34.57,2025-11-03
92481,12686,Cartão Débito,aprovado,221.89,2025-06-23
92482,12687,Boleto,aprovado,215.9,2025-10-29
92483,12688,Cartão Débito,aprovado,468.21,2025-10-10
92484,12689,Cartão Crédito,aprovado,484.24,2025-10-25
92485,12690,Pix,aprovado,373.96,2025-06-05
92486,12691,Cartão Crédito,aprovado,598.85,2025-06-10
92487,12692,Pix,aprovado,627.52,2025-05-22
92488,12693,Cartão Crédito,aprovado,232.05,2025-01-04
92489,12694,Cartão Crédito,aprovado,171.03,2025-07-05
92490,12695,Pix,aprovado,317.68,2025-10-18
92491,12696,Cartão Débito,aprovado,373.45,2025-04-06
92492,12697,Cartão Crédito,aprovado,223.26,2025-08-29
92493,12698,Cartão Débito,pendente,573.32,2025-12-17
92494,12699,Cartão Crédito,aprovado,793.76,2025-05-24
92495,12700,Cartão Crédito,aprovado,207.56,2025-02-04
92496,12701,Cartão Crédito,aprovado,143.17,2025-06-03
92497,12702,Cartão Débito,aprovado,194.74,2025-10-26
92498,12703,Pix,aprovado,634.64,2025-03-09
92499,12704,Pix,aprovado,644.44,2025-01-02
92500,12705,Boleto,aprovado,799.8,2025-05-11
92501,12706,Cartão Débito,aprovado,166.95,2025-03-06
92502,12707,Pix,aprovado,466.99,2025-05-02
92503,12708,Pix,aprovado,179.7,2025-07-24
92504,12709,Pix,aprovado,907.6,2025-10-23
92505,12710,Pix,aprovado,171.67,2025-12-26
92506,12711,Cartão Débito,aprovado,116.5,2025-03-19
92507,12712,Cartão Crédito,pendente,56.85,2025-08-01
92508,12713,Cartão Débito,aprovado,333.58,2025-11-22
92509,12714,Pix,pendente,458.52,2025-12-09
92510,12715,Pix,aprovado,507.44,2025-08-14
92511,12716,Pix,aprovado,141.38,2025-02-05
92512,12717,Pix,aprovado,252.31,2025-05-29
92513,12718,Pix,aprovado,228.08,2025-05-28
92514,12719,Cartão Débito,aprovado,124.67,2025-09-29
92515,12720,Boleto,aprovado,223.98,2025-04-28
92516,12721,Cartão Crédito,aprovado,778.66,2025-05-21
92517,12722,Cartão Crédito,aprovado,110.23,2025-01-13
92518,12723,Cartão Crédito,aprovado,390.72,2025-09-19
92519,12724,Cartão Crédito,aprovado,789.84,2025-07-13
92520,12725,Cartão Crédito,aprovado,764.73,2025-09-22
92521,12726,Pix,aprovado,933.71,2025-02-26
92522,12727,Boleto,aprovado,416.8,2025-12-09
92523,12728,Pix,aprovado,458.47,2025-01-06
92524,12729,Pix,aprovado,227.19,2025-10-13
92525,12730,Cartão Crédito,aprovado,108.06,2025-04-08
92526,12731,Pix,aprovado,301.99,2025-05-13
92527,12732,Boleto,aprovado,684.25,2025-07-26
92528,12733,Cartão Crédito,aprovado,33.87,2025-11-19
92529,12734,Cartão Débito,aprovado,235.14,2025-06-22
92530,12735,Pix,aprovado,488.13,2025-04-30
92531,12736,Pix,aprovado,336.77,2025-10-17
92532,12737,Cartão Crédito,aprovado,738.34,2025-04-16
92533,12738,Cartão Débito,pendente,425.3,2025-08-15
92534,12739,Cartão Crédito,aprovado,95.91,2025-07-12
92535,12740,Pix,aprovado,356.79,2025-07-31
92536,12743,Pix,aprovado,103.06,2025-11-19
92537,12744,Pix,pendente,195.73,2025-05-23
92538,12745,Boleto,aprovado,748.0,2025-04-21
92539,12746,Pix,estornado,0.0,2025-10-30
92540,12747,Boleto,aprovado,97.06,2025-07-06
92541,12748,Pix,aprovado,323.49,2025-11-19
92542,12750,Cartão Débito,aprovado,306.57,2025-04-22
92543,12751,Pix,aprovado,417.88,2025-08-22
92544,12752,Cartão Crédito,aprovado,199.17,2025-04-18
92545,12753,Pix,aprovado,281.3,2025-03-20
92546,12754,Pix,aprovado,268.66,2025-03-31
92547,12755,Cartão Crédito,aprovado,834.86,2025-08-05
92548,12756,Cartão Crédito,aprovado,144.01,2025-08-05
92549,12757,Boleto,aprovado,39.8,2025-05-21
92550,12758,Boleto,aprovado,801.79,2025-11-03
92551,12759,Cartão Crédito,aprovado,365.3,2025-04-02
92552,12760,Cartão Crédito,aprovado,119.11,2025-11-08
92553,12761,Cartão Crédito,pendente,436.29,2025-07-13
92554,12762,Pix,aprovado,494.93,2025-10-28
92555,12763,Cartão Crédito,aprovado,920.19,2025-12-29
92556,12764,Cartão Crédito,aprovado,385.63,2025-11-29
92557,12765,Pix,aprovado,1334.41,2025-10-05
92558,12766,Cartão Crédito,aprovado,308.55,2025-09-22
92559,12767,Pix,aprovado,495.55,2025-02-13
92560,12768,Pix,estornado,0.0,2025-10-12
92561,12769,Cartão Crédito,aprovado,1830.15,2025-04-20
92562,12770,Boleto,aprovado,242.19,2025-09-26
92563,12771,Cartão Crédito,aprovado,236.37,2025-11-23
92564,12772,Boleto,aprovado,550.36,2025-05-22
92565,12773,Pix,aprovado,109.96,2025-01-15
92566,12774,Pix,aprovado,185.85,2025-01-19
92567,12775,Pix,aprovado,302.38,2025-11-25
92568,12776,Cartão Débito,aprovado,902.27,2025-02-21
92569,12777,Pix,aprovado,550.61,2025-11-10
92570,12778,Cartão Crédito,aprovado,355.19,2025-07-16
92571,12779,Pix,aprovado,225.2,2025-03-25
92572,12780,Cartão Crédito,aprovado,1130.01,2025-10-08
92573,12781,Cartão Crédito,aprovado,321.96,2025-02-12
92574,12782,Pix,pendente,141.89,2025-01-23
92575,12783,Cartão Crédito,aprovado,1264.72,2025-08-30
92576,12784,Pix,aprovado,114.66,2025-05-07
92577,12785,Cartão Débito,aprovado,762.75,2025-09-26
92578,12786,Cartão Débito,aprovado,339.58,2025-03-04
92579,12787,Pix,aprovado,549.74,2025-04-28
92580,12788,Cartão Crédito,aprovado,486.57,2025-06-09
92581,12789,Cartão Débito,aprovado,544.54,2025-01-24
92582,12790,Cartão Débito,aprovado,1335.8,2025-08-02
92583,12791,Cartão Crédito,aprovado,1210.76,2025-01-13
92584,12792,Cartão Débito,aprovado,193.83,2025-05-22
92585,12793,Pix,aprovado,474.29,2025-10-02
92586,12794,Cartão Crédito,aprovado,68.0,2025-05-13
92587,12795,Cartão Crédito,aprovado,583.55,2025-09-15
92588,12796,Cartão Débito,aprovado,674.24,2025-04-11
92589,12797,Pix,aprovado,40.48,2025-03-25
92590,12798,Pix,aprovado,330.61,2025-12-15
92591,12799,Pix,aprovado,549.08,2025-12-12
92592,12800,Pix,aprovado,429.97,2025-01-13
92593,12801,Pix,aprovado,116.83,2025-07-10
92594,12802,Cartão Crédito,aprovado,128.77,2025-05-12
92595,12803,Pix,aprovado,303.07,2025-11-21
92596,12804,Cartão Débito,pendente,217.45,2025-05-30
92597,12805,Pix,aprovado,260.11,2025-04-28
92598,12806,Cartão Crédito,aprovado,102.33,2025-04-09
92599,12808,Cartão Crédito,estornado,0.0,2025-10-23
92600,12810,Pix,aprovado,284.82,2025-06-21
92601,12811,Cartão Débito,aprovado,509.3,2025-12-23
92602,12812,Cartão Crédito,aprovado,80.28,2025-11-25
92603,12813,Cartão Crédito,aprovado,346.26,2025-04-21
92604,12814,Pix,aprovado,661.05,2025-05-16
92605,12815,Cartão Crédito,aprovado,146.1,2025-03-17
92606,12816,Cartão Crédito,aprovado,370.55,2025-08-22
92607,12817,Boleto,aprovado,630.32,2025-04-15
92608,12818,Pix,aprovado,1293.25,2025-09-10
92609,12819,Cartão Crédito,pendente,215.25,2025-01-23
92610,12820,Cartão Crédito,aprovado,189.29,2025-11-10
92611,12821,Cartão Crédito,aprovado,57.68,2025-07-23
92612,12822,Cartão Débito,aprovado,190.6,2025-09-30
92613,12823,Pix,aprovado,96.77,2025-01-15
92614,12824,Pix,pendente,333.09,2025-08-01
92615,12825,Pix,aprovado,605.53,2025-01-07
92616,12826,Pix,aprovado,128.74,2025-12-29
92617,12827,Pix,aprovado,180.49,2025-03-06
92618,12828,Cartão Crédito,aprovado,353.02,2025-11-14
92619,12829,Cartão Débito,aprovado,657.82,2025-06-30
92620,12830,Boleto,aprovado,475.1,2025-02-09
92621,12831,Pix,aprovado,444.35,2025-04-28
92622,12832,Cartão Débito,aprovado,388.07,2025-11-01
92623,12833,Cartão Crédito,aprovado,135.08,2025-03-22
92624,12834,Cartão Crédito,aprovado,356.34,2025-05-22
92625,12835,Pix,aprovado,326.28,2025-01-21
92626,12836,Cartão Crédito,aprovado,95.46,2025-07-28
92627,12837,Cartão Crédito,aprovado,938.4,2025-01-15
92628,12838,Cartão Débito,aprovado,210.89,2025-08-12
92629,12839,Cartão Crédito,aprovado,98.0,2025-03-03
92630,12840,Pix,aprovado,239.75,2025-01-24
92631,12841,Cartão Crédito,aprovado,276.54,2025-07-08
92632,12842,Cartão Crédito,aprovado,319.16,2025-01-16
92633,12843,Cartão Débito,aprovado,273.08,2025-04-20
92634,12844,Pix,aprovado,332.5,2025-06-24
92635,12845,Cartão Débito,aprovado,374.15,2025-08-16
92636,12846,Pix,aprovado,360.64,2025-08-09
92637,12847,Cartão Crédito,aprovado,442.1,2025-05-19
92638,12848,Pix,aprovado,460.35,2025-10-11
92639,12849,Pix,aprovado,468.26,2025-06-02
92640,12850,Cartão Débito,aprovado,549.04,2025-05-03
92641,12851,Boleto,aprovado,192.87,2025-07-09
92642,12852,Pix,pendente,142.71,2025-09-19
92643,12853,Boleto,aprovado,659.79,2025-10-21
92644,12854,Pix,aprovado,245.43,2025-05-14
92645,12856,Pix,aprovado,286.65,2025-07-14
92646,12858,Cartão Débito,aprovado,166.97,2025-06-01
92647,12859,Cartão Crédito,aprovado,164.35,2025-10-20
92648,12860,Pix,aprovado,333.33,2025-01-15
92649,12861,Pix,aprovado,292.72,2025-04-11
92650,12862,Cartão Crédito,aprovado,127.65,2025-04-29
92651,12863,Pix,aprovado,313.89,2025-07-26
92652,12864,Cartão Crédito,pendente,208.27,2025-01-14
92653,12865,Cartão Crédito,aprovado,226.75,2025-03-04
92654,12866,Pix,aprovado,300.3,2025-11-28
92655,12867,Cartão Débito,estornado,0.0,2025-04-27
92656,12868,Cartão Débito,aprovado,127.93,2025-11-08
92657,12869,Pix,aprovado,244.0,2025-03-14
92658,12870,Pix,aprovado,145.87,2025-01-02
92659,12871,Cartão Crédito,aprovado,106.79,2025-03-15
92660,12872,Pix,aprovado,55.27,2025-03-17
92661,12873,Cartão Crédito,aprovado,392.69,2025-08-11
92662,12874,Pix,aprovado,237.76,2025-10-24
92663,12875,Cartão Crédito,aprovado,662.32,2025-04-23
92664,12876,Cartão Débito,aprovado,253.19,2025-12-15
92665,12877,Cartão Crédito,aprovado,391.37,2025-10-02
92666,12878,Cartão Crédito,estornado,0.0,2025-03-03
92667,12879,Pix,pendente,109.22,2025-10-05
92668,12880,Cartão Crédito,aprovado,55.74,2025-11-18
92669,12881,Cartão Crédito,aprovado,241.22,2025-09-02
92670,12882,Pix,aprovado,167.87,2025-08-11
92671,12883,Cartão Crédito,aprovado,618.93,2025-03-01
92672,12884,Boleto,aprovado,374.11,2025-02-15
92673,12885,Cartão Débito,aprovado,563.43,2025-01-15
92674,12886,Pix,aprovado,709.56,2025-11-14
92675,12887,Cartão Débito,aprovado,226.3,2025-02-07
92676,12888,Pix,aprovado,363.05,2025-04-04
92677,12889,Pix,aprovado,134.43,2025-11-27
92678,12890,Cartão Crédito,aprovado,432.65,2025-04-25
92679,12891,Pix,aprovado,475.9,2025-08-14
92680,12893,Boleto,aprovado,226.1,2025-12-10
92681,12894,Cartão Crédito,aprovado,993.79,2025-02-17
92682,12895,Cartão Débito,aprovado,339.32,2025-09-01
92683,12896,Cartão Crédito,aprovado,135.13,2025-12-28
92684,12897,Pix,aprovado,506.28,2025-01-13
92685,12898,Pix,aprovado,630.93,2025-04-16
92686,12899,Pix,aprovado,137.46,2025-06-11
92687,12900,Cartão Crédito,aprovado,276.69,2025-07-28
92688,12901,Cartão Crédito,aprovado,96.15,2025-03-28
92689,12902,Boleto,estornado,0.0,2025-07-14
92690,12903,Cartão Crédito,aprovado,311.54,2025-12-09
92691,12904,Boleto,aprovado,168.49,2025-06-30
92692,12905,Cartão Débito,aprovado,636.23,2025-12-08
92693,12906,Cartão Crédito,aprovado,332.74,2025-03-31
92694,12907,Cartão Crédito,aprovado,580.47,2025-07-26
92695,12908,Pix,aprovado,451.4,2025-08-10
92696,12909,Cartão Crédito,pendente,74.4,2025-12-18
92697,12911,Cartão Crédito,aprovado,172.36,2025-12-09
92698,12912,Boleto,aprovado,127.18,2025-03-24
92699,12913,Pix,aprovado,73.69,2025-10-03
92700,12914,Pix,aprovado,1119.24,2025-09-25
92701,12915,Cartão Crédito,aprovado,407.55,2025-06-26
92702,12916,Cartão Crédito,aprovado,449.48,2025-11-09
92703,12918,Pix,aprovado,218.46,2025-10-08
92704,12919,Pix,aprovado,102.92,2025-04-28
92705,12920,Cartão Crédito,aprovado,547.4,2025-09-11
92706,12921,Pix,aprovado,118.89,2025-08-25
92707,12922,Pix,aprovado,538.86,2025-05-05
92708,12923,Cartão Crédito,aprovado,88.59,2025-07-07
92709,12924,Pix,pendente,38.32,2025-12-08
92710,12925,Pix,aprovado,201.71,2025-06-17
92711,12926,Cartão Crédito,aprovado,525.54,2025-12-06
92712,12927,Pix,aprovado,912.03,2025-02-24
92713,12928,Cartão Débito,aprovado,448.99,2025-02-10
92714,12929,Pix,aprovado,208.07,2025-03-15
92715,12930,Cartão Débito,aprovado,613.31,2025-11-02
92716,12931,Pix,aprovado,86.02,2025-11-10
92717,12932,Cartão Débito,aprovado,157.0,2025-01-22
92718,12933,Boleto,aprovado,355.95,2025-05-01
92719,12935,Cartão Crédito,pendente,178.56,2025-11-09
92720,12937,Cartão Débito,pendente,88.62,2025-01-19
92721,12938,Cartão Crédito,aprovado,678.56,2025-05-04
92722,12939,Pix,aprovado,181.78,2025-04-13
92723,12940,Cartão Débito,aprovado,148.2,2025-08-23
92724,12941,Pix,pendente,177.0,2025-11-19
92725,12942,Cartão Crédito,aprovado,739.89,2025-09-14
92726,12943,Cartão Crédito,aprovado,199.0,2025-08-16
92727,12944,Boleto,aprovado,275.96,2025-06-14
92728,12946,Boleto,pendente,239.63,2025-07-25
92729,12947,Boleto,aprovado,393.96,2025-05-19
92730,12949,Cartão Crédito,aprovado,679.38,2025-01-23
92731,12950,Pix,aprovado,390.42,2025-10-05
92732,12951,Pix,aprovado,224.08,2025-05-11
92733,12952,Pix,estornado,0.0,2025-04-14
92734,12953,Pix,aprovado,467.06,2025-11-21
92735,12954,Pix,aprovado,63.48,2025-04-26
92736,12955,Cartão Crédito,aprovado,403.02,2025-10-24
92737,12956,Cartão Crédito,aprovado,723.2,2025-02-13
92738,12957,Cartão Crédito,aprovado,179.7,2025-06-26
92739,12959,Pix,estornado,0.0,2025-04-27
92740,12960,Cartão Crédito,aprovado,563.44,2025-12-19
92741,12961,Pix,aprovado,137.76,2025-02-28
92742,12962,Cartão Débito,aprovado,452.57,2025-11-29
92743,12963,Boleto,aprovado,261.31,2025-10-15
92744,12964,Pix,pendente,353.74,2025-12-18
92745,12965,Cartão Crédito,pendente,194.23,2025-06-10
92746,12968,Pix,aprovado,437.05,2025-12-29
92747,12969,Cartão Crédito,aprovado,378.92,2025-02-14
92748,12971,Boleto,aprovado,73.24,2025-04-14
92749,12972,Boleto,aprovado,158.97,2025-04-22
92750,12973,Cartão Crédito,pendente,235.59,2025-02-22
92751,12974,Cartão Débito,aprovado,364.85,2025-01-25
92752,12975,Pix,aprovado,291.35,2025-12-27
92753,12976,Cartão Crédito,aprovado,85.89,2025-02-16
92754,12977,Pix,aprovado,229.54,2025-11-13
92755,12978,Pix,aprovado,897.82,2025-09-02
92756,12979,Cartão Crédito,aprovado,132.08,2025-05-21
92757,12980,Pix,aprovado,319.58,2025-10-17
92758,12981,Pix,aprovado,453.72,2025-03-14
92759,12982,Pix,aprovado,552.71,2025-10-30
92760,12983,Pix,aprovado,509.04,2025-06-05
92761,12984,Cartão Crédito,aprovado,216.77,2025-09-20
92762,12985,Cartão Crédito,aprovado,158.4,2025-11-01
92763,12986,Cartão Crédito,estornado,0.0,2026-01-03
92764,12988,Cartão Débito,aprovado,341.74,2025-12-25
92765,12989,Boleto,aprovado,789.8,2025-01-21
92766,12990,Cartão Débito,aprovado,103.49,2025-10-28
92767,12991,Cartão Débito,aprovado,34.58,2025-03-12
92768,12992,Pix,aprovado,361.94,2025-06-13
92769,12994,Pix,aprovado,94.74,2025-12-20
92770,12995,Cartão Débito,aprovado,574.75,2025-09-29
92771,12996,Cartão Débito,aprovado,52.38,2025-09-10
92772,12997,Cartão Crédito,aprovado,418.57,2025-11-25
92773,12998,Cartão Crédito,aprovado,485.29,2025-01-04
92774,12999,Pix,aprovado,358.9,2025-04-21
92775,13000,Cartão Crédito,aprovado,82.56,2025-04-02
92776,13001,Pix,aprovado,705.69,2025-02-03
92777,13002,Cartão Débito,aprovado,222.43,2025-01-08
92778,13003,Pix,aprovado,222.99,2025-01-06
92779,13005,Boleto,estornado,0.0,2025-03-28
92780,13006,Pix,aprovado,214.35,2025-12-11
92781,13007,Cartão Crédito,aprovado,121.44,2025-08-26
92782,13008,Cartão Crédito,aprovado,619.04,2025-09-09
92783,13009,Cartão Crédito,aprovado,314.1,2025-06-18
92784,13010,Boleto,aprovado,633.17,2025-12-12
92785,13011,Cartão Crédito,aprovado,331.08,2025-05-05
92786,13012,Cartão Débito,aprovado,179.79,2025-04-07
92787,13013,Pix,aprovado,61.31,2025-02-04
92788,13014,Cartão Débito,aprovado,363.02,2025-04-24
92789,13015,Cartão Débito,aprovado,258.07,2025-06-20
92790,13016,Pix,estornado,0.0,2025-11-14
92791,13017,Pix,pendente,133.11,2025-08-07
92792,13018,Pix,aprovado,427.27,2025-10-11
92793,13019,Cartão Crédito,aprovado,321.45,2025-12-02
92794,13020,Pix,aprovado,167.22,2025-10-06
92795,13021,Cartão Crédito,aprovado,219.74,2025-09-08
92796,13022,Cartão Crédito,aprovado,101.37,2025-09-14
92797,13024,Cartão Crédito,aprovado,420.99,2025-09-13
92798,13025,Cartão Crédito,aprovado,95.17,2025-11-06
92799,13026,Cartão Crédito,aprovado,953.71,2025-04-03
92800,13028,Cartão Débito,aprovado,203.9,2025-09-14
92801,13029,Cartão Débito,aprovado,272.27,2025-06-21
92802,13030,Cartão Crédito,aprovado,327.08,2025-12-14
92803,13031,Cartão Crédito,aprovado,525.73,2025-07-25
92804,13033,Cartão Crédito,aprovado,330.8,2025-11-11
92805,13034,Cartão Crédito,aprovado,261.9,2025-10-23
92806,13035,Pix,aprovado,367.62,2025-12-28
92807,13036,Cartão Crédito,estornado,0.0,2025-10-02
92808,13037,Cartão Crédito,aprovado,227.39,2025-01-24
92809,13038,Cartão Crédito,aprovado,295.94,2025-07-21
92810,13039,Cartão Crédito,aprovado,920.65,2025-06-30
92811,13040,Boleto,aprovado,230.8,2025-10-21
92812,13041,Cartão Crédito,aprovado,685.21,2025-11-28
92813,13042,Cartão Crédito,aprovado,356.77,2025-06-08
92814,13043,Cartão Crédito,aprovado,345.13,2025-09-19
92815,13044,Boleto,aprovado,370.09,2025-08-05
92816,13045,Boleto,aprovado,452.73,2025-09-13
92817,13046,Pix,aprovado,244.72,2025-11-22
92818,13047,Pix,aprovado,655.07,2025-03-05
92819,13048,Cartão Crédito,aprovado,453.49,2025-12-05
92820,13049,Pix,aprovado,109.79,2025-12-13
92821,13051,Cartão Crédito,aprovado,902.82,2025-01-21
92822,13052,Cartão Débito,pendente,132.92,2025-08-13
92823,13053,Pix,aprovado,97.84,2025-04-21
92824,13054,Pix,aprovado,230.55,2025-04-20
92825,13055,Cartão Débito,aprovado,588.44,2025-12-07
92826,13056,Cartão Débito,aprovado,283.19,2025-05-29
92827,13057,Pix,aprovado,302.33,2025-10-17
92828,13058,Pix,aprovado,518.46,2025-01-06
92829,13059,Pix,aprovado,403.74,2025-11-06
92830,13060,Cartão Crédito,aprovado,475.99,2025-04-14
92831,13061,Cartão Crédito,aprovado,514.84,2025-07-16
92832,13062,Cartão Crédito,aprovado,183.91,2025-12-06
92833,13063,Pix,aprovado,198.15,2025-11-04
92834,13064,Cartão Crédito,aprovado,166.34,2025-02-21
92835,13065,Cartão Crédito,pendente,144.55,2025-04-08
92836,13066,Cartão Débito,aprovado,293.82,2025-07-09
92837,13067,Pix,aprovado,309.67,2025-05-16
92838,13068,Cartão Débito,aprovado,774.46,2025-01-29
92839,13069,Cartão Crédito,aprovado,390.47,2025-05-03
92840,13071,Cartão Débito,aprovado,137.51,2025-11-02
92841,13072,Pix,aprovado,256.31,2025-05-26
92842,13073,Pix,aprovado,946.14,2025-03-23
92843,13074,Cartão Crédito,aprovado,936.72,2025-05-27
92844,13075,Pix,aprovado,253.94,2025-07-06
92845,13076,Cartão Crédito,estornado,0.0,2025-11-26
92846,13077,Pix,aprovado,228.95,2025-11-15
92847,13078,Cartão Crédito,aprovado,779.86,2025-07-01
92848,13079,Cartão Débito,pendente,150.96,2025-05-09
92849,13080,Cartão Crédito,aprovado,518.81,2025-05-09
92850,13082,Cartão Débito,aprovado,90.59,2025-07-31
92851,13083,Pix,aprovado,328.87,2025-02-19
92852,13084,Cartão Crédito,aprovado,564.94,2025-01-11
92853,13085,Cartão Débito,aprovado,204.63,2025-11-04
92854,13086,Pix,aprovado,555.22,2025-02-02
92855,13087,Boleto,aprovado,343.8,2025-08-23
92856,13088,Cartão Crédito,aprovado,535.88,2025-06-22
92857,13089,Pix,aprovado,407.74,2025-07-05
92858,13090,Pix,aprovado,145.45,2025-07-26
92859,13091,Cartão Débito,aprovado,258.29,2025-08-15
92860,13092,Cartão Débito,aprovado,252.05,2025-08-08
92861,13093,Cartão Crédito,aprovado,197.02,2025-10-15
92862,13094,Cartão Crédito,aprovado,385.84,2025-04-15
92863,13096,Boleto,aprovado,655.62,2025-02-10
92864,13097,Pix,aprovado,712.67,2025-03-16
92865,13098,Cartão Débito,pendente,130.2,2025-05-20
92866,13099,Cartão Crédito,aprovado,720.26,2025-11-19
92867,13100,Pix,aprovado,875.0,2025-08-21
92868,13101,Cartão Crédito,aprovado,182.61,2025-01-22
92869,13102,Pix,aprovado,439.16,2025-10-11
92870,13103,Cartão Crédito,aprovado,447.09,2025-05-10
92871,13104,Cartão Crédito,aprovado,272.45,2025-01-24
92872,13105,Cartão Débito,aprovado,364.67,2025-12-02
92873,13107,Cartão Crédito,aprovado,286.1,2025-02-04
92874,13108,Pix,aprovado,635.58,2025-08-01
92875,13109,Cartão Crédito,aprovado,110.34,2025-07-17
92876,13110,Pix,aprovado,251.23,2025-01-30
92877,13111,Cartão Débito,aprovado,525.7,2025-04-01
92878,13112,Pix,aprovado,984.56,2025-12-21
92879,13113,Cartão Débito,aprovado,661.61,2025-03-01
92880,13114,Pix,aprovado,359.43,2025-12-31
92881,13115,Cartão Crédito,pendente,261.83,2025-12-06
92882,13116,Pix,aprovado,262.03,2025-08-28
92883,13117,Cartão Débito,aprovado,263.21,2025-02-02
92884,13118,Pix,aprovado,60.88,2025-11-19
92885,13119,Cartão Crédito,aprovado,959.3,2025-12-26
92886,13120,Pix,aprovado,312.58,2025-02-28
92887,13121,Pix,aprovado,173.43,2025-10-03
92888,13122,Cartão Débito,aprovado,434.52,2025-01-20
92889,13123,Pix,aprovado,184.81,2025-05-14
92890,13124,Pix,aprovado,596.71,2025-08-21
92891,13125,Pix,aprovado,177.95,2025-04-30
92892,13126,Cartão Crédito,aprovado,541.6,2025-08-14
92893,13127,Cartão Crédito,aprovado,259.18,2025-05-16
92894,13128,Pix,aprovado,396.24,2025-12-09
92895,13129,Cartão Crédito,aprovado,568.88,2025-10-20
92896,13130,Pix,pendente,133.68,2025-12-12
92897,13131,Cartão Débito,aprovado,559.88,2025-12-16
92898,13132,Pix,aprovado,63.8,2025-12-11
92899,13133,Pix,aprovado,832.63,2025-07-22
92900,13134,Pix,aprovado,623.73,2025-05-18
92901,13136,Cartão Crédito,aprovado,696.85,2025-03-03
92902,13137,Pix,aprovado,650.72,2025-11-26
92903,13138,Cartão Crédito,aprovado,325.21,2025-12-22
92904,13140,Pix,aprovado,156.38,2025-12-07
92905,13142,Pix,aprovado,87.78,2025-11-12
92906,13143,Cartão Crédito,aprovado,537.18,2025-08-12
92907,13144,Pix,aprovado,544.83,2025-02-03
92908,13145,Cartão Crédito,aprovado,64.83,2025-07-20
92909,13146,Cartão Crédito,aprovado,782.37,2025-11-19
92910,13147,Cartão Crédito,aprovado,201.71,2025-04-26
92911,13148,Boleto,aprovado,1619.12,2025-04-28
92912,13149,Pix,aprovado,382.14,2025-07-26
92913,13150,Cartão Crédito,aprovado,787.25,2025-08-07
92914,13151,Cartão Crédito,pendente,81.9,2025-04-24
92915,13152,Cartão Crédito,aprovado,258.75,2025-05-12
92916,13153,Pix,aprovado,215.47,2025-04-15
92917,13154,Cartão Débito,aprovado,86.23,2025-07-31
92918,13155,Boleto,aprovado,110.67,2025-01-25
92919,13156,Cartão Débito,aprovado,296.3,2025-07-28
92920,13157,Cartão Débito,aprovado,424.34,2025-05-27
92921,13159,Pix,aprovado,246.94,2025-04-11
92922,13160,Boleto,aprovado,184.04,2025-08-04
92923,13161,Cartão Crédito,pendente,136.71,2025-09-05
92924,13162,Pix,aprovado,510.36,2025-12-27
92925,13163,Boleto,pendente,189.61,2025-01-06
92926,13164,Cartão Débito,aprovado,208.3,2025-02-19
92927,13165,Cartão Crédito,aprovado,636.86,2025-02-25
92928,13166,Cartão Débito,aprovado,414.97,2025-11-17
92929,13167,Pix,aprovado,357.86,2025-12-06
92930,13168,Cartão Débito,aprovado,140.17,2025-07-25
92931,13169,Cartão Crédito,aprovado,593.8,2025-07-18
92932,13170,Pix,aprovado,443.71,2025-05-16
92933,13171,Cartão Crédito,aprovado,459.41,2025-03-13
92934,13172,Pix,aprovado,275.65,2025-09-04
92935,13173,Cartão Crédito,aprovado,240.2,2025-12-25
92936,13174,Pix,aprovado,962.4,2025-08-07
92937,13175,Cartão Crédito,aprovado,237.44,2025-10-03
92938,13176,Cartão Débito,aprovado,117.04,2025-05-08
92939,13177,Cartão Crédito,aprovado,370.53,2025-05-18
92940,13178,Cartão Crédito,pendente,128.9,2025-01-30
92941,13180,Cartão Crédito,aprovado,291.31,2025-07-12
92942,13181,Boleto,aprovado,499.56,2025-10-15
92943,13182,Cartão Crédito,aprovado,816.62,2025-06-17
92944,13183,Cartão Crédito,aprovado,426.27,2025-06-12
92945,13184,Pix,aprovado,146.24,2025-06-27
92946,13185,Cartão Débito,aprovado,434.5,2025-06-10
92947,13186,Pix,aprovado,250.16,2025-11-08
92948,13187,Pix,aprovado,388.24,2025-07-11
92949,13189,Pix,aprovado,114.83,2025-12-25
92950,13191,Pix,estornado,0.0,2025-12-26
92951,13192,Cartão Crédito,aprovado,223.91,2025-03-03
92952,13193,Cartão Crédito,aprovado,592.53,2025-08-22
92953,13194,Cartão Crédito,aprovado,343.29,2025-06-10
92954,13195,Cartão Crédito,aprovado,479.74,2025-01-18
92955,13196,Pix,aprovado,363.06,2025-02-19
92956,13197,Boleto,aprovado,263.53,2025-11-27
92957,13198,Cartão Crédito,aprovado,389.0,2025-01-10
92958,13199,Boleto,aprovado,74.01,2025-10-18
92959,13200,Cartão Crédito,aprovado,538.41,2025-07-04
92960,13201,Pix,aprovado,169.47,2025-08-17
92961,13202,Boleto,aprovado,459.89,2025-03-27
92962,13203,Pix,aprovado,255.84,2025-03-01
92963,13204,Pix,aprovado,114.9,2025-04-30
92964,13205,Cartão Débito,aprovado,194.21,2025-06-27
92965,13206,Pix,pendente,332.44,2025-01-26
92966,13207,Pix,pendente,389.39,2025-03-29
92967,13208,Cartão Crédito,aprovado,310.37,2025-06-11
92968,13209,Cartão Débito,aprovado,1075.74,2025-05-10
92969,13210,Cartão Débito,estornado,0.0,2025-08-12
92970,13211,Cartão Crédito,aprovado,270.71,2025-06-26
92971,13212,Pix,aprovado,310.55,2025-03-02
92972,13213,Pix,aprovado,477.71,2025-08-21
92973,13214,Boleto,aprovado,200.27,2025-02-15
92974,13215,Pix,aprovado,413.96,2025-12-10
92975,13216,Cartão Débito,aprovado,280.75,2025-04-12
92976,13218,Boleto,aprovado,370.76,2025-10-08
92977,13219,Cartão Crédito,estornado,0.0,2025-05-09
92978,13220,Pix,estornado,0.0,2025-04-13
92979,13221,Cartão Débito,aprovado,686.89,2025-09-18
92980,13222,Cartão Crédito,estornado,0.0,2025-06-19
92981,13223,Pix,aprovado,22.46,2025-09-21
92982,13224,Pix,aprovado,533.9,2025-05-28
92983,13225,Pix,aprovado,274.9,2025-04-03
92984,13226,Pix,aprovado,129.64,2025-05-15
92985,13227,Pix,aprovado,724.68,2025-10-04
92986,13228,Boleto,aprovado,209.55,2025-04-24
92987,13229,Cartão Crédito,aprovado,69.52,2025-05-05
92988,13230,Cartão Crédito,aprovado,377.06,2025-09-18
92989,13231,Pix,aprovado,794.64,2025-07-18
92990,13232,Cartão Crédito,aprovado,131.17,2025-09-21
92991,13233,Pix,aprovado,580.89,2025-09-04
92992,13234,Pix,estornado,0.0,2025-05-23
92993,13235,Pix,aprovado,831.1,2025-01-22
92994,13236,Boleto,aprovado,432.06,2025-05-22
92995,13237,Cartão Débito,aprovado,119.28,2025-04-27
92996,13238,Pix,aprovado,546.33,2025-10-18
92997,13239,Pix,aprovado,218.97,2025-12-07
92998,13241,Boleto,aprovado,215.25,2025-09-21
92999,13242,Cartão Débito,aprovado,510.21,2025-01-25
93000,13243,Pix,aprovado,148.22,2025-01-06
93001,13244,Cartão Crédito,aprovado,32.18,2025-03-04
93002,13245,Boleto,aprovado,224.02,2025-11-06
93003,13246,Cartão Crédito,aprovado,743.93,2025-01-08
93004,13247,Cartão Crédito,aprovado,737.53,2025-02-19
93005,13248,Pix,aprovado,215.01,2025-06-17
93006,13249,Boleto,aprovado,209.02,2025-01-25
93007,13250,Cartão Débito,aprovado,198.92,2025-10-11
93008,13251,Cartão Débito,aprovado,191.96,2025-10-30
93009,13252,Cartão Débito,aprovado,202.69,2025-01-11
93010,13253,Cartão Crédito,aprovado,389.88,2025-07-09
93011,13254,Cartão Crédito,aprovado,755.55,2025-10-29
93012,13255,Cartão Débito,aprovado,148.01,2025-12-22
93013,13256,Pix,aprovado,172.4,2025-07-22
93014,13257,Cartão Débito,aprovado,421.37,2025-11-29
93015,13258,Boleto,aprovado,529.94,2026-01-01
93016,13260,Boleto,aprovado,937.86,2025-10-30
93017,13261,Pix,aprovado,256.91,2025-01-11
93018,13263,Cartão Débito,aprovado,83.65,2025-10-22
93019,13264,Pix,estornado,0.0,2025-08-27
93020,13265,Cartão Débito,pendente,428.9,2025-10-12
93021,13266,Cartão Crédito,pendente,210.37,2025-12-09
93022,13267,Cartão Crédito,aprovado,682.38,2025-10-30
93023,13268,Cartão Crédito,aprovado,300.0,2025-10-19
93024,13269,Boleto,aprovado,669.97,2025-05-02
93025,13270,Pix,aprovado,294.52,2025-12-28
93026,13271,Boleto,aprovado,476.35,2025-09-29
93027,13272,Cartão Crédito,aprovado,315.13,2025-02-10
93028,13273,Cartão Crédito,estornado,0.0,2025-10-22
93029,13274,Cartão Débito,aprovado,160.68,2025-08-28
93030,13275,Pix,aprovado,521.19,2025-08-25
93031,13276,Boleto,aprovado,131.71,2025-03-12
93032,13277,Pix,aprovado,520.61,2025-02-08
93033,13278,Pix,estornado,0.0,2026-01-02
93034,13279,Cartão Débito,estornado,0.0,2025-03-27
93035,13280,Cartão Crédito,aprovado,378.67,2025-02-10
93036,13281,Cartão Crédito,aprovado,718.16,2025-05-18
93037,13283,Cartão Crédito,aprovado,361.95,2025-06-17
93038,13284,Boleto,aprovado,27.74,2025-03-16
93039,13285,Cartão Crédito,aprovado,737.11,2026-01-03
93040,13286,Pix,aprovado,77.92,2025-04-25
93041,13287,Boleto,aprovado,104.6,2025-08-26
93042,13288,Cartão Crédito,pendente,209.67,2025-08-31
93043,13289,Cartão Crédito,aprovado,336.27,2025-06-17
93044,13290,Cartão Crédito,aprovado,81.32,2025-09-08
93045,13291,Boleto,aprovado,208.79,2025-08-24
93046,13292,Cartão Crédito,aprovado,712.03,2025-07-22
93047,13293,Cartão Crédito,aprovado,370.72,2025-02-04
93048,13294,Cartão Débito,aprovado,342.28,2025-07-11
93049,13295,Boleto,aprovado,188.79,2025-02-27
93050,13296,Cartão Crédito,estornado,0.0,2025-02-14
93051,13297,Pix,aprovado,306.62,2025-08-14
93052,13298,Cartão Crédito,aprovado,507.04,2025-08-27
93053,13299,Cartão Crédito,aprovado,173.17,2025-01-12
93054,13300,Cartão Débito,aprovado,1165.22,2025-12-02
93055,13301,Boleto,aprovado,797.24,2025-12-28
93056,13302,Cartão Débito,aprovado,367.92,2025-08-30
93057,13303,Cartão Crédito,aprovado,426.15,2025-06-30
93058,13304,Cartão Crédito,aprovado,210.38,2025-03-05
93059,13305,Cartão Crédito,aprovado,534.47,2025-09-24
93060,13306,Cartão Crédito,aprovado,35.91,2025-10-07
93061,13307,Cartão Crédito,aprovado,928.65,2025-01-25
93062,13308,Pix,aprovado,513.71,2025-02-06
93063,13309,Pix,aprovado,145.41,2025-07-08
93064,13310,Cartão Crédito,aprovado,914.17,2025-08-06
93065,13311,Cartão Crédito,aprovado,1102.2,2025-08-15
93066,13312,Pix,aprovado,442.19,2025-10-09
93067,13313,Cartão Débito,aprovado,175.62,2025-09-18
93068,13314,Cartão Crédito,estornado,0.0,2025-05-01
93069,13315,Pix,aprovado,486.36,2025-10-07
93070,13316,Pix,aprovado,417.12,2025-08-17
93071,13317,Pix,aprovado,145.43,2025-11-16
93072,13318,Pix,aprovado,480.42,2025-03-24
93073,13319,Cartão Crédito,aprovado,706.66,2025-11-05
93074,13320,Cartão Crédito,aprovado,116.73,2025-02-27
93075,13321,Cartão Débito,aprovado,129.74,2025-11-07
93076,13322,Cartão Crédito,pendente,92.43,2025-02-22
93077,13323,Pix,aprovado,286.04,2025-01-10
93078,13324,Cartão Crédito,aprovado,586.79,2025-12-17
93079,13325,Pix,aprovado,701.59,2025-07-27
93080,13326,Cartão Crédito,aprovado,169.32,2025-05-21
93081,13327,Cartão Crédito,aprovado,387.52,2025-02-13
93082,13328,Pix,aprovado,683.31,2025-10-18
93083,13329,Boleto,aprovado,1206.99,2025-12-26
93084,13330,Cartão Débito,aprovado,386.09,2025-04-23
93085,13331,Cartão Crédito,aprovado,401.16,2025-12-04
93086,13332,Pix,aprovado,444.05,2025-11-13
93087,13333,Cartão Débito,aprovado,263.76,2025-09-11
93088,13334,Pix,pendente,171.48,2025-03-08
93089,13335,Cartão Crédito,aprovado,47.37,2025-11-03
93090,13336,Cartão Crédito,aprovado,211.31,2025-02-07
93091,13337,Pix,aprovado,475.35,2025-11-15
93092,13338,Pix,aprovado,161.1,2025-04-17
93093,13339,Cartão Débito,aprovado,595.89,2025-03-10
93094,13340,Cartão Débito,aprovado,67.78,2025-11-12
93095,13341,Cartão Débito,aprovado,580.78,2025-06-07
93096,13342,Pix,aprovado,579.74,2025-06-26
93097,13343,Pix,aprovado,1220.57,2025-06-27
93098,13344,Pix,estornado,0.0,2025-10-21
93099,13345,Cartão Crédito,aprovado,336.49,2025-01-21
93100,13346,Cartão Débito,aprovado,871.53,2025-01-10
93101,13347,Cartão Débito,aprovado,801.23,2025-10-12
93102,13348,Cartão Débito,aprovado,654.46,2025-05-16
93103,13349,Pix,aprovado,427.09,2025-05-18
93104,13350,Cartão Crédito,aprovado,856.48,2025-12-08
93105,13351,Cartão Crédito,aprovado,1494.54,2025-07-11
93106,13352,Cartão Débito,aprovado,505.6,2025-08-24
93107,13353,Boleto,aprovado,348.28,2025-04-22
93108,13354,Pix,aprovado,546.82,2025-09-13
93109,13355,Cartão Crédito,aprovado,382.26,2025-07-24
93110,13356,Cartão Débito,aprovado,273.25,2025-04-07
93111,13357,Cartão Débito,pendente,517.61,2025-12-29
93112,13358,Cartão Crédito,aprovado,227.93,2025-06-20
93113,13359,Pix,aprovado,498.64,2025-10-24
93114,13360,Cartão Débito,aprovado,84.8,2025-07-02
93115,13361,Cartão Débito,aprovado,955.06,2025-01-11
93116,13362,Pix,aprovado,179.85,2025-08-18
93117,13363,Pix,aprovado,102.84,2025-05-29
93118,13364,Cartão Crédito,aprovado,783.57,2025-08-25
93119,13365,Cartão Débito,aprovado,878.87,2025-04-06
93120,13366,Cartão Crédito,aprovado,421.06,2025-01-26
93121,13367,Pix,aprovado,313.15,2025-04-03
93122,13368,Cartão Crédito,aprovado,260.57,2025-09-26
93123,13369,Cartão Crédito,aprovado,405.27,2025-01-16
93124,13370,Pix,aprovado,326.18,2025-03-02
93125,13371,Pix,aprovado,297.55,2025-10-11
93126,13372,Cartão Crédito,aprovado,164.06,2025-02-22
93127,13374,Pix,aprovado,357.97,2025-07-08
93128,13375,Cartão Crédito,pendente,229.24,2025-09-18
93129,13376,Boleto,aprovado,188.54,2025-02-12
93130,13377,Pix,aprovado,211.17,2025-12-23
93131,13378,Pix,aprovado,395.96,2025-07-17
93132,13379,Cartão Crédito,aprovado,160.41,2025-06-25
93133,13381,Cartão Débito,aprovado,485.24,2025-11-09
93134,13382,Cartão Débito,aprovado,187.09,2025-09-18
93135,13383,Cartão Crédito,estornado,0.0,2025-02-22
93136,13384,Cartão Crédito,estornado,0.0,2025-09-05
93137,13385,Cartão Crédito,aprovado,581.53,2025-11-14
93138,13386,Boleto,aprovado,169.34,2025-04-28
93139,13387,Pix,aprovado,308.63,2025-05-24
93140,13388,Cartão Crédito,aprovado,373.66,2025-03-10
93141,13389,Pix,aprovado,870.35,2025-10-25
93142,13390,Boleto,aprovado,178.67,2025-03-10
93143,13391,Pix,aprovado,172.6,2025-04-21
93144,13392,Pix,aprovado,90.16,2025-03-19
93145,13393,Boleto,aprovado,1036.88,2025-09-12
93146,13394,Pix,aprovado,344.63,2025-05-06
93147,13395,Cartão Crédito,aprovado,681.63,2025-03-11
93148,13396,Cartão Débito,aprovado,214.2,2025-07-28
93149,13397,Pix,aprovado,230.42,2025-06-30
93150,13398,Boleto,aprovado,324.83,2025-08-22
93151,13399,Cartão Débito,aprovado,331.94,2025-11-12
93152,13400,Pix,aprovado,533.62,2025-01-16
93153,13401,Pix,aprovado,351.9,2025-12-22
93154,13402,Boleto,aprovado,252.61,2025-11-09
93155,13403,Cartão Crédito,aprovado,1049.22,2025-04-25
93156,13404,Pix,pendente,125.76,2025-10-05
93157,13405,Cartão Crédito,aprovado,179.49,2025-03-25
93158,13406,Cartão Crédito,aprovado,164.13,2025-03-02
93159,13407,Cartão Débito,aprovado,547.55,2025-07-28
93160,13408,Cartão Crédito,aprovado,458.8,2025-07-22
93161,13409,Pix,aprovado,298.5,2025-07-22
93162,13410,Cartão Crédito,aprovado,157.02,2025-07-25
93163,13411,Cartão Crédito,aprovado,372.52,2025-05-13
93164,13412,Cartão Crédito,aprovado,599.13,2025-07-20
93165,13413,Cartão Crédito,estornado,0.0,2025-04-30
93166,13414,Boleto,aprovado,206.89,2025-07-14
93167,13415,Boleto,aprovado,297.72,2025-07-20
93168,13417,Pix,aprovado,250.64,2025-06-25
93169,13418,Cartão Crédito,aprovado,104.64,2025-02-22
93170,13419,Pix,aprovado,298.84,2025-11-01
93171,13420,Cartão Débito,aprovado,117.61,2025-03-19
93172,13422,Pix,aprovado,266.34,2025-10-18
93173,13423,Pix,aprovado,321.2,2025-05-27
93174,13425,Cartão Débito,aprovado,330.36,2025-04-17
93175,13426,Pix,estornado,0.0,2025-02-13
93176,13427,Cartão Crédito,aprovado,678.91,2025-09-15
93177,13428,Pix,aprovado,134.72,2025-07-12
93178,13429,Cartão Débito,aprovado,20.0,2025-12-13
93179,13431,Cartão Crédito,aprovado,267.74,2025-11-23
93180,13432,Pix,aprovado,255.37,2025-08-13
93181,13433,Cartão Crédito,aprovado,217.66,2025-07-21
93182,13434,Boleto,pendente,67.36,2025-08-12
93183,13435,Cartão Crédito,pendente,695.78,2025-06-28
93184,13436,Pix,aprovado,1036.28,2025-01-05
93185,13437,Cartão Crédito,aprovado,247.02,2025-06-24
93186,13438,Cartão Crédito,pendente,137.83,2025-07-12
93187,13439,Cartão Crédito,aprovado,640.68,2025-04-08
93188,13440,Pix,aprovado,367.92,2025-03-13
93189,13441,Pix,aprovado,231.9,2025-03-04
93190,13442,Pix,aprovado,106.45,2025-05-16
93191,13443,Cartão Débito,aprovado,339.02,2025-03-25
93192,13444,Boleto,aprovado,119.27,2025-06-10
93193,13445,Pix,aprovado,725.66,2025-04-27
93194,13446,Boleto,aprovado,328.12,2025-12-18
93195,13447,Cartão Crédito,aprovado,481.03,2025-03-07
93196,13448,Pix,aprovado,261.66,2025-03-05
93197,13449,Cartão Débito,aprovado,584.0,2025-05-27
93198,13450,Cartão Crédito,aprovado,203.37,2025-05-25
93199,13451,Cartão Crédito,aprovado,412.82,2025-09-17
93200,13452,Pix,aprovado,254.28,2025-11-30
93201,13453,Pix,aprovado,284.36,2025-04-13
93202,13454,Pix,estornado,0.0,2025-12-14
93203,13455,Pix,aprovado,182.27,2025-03-17
93204,13456,Cartão Crédito,aprovado,432.67,2025-10-27
93205,13457,Pix,pendente,498.95,2025-08-28
93206,13458,Pix,pendente,367.18,2025-01-27
93207,13459,Cartão Débito,aprovado,208.11,2025-08-15
93208,13460,Pix,aprovado,473.89,2025-06-18
93209,13461,Cartão Crédito,aprovado,67.84,2025-09-07
93210,13462,Cartão Crédito,aprovado,649.32,2025-06-10
93211,13463,Cartão Crédito,aprovado,1491.8,2025-03-07
93212,13464,Cartão Crédito,aprovado,415.84,2025-12-23
93213,13465,Cartão Débito,aprovado,806.76,2025-11-22
93214,13466,Cartão Débito,pendente,46.69,2025-01-22
93215,13467,Cartão Crédito,aprovado,144.71,2025-07-03
93216,13468,Pix,aprovado,260.92,2025-01-17
93217,13469,Cartão Crédito,aprovado,298.66,2025-09-06
93218,13470,Cartão Crédito,aprovado,417.66,2025-11-15
93219,13471,Cartão Débito,pendente,71.79,2025-04-01
93220,13472,Cartão Crédito,aprovado,371.53,2025-04-12
93221,13473,Cartão Crédito,aprovado,634.4,2025-09-04
93222,13474,Cartão Crédito,aprovado,472.71,2025-03-12
93223,13476,Pix,pendente,273.52,2025-08-26
93224,13477,Pix,aprovado,246.26,2025-03-05
93225,13478,Pix,aprovado,357.22,2025-07-19
93226,13480,Pix,aprovado,292.86,2025-12-17
93227,13481,Cartão Débito,aprovado,117.73,2025-09-10
93228,13482,Pix,aprovado,350.15,2025-05-15
93229,13483,Pix,aprovado,616.79,2025-04-14
93230,13484,Cartão Débito,aprovado,654.03,2025-04-23
93231,13485,Boleto,aprovado,139.62,2026-01-04
93232,13486,Cartão Crédito,aprovado,538.82,2025-05-11
93233,13487,Pix,aprovado,280.05,2025-10-20
93234,13488,Cartão Crédito,aprovado,841.21,2025-07-29
93235,13489,Cartão Débito,aprovado,119.98,2025-06-23
93236,13490,Boleto,aprovado,532.08,2025-11-25
93237,13491,Pix,aprovado,257.73,2025-02-07
93238,13492,Cartão Débito,aprovado,211.55,2025-07-24
93239,13493,Cartão Crédito,aprovado,631.26,2025-05-05
93240,13494,Cartão Crédito,aprovado,696.63,2025-06-08
93241,13495,Cartão Débito,estornado,0.0,2025-12-04
93242,13496,Boleto,aprovado,638.64,2025-01-30
93243,13497,Cartão Crédito,aprovado,319.45,2025-10-24
93244,13498,Boleto,aprovado,343.13,2025-02-02
93245,13499,Cartão Crédito,aprovado,114.05,2025-07-06
93246,13500,Pix,aprovado,508.75,2025-12-06
93247,13501,Pix,aprovado,1293.26,2025-05-21
93248,13502,Pix,aprovado,221.98,2025-01-09
93249,13503,Pix,aprovado,739.76,2025-11-03
93250,13504,Cartão Crédito,aprovado,334.11,2025-07-06
93251,13505,Pix,aprovado,229.03,2025-03-12
93252,13506,Cartão Débito,aprovado,94.56,2025-12-12
93253,13507,Cartão Crédito,aprovado,807.77,2025-12-09
93254,13508,Cartão Crédito,aprovado,364.08,2025-10-21
93255,13509,Pix,aprovado,238.35,2025-07-29
93256,13510,Pix,aprovado,269.91,2025-09-29
93257,13511,Pix,aprovado,536.16,2025-09-08
93258,13512,Pix,estornado,0.0,2025-07-20
93259,13513,Cartão Crédito,aprovado,155.86,2025-12-24
93260,13515,Cartão Crédito,aprovado,301.89,2025-10-21
93261,13516,Cartão Débito,aprovado,297.02,2025-02-17
93262,13517,Pix,pendente,207.35,2025-01-20
93263,13518,Pix,aprovado,756.24,2025-03-18
93264,13519,Pix,aprovado,1588.19,2025-01-13
93265,13520,Pix,aprovado,139.92,2025-05-28
93266,13521,Cartão Débito,aprovado,40.32,2025-09-07
93267,13522,Cartão Crédito,aprovado,281.4,2025-10-17
93268,13523,Boleto,aprovado,46.28,2025-08-14
93269,13524,Boleto,aprovado,85.72,2025-08-22
93270,13525,Cartão Crédito,aprovado,225.05,2025-07-19
93271,13526,Cartão Crédito,aprovado,533.58,2025-05-15
93272,13527,Cartão Crédito,pendente,178.13,2025-07-01
93273,13528,Pix,aprovado,28.33,2025-10-29
93274,13529,Cartão Débito,aprovado,276.26,2025-04-09
93275,13530,Pix,aprovado,291.89,2025-11-22
93276,13531,Cartão Crédito,aprovado,295.52,2025-07-18
93277,13532,Cartão Crédito,aprovado,685.01,2025-10-31
93278,13533,Cartão Crédito,pendente,479.45,2025-02-27
93279,13534,Pix,aprovado,354.08,2025-04-18
93280,13535,Pix,aprovado,1138.67,2025-06-10
93281,13536,Pix,pendente,69.58,2025-05-27
93282,13538,Cartão Crédito,pendente,250.05,2025-12-30
93283,13539,Cartão Crédito,aprovado,93.56,2025-11-13
93284,13540,Pix,aprovado,335.07,2025-12-30
93285,13541,Pix,estornado,0.0,2025-05-28
93286,13543,Pix,aprovado,365.56,2025-10-31
93287,13545,Pix,aprovado,423.9,2025-10-04
93288,13546,Cartão Crédito,aprovado,172.94,2025-02-26
93289,13547,Cartão Crédito,aprovado,253.85,2025-04-02
93290,13548,Cartão Crédito,aprovado,475.9,2025-06-19
93291,13549,Cartão Crédito,aprovado,316.17,2026-01-03
93292,13550,Cartão Crédito,pendente,181.52,2025-10-28
93293,13551,Cartão Crédito,aprovado,456.08,2025-01-23
93294,13552,Cartão Crédito,aprovado,312.4,2025-02-02
93295,13553,Pix,aprovado,433.87,2025-01-17
93296,13555,Cartão Crédito,aprovado,471.93,2025-07-03
93297,13556,Cartão Débito,aprovado,282.75,2025-06-26
93298,13557,Cartão Crédito,aprovado,768.93,2025-08-10
93299,13558,Pix,aprovado,371.0,2025-04-22
93300,13559,Boleto,aprovado,217.97,2025-06-06
93301,13561,Cartão Crédito,aprovado,790.57,2025-06-05
93302,13562,Cartão Crédito,aprovado,233.82,2025-12-12
93303,13563,Cartão Crédito,aprovado,203.89,2025-06-08
93304,13564,Cartão Crédito,aprovado,20.0,2025-12-05
93305,13565,Pix,aprovado,370.36,2025-10-28
93306,13566,Cartão Crédito,aprovado,261.99,2025-01-18
93307,13567,Cartão Débito,pendente,172.2,2025-03-15
93308,13568,Pix,aprovado,483.24,2025-01-26
93309,13569,Pix,aprovado,97.7,2025-08-13
93310,13570,Boleto,aprovado,610.12,2025-01-23
93311,13571,Pix,aprovado,180.62,2025-10-03
93312,13572,Pix,aprovado,234.85,2025-03-27
93313,13573,Cartão Crédito,aprovado,425.58,2025-04-04
93314,13574,Boleto,pendente,85.72,2025-03-27
93315,13575,Pix,aprovado,205.58,2025-11-20
93316,13577,Cartão Débito,aprovado,645.28,2025-01-06
93317,13578,Pix,aprovado,250.79,2025-08-30
93318,13579,Cartão Crédito,aprovado,110.51,2025-08-24
93319,13580,Pix,pendente,93.87,2025-03-16
93320,13581,Cartão Débito,pendente,288.3,2025-05-10
93321,13582,Cartão Crédito,aprovado,167.36,2025-07-11
93322,13583,Cartão Crédito,aprovado,230.67,2025-04-30
93323,13584,Cartão Crédito,aprovado,345.33,2025-05-03
93324,13585,Pix,aprovado,264.4,2025-03-13
93325,13586,Pix,aprovado,57.01,2025-10-28
93326,13587,Cartão Crédito,aprovado,511.39,2025-03-28
93327,13588,Cartão Débito,aprovado,279.49,2025-07-12
93328,13589,Boleto,aprovado,413.82,2025-12-06
93329,13590,Cartão Crédito,aprovado,536.94,2025-09-04
93330,13592,Cartão Crédito,aprovado,540.28,2025-07-19
93331,13593,Cartão Débito,aprovado,1401.06,2025-03-20
93332,13594,Pix,aprovado,444.96,2025-09-18
93333,13595,Pix,aprovado,776.82,2025-11-06
93334,13596,Cartão Débito,aprovado,630.95,2025-10-04
93335,13597,Pix,aprovado,527.03,2025-03-19
93336,13598,Pix,aprovado,645.77,2025-08-20
93337,13599,Pix,aprovado,718.53,2025-03-09
93338,13600,Cartão Débito,aprovado,737.21,2025-09-23
93339,13601,Boleto,aprovado,117.61,2025-08-05
93340,13602,Pix,aprovado,672.01,2025-02-11
93341,13603,Cartão Crédito,aprovado,276.45,2025-06-02
93342,13605,Pix,aprovado,471.92,2025-11-04
93343,13606,Cartão Crédito,aprovado,116.02,2025-03-31
93344,13607,Cartão Crédito,aprovado,822.24,2025-05-12
93345,13608,Cartão Débito,aprovado,181.35,2025-07-05
93346,13609,Pix,pendente,148.48,2025-04-05
93347,13610,Cartão Crédito,aprovado,947.69,2025-10-30
93348,13611,Cartão Débito,aprovado,372.76,2025-04-14
93349,13612,Cartão Crédito,aprovado,257.45,2025-04-13
93350,13613,Cartão Crédito,aprovado,317.91,2025-01-12
93351,13614,Pix,aprovado,253.26,2025-06-22
93352,13615,Cartão Crédito,aprovado,576.12,2025-01-09
93353,13616,Cartão Débito,aprovado,259.27,2025-06-28
93354,13617,Cartão Crédito,aprovado,325.94,2025-08-21
93355,13618,Pix,aprovado,499.43,2025-12-04
93356,13621,Cartão Débito,aprovado,580.8,2025-08-03
93357,13622,Pix,aprovado,224.29,2025-03-16
93358,13624,Pix,aprovado,63.15,2025-03-02
93359,13625,Boleto,aprovado,294.21,2025-10-30
93360,13626,Cartão Crédito,aprovado,78.03,2025-08-30
93361,13627,Cartão Crédito,aprovado,172.33,2025-11-19
93362,13629,Cartão Crédito,aprovado,708.35,2025-12-01
93363,13630,Pix,aprovado,271.63,2025-02-24
93364,13631,Cartão Crédito,aprovado,95.61,2025-10-02
93365,13632,Pix,aprovado,310.1,2025-02-05
93366,13633,Cartão Débito,aprovado,690.41,2025-02-22
93367,13634,Pix,aprovado,266.88,2025-06-04
93368,13636,Cartão Crédito,aprovado,330.65,2025-06-04
93369,13638,Boleto,pendente,214.46,2025-03-11
93370,13639,Boleto,aprovado,763.08,2025-04-05
93371,13640,Boleto,aprovado,1186.59,2025-09-05
93372,13641,Boleto,aprovado,233.21,2025-07-19
93373,13642,Pix,pendente,330.25,2025-06-10
93374,13643,Pix,pendente,265.66,2025-03-10
93375,13645,Cartão Crédito,aprovado,59.81,2025-01-13
93376,13646,Cartão Crédito,aprovado,270.05,2025-11-14
93377,13647,Cartão Crédito,aprovado,399.94,2025-05-29
93378,13648,Cartão Débito,aprovado,900.3,2025-11-14
93379,13649,Pix,aprovado,362.11,2025-11-14
93380,13650,Cartão Débito,aprovado,162.72,2025-12-28
93381,13651,Pix,aprovado,406.64,2025-08-12
93382,13653,Pix,aprovado,205.02,2025-03-28
93383,13654,Boleto,aprovado,226.61,2025-02-20
93384,13655,Pix,aprovado,207.59,2025-05-20
93385,13658,Cartão Crédito,aprovado,321.54,2025-10-04
93386,13659,Cartão Crédito,aprovado,67.21,2025-08-14
93387,13660,Pix,aprovado,173.62,2025-04-19
93388,13661,Cartão Débito,aprovado,384.33,2025-04-19
93389,13662,Cartão Crédito,aprovado,533.09,2025-02-16
93390,13663,Pix,aprovado,632.64,2025-07-30
93391,13664,Pix,aprovado,562.29,2025-10-13
93392,13665,Cartão Débito,aprovado,335.58,2025-04-10
93393,13667,Cartão Crédito,aprovado,283.59,2025-08-29
93394,13668,Pix,aprovado,24.84,2025-12-31
93395,13669,Cartão Crédito,aprovado,385.64,2025-09-07
93396,13670,Pix,aprovado,199.37,2025-11-23
93397,13672,Cartão Débito,aprovado,436.49,2025-11-16
93398,13673,Cartão Crédito,aprovado,836.07,2025-08-27
93399,13674,Cartão Crédito,aprovado,79.08,2025-08-06
93400,13675,Cartão Crédito,aprovado,461.45,2025-07-01
93401,13676,Boleto,aprovado,248.24,2025-03-23
93402,13677,Pix,aprovado,181.22,2025-07-27
93403,13678,Cartão Crédito,estornado,0.0,2025-10-22
93404,13679,Cartão Débito,aprovado,248.2,2025-06-07
93405,13680,Pix,aprovado,247.5,2025-11-07
93406,13681,Pix,aprovado,325.9,2025-08-17
93407,13682,Cartão Débito,aprovado,166.78,2025-01-15
93408,13683,Pix,aprovado,196.79,2025-07-30
93409,13684,Cartão Débito,aprovado,491.14,2025-10-22
93410,13685,Pix,pendente,76.55,2025-10-14
93411,13686,Boleto,aprovado,403.32,2025-09-12
93412,13687,Boleto,aprovado,258.2,2025-10-22
93413,13688,Cartão Débito,aprovado,218.99,2025-04-11
93414,13689,Pix,aprovado,1010.08,2025-05-09
93415,13690,Pix,aprovado,110.53,2025-06-28
93416,13691,Cartão Crédito,aprovado,873.06,2025-10-31
93417,13692,Cartão Crédito,aprovado,585.37,2025-11-06
93418,13693,Cartão Crédito,aprovado,203.62,2025-04-02
93419,13694,Cartão Crédito,aprovado,596.51,2025-08-23
93420,13696,Cartão Crédito,aprovado,188.22,2025-05-13
93421,13697,Pix,aprovado,156.13,2025-10-15
93422,13698,Pix,aprovado,440.07,2025-01-25
93423,13699,Pix,aprovado,540.12,2025-10-10
93424,13700,Pix,pendente,169.74,2025-02-28
93425,13701,Boleto,aprovado,367.5,2025-01-08
93426,13702,Cartão Crédito,aprovado,622.78,2025-01-08
93427,13703,Pix,aprovado,565.58,2025-07-22
93428,13704,Cartão Crédito,aprovado,199.64,2025-11-06
93429,13706,Pix,aprovado,544.35,2025-08-14
93430,13707,Cartão Crédito,aprovado,323.58,2025-01-31
93431,13708,Cartão Débito,aprovado,339.98,2025-01-12
93432,13709,Pix,estornado,0.0,2025-11-29
93433,13710,Cartão Crédito,aprovado,62.79,2025-04-19
93434,13711,Cartão Crédito,aprovado,192.4,2025-06-05
93435,13712,Boleto,aprovado,466.31,2025-01-25
93436,13713,Pix,aprovado,191.09,2025-10-15
93437,13714,Pix,aprovado,280.84,2025-03-30
93438,13715,Pix,aprovado,464.26,2025-03-09
93439,13716,Cartão Crédito,aprovado,645.69,2025-09-03
93440,13717,Cartão Débito,pendente,405.34,2025-04-05
93441,13718,Cartão Crédito,pendente,216.92,2025-11-26
93442,13719,Pix,pendente,147.72,2025-05-15
93443,13720,Pix,aprovado,278.33,2025-10-05
93444,13721,Cartão Débito,aprovado,123.46,2025-11-07
93445,13722,Cartão Crédito,pendente,484.11,2025-04-30
93446,13723,Pix,aprovado,269.51,2025-03-13
93447,13724,Cartão Débito,aprovado,826.57,2025-12-30
93448,13725,Cartão Crédito,aprovado,411.01,2025-07-21
93449,13726,Cartão Crédito,estornado,0.0,2025-02-07
93450,13727,Pix,aprovado,316.46,2025-11-24
93451,13730,Cartão Crédito,aprovado,227.59,2025-04-05
93452,13731,Cartão Crédito,aprovado,724.78,2025-06-27
93453,13732,Cartão Crédito,aprovado,138.98,2025-09-16
93454,13733,Cartão Crédito,aprovado,993.36,2025-02-06
93455,13734,Pix,aprovado,373.54,2025-01-25
93456,13735,Boleto,aprovado,194.89,2025-06-09
93457,13736,Boleto,aprovado,577.76,2025-04-21
93458,13737,Pix,aprovado,424.42,2025-09-29
93459,13738,Cartão Crédito,aprovado,66.46,2025-08-27
93460,13739,Pix,aprovado,248.3,2025-08-28
93461,13740,Cartão Crédito,aprovado,145.01,2025-04-19
93462,13741,Cartão Crédito,aprovado,156.41,2025-01-20
93463,13742,Cartão Crédito,aprovado,151.67,2025-02-15
93464,13743,Cartão Débito,aprovado,480.24,2025-11-28
93465,13744,Cartão Débito,aprovado,607.38,2025-09-21
93466,13745,Cartão Débito,aprovado,180.58,2025-02-08
93467,13746,Pix,aprovado,48.98,2025-04-13
93468,13747,Pix,aprovado,1142.23,2025-02-03
93469,13748,Cartão Crédito,estornado,0.0,2025-07-30
93470,13749,Cartão Crédito,aprovado,580.6,2025-04-27
93471,13750,Pix,aprovado,290.18,2025-02-27
93472,13751,Pix,aprovado,37.58,2025-07-18
93473,13752,Cartão Crédito,aprovado,448.33,2025-03-27
93474,13753,Pix,aprovado,927.33,2025-06-12
93475,13754,Pix,aprovado,203.8,2025-10-24
93476,13755,Cartão Crédito,estornado,0.0,2025-05-18
93477,13756,Pix,aprovado,122.81,2025-10-23
93478,13757,Cartão Crédito,aprovado,599.36,2025-01-29
93479,13758,Cartão Crédito,aprovado,422.16,2025-01-09
93480,13759,Cartão Débito,aprovado,726.74,2025-12-30
93481,13760,Pix,aprovado,338.17,2025-11-04
93482,13761,Pix,aprovado,534.0,2025-11-30
93483,13762,Pix,aprovado,242.7,2025-09-22
93484,13763,Cartão Crédito,aprovado,131.73,2025-04-01
93485,13764,Cartão Crédito,aprovado,535.0,2025-09-10
93486,13765,Cartão Débito,aprovado,605.86,2025-09-25
93487,13767,Pix,pendente,342.69,2025-12-07
93488,13768,Cartão Crédito,aprovado,890.01,2025-09-28
93489,13769,Cartão Débito,aprovado,152.49,2025-01-12
93490,13770,Pix,aprovado,158.68,2025-06-18
93491,13771,Pix,aprovado,165.16,2025-08-09
93492,13772,Cartão Crédito,aprovado,305.83,2025-09-29
93493,13774,Cartão Débito,estornado,0.0,2025-10-02
93494,13775,Pix,aprovado,169.27,2025-09-09
93495,13776,Pix,aprovado,38.56,2025-06-26
93496,13777,Cartão Crédito,aprovado,47.44,2025-12-04
93497,13778,Cartão Crédito,pendente,35.99,2025-08-31
93498,13779,Cartão Crédito,aprovado,1102.56,2025-08-07
93499,13780,Cartão Débito,aprovado,1018.89,2025-07-14
93500,13781,Cartão Crédito,aprovado,556.01,2025-01-11
93501,13782,Pix,aprovado,209.44,2025-12-10
93502,13783,Pix,aprovado,86.08,2025-03-05
93503,13784,Cartão Crédito,aprovado,332.98,2025-01-08
93504,13785,Cartão Crédito,aprovado,456.94,2025-06-09
93505,13786,Pix,aprovado,183.13,2025-08-07
93506,13787,Cartão Crédito,aprovado,440.14,2025-10-01
93507,13788,Pix,aprovado,121.75,2025-02-05
93508,13789,Boleto,aprovado,212.94,2025-04-18
93509,13790,Boleto,aprovado,276.46,2025-10-01
93510,13791,Cartão Crédito,aprovado,1038.17,2025-08-14
93511,13792,Pix,aprovado,167.18,2025-07-29
93512,13793,Boleto,aprovado,455.37,2025-11-17
93513,13794,Cartão Débito,aprovado,146.1,2025-06-17
93514,13795,Cartão Crédito,aprovado,128.92,2025-05-31
93515,13796,Cartão Crédito,aprovado,182.45,2025-07-17
93516,13797,Pix,aprovado,341.52,2025-04-06
93517,13798,Cartão Crédito,pendente,326.39,2025-05-07
93518,13799,Pix,aprovado,205.75,2025-09-18
93519,13800,Boleto,aprovado,608.95,2025-01-17
93520,13801,Cartão Débito,aprovado,1071.0,2025-07-13
93521,13802,Cartão Crédito,aprovado,403.18,2025-04-02
93522,13803,Pix,aprovado,683.56,2025-02-08
93523,13804,Pix,aprovado,174.21,2025-02-26
93524,13806,Cartão Crédito,aprovado,528.05,2025-11-23
93525,13807,Pix,aprovado,101.65,2025-07-11
93526,13808,Cartão Crédito,estornado,0.0,2025-10-10
93527,13809,Cartão Crédito,aprovado,267.32,2025-05-16
93528,13810,Cartão Crédito,estornado,0.0,2025-09-22
93529,13811,Pix,aprovado,291.63,2025-05-19
93530,13812,Pix,aprovado,88.01,2025-04-19
93531,13813,Pix,aprovado,1004.37,2025-08-06
93532,13814,Cartão Crédito,aprovado,650.94,2025-12-08
93533,13815,Pix,aprovado,2165.61,2025-09-16
93534,13816,Boleto,aprovado,113.47,2025-08-24
93535,13817,Cartão Crédito,aprovado,459.21,2025-02-27
93536,13818,Pix,aprovado,188.18,2025-06-20
93537,13819,Pix,aprovado,128.24,2025-03-07
93538,13820,Cartão Débito,aprovado,626.77,2025-10-11
93539,13822,Boleto,pendente,125.03,2025-01-22
93540,13823,Pix,aprovado,411.8,2025-09-25
93541,13824,Pix,aprovado,165.83,2025-08-19
93542,13825,Cartão Débito,aprovado,161.13,2025-05-04
93543,13826,Boleto,aprovado,193.86,2025-01-12
93544,13827,Boleto,aprovado,711.0,2025-11-07
93545,13828,Cartão Crédito,aprovado,673.34,2025-04-10
93546,13829,Cartão Crédito,estornado,0.0,2025-10-09
93547,13830,Pix,pendente,765.88,2025-03-27
93548,13831,Cartão Crédito,aprovado,328.31,2025-04-01
93549,13833,Pix,aprovado,188.69,2025-01-05
93550,13834,Boleto,aprovado,341.21,2026-01-01
93551,13835,Boleto,estornado,0.0,2025-03-27
93552,13836,Pix,aprovado,177.99,2025-02-09
93553,13837,Cartão Débito,aprovado,592.52,2025-02-22
93554,13838,Cartão Crédito,aprovado,601.83,2025-10-06
93555,13839,Boleto,aprovado,468.6,2025-10-16
93556,13840,Pix,aprovado,241.03,2025-10-22
93557,13841,Cartão Débito,aprovado,106.85,2025-09-11
93558,13842,Pix,pendente,468.69,2025-05-17
93559,13843,Cartão Débito,aprovado,631.82,2025-02-28
93560,13844,Pix,aprovado,56.34,2025-07-19
93561,13845,Pix,aprovado,608.8,2025-01-28
93562,13847,Pix,aprovado,540.08,2025-01-22
93563,13849,Cartão Débito,aprovado,196.96,2025-10-23
93564,13850,Pix,aprovado,359.79,2025-01-19
93565,13851,Pix,pendente,752.29,2025-01-18
93566,13852,Boleto,aprovado,360.46,2025-10-16
93567,13853,Boleto,aprovado,692.24,2025-11-14
93568,13855,Cartão Crédito,aprovado,386.29,2025-10-07
93569,13856,Boleto,aprovado,486.27,2025-02-10
93570,13857,Boleto,aprovado,321.83,2025-01-16
93571,13858,Cartão Crédito,aprovado,582.97,2025-05-24
93572,13859,Pix,aprovado,136.11,2025-10-20
93573,13861,Boleto,aprovado,1059.67,2025-04-28
93574,13862,Boleto,estornado,0.0,2025-03-11
93575,13863,Pix,aprovado,421.29,2025-01-12
93576,13864,Cartão Crédito,aprovado,647.66,2025-05-22
93577,13865,Cartão Crédito,aprovado,884.31,2025-12-08
93578,13867,Cartão Débito,aprovado,272.4,2025-11-12
93579,13868,Cartão Crédito,aprovado,196.4,2025-07-04
93580,13870,Pix,aprovado,1157.23,2025-10-15
93581,13871,Cartão Crédito,aprovado,502.37,2025-12-23
93582,13872,Pix,aprovado,632.58,2025-03-09
93583,13873,Pix,aprovado,203.51,2025-10-28
93584,13874,Cartão Crédito,aprovado,267.94,2025-10-07
93585,13875,Cartão Crédito,aprovado,334.75,2025-10-06
93586,13876,Pix,aprovado,443.92,2025-09-21
93587,13877,Pix,pendente,368.68,2025-02-02
93588,13878,Cartão Crédito,aprovado,544.21,2025-01-13
93589,13879,Pix,aprovado,281.74,2025-10-16
93590,13880,Pix,aprovado,906.84,2025-06-03
93591,13881,Pix,aprovado,790.86,2025-01-26
93592,13882,Pix,aprovado,412.87,2025-11-21
93593,13883,Pix,aprovado,343.98,2025-05-23
93594,13884,Boleto,aprovado,265.58,2025-09-19
93595,13885,Cartão Crédito,pendente,152.6,2025-07-30
93596,13886,Cartão Crédito,aprovado,763.76,2025-01-08
93597,13887,Cartão Crédito,estornado,0.0,2025-09-10
93598,13888,Pix,aprovado,216.83,2025-06-18
93599,13889,Pix,pendente,263.62,2025-02-02
93600,13890,Cartão Crédito,aprovado,418.28,2025-07-27
93601,13891,Pix,estornado,0.0,2025-09-26
93602,13892,Pix,aprovado,99.79,2025-07-30
93603,13893,Cartão Crédito,aprovado,221.44,2025-02-21
93604,13894,Cartão Crédito,aprovado,905.62,2025-12-17
93605,13895,Pix,aprovado,735.83,2025-12-11
93606,13896,Cartão Débito,aprovado,78.77,2025-01-26
93607,13897,Cartão Débito,aprovado,154.91,2025-02-14
93608,13898,Cartão Crédito,pendente,369.41,2025-07-22
93609,13899,Boleto,aprovado,244.14,2025-10-29
93610,13900,Cartão Débito,aprovado,462.54,2025-02-23
93611,13901,Pix,aprovado,83.45,2025-02-19
93612,13902,Pix,aprovado,339.0,2025-11-10
93613,13903,Cartão Débito,aprovado,313.67,2025-09-18
93614,13904,Cartão Crédito,aprovado,634.63,2025-04-11
93615,13905,Boleto,aprovado,443.98,2025-06-16
93616,13906,Cartão Crédito,aprovado,372.41,2025-08-20
93617,13907,Cartão Crédito,aprovado,65.18,2025-12-28
93618,13908,Pix,aprovado,1081.55,2025-01-29
93619,13909,Cartão Débito,aprovado,534.84,2025-01-12
93620,13910,Cartão Crédito,aprovado,189.67,2025-03-15
93621,13911,Cartão Crédito,aprovado,365.63,2025-05-31
93622,13912,Pix,aprovado,250.06,2025-03-18
93623,13913,Pix,aprovado,287.89,2025-09-14
93624,13914,Pix,aprovado,728.34,2025-05-01
93625,13915,Pix,aprovado,154.26,2025-08-02
93626,13916,Boleto,aprovado,550.05,2025-01-09
93627,13917,Cartão Débito,aprovado,748.58,2025-10-17
93628,13918,Cartão Crédito,aprovado,492.99,2025-12-21
93629,13919,Cartão Débito,aprovado,298.97,2025-11-24
93630,13920,Cartão Crédito,aprovado,178.47,2025-12-07
93631,13921,Cartão Débito,aprovado,199.83,2025-02-04
93632,13922,Pix,pendente,332.74,2025-08-09
93633,13923,Cartão Crédito,aprovado,349.22,2025-05-05
93634,13924,Boleto,aprovado,596.88,2025-03-31
93635,13925,Boleto,aprovado,89.61,2025-08-09
93636,13926,Cartão Débito,aprovado,722.36,2025-05-20
93637,13927,Pix,aprovado,1540.76,2025-08-13
93638,13928,Cartão Crédito,aprovado,320.57,2025-05-16
93639,13929,Cartão Crédito,pendente,244.95,2025-12-04
93640,13930,Cartão Crédito,aprovado,305.63,2025-04-26
93641,13931,Cartão Débito,aprovado,361.88,2025-02-27
93642,13932,Cartão Crédito,aprovado,267.96,2025-09-14
93643,13934,Boleto,aprovado,300.59,2025-08-06
93644,13935,Cartão Crédito,aprovado,377.8,2025-06-13
93645,13936,Pix,aprovado,773.85,2025-04-05
93646,13937,Cartão Crédito,aprovado,152.52,2025-08-07
93647,13938,Boleto,pendente,619.18,2025-07-25
93648,13939,Cartão Crédito,aprovado,253.96,2025-11-18
93649,13941,Cartão Crédito,aprovado,534.93,2025-08-31
93650,13942,Cartão Crédito,aprovado,231.65,2025-02-02
93651,13943,Boleto,aprovado,325.15,2025-03-01
93652,13944,Pix,aprovado,341.71,2025-06-06
93653,13946,Cartão Crédito,aprovado,318.05,2025-08-03
93654,13947,Cartão Crédito,aprovado,292.63,2025-03-22
93655,13948,Pix,aprovado,248.84,2025-07-02
93656,13949,Boleto,aprovado,479.59,2025-01-13
93657,13950,Cartão Crédito,aprovado,222.16,2025-02-19
93658,13951,Cartão Crédito,aprovado,790.69,2025-09-11
93659,13952,Pix,aprovado,344.5,2025-05-11
93660,13953,Cartão Crédito,aprovado,68.98,2025-06-26
93661,13955,Pix,aprovado,467.11,2025-10-28
93662,13958,Pix,aprovado,163.22,2025-07-13
93663,13960,Pix,aprovado,712.77,2025-01-28
93664,13961,Cartão Débito,aprovado,179.17,2025-09-13
93665,13962,Pix,aprovado,407.5,2025-04-18
93666,13964,Cartão Crédito,aprovado,184.5,2025-05-26
93667,13965,Cartão Crédito,aprovado,308.27,2025-03-05
93668,13966,Pix,aprovado,679.78,2025-08-28
93669,13968,Cartão Crédito,aprovado,296.26,2025-07-05
93670,13969,Boleto,aprovado,507.39,2025-02-24
93671,13970,Cartão Crédito,estornado,0.0,2025-08-27
93672,13971,Cartão Crédito,aprovado,150.2,2025-11-18
93673,13972,Cartão Crédito,aprovado,419.41,2025-04-28
93674,13973,Pix,aprovado,255.23,2025-08-31
93675,13974,Cartão Crédito,pendente,276.05,2025-08-31
93676,13975,Cartão Débito,aprovado,534.8,2025-04-29
93677,13976,Pix,aprovado,271.07,2025-10-11
93678,13977,Pix,aprovado,316.26,2025-03-25
93679,13978,Cartão Crédito,aprovado,643.46,2025-10-29
93680,13979,Cartão Débito,aprovado,459.31,2025-03-06
93681,13980,Pix,aprovado,310.98,2025-01-24
93682,13981,Cartão Crédito,aprovado,371.53,2025-01-06
93683,13983,Pix,aprovado,63.74,2025-01-20
93684,13984,Cartão Débito,aprovado,376.06,2025-04-12
93685,13985,Pix,aprovado,110.41,2025-04-09
93686,13986,Cartão Débito,pendente,517.32,2025-07-19
93687,13987,Cartão Crédito,aprovado,108.02,2025-08-26
93688,13988,Cartão Crédito,aprovado,245.52,2025-12-17
93689,13989,Cartão Crédito,estornado,0.0,2025-03-06
93690,13990,Cartão Débito,aprovado,881.94,2025-03-17
93691,13991,Pix,aprovado,688.27,2025-07-31
93692,13992,Cartão Débito,aprovado,29.62,2025-09-07
93693,13993,Cartão Débito,aprovado,333.05,2025-12-01
93694,13994,Pix,aprovado,128.87,2025-05-27
93695,13995,Cartão Crédito,aprovado,377.08,2025-04-25
93696,13999,Pix,aprovado,276.67,2025-07-13
93697,14000,Pix,aprovado,408.98,2025-10-10
93698,14001,Pix,estornado,0.0,2025-05-08
93699,14002,Cartão Crédito,pendente,113.11,2025-02-18
93700,14003,Pix,aprovado,166.73,2025-05-23
93701,14004,Pix,aprovado,201.35,2025-09-09
93702,14005,Pix,aprovado,307.89,2025-06-16
93703,14006,Pix,pendente,120.59,2025-02-26
93704,14007,Cartão Crédito,aprovado,425.67,2025-09-13
93705,14008,Boleto,aprovado,185.38,2025-07-13
93706,14009,Boleto,pendente,426.28,2025-07-05
93707,14010,Boleto,aprovado,1011.63,2025-01-27
93708,14011,Cartão Débito,aprovado,211.8,2025-07-19
93709,14012,Pix,aprovado,1371.92,2025-07-09
93710,14013,Pix,pendente,520.07,2025-03-15
93711,14015,Cartão Débito,aprovado,301.1,2025-05-16
93712,14016,Pix,aprovado,199.01,2025-04-28
93713,14017,Cartão Crédito,aprovado,600.03,2025-06-14
93714,14018,Boleto,aprovado,355.66,2025-04-06
93715,14019,Cartão Débito,aprovado,383.04,2025-06-06
93716,14020,Pix,aprovado,169.76,2025-04-05
93717,14021,Cartão Débito,aprovado,611.31,2025-05-13
93718,14022,Pix,aprovado,283.47,2025-03-17
93719,14023,Pix,aprovado,137.64,2025-06-03
93720,14024,Pix,aprovado,319.74,2025-03-14
93721,14026,Cartão Crédito,aprovado,797.25,2025-10-09
93722,14027,Pix,aprovado,1088.97,2025-03-15
93723,14028,Cartão Crédito,aprovado,326.47,2025-08-11
93724,14029,Cartão Débito,aprovado,675.86,2025-12-13
93725,14030,Pix,aprovado,664.97,2025-07-23
93726,14031,Cartão Débito,aprovado,20.0,2025-06-21
93727,14032,Cartão Crédito,aprovado,201.6,2025-01-18
93728,14033,Cartão Crédito,aprovado,366.97,2025-08-06
93729,14034,Pix,aprovado,243.14,2025-08-12
93730,14035,Pix,aprovado,188.97,2025-12-02
93731,14036,Cartão Débito,aprovado,694.16,2025-09-03
93732,14038,Pix,aprovado,426.45,2025-12-30
93733,14039,Pix,aprovado,655.07,2025-05-16
93734,14041,Cartão Crédito,aprovado,138.25,2025-04-05
93735,14042,Cartão Crédito,aprovado,149.12,2025-03-17
93736,14043,Pix,pendente,184.21,2025-08-28
93737,14044,Cartão Crédito,aprovado,48.65,2025-09-09
93738,14045,Pix,aprovado,155.52,2025-03-22
93739,14047,Cartão Crédito,aprovado,517.71,2025-02-26
93740,14048,Pix,pendente,168.24,2025-04-06
93741,14049,Pix,aprovado,466.76,2025-10-11
93742,14051,Pix,aprovado,98.53,2025-01-14
93743,14052,Cartão Crédito,pendente,131.84,2025-01-14
93744,14054,Cartão Crédito,aprovado,399.04,2025-01-08
93745,14055,Cartão Crédito,aprovado,415.71,2025-04-06
93746,14056,Cartão Crédito,aprovado,327.08,2025-05-27
93747,14057,Pix,aprovado,64.22,2025-08-14
93748,14058,Pix,aprovado,209.05,2025-05-04
93749,14059,Pix,aprovado,447.83,2025-01-20
93750,14060,Cartão Crédito,estornado,0.0,2025-07-03
93751,14061,Cartão Crédito,aprovado,142.69,2025-04-26
93752,14062,Pix,aprovado,159.64,2025-03-24
93753,14063,Cartão Crédito,aprovado,819.93,2025-02-17
93754,14064,Pix,aprovado,226.88,2025-07-01
93755,14065,Cartão Crédito,aprovado,717.29,2025-08-09
93756,14066,Cartão Débito,aprovado,417.05,2025-07-24
93757,14067,Pix,aprovado,282.32,2025-10-15
93758,14068,Pix,aprovado,181.66,2025-09-09
93759,14069,Cartão Crédito,aprovado,527.06,2025-09-17
93760,14070,Boleto,aprovado,661.38,2025-08-05
93761,14071,Cartão Crédito,aprovado,561.16,2025-01-16
93762,14072,Pix,aprovado,108.6,2025-10-21
93763,14073,Pix,aprovado,226.39,2025-04-09
93764,14074,Cartão Crédito,aprovado,248.23,2025-05-06
93765,14075,Pix,aprovado,51.22,2025-01-19
93766,14076,Pix,aprovado,463.59,2025-04-13
93767,14077,Pix,aprovado,509.17,2025-05-10
93768,14078,Cartão Crédito,aprovado,497.36,2025-11-30
93769,14079,Cartão Débito,aprovado,443.41,2025-03-01
93770,14080,Cartão Crédito,aprovado,264.82,2025-06-19
93771,14081,Pix,aprovado,175.8,2025-10-27
93772,14082,Pix,pendente,177.92,2025-11-19
93773,14083,Pix,aprovado,419.38,2025-06-03
93774,14084,Cartão Débito,aprovado,760.51,2025-08-09
93775,14085,Cartão Débito,aprovado,355.55,2025-10-04
93776,14086,Pix,estornado,0.0,2025-05-20
93777,14087,Cartão Crédito,aprovado,56.55,2025-01-31
93778,14088,Cartão Crédito,aprovado,438.78,2025-06-11
93779,14089,Pix,aprovado,796.12,2025-03-19
93780,14090,Pix,pendente,164.86,2025-09-08
93781,14091,Cartão Crédito,aprovado,292.73,2025-01-09
93782,14092,Cartão Crédito,pendente,205.83,2025-04-15
93783,14093,Pix,aprovado,539.04,2025-02-22
93784,14094,Boleto,aprovado,53.66,2025-12-26
93785,14095,Pix,aprovado,717.75,2025-07-27
93786,14096,Pix,estornado,0.0,2025-09-04
93787,14097,Pix,aprovado,444.28,2025-03-17
93788,14099,Cartão Crédito,aprovado,157.97,2025-10-03
93789,14101,Boleto,aprovado,278.65,2025-05-01
93790,14102,Cartão Crédito,aprovado,127.14,2025-05-20
93791,14103,Pix,aprovado,657.98,2025-02-25
93792,14104,Pix,aprovado,261.92,2025-09-08
93793,14105,Pix,aprovado,122.47,2025-08-30
93794,14107,Pix,aprovado,93.49,2025-10-10
93795,14108,Boleto,aprovado,236.84,2025-06-14
93796,14109,Pix,aprovado,413.6,2025-01-04
93797,14110,Cartão Crédito,aprovado,84.28,2025-09-12
93798,14111,Cartão Crédito,aprovado,516.25,2025-05-05
93799,14112,Pix,aprovado,358.92,2025-11-16
93800,14113,Cartão Crédito,aprovado,569.51,2025-10-09
93801,14114,Pix,aprovado,565.33,2025-09-26
93802,14115,Cartão Crédito,aprovado,230.49,2025-04-13
93803,14116,Pix,aprovado,235.48,2025-12-25
93804,14117,Pix,aprovado,466.98,2025-03-30
93805,14118,Cartão Crédito,aprovado,137.46,2025-12-06
93806,14120,Cartão Débito,aprovado,206.0,2025-07-20
93807,14121,Pix,aprovado,101.57,2025-06-29
93808,14122,Pix,aprovado,121.21,2025-12-07
93809,14124,Cartão Crédito,aprovado,262.65,2025-05-09
93810,14125,Pix,aprovado,253.54,2025-03-27
93811,14126,Cartão Débito,aprovado,627.27,2025-10-22
93812,14127,Cartão Crédito,aprovado,266.23,2025-12-30
93813,14128,Cartão Crédito,aprovado,313.09,2025-08-20
93814,14129,Cartão Crédito,aprovado,966.45,2025-06-29
93815,14130,Pix,aprovado,31.06,2025-08-11
93816,14131,Pix,aprovado,386.38,2025-11-28
93817,14132,Cartão Débito,aprovado,283.54,2025-02-16
93818,14133,Cartão Débito,aprovado,414.04,2025-10-03
93819,14134,Cartão Débito,aprovado,216.46,2025-08-30
93820,14135,Cartão Crédito,aprovado,264.95,2025-12-22
93821,14136,Pix,pendente,393.74,2025-08-26
93822,14137,Cartão Crédito,aprovado,462.63,2025-07-25
93823,14138,Cartão Crédito,aprovado,275.09,2025-09-02
93824,14139,Cartão Débito,aprovado,179.3,2025-12-31
93825,14140,Pix,aprovado,137.03,2025-06-16
93826,14141,Boleto,aprovado,227.38,2025-02-18
93827,14142,Cartão Crédito,aprovado,293.73,2025-04-25
93828,14143,Cartão Crédito,aprovado,964.15,2025-04-15
93829,14144,Cartão Crédito,aprovado,366.86,2025-05-13
93830,14145,Pix,aprovado,197.15,2025-03-13
93831,14146,Cartão Crédito,aprovado,31.24,2025-05-29
93832,14147,Pix,aprovado,175.11,2025-08-30
93833,14148,Cartão Crédito,aprovado,227.62,2025-08-05
93834,14149,Pix,aprovado,392.3,2025-04-19
93835,14150,Boleto,aprovado,234.17,2025-05-26
93836,14151,Pix,aprovado,992.84,2025-06-27
93837,14152,Cartão Crédito,aprovado,278.77,2025-09-14
93838,14153,Cartão Crédito,aprovado,641.27,2025-04-07
93839,14154,Pix,aprovado,77.43,2025-08-19
93840,14155,Cartão Crédito,aprovado,318.34,2025-04-01
93841,14156,Pix,aprovado,176.63,2025-04-11
93842,14157,Cartão Crédito,aprovado,652.89,2025-10-23
93843,14158,Cartão Crédito,aprovado,246.24,2025-06-03
93844,14159,Boleto,aprovado,751.24,2025-03-13
93845,14160,Cartão Crédito,aprovado,511.61,2025-04-02
93846,14161,Cartão Crédito,aprovado,221.97,2025-02-03
93847,14162,Cartão Débito,aprovado,134.81,2025-09-18
93848,14163,Pix,aprovado,185.54,2025-04-03
93849,14164,Boleto,aprovado,265.19,2025-10-30
93850,14165,Cartão Crédito,aprovado,509.41,2025-09-04
93851,14166,Pix,aprovado,326.28,2025-06-08
93852,14167,Pix,aprovado,571.86,2025-04-28
93853,14168,Cartão Crédito,aprovado,788.98,2025-01-28
93854,14169,Cartão Crédito,aprovado,338.93,2025-08-23
93855,14170,Pix,aprovado,147.91,2025-08-01
93856,14171,Pix,aprovado,427.35,2025-04-30
93857,14172,Cartão Crédito,pendente,539.14,2025-12-24
93858,14173,Cartão Crédito,estornado,0.0,2025-11-08
93859,14174,Pix,aprovado,405.28,2025-12-27
93860,14175,Boleto,aprovado,164.55,2025-06-09
93861,14176,Cartão Crédito,pendente,164.46,2025-10-16
93862,14177,Pix,aprovado,82.45,2025-08-03
93863,14178,Cartão Crédito,aprovado,127.86,2025-01-22
93864,14179,Cartão Crédito,aprovado,433.41,2025-08-10
93865,14180,Pix,aprovado,65.59,2025-09-05
93866,14181,Pix,aprovado,255.34,2025-08-31
93867,14182,Boleto,aprovado,115.81,2025-04-06
93868,14183,Cartão Crédito,aprovado,133.47,2025-09-02
93869,14184,Cartão Crédito,aprovado,343.38,2025-01-12
93870,14186,Cartão Débito,aprovado,96.0,2025-01-26
93871,14187,Cartão Crédito,pendente,77.52,2025-06-08
93872,14188,Cartão Débito,aprovado,92.86,2025-11-13
93873,14189,Cartão Crédito,aprovado,721.52,2025-06-12
93874,14190,Pix,aprovado,528.26,2025-12-12
93875,14191,Cartão Crédito,aprovado,526.69,2025-12-26
93876,14192,Cartão Débito,aprovado,171.54,2025-08-07
93877,14193,Cartão Crédito,aprovado,443.21,2025-12-17
93878,14195,Boleto,aprovado,182.35,2025-10-27
93879,14196,Pix,pendente,140.77,2025-10-25
93880,14197,Cartão Crédito,aprovado,78.63,2025-10-05
93881,14198,Cartão Crédito,aprovado,137.93,2025-08-07
93882,14199,Pix,aprovado,305.29,2025-08-27
93883,14200,Cartão Débito,aprovado,225.71,2025-06-08
93884,14201,Cartão Crédito,aprovado,416.92,2025-03-25
93885,14202,Cartão Crédito,aprovado,186.34,2025-12-15
93886,14203,Cartão Crédito,estornado,0.0,2025-11-08
93887,14204,Pix,aprovado,324.13,2025-10-19
93888,14205,Pix,aprovado,173.94,2025-11-04
93889,14206,Cartão Crédito,pendente,109.4,2025-04-12
93890,14207,Cartão Crédito,estornado,0.0,2025-03-26
93891,14208,Cartão Crédito,aprovado,854.08,2025-09-23
93892,14209,Cartão Débito,aprovado,174.8,2025-01-31
93893,14210,Pix,aprovado,226.55,2025-03-02
93894,14211,Pix,estornado,0.0,2025-11-27
93895,14212,Cartão Crédito,aprovado,686.3,2025-11-27
93896,14213,Cartão Crédito,aprovado,472.1,2025-05-10
93897,14214,Cartão Crédito,aprovado,674.96,2025-09-22
93898,14215,Pix,aprovado,166.79,2025-01-27
93899,14217,Cartão Crédito,aprovado,540.69,2025-04-17
93900,14218,Pix,aprovado,131.9,2025-02-06
93901,14220,Boleto,aprovado,40.84,2025-06-01
93902,14222,Pix,aprovado,626.22,2025-12-08
93903,14223,Boleto,aprovado,217.61,2025-11-26
93904,14225,Cartão Débito,pendente,112.6,2025-07-18
93905,14226,Cartão Crédito,aprovado,320.65,2025-07-21
93906,14227,Cartão Crédito,aprovado,469.27,2025-01-10
93907,14228,Cartão Crédito,aprovado,865.55,2025-04-04
93908,14229,Boleto,pendente,21.21,2025-05-17
93909,14231,Pix,aprovado,372.16,2025-09-28
93910,14232,Cartão Crédito,aprovado,607.0,2025-04-02
93911,14234,Cartão Crédito,aprovado,335.0,2025-01-13
93912,14235,Pix,aprovado,325.95,2025-07-09
93913,14236,Pix,aprovado,425.11,2025-10-20
93914,14237,Pix,pendente,146.75,2025-12-02
93915,14238,Pix,pendente,129.92,2025-06-04
93916,14239,Cartão Crédito,aprovado,484.8,2025-12-21
93917,14240,Boleto,aprovado,174.28,2025-08-06
93918,14241,Pix,estornado,0.0,2025-08-17
93919,14242,Pix,aprovado,610.32,2025-07-27
93920,14244,Cartão Débito,aprovado,488.02,2025-10-20
93921,14245,Boleto,estornado,0.0,2025-05-26
93922,14246,Cartão Crédito,aprovado,209.53,2025-03-11
93923,14247,Boleto,aprovado,512.17,2025-08-27
93924,14249,Cartão Débito,aprovado,658.93,2025-12-09
93925,14250,Cartão Crédito,estornado,0.0,2025-04-07
93926,14251,Cartão Débito,aprovado,457.72,2025-10-19
93927,14252,Pix,aprovado,591.64,2025-02-08
93928,14253,Cartão Crédito,estornado,0.0,2025-06-29
93929,14254,Cartão Crédito,aprovado,644.74,2025-11-07
93930,14255,Boleto,aprovado,181.32,2025-10-15
93931,14256,Cartão Crédito,aprovado,267.55,2026-01-02
93932,14257,Cartão Crédito,pendente,133.94,2025-08-11
93933,14258,Cartão Crédito,aprovado,163.08,2025-04-02
93934,14259,Cartão Débito,aprovado,424.65,2025-05-09
93935,14260,Cartão Débito,aprovado,103.22,2025-04-12
93936,14261,Pix,aprovado,278.77,2025-07-26
93937,14262,Cartão Débito,aprovado,424.79,2025-06-02
93938,14264,Pix,aprovado,717.11,2025-12-01
93939,14265,Cartão Crédito,aprovado,295.44,2025-10-16
93940,14266,Pix,aprovado,920.88,2025-09-26
93941,14267,Pix,aprovado,92.61,2025-11-26
93942,14268,Boleto,aprovado,436.23,2025-11-11
93943,14269,Pix,aprovado,378.63,2025-06-04
93944,14270,Pix,aprovado,246.09,2025-06-22
93945,14271,Cartão Crédito,aprovado,336.44,2025-05-02
93946,14272,Pix,aprovado,480.75,2025-08-08
93947,14273,Pix,aprovado,542.4,2025-10-16
93948,14274,Cartão Crédito,aprovado,302.61,2025-10-07
93949,14275,Cartão Débito,aprovado,440.06,2025-07-10
93950,14277,Cartão Crédito,aprovado,549.34,2025-08-20
93951,14278,Cartão Débito,pendente,503.96,2025-08-11
93952,14279,Cartão Débito,aprovado,577.17,2025-12-01
93953,14280,Pix,aprovado,187.4,2025-06-12
93954,14281,Cartão Débito,aprovado,151.46,2025-12-31
93955,14282,Pix,aprovado,1289.0,2025-04-14
93956,14284,Boleto,aprovado,543.71,2025-04-01
93957,14285,Cartão Crédito,aprovado,841.69,2025-02-17
93958,14288,Cartão Crédito,aprovado,712.27,2025-04-05
93959,14289,Pix,pendente,143.08,2025-05-30
93960,14290,Cartão Débito,pendente,333.18,2025-08-10
93961,14291,Pix,aprovado,662.17,2025-04-29
93962,14292,Cartão Crédito,aprovado,142.56,2025-01-03
93963,14293,Cartão Débito,aprovado,249.71,2025-11-09
93964,14294,Cartão Crédito,pendente,391.09,2025-10-14
93965,14295,Cartão Crédito,aprovado,385.84,2025-05-07
93966,14296,Cartão Crédito,aprovado,350.89,2025-06-27
93967,14297,Pix,aprovado,321.98,2025-01-19
93968,14298,Cartão Crédito,aprovado,696.67,2025-09-19
93969,14299,Cartão Crédito,pendente,89.13,2025-02-22
93970,14300,Cartão Débito,aprovado,237.0,2025-11-18
93971,14302,Cartão Crédito,pendente,95.53,2025-09-04
93972,14303,Pix,aprovado,372.75,2025-01-11
93973,14304,Boleto,estornado,0.0,2025-10-06
93974,14305,Pix,aprovado,175.8,2025-11-07
93975,14307,Cartão Débito,aprovado,452.62,2025-03-24
93976,14308,Pix,aprovado,962.85,2025-10-09
93977,14309,Pix,aprovado,498.84,2025-01-14
93978,14310,Pix,aprovado,294.09,2025-03-22
93979,14311,Cartão Débito,aprovado,365.76,2025-07-15
93980,14312,Pix,aprovado,374.63,2025-04-19
93981,14313,Cartão Débito,aprovado,237.29,2025-04-17
93982,14314,Cartão Débito,aprovado,396.97,2025-06-03
93983,14315,Cartão Crédito,aprovado,228.53,2025-01-30
93984,14316,Cartão Crédito,pendente,136.39,2025-11-09
93985,14317,Pix,aprovado,321.74,2025-12-15
93986,14318,Cartão Crédito,aprovado,284.54,2025-12-25
93987,14319,Cartão Crédito,aprovado,290.6,2025-02-21
93988,14320,Cartão Crédito,aprovado,554.39,2025-02-24
93989,14321,Cartão Crédito,aprovado,519.89,2025-01-26
93990,14322,Cartão Crédito,pendente,193.26,2025-03-04
93991,14323,Pix,aprovado,540.4,2025-12-19
93992,14324,Cartão Crédito,aprovado,317.22,2025-04-26
93993,14325,Pix,aprovado,320.77,2025-09-02
93994,14326,Pix,aprovado,237.45,2025-09-07
93995,14327,Pix,aprovado,899.73,2025-12-18
93996,14328,Boleto,aprovado,840.49,2025-02-06
93997,14329,Cartão Crédito,aprovado,200.04,2025-06-24
93998,14330,Cartão Crédito,aprovado,261.9,2025-09-06
93999,14331,Pix,pendente,315.77,2025-04-06
94000,14332,Cartão Débito,aprovado,487.48,2025-05-02
94001,14333,Cartão Crédito,aprovado,145.11,2025-10-05
94002,14334,Pix,aprovado,166.53,2025-10-12
94003,14335,Pix,aprovado,488.51,2025-09-22
94004,14336,Cartão Crédito,pendente,33.32,2025-07-24
94005,14337,Pix,aprovado,201.42,2025-01-05
94006,14338,Pix,aprovado,595.04,2025-11-28
94007,14339,Cartão Crédito,aprovado,577.25,2025-11-19
94008,14340,Cartão Débito,aprovado,868.72,2025-10-28
94009,14341,Pix,aprovado,1054.68,2025-05-04
94010,14342,Pix,aprovado,1619.04,2025-11-09
94011,14343,Cartão Crédito,aprovado,256.2,2025-08-26
94012,14344,Cartão Crédito,aprovado,212.22,2025-05-02
94013,14345,Pix,aprovado,444.0,2025-01-27
94014,14346,Boleto,aprovado,104.69,2025-08-26
94015,14347,Cartão Crédito,aprovado,280.64,2025-06-16
94016,14348,Cartão Débito,aprovado,372.04,2025-03-13
94017,14349,Cartão Débito,aprovado,466.95,2025-05-28
94018,14350,Pix,aprovado,501.22,2025-03-08
94019,14351,Cartão Débito,aprovado,274.28,2025-07-22
94020,14352,Cartão Débito,aprovado,119.57,2025-05-28
94021,14353,Pix,aprovado,143.42,2025-03-28
94022,14354,Pix,aprovado,49.4,2025-11-16
94023,14356,Cartão Crédito,aprovado,102.44,2025-03-16
94024,14357,Boleto,aprovado,230.15,2025-06-04
94025,14358,Cartão Crédito,aprovado,440.98,2025-07-27
94026,14359,Cartão Crédito,aprovado,122.1,2025-07-08
94027,14360,Pix,aprovado,357.49,2025-12-19
94028,14362,Cartão Débito,aprovado,425.32,2025-06-14
94029,14363,Pix,aprovado,494.92,2025-02-05
94030,14364,Cartão Crédito,aprovado,259.57,2025-04-22
94031,14365,Pix,aprovado,336.55,2025-05-19
94032,14366,Pix,aprovado,272.88,2025-07-08
94033,14367,Cartão Crédito,aprovado,235.63,2025-08-28
94034,14368,Cartão Crédito,aprovado,193.42,2025-10-23
94035,14369,Cartão Crédito,aprovado,464.64,2025-11-27
94036,14370,Cartão Débito,aprovado,772.36,2025-06-06
94037,14371,Cartão Crédito,aprovado,714.13,2025-06-22
94038,14372,Pix,aprovado,112.03,2025-06-17
94039,14373,Cartão Crédito,aprovado,763.23,2025-10-14
94040,14374,Cartão Crédito,pendente,101.93,2025-01-28
94041,14375,Cartão Crédito,aprovado,372.14,2025-09-04
94042,14377,Cartão Débito,aprovado,87.17,2025-01-15
94043,14378,Cartão Crédito,aprovado,294.85,2025-04-08
94044,14380,Cartão Crédito,aprovado,32.43,2025-07-27
94045,14381,Boleto,aprovado,1350.92,2025-03-11
94046,14382,Cartão Crédito,aprovado,46.93,2025-08-28
94047,14383,Cartão Débito,aprovado,411.93,2025-08-31
94048,14384,Cartão Crédito,aprovado,91.31,2025-06-25
94049,14386,Cartão Crédito,aprovado,693.94,2025-02-04
94050,14387,Cartão Crédito,aprovado,575.6,2025-04-01
94051,14388,Cartão Débito,aprovado,638.42,2025-09-11
94052,14389,Pix,aprovado,273.8,2025-12-11
94053,14390,Pix,aprovado,790.24,2025-05-22
94054,14391,Boleto,aprovado,1161.9,2025-08-19
94055,14393,Cartão Crédito,aprovado,250.85,2025-04-20
94056,14394,Cartão Crédito,aprovado,178.34,2025-11-19
94057,14395,Cartão Crédito,aprovado,551.2,2025-08-20
94058,14396,Pix,aprovado,658.39,2025-08-01
94059,14397,Cartão Crédito,aprovado,250.94,2025-06-06
94060,14398,Cartão Crédito,aprovado,901.83,2025-01-05
94061,14399,Cartão Crédito,aprovado,520.79,2025-01-22
94062,14401,Cartão Débito,aprovado,421.27,2025-01-23
94063,14402,Cartão Crédito,aprovado,146.91,2025-09-11
94064,14403,Cartão Crédito,aprovado,547.03,2025-07-11
94065,14404,Cartão Crédito,estornado,0.0,2025-07-13
94066,14406,Cartão Crédito,aprovado,318.4,2025-04-10
94067,14407,Cartão Crédito,aprovado,1047.69,2025-07-28
94068,14408,Cartão Crédito,aprovado,398.04,2025-02-10
94069,14409,Cartão Crédito,aprovado,168.75,2025-09-08
94070,14410,Pix,aprovado,422.36,2025-10-28
94071,14411,Cartão Crédito,aprovado,499.96,2025-10-08
94072,14412,Cartão Crédito,aprovado,729.74,2025-12-31
94073,14413,Pix,aprovado,330.06,2025-06-13
94074,14414,Pix,aprovado,190.32,2025-12-26
94075,14415,Cartão Débito,aprovado,1225.13,2025-08-16
94076,14416,Pix,aprovado,423.0,2025-11-03
94077,14417,Pix,aprovado,169.62,2025-03-25
94078,14418,Cartão Crédito,aprovado,327.94,2025-02-24
94079,14419,Cartão Débito,aprovado,226.74,2025-04-30
94080,14421,Cartão Crédito,aprovado,496.73,2025-11-02
94081,14422,Cartão Crédito,aprovado,264.79,2025-04-01
94082,14423,Cartão Crédito,aprovado,658.64,2025-08-27
94083,14424,Pix,aprovado,308.84,2025-09-14
94084,14425,Cartão Débito,aprovado,322.45,2025-11-29
94085,14426,Pix,aprovado,186.06,2025-10-09
94086,14427,Cartão Crédito,aprovado,184.85,2025-01-28
94087,14428,Pix,aprovado,1174.08,2025-12-25
94088,14429,Cartão Débito,aprovado,638.41,2025-10-26
94089,14430,Pix,aprovado,58.35,2025-12-15
94090,14431,Boleto,aprovado,152.24,2025-05-19
94091,14432,Cartão Crédito,aprovado,126.14,2025-10-05
94092,14433,Cartão Débito,aprovado,350.95,2025-08-19
94093,14434,Cartão Crédito,pendente,120.88,2025-10-10
94094,14436,Pix,aprovado,261.91,2025-06-16
94095,14437,Pix,aprovado,1098.95,2025-09-15
94096,14438,Cartão Débito,aprovado,315.81,2025-07-07
94097,14439,Cartão Débito,pendente,406.59,2025-05-15
94098,14440,Pix,aprovado,288.66,2025-07-19
94099,14441,Cartão Crédito,aprovado,292.92,2025-08-04
94100,14443,Cartão Crédito,aprovado,569.81,2025-02-26
94101,14444,Cartão Crédito,pendente,79.14,2025-02-09
94102,14446,Cartão Crédito,aprovado,242.2,2025-10-04
94103,14447,Cartão Crédito,aprovado,229.49,2025-06-12
94104,14448,Pix,estornado,0.0,2025-01-11
94105,14450,Cartão Crédito,aprovado,383.05,2025-09-23
94106,14451,Pix,estornado,0.0,2025-12-24
94107,14452,Cartão Débito,aprovado,85.34,2025-10-04
94108,14453,Pix,aprovado,645.17,2025-05-22
94109,14454,Pix,aprovado,711.41,2025-11-26
94110,14455,Boleto,estornado,0.0,2025-10-26
94111,14456,Pix,aprovado,344.51,2025-03-22
94112,14457,Boleto,aprovado,254.5,2025-11-13
94113,14458,Pix,aprovado,205.72,2025-01-23
94114,14459,Boleto,aprovado,175.97,2025-12-24
94115,14460,Cartão Crédito,aprovado,316.07,2025-11-26
94116,14461,Cartão Crédito,aprovado,700.03,2025-01-13
94117,14462,Pix,aprovado,192.02,2025-01-03
94118,14463,Pix,aprovado,700.82,2025-01-23
94119,14464,Pix,aprovado,89.78,2025-11-06
94120,14465,Cartão Crédito,aprovado,397.21,2025-11-10
94121,14466,Cartão Crédito,aprovado,456.35,2025-06-10
94122,14467,Cartão Crédito,aprovado,223.47,2025-08-17
94123,14469,Cartão Débito,aprovado,589.99,2025-12-04
94124,14470,Pix,aprovado,346.41,2025-12-21
94125,14471,Cartão Crédito,aprovado,1490.99,2025-09-26
94126,14472,Pix,aprovado,707.0,2025-11-29
94127,14473,Pix,aprovado,710.67,2025-05-23
94128,14474,Cartão Crédito,aprovado,24.09,2025-04-23
94129,14475,Cartão Crédito,aprovado,195.15,2025-07-04
94130,14476,Cartão Crédito,aprovado,124.17,2025-05-27
94131,14477,Pix,aprovado,46.36,2025-09-26
94132,14478,Pix,aprovado,326.66,2025-07-18
94133,14479,Cartão Crédito,aprovado,580.26,2025-12-15
94134,14480,Cartão Débito,pendente,125.4,2025-02-20
94135,14481,Cartão Crédito,aprovado,49.63,2025-07-15
94136,14482,Pix,aprovado,161.38,2025-11-19
94137,14483,Cartão Crédito,pendente,126.03,2025-05-02
94138,14484,Pix,aprovado,282.05,2025-03-04
94139,14485,Pix,aprovado,338.6,2025-03-31
94140,14486,Pix,aprovado,449.85,2025-08-08
94141,14487,Cartão Débito,aprovado,332.58,2025-10-08
94142,14488,Pix,aprovado,601.85,2025-10-14
94143,14489,Boleto,aprovado,152.85,2025-06-19
94144,14491,Pix,aprovado,501.38,2025-02-13
94145,14492,Pix,aprovado,410.01,2025-04-22
94146,14493,Cartão Crédito,aprovado,1018.2,2025-06-17
94147,14494,Pix,aprovado,158.44,2025-07-13
94148,14495,Pix,aprovado,507.54,2025-10-13
94149,14496,Cartão Crédito,aprovado,203.65,2025-08-03
94150,14497,Pix,pendente,155.09,2025-12-18
94151,14498,Cartão Crédito,aprovado,679.5,2025-07-26
94152,14499,Pix,aprovado,329.84,2025-12-09
94153,14500,Cartão Crédito,aprovado,405.13,2025-10-10
94154,14501,Pix,aprovado,216.46,2025-02-21
94155,14502,Pix,aprovado,226.59,2025-12-03
94156,14503,Cartão Crédito,aprovado,83.69,2025-11-06
94157,14504,Pix,aprovado,382.8,2025-03-11
94158,14505,Cartão Débito,aprovado,140.2,2025-07-19
94159,14506,Cartão Débito,aprovado,302.34,2025-12-28
94160,14508,Pix,aprovado,61.77,2025-08-04
94161,14509,Pix,aprovado,1740.23,2025-09-25
94162,14511,Pix,aprovado,308.83,2025-08-19
94163,14512,Cartão Crédito,aprovado,404.78,2025-12-03
94164,14513,Cartão Crédito,aprovado,177.69,2025-06-28
94165,14514,Cartão Crédito,aprovado,233.02,2025-01-17
94166,14516,Cartão Crédito,aprovado,558.68,2025-05-24
94167,14517,Cartão Crédito,aprovado,277.62,2025-10-06
94168,14518,Cartão Crédito,pendente,132.22,2025-09-07
94169,14519,Cartão Crédito,aprovado,371.61,2025-12-02
94170,14521,Cartão Débito,pendente,368.88,2025-10-03
94171,14522,Pix,estornado,0.0,2025-08-19
94172,14523,Cartão Crédito,aprovado,244.91,2025-05-01
94173,14524,Cartão Débito,aprovado,363.19,2025-05-21
94174,14525,Pix,pendente,382.0,2025-10-24
94175,14526,Boleto,aprovado,1223.16,2025-08-05
94176,14527,Pix,aprovado,355.97,2025-01-15
94177,14528,Cartão Débito,aprovado,219.86,2025-06-17
94178,14529,Pix,aprovado,174.92,2025-03-02
94179,14530,Cartão Débito,aprovado,510.19,2025-03-26
94180,14531,Cartão Crédito,aprovado,79.9,2025-02-24
94181,14532,Cartão Débito,aprovado,513.66,2025-10-18
94182,14533,Boleto,aprovado,519.76,2025-12-08
94183,14534,Pix,aprovado,226.17,2025-04-29
94184,14535,Pix,aprovado,398.51,2025-07-14
94185,14536,Cartão Crédito,aprovado,284.59,2025-10-06
94186,14537,Pix,aprovado,103.27,2025-08-31
94187,14538,Cartão Crédito,aprovado,488.52,2025-08-30
94188,14539,Pix,aprovado,459.09,2025-06-28
94189,14540,Cartão Débito,pendente,125.53,2025-02-16
94190,14541,Boleto,aprovado,1211.13,2025-03-03
94191,14542,Pix,aprovado,337.57,2025-03-24
94192,14543,Boleto,aprovado,55.62,2025-07-27
94193,14544,Pix,aprovado,668.39,2025-02-22
94194,14545,Boleto,aprovado,569.54,2025-09-03
94195,14546,Cartão Crédito,aprovado,614.66,2025-10-18
94196,14547,Boleto,aprovado,147.02,2025-01-14
94197,14548,Boleto,aprovado,391.1,2025-03-09
94198,14549,Cartão Crédito,aprovado,333.46,2025-04-14
94199,14550,Cartão Crédito,aprovado,295.03,2025-11-22
94200,14551,Boleto,aprovado,784.41,2025-10-29
94201,14552,Cartão Crédito,aprovado,340.94,2025-04-09
94202,14553,Cartão Débito,aprovado,246.95,2025-07-17
94203,14554,Cartão Débito,aprovado,245.05,2025-01-02
94204,14556,Boleto,aprovado,365.07,2025-03-11
94205,14557,Pix,aprovado,823.44,2025-10-07
94206,14558,Pix,aprovado,262.63,2025-10-14
94207,14559,Pix,aprovado,406.54,2025-01-10
94208,14560,Cartão Débito,aprovado,291.59,2025-03-18
94209,14561,Cartão Crédito,aprovado,315.21,2025-05-23
94210,14562,Pix,aprovado,586.55,2025-07-03
94211,14563,Cartão Crédito,aprovado,135.88,2025-07-04
94212,14565,Cartão Crédito,pendente,594.14,2025-09-10
94213,14566,Pix,aprovado,221.39,2025-10-29
94214,14567,Pix,aprovado,249.21,2025-07-17
94215,14568,Pix,aprovado,1376.64,2025-03-26
94216,14570,Pix,aprovado,165.12,2025-04-25
94217,14571,Cartão Crédito,aprovado,699.8,2025-06-24
94218,14573,Cartão Crédito,aprovado,20.0,2025-09-04
94219,14574,Pix,aprovado,374.69,2025-08-30
94220,14575,Boleto,aprovado,141.88,2025-05-23
94221,14576,Pix,aprovado,314.73,2025-05-30
94222,14577,Pix,aprovado,1225.61,2025-02-28
94223,14578,Boleto,aprovado,603.08,2025-11-01
94224,14579,Pix,aprovado,657.32,2025-12-20
94225,14580,Pix,aprovado,292.03,2025-05-09
94226,14581,Pix,aprovado,659.31,2025-04-11
94227,14582,Cartão Débito,aprovado,187.95,2025-02-24
94228,14583,Boleto,pendente,117.26,2025-06-13
94229,14584,Cartão Crédito,aprovado,584.78,2025-05-11
94230,14585,Cartão Débito,aprovado,572.97,2025-11-23
94231,14586,Cartão Crédito,aprovado,93.36,2025-02-12
94232,14587,Cartão Débito,aprovado,1059.46,2025-07-30
94233,14588,Boleto,pendente,100.85,2025-06-19
94234,14589,Cartão Débito,aprovado,1532.32,2025-12-02
94235,14590,Boleto,estornado,0.0,2025-10-28
94236,14591,Cartão Débito,aprovado,562.87,2025-02-10
94237,14592,Cartão Crédito,aprovado,171.16,2025-04-11
94238,14593,Pix,aprovado,228.77,2025-01-28
94239,14594,Cartão Débito,aprovado,1005.42,2025-12-22
94240,14595,Pix,aprovado,922.91,2025-03-16
94241,14596,Cartão Crédito,aprovado,298.15,2025-03-24
94242,14597,Cartão Débito,aprovado,279.62,2025-06-15
94243,14599,Pix,aprovado,702.93,2025-04-20
94244,14600,Pix,pendente,533.72,2025-03-11
94245,14601,Cartão Débito,aprovado,440.79,2025-11-01
94246,14602,Cartão Crédito,aprovado,373.93,2025-03-17
94247,14603,Cartão Crédito,aprovado,295.62,2025-11-14
94248,14604,Pix,aprovado,1456.01,2025-05-12
94249,14605,Cartão Crédito,aprovado,103.55,2025-04-11
94250,14607,Cartão Crédito,aprovado,419.88,2025-05-09
94251,14608,Boleto,aprovado,84.93,2025-08-01
94252,14609,Pix,aprovado,216.84,2025-04-09
94253,14610,Pix,estornado,0.0,2025-11-11
94254,14611,Cartão Crédito,aprovado,630.09,2025-09-21
94255,14612,Pix,aprovado,215.45,2025-01-30
94256,14613,Cartão Crédito,aprovado,210.3,2025-08-25
94257,14614,Cartão Crédito,pendente,70.39,2025-05-06
94258,14615,Cartão Crédito,aprovado,239.8,2025-04-30
94259,14616,Pix,aprovado,496.14,2025-07-16
94260,14617,Cartão Crédito,aprovado,439.24,2025-10-20
94261,14618,Cartão Crédito,aprovado,249.73,2025-07-21
94262,14619,Boleto,estornado,0.0,2025-11-26
94263,14621,Cartão Débito,aprovado,287.88,2025-10-28
94264,14622,Pix,aprovado,577.04,2025-05-23
94265,14623,Cartão Débito,aprovado,395.99,2025-12-12
94266,14624,Cartão Crédito,aprovado,359.3,2025-12-21
94267,14625,Cartão Crédito,aprovado,743.7,2025-10-26
94268,14626,Pix,aprovado,917.47,2025-05-30
94269,14627,Pix,aprovado,435.55,2025-03-20
94270,14628,Pix,aprovado,443.07,2025-11-25
94271,14629,Pix,aprovado,308.0,2025-11-18
94272,14630,Cartão Crédito,aprovado,169.27,2025-12-07
94273,14631,Pix,aprovado,607.95,2025-05-07
94274,14632,Cartão Crédito,aprovado,531.29,2025-07-22
94275,14634,Cartão Crédito,aprovado,396.86,2025-04-26
94276,14635,Pix,aprovado,711.65,2025-09-23
94277,14636,Cartão Crédito,aprovado,790.38,2025-01-14
94278,14637,Cartão Crédito,pendente,10.59,2025-02-03
94279,14638,Pix,aprovado,204.17,2025-01-06
94280,14639,Pix,aprovado,326.04,2025-09-08
94281,14640,Cartão Crédito,aprovado,137.21,2025-07-18
94282,14641,Pix,aprovado,404.3,2025-05-29
94283,14642,Cartão Débito,aprovado,212.92,2025-08-18
94284,14643,Cartão Crédito,aprovado,413.94,2025-03-15
94285,14644,Pix,aprovado,218.09,2025-06-01
94286,14645,Cartão Débito,aprovado,225.52,2025-04-09
94287,14646,Pix,pendente,322.73,2025-11-02
94288,14647,Cartão Crédito,aprovado,625.62,2025-10-23
94289,14648,Boleto,aprovado,510.57,2025-04-07
94290,14649,Cartão Crédito,aprovado,328.07,2025-08-25
94291,14651,Cartão Crédito,aprovado,221.23,2025-11-05
94292,14652,Pix,aprovado,202.46,2025-03-29
94293,14653,Pix,estornado,0.0,2025-05-07
94294,14654,Cartão Débito,aprovado,376.28,2025-02-15
94295,14655,Cartão Crédito,aprovado,386.26,2025-04-21
94296,14656,Pix,aprovado,175.85,2025-04-17
94297,14657,Cartão Crédito,aprovado,811.03,2025-05-28
94298,14658,Cartão Débito,aprovado,384.41,2025-02-09
94299,14659,Cartão Crédito,pendente,66.32,2025-02-11
94300,14660,Pix,aprovado,177.31,2025-05-26
94301,14661,Cartão Crédito,aprovado,424.55,2025-06-13
94302,14662,Cartão Crédito,pendente,57.14,2025-03-19
94303,14663,Pix,aprovado,204.57,2025-07-28
94304,14665,Cartão Crédito,aprovado,550.13,2025-04-13
94305,14666,Cartão Crédito,aprovado,165.1,2025-03-21
94306,14667,Cartão Crédito,aprovado,898.1,2025-08-08
94307,14668,Pix,aprovado,461.81,2025-02-19
94308,14669,Cartão Crédito,aprovado,130.96,2025-07-15
94309,14670,Pix,aprovado,507.41,2025-12-30
94310,14671,Cartão Crédito,aprovado,811.95,2025-03-15
94311,14672,Pix,aprovado,317.73,2025-01-13
94312,14673,Cartão Débito,estornado,0.0,2025-01-06
94313,14674,Pix,aprovado,467.84,2025-03-13
94314,14675,Pix,aprovado,213.1,2025-06-15
94315,14676,Pix,aprovado,1227.74,2025-11-09
94316,14678,Cartão Crédito,aprovado,262.92,2025-11-06
94317,14679,Cartão Crédito,aprovado,328.08,2025-09-14
94318,14680,Cartão Crédito,aprovado,1098.04,2025-03-07
94319,14681,Cartão Crédito,aprovado,558.73,2025-03-22
94320,14682,Pix,estornado,0.0,2025-12-30
94321,14683,Boleto,aprovado,187.63,2025-08-01
94322,14684,Boleto,aprovado,308.93,2025-07-19
94323,14686,Pix,aprovado,485.64,2025-06-13
94324,14687,Cartão Crédito,aprovado,729.65,2025-05-26
94325,14688,Boleto,aprovado,1405.54,2025-10-29
94326,14689,Pix,aprovado,236.72,2025-07-04
94327,14690,Cartão Crédito,aprovado,98.88,2025-04-27
94328,14691,Cartão Débito,aprovado,266.3,2025-11-20
94329,14692,Cartão Crédito,aprovado,665.33,2025-12-10
94330,14693,Pix,aprovado,169.15,2025-09-19
94331,14694,Cartão Crédito,aprovado,336.75,2025-08-20
94332,14695,Boleto,pendente,275.25,2025-07-27
94333,14696,Cartão Débito,aprovado,240.5,2025-05-15
94334,14697,Cartão Débito,aprovado,396.27,2025-01-24
94335,14698,Cartão Crédito,aprovado,155.64,2025-01-06
94336,14699,Pix,aprovado,762.9,2025-04-07
94337,14700,Pix,aprovado,281.76,2025-01-03
94338,14701,Cartão Débito,aprovado,388.17,2025-02-01
94339,14702,Cartão Débito,aprovado,63.65,2025-03-15
94340,14703,Boleto,aprovado,137.56,2025-02-26
94341,14704,Pix,aprovado,650.76,2025-10-11
94342,14705,Cartão Crédito,aprovado,237.87,2025-01-07
94343,14706,Cartão Débito,estornado,0.0,2025-09-28
94344,14707,Cartão Crédito,aprovado,91.43,2025-02-21
94345,14708,Cartão Crédito,pendente,569.24,2025-03-02
94346,14709,Cartão Débito,aprovado,542.58,2025-07-01
94347,14710,Cartão Débito,aprovado,518.77,2025-08-15
94348,14711,Pix,aprovado,950.28,2025-11-01
94349,14712,Pix,pendente,165.6,2025-06-01
94350,14713,Pix,aprovado,100.02,2025-01-24
94351,14714,Cartão Débito,aprovado,351.17,2025-03-10
94352,14715,Cartão Crédito,aprovado,1067.24,2025-06-07
94353,14716,Cartão Crédito,aprovado,356.39,2025-06-19
94354,14717,Pix,aprovado,717.28,2025-03-09
94355,14718,Pix,aprovado,103.68,2025-05-28
94356,14720,Pix,aprovado,625.33,2025-09-21
94357,14721,Pix,aprovado,382.58,2025-06-27
94358,14722,Cartão Crédito,estornado,0.0,2025-08-29
94359,14723,Cartão Débito,aprovado,710.84,2025-04-27
94360,14725,Cartão Crédito,estornado,0.0,2025-06-17
94361,14726,Cartão Débito,aprovado,25.9,2025-09-10
94362,14728,Cartão Débito,aprovado,458.0,2025-01-04
94363,14729,Boleto,aprovado,65.49,2025-12-20
94364,14730,Pix,aprovado,447.37,2025-10-09
94365,14731,Pix,aprovado,731.99,2025-07-20
94366,14732,Cartão Crédito,aprovado,340.04,2025-05-24
94367,14733,Pix,aprovado,147.04,2025-03-18
94368,14734,Pix,estornado,0.0,2025-12-08
94369,14735,Cartão Crédito,aprovado,453.53,2025-01-30
94370,14736,Cartão Débito,aprovado,74.39,2025-05-25
94371,14737,Pix,aprovado,515.88,2025-11-28
94372,14738,Pix,aprovado,1034.5,2025-08-28
94373,14739,Pix,aprovado,191.65,2025-06-15
94374,14740,Boleto,aprovado,287.09,2025-04-05
94375,14741,Cartão Crédito,aprovado,1072.33,2025-04-19
94376,14742,Pix,aprovado,370.53,2025-02-13
94377,14743,Pix,pendente,147.64,2025-06-19
94378,14744,Pix,aprovado,665.29,2025-10-05
94379,14745,Cartão Crédito,aprovado,250.1,2025-01-16
94380,14746,Cartão Crédito,aprovado,181.26,2025-01-08
94381,14747,Pix,aprovado,510.51,2025-05-03
94382,14748,Pix,aprovado,700.67,2025-11-16
94383,14749,Cartão Crédito,aprovado,180.18,2025-02-12
94384,14750,Pix,aprovado,392.71,2025-01-27
94385,14751,Cartão Crédito,aprovado,296.62,2025-04-06
94386,14752,Cartão Crédito,aprovado,333.06,2025-09-09
94387,14753,Boleto,aprovado,148.3,2025-03-12
94388,14754,Pix,aprovado,537.1,2025-04-01
94389,14755,Cartão Crédito,aprovado,895.72,2025-04-04
94390,14756,Cartão Crédito,estornado,0.0,2025-01-07
94391,14757,Cartão Débito,aprovado,536.8,2025-01-18
94392,14758,Cartão Crédito,aprovado,655.2,2025-03-25
94393,14760,Cartão Débito,aprovado,521.52,2025-12-14
94394,14761,Pix,aprovado,194.22,2025-05-09
94395,14762,Pix,aprovado,863.45,2025-02-14
94396,14763,Cartão Crédito,aprovado,704.17,2025-04-07
94397,14764,Pix,pendente,467.11,2025-03-20
94398,14765,Boleto,aprovado,126.95,2025-12-14
94399,14766,Pix,aprovado,477.46,2025-07-12
94400,14767,Cartão Crédito,aprovado,206.12,2025-10-28
94401,14768,Cartão Crédito,aprovado,911.2,2025-06-29
94402,14769,Boleto,aprovado,179.91,2025-02-14
94403,14770,Pix,aprovado,401.92,2025-10-01
94404,14771,Pix,pendente,22.17,2025-08-16
94405,14772,Pix,aprovado,400.45,2025-03-05
94406,14774,Pix,aprovado,494.3,2025-08-09
94407,14775,Pix,aprovado,303.25,2025-04-03
94408,14776,Pix,aprovado,255.85,2025-10-25
94409,14777,Pix,aprovado,926.02,2025-06-14
94410,14778,Pix,aprovado,1281.97,2025-11-18
94411,14779,Cartão Crédito,aprovado,95.98,2025-03-01
94412,14780,Pix,pendente,83.56,2025-11-24
94413,14781,Pix,aprovado,594.84,2025-04-12
94414,14782,Cartão Crédito,aprovado,439.84,2025-03-24
94415,14783,Pix,pendente,333.46,2025-09-23
94416,14784,Pix,aprovado,319.68,2025-09-16
94417,14785,Cartão Crédito,estornado,0.0,2025-06-12
94418,14786,Cartão Crédito,pendente,350.64,2025-08-23
94419,14787,Cartão Débito,aprovado,457.95,2025-10-17
94420,14788,Cartão Crédito,aprovado,128.44,2025-12-28
94421,14789,Cartão Crédito,aprovado,361.85,2025-11-07
94422,14790,Pix,aprovado,599.15,2025-03-07
94423,14791,Cartão Débito,aprovado,423.05,2025-10-11
94424,14792,Cartão Débito,pendente,143.96,2025-02-07
94425,14793,Cartão Crédito,aprovado,477.84,2025-03-15
94426,14795,Cartão Débito,aprovado,327.57,2025-07-23
94427,14796,Cartão Débito,aprovado,611.59,2025-04-24
94428,14797,Boleto,aprovado,311.11,2025-09-08
94429,14798,Cartão Crédito,estornado,0.0,2025-04-25
94430,14799,Cartão Crédito,aprovado,899.28,2025-07-08
94431,14801,Pix,aprovado,91.38,2025-09-20
94432,14802,Cartão Débito,aprovado,518.65,2025-10-27
94433,14803,Pix,aprovado,973.43,2025-06-11
94434,14804,Pix,aprovado,527.04,2025-10-27
94435,14805,Pix,aprovado,817.87,2025-06-24
94436,14806,Pix,aprovado,163.6,2025-08-04
94437,14807,Pix,aprovado,122.85,2025-09-12
94438,14808,Boleto,aprovado,261.54,2025-01-12
94439,14809,Pix,aprovado,688.67,2025-05-20
94440,14810,Cartão Crédito,aprovado,495.49,2025-06-07
94441,14811,Cartão Débito,aprovado,520.67,2025-03-20
94442,14812,Cartão Crédito,pendente,325.87,2025-10-10
94443,14813,Cartão Débito,aprovado,265.49,2025-09-13
94444,14814,Boleto,aprovado,385.47,2025-07-11
94445,14815,Cartão Débito,aprovado,303.11,2025-08-26
94446,14816,Cartão Crédito,aprovado,251.47,2025-03-11
94447,14817,Boleto,aprovado,448.19,2025-03-17
94448,14819,Pix,aprovado,413.28,2025-07-26
94449,14820,Boleto,aprovado,53.27,2025-07-31
94450,14821,Cartão Crédito,aprovado,389.56,2025-09-26
94451,14822,Cartão Crédito,aprovado,280.52,2025-03-22
94452,14823,Cartão Crédito,pendente,437.74,2025-12-13
94453,14824,Pix,aprovado,87.39,2025-05-14
94454,14825,Cartão Crédito,estornado,0.0,2025-04-20
94455,14826,Pix,aprovado,603.96,2025-01-16
94456,14827,Cartão Crédito,aprovado,312.16,2025-10-08
94457,14828,Pix,aprovado,273.36,2025-02-14
94458,14829,Pix,estornado,0.0,2025-11-26
94459,14830,Cartão Crédito,aprovado,487.25,2025-11-06
94460,14831,Cartão Crédito,estornado,0.0,2025-10-21
94461,14832,Cartão Crédito,aprovado,251.85,2025-03-20
94462,14833,Cartão Débito,aprovado,227.94,2025-10-20
94463,14834,Cartão Débito,aprovado,413.64,2025-01-01
94464,14835,Cartão Débito,aprovado,635.99,2025-09-04
94465,14836,Cartão Crédito,aprovado,107.52,2025-04-23
94466,14838,Boleto,aprovado,236.03,2025-06-30
94467,14840,Cartão Crédito,pendente,431.34,2025-04-24
94468,14843,Cartão Crédito,aprovado,258.44,2025-09-07
94469,14844,Cartão Débito,pendente,515.04,2025-02-19
94470,14845,Pix,aprovado,185.77,2025-12-03
94471,14846,Pix,aprovado,630.18,2025-08-14
94472,14847,Cartão Débito,aprovado,118.38,2025-08-08
94473,14848,Cartão Crédito,aprovado,394.5,2025-10-22
94474,14849,Cartão Crédito,aprovado,532.27,2026-01-01
94475,14850,Pix,aprovado,189.87,2025-09-05
94476,14851,Cartão Crédito,pendente,211.53,2025-10-03
94477,14853,Cartão Crédito,aprovado,272.63,2025-12-28
94478,14854,Cartão Crédito,aprovado,224.77,2025-05-08
94479,14855,Pix,aprovado,608.63,2025-07-27
94480,14856,Cartão Débito,pendente,531.11,2025-12-27
94481,14857,Cartão Crédito,pendente,529.79,2025-10-05
94482,14858,Cartão Crédito,aprovado,473.53,2025-11-09
94483,14859,Cartão Crédito,aprovado,517.64,2025-04-15
94484,14860,Cartão Crédito,aprovado,164.72,2025-08-29
94485,14861,Pix,aprovado,328.75,2025-12-02
94486,14862,Cartão Crédito,aprovado,372.74,2026-01-03
94487,14863,Cartão Crédito,aprovado,424.09,2025-07-10
94488,14864,Cartão Débito,aprovado,418.96,2025-01-07
94489,14865,Cartão Débito,aprovado,352.43,2025-01-08
94490,14866,Pix,aprovado,469.82,2025-01-05
94491,14867,Cartão Débito,aprovado,406.17,2025-03-31
94492,14868,Pix,aprovado,405.52,2025-03-01
94493,14869,Pix,aprovado,200.33,2025-12-24
94494,14870,Cartão Débito,aprovado,134.05,2025-11-08
94495,14872,Pix,aprovado,250.37,2025-03-18
94496,14873,Pix,aprovado,207.9,2025-12-17
94497,14874,Cartão Crédito,aprovado,541.42,2025-12-21
94498,14875,Pix,aprovado,331.32,2026-01-01
94499,14877,Cartão Débito,pendente,426.47,2025-08-13
94500,14878,Cartão Crédito,aprovado,190.45,2025-07-30
94501,14879,Boleto,aprovado,545.86,2025-04-11
94502,14880,Pix,aprovado,454.8,2025-07-09
94503,14881,Pix,aprovado,184.65,2025-07-17
94504,14882,Cartão Crédito,aprovado,227.53,2025-11-20
94505,14883,Pix,aprovado,528.87,2025-10-24
94506,14884,Cartão Débito,aprovado,70.33,2025-12-30
94507,14885,Boleto,aprovado,45.0,2025-09-02
94508,14886,Cartão Crédito,aprovado,389.75,2025-06-22
94509,14887,Cartão Crédito,aprovado,369.68,2025-01-23
94510,14888,Cartão Crédito,aprovado,414.16,2025-12-29
94511,14889,Pix,aprovado,370.42,2025-09-19
94512,14890,Boleto,aprovado,465.77,2025-04-17
94513,14891,Cartão Crédito,aprovado,755.9,2025-08-23
94514,14894,Cartão Débito,aprovado,61.77,2025-08-31
94515,14895,Boleto,aprovado,267.35,2025-12-30
94516,14897,Cartão Débito,aprovado,115.88,2025-04-20
94517,14898,Pix,aprovado,35.76,2025-12-03
94518,14899,Pix,aprovado,252.72,2025-03-18
94519,14900,Cartão Crédito,aprovado,970.27,2025-11-01
94520,14901,Pix,aprovado,452.92,2025-01-04
94521,14902,Pix,aprovado,426.38,2025-12-12
94522,14903,Cartão Crédito,aprovado,305.4,2025-01-27
94523,14904,Cartão Crédito,aprovado,267.01,2025-02-18
94524,14905,Cartão Crédito,aprovado,484.19,2025-03-15
94525,14907,Cartão Crédito,aprovado,1131.93,2025-08-06
94526,14908,Cartão Débito,aprovado,137.26,2025-04-13
94527,14909,Cartão Crédito,aprovado,513.79,2025-01-22
94528,14910,Cartão Crédito,aprovado,148.5,2025-09-27
94529,14911,Pix,aprovado,376.98,2025-10-02
94530,14912,Pix,aprovado,550.8,2025-06-22
94531,14913,Cartão Crédito,aprovado,81.97,2025-11-08
94532,14914,Boleto,pendente,123.86,2025-01-26
94533,14915,Cartão Crédito,aprovado,171.94,2025-08-10
94534,14916,Cartão Crédito,aprovado,284.08,2025-11-29
94535,14917,Cartão Débito,aprovado,410.24,2025-12-14
94536,14918,Cartão Crédito,aprovado,982.79,2025-10-22
94537,14919,Pix,aprovado,225.97,2025-08-24
94538,14921,Pix,aprovado,442.14,2025-12-18
94539,14922,Pix,aprovado,133.21,2025-05-09
94540,14923,Pix,aprovado,306.44,2025-11-10
94541,14924,Cartão Crédito,aprovado,101.2,2025-10-16
94542,14925,Pix,aprovado,267.46,2025-12-11
94543,14926,Boleto,aprovado,253.72,2025-07-03
94544,14928,Pix,aprovado,514.95,2025-07-26
94545,14929,Cartão Crédito,aprovado,324.15,2025-04-22
94546,14930,Cartão Crédito,aprovado,146.81,2025-12-07
94547,14931,Pix,aprovado,818.04,2025-07-23
94548,14932,Cartão Crédito,aprovado,1022.98,2025-03-30
94549,14933,Cartão Crédito,aprovado,301.51,2025-08-18
94550,14934,Pix,aprovado,428.88,2025-04-12
94551,14935,Boleto,aprovado,289.38,2025-06-17
94552,14936,Pix,aprovado,383.53,2025-10-29
94553,14937,Cartão Crédito,aprovado,397.9,2025-03-11
94554,14938,Cartão Débito,aprovado,117.54,2025-08-14
94555,14939,Boleto,estornado,0.0,2025-10-10
94556,14940,Cartão Crédito,aprovado,666.32,2025-01-14
94557,14941,Pix,aprovado,629.09,2025-03-08
94558,14942,Cartão Crédito,pendente,165.99,2025-07-21
94559,14943,Cartão Débito,estornado,0.0,2025-03-13
94560,14944,Cartão Crédito,pendente,144.26,2025-02-19
94561,14945,Pix,aprovado,528.2,2025-06-10
94562,14946,Pix,aprovado,81.26,2025-07-07
94563,14947,Cartão Crédito,aprovado,485.08,2025-05-19
94564,14948,Cartão Crédito,aprovado,853.13,2025-10-16
94565,14949,Pix,aprovado,198.59,2025-01-29
94566,14951,Cartão Crédito,estornado,0.0,2025-06-27
94567,14952,Pix,aprovado,323.56,2025-11-17
94568,14953,Cartão Crédito,aprovado,265.96,2025-01-12
94569,14954,Cartão Débito,aprovado,797.68,2025-03-26
94570,14955,Cartão Crédito,aprovado,283.57,2025-03-05
94571,14956,Pix,aprovado,935.13,2025-01-23
94572,14958,Cartão Crédito,pendente,92.96,2026-01-02
94573,14960,Cartão Crédito,aprovado,58.25,2025-11-24
94574,14961,Pix,aprovado,331.27,2025-09-15
94575,14962,Pix,aprovado,361.62,2025-05-26
94576,14963,Cartão Crédito,pendente,544.81,2025-09-15
94577,14964,Pix,aprovado,897.59,2025-04-20
94578,14965,Cartão Débito,aprovado,561.57,2025-04-24
94579,14967,Pix,aprovado,299.21,2025-09-21
94580,14968,Boleto,aprovado,124.39,2025-06-03
94581,14969,Pix,aprovado,416.77,2025-12-05
94582,14970,Boleto,aprovado,704.82,2025-08-05
94583,14971,Cartão Débito,aprovado,20.0,2025-06-04
94584,14972,Boleto,aprovado,373.94,2025-12-08
94585,14973,Cartão Crédito,aprovado,67.3,2025-01-03
94586,14974,Pix,aprovado,185.76,2025-11-30
94587,14975,Pix,aprovado,384.56,2025-05-13
94588,14976,Cartão Crédito,aprovado,906.91,2025-06-24
94589,14977,Cartão Crédito,aprovado,347.77,2025-06-07
94590,14978,Cartão Crédito,aprovado,537.43,2025-01-18
94591,14979,Cartão Crédito,aprovado,413.96,2025-01-07
94592,14980,Pix,aprovado,195.07,2025-11-08
94593,14981,Pix,aprovado,471.23,2025-04-28
94594,14982,Cartão Crédito,aprovado,121.36,2025-11-03
94595,14983,Cartão Crédito,aprovado,344.19,2025-01-05
94596,14985,Boleto,aprovado,392.16,2025-12-15
94597,14986,Cartão Crédito,estornado,0.0,2025-01-13
94598,14987,Cartão Crédito,aprovado,267.17,2025-05-01
94599,14988,Boleto,aprovado,87.19,2025-05-16
94600,14989,Cartão Crédito,aprovado,290.66,2025-09-09
94601,14990,Cartão Crédito,aprovado,608.32,2025-02-22
94602,14991,Pix,aprovado,450.93,2025-01-18
94603,14993,Cartão Crédito,aprovado,63.67,2025-12-14
94604,14994,Cartão Crédito,aprovado,193.23,2025-03-02
94605,14995,Cartão Crédito,aprovado,292.85,2025-04-13
94606,14996,Pix,aprovado,308.52,2025-02-12
94607,14997,Pix,aprovado,311.51,2025-11-10
94608,14998,Cartão Crédito,aprovado,345.32,2025-02-22
94609,14999,Boleto,pendente,354.56,2025-06-12
94610,15000,Cartão Débito,aprovado,253.57,2025-01-21
94611,20068,Pix,aprovado,611.01,2025-01-08
94612,20084,Cartão Crédito,aprovado,1325.94,2025-05-08
94613,20039,Pix,aprovado,756.44,2025-12-25
94614,20045,Cartão Débito,aprovado,640.71,2025-05-15
94615,20012,Pix,aprovado,984.86,2025-10-24
94616,20083,Pix,aprovado,97.27,2025-02-21
94617,20037,Boleto,aprovado,1303.33,2025-10-18
94618,20082,Pix,aprovado,962.57,2025-10-23
94619,20064,Cartão Crédito,aprovado,1413.95,2025-06-10
94620,20066,Cartão Débito,aprovado,458.51,2025-12-30
94621,20001,Pix,aprovado,245.27,2025-09-01
94622,20009,Cartão Crédito,aprovado,1335.63,2025-09-08
94623,20089,Pix,aprovado,1376.07,2025-07-17
94624,20082,Cartão Débito,aprovado,332.22,2025-11-05
94625,20000,Pix,aprovado,1037.67,2025-05-25
94626,20034,Boleto,aprovado,876.39,2025-05-10
94627,20001,Pix,aprovado,1002.68,2025-01-15
94628,20096,Cartão Crédito,aprovado,291.53,2025-11-22
94629,20005,Boleto,aprovado,429.07,2025-02-19
94630,20077,Boleto,aprovado,522.4,2025-06-01
94631,20004,Cartão Crédito,aprovado,1057.08,2025-05-06
94632,20059,Boleto,aprovado,415.15,2025-03-06
94633,20053,Cartão Débito,aprovado,854.89,2025-03-08
94634,20067,Pix,aprovado,1396.76,2025-05-02
94635,20070,Boleto,aprovado,514.36,2025-04-02
