pedido_id,cliente_id,data_pedido,status,canal,valor_total
10001,452,2025-10-09,concluido,site,473.56
10002,71,2025-08-03,concluido,app,303.13
10003,411,2025-10-06,enviado,loja,281.64
10004,184,2025-09-03,concluido,loja,281.65
10005,290,2025-09-15,concluido,marketplace,893.22
10006,164,2025-11-02,concluido,marketplace,562.28
10007,242,2025-09-29,concluido,app,233.26
10008,52,2025-05-07,processando,marketplace,487.87
10009,406,2025-01-29,cancelado,app,399.09
10010,409,2025-07-18,concluido,app,50.94
10011,304,2025-06-12,enviado,marketplace,143.4
10012,15,2025-12-27,cancelado,app,419.36
10013,97,2025-09-10,concluido,app,840.69
10014,47,2025-01-29,concluido,app,283.48
10015,516,2025-01-01,concluido,app,219.12
10016,175,2025-04-01,enviado,marketplace,364.02
10017,76,2025-10-28,cancelado,app,208.88
10018,434,2025-09-27,enviado,site,269.25
10019,340,2025-07-22,processando,marketplace,332.69
10020,70,2025-03-22,cancelado,loja,137.23
10021,250,2025-11-29,concluido,marketplace,581.6
10022,302,2025-03-31,concluido,marketplace,116.31
10023,374,2025-01-01,enviado,loja,103.78
10024,395,2025-10-18,concluido,marketplace,386.78
10025,314,2025-04-24,processando,site,552.29
10026,73,2025-06-19,cancelado,app,379.93
10027,164,2025-03-27,processando,site,308.35
10028,344,2025-11-24,cancelado,marketplace,267.26
10029,136,2025-04-18,concluido,site,234.97
10030,403,2025-02-25,cancelado,site,668.79
10031,376,2025-08-03,enviado,loja,422.17
10032,194,2025-06-29,concluido,site,249.92
10033,404,2025-10-23,processando,app,195.51
10034,38,2025-01-18,concluido,marketplace,509.99
10035,54,2025-02-07,concluido,loja,658.68
10036,39,2025-10-08,enviado,site,621.0
10037,315,2025-09-05,cancelado,loja,168.99
10038,85,2025-11-07,enviado,app,265.55
10039,170,2025-04-16,enviado,loja,231.4
10040,370,2025-10-04,concluido,marketplace,292.38
10041,50,2025-01-26,concluido,loja,578.05
10042,185,2025-01-02,concluido,marketplace,792.07
10043,321,2025-11-04,concluido,site,433.01
10044,506,2025-11-23,concluido,site,201.01
10045,60,2025-06-07,enviado,loja,327.27
10046,339,2025-05-16,concluido,loja,886.36
10047,454,2025-07-15,concluido,loja,357.87
10048,226,2025-08-27,concluido,marketplace,267.7
10049,78,2025-12-23,processando,site,284.82
10050,414,2025-10-05,concluido,app,431.7
10051,431,2025-07-18,enviado,loja,173.81
10052,352,2025-09-01,concluido,app,227.09
10053,41,2025-07-22,enviado,site,615.14
10054,462,2025-09-22,enviado,app,423.51
10055,388,2025-08-18,concluido,app,360.44
10056,414,2025-04-09,concluido,loja,634.95
10057,350,2025-08-11,concluido,app,191.23
10058,133,2025-06-13,enviado,site,261.69
10059,285,2025-07-23,concluido,marketplace,414.21
10060,470,2025-01-07,enviado,loja,404.38
10061,77,2025-03-17,concluido,site,94.28
10062,289,2025-02-21,enviado,marketplace,242.81
10063,136,2025-07-16,processando,loja,297.88
10064,142,2025-07-26,concluido,loja,445.48
10065,456,2025-06-19,processando,site,403.4
10066,138,2025-07-10,concluido,marketplace,318.02
10067,432,2025-09-09,enviado,site,50.55
10068,117,2025-03-10,concluido,loja,329.52
10069,165,2025-05-18,cancelado,site,351.03
10070,109,2025-07-28,cancelado,marketplace,1378.76
10071,264,2025-03-23,concluido,loja,290.88
10072,436,2025-09-26,enviado,site,415.75
10073,449,2025-04-13,enviado,app,702.7
10074,26,2025-07-04,cancelado,marketplace,556.92
10075,238,2025-09-16,concluido,site,812.52
10076,124,2025-07-10,concluido,loja,95.72
10077,446,2025-08-31,processando,marketplace,146.53
10078,429,2025-05-13,cancelado,site,215.09
10079,198,2025-01-26,concluido,app,80.73
10080,332,2025-04-26,processando,marketplace,353.15
10081,263,2025-01-11,enviado,site,156.82
10082,68,2025-11-28,concluido,site,879.48
10083,312,2025-06-06,cancelado,marketplace,177.84
10084,193,2025-06-28,concluido,app,262.86
10085,347,2025-09-24,enviado,loja,578.4
10086,4,2025-09-19,enviado,marketplace,115.1
10087,305,2025-11-08,concluido,site,75.45
10088,173,2025-05-22,processando,marketplace,383.48
10089,365,2025-11-30,concluido,app,404.05
10090,124,2025-01-30,enviado,loja,567.28
10091,349,2025-03-13,cancelado,loja,481.4
10092,133,2025-08-03,concluido,site,414.46
10093,293,2025-04-08,concluido,app,194.98
10094,327,2025-09-01,enviado,marketplace,396.42
10095,433,2025-03-29,enviado,app,413.35
10096,242,2025-03-07,cancelado,app,189.16
10097,461,2025-06-21,processando,app,1035.4
10098,382,2025-06-07,concluido,marketplace,466.52
10099,300,2025-05-31,concluido,site,148.78
10100,444,2025-11-21,processando,site,569.11
10101,100,2025-09-14,concluido,loja,632.97
10102,212,2025-01-28,enviado,app,448.08
10103,103,2025-06-25,concluido,loja,279.19
10104,442,2025-04-03,cancelado,loja,182.63
10105,91,2025-06-10,processando,site,317.39
10106,108,2025-03-28,concluido,app,427.08
10107,391,2025-02-15,concluido,loja,339.21
10108,207,2025-08-08,enviado,loja,835.21
10109,518,2025-04-13,cancelado,site,514.55
10110,388,2025-09-29,concluido,site,166.21
10111,128,2025-04-26,processando,marketplace,135.45
10112,53,2025-07-16,concluido,marketplace,469.17
10113,422,2025-01-24,concluido,marketplace,283.99
10114,267,2025-11-02,concluido,loja,543.96
10115,69,2025-06-25,enviado,loja,466.34
10116,97,2025-03-26,enviado,loja,318.41
10117,508,2025-03-09,concluido,site,167.81
10118,87,2025-03-05,concluido,site,84.18
10119,328,2025-05-11,cancelado,site,391.45
10120,25,2025-12-05,concluido,site,113.32
10121,60,2025-08-02,concluido,site,162.14
10122,243,2025-12-26,concluido,site,375.24
10123,339,2025-02-21,processando,marketplace,350.52
10124,359,2025-03-12,concluido,site,126.01
10125,317,2025-03-02,concluido,site,678.93
10126,312,2025-04-13,cancelado,app,667.5
10127,210,2025-06-01,concluido,loja,479.24
10128,353,2025-09-04,concluido,site,478.85
10129,503,2025-02-26,enviado,loja,479.25
10130,47,2025-09-19,concluido,site,629.46
10131,330,2025-04-29,concluido,marketplace,523.0
10132,26,2025-02-21,enviado,site,179.52
10133,185,2025-12-13,concluido,site,281.06
10134,389,2025-01-24,concluido,app,1287.21
10135,88,2025-06-18,concluido,loja,54.22
10136,138,2025-02-17,concluido,marketplace,232.79
10137,206,2025-07-24,enviado,marketplace,681.25
10138,354,2025-09-02,enviado,app,189.0
10139,357,2025-01-31,enviado,app,532.37
10140,467,2025-10-30,concluido,loja,347.33
10141,195,2025-07-03,processando,app,199.88
10142,250,2025-02-27,enviado,loja,43.51
10143,134,2025-12-02,concluido,app,383.97
10144,343,2025-06-23,concluido,site,176.35
10145,373,2025-05-08,concluido,loja,308.57
10146,424,2025-10-13,enviado,site,476.12
10147,506,2025-09-16,enviado,loja,597.05
10148,39,2025-09-09,concluido,marketplace,232.21
10149,26,2025-09-17,concluido,loja,199.58
10150,121,2025-02-10,concluido,loja,111.52
10151,256,2025-08-17,concluido,loja,616.05
10152,10,2025-02-22,concluido,site,1174.74
10153,1,2025-02-16,enviado,marketplace,659.24
10154,288,2025-04-16,processando,loja,753.79
10155,187,2025-01-28,enviado,loja,190.28
10156,393,2025-11-14,processando,marketplace,457.39
10157,59,2025-02-19,cancelado,app,564.77
10158,512,2025-11-21,enviado,marketplace,20.0
10159,192,2025-12-26,concluido,app,141.79
10160,421,2025-07-29,concluido,app,918.57
10161,437,2025-07-21,concluido,app,92.74
10162,56,2025-08-01,concluido,site,829.69
10163,231,2025-08-23,processando,app,92.14
10164,3,2025-09-29,cancelado,loja,147.81
10165,248,2025-09-18,enviado,app,462.94
10166,89,2025-03-07,concluido,marketplace,353.46
10167,197,2025-08-03,enviado,app,249.87
10168,176,2025-05-31,concluido,app,896.44
10169,309,2025-12-25,enviado,marketplace,114.26
10170,281,2025-06-10,cancelado,app,300.04
10171,320,2025-05-29,processando,app,502.44
10172,333,2025-04-02,concluido,marketplace,409.95
10173,390,2025-06-30,concluido,loja,204.95
10174,458,2025-10-01,concluido,loja,210.9
10175,268,2025-02-24,concluido,app,591.24
10176,29,2025-04-13,concluido,app,609.34
10177,350,2025-05-09,concluido,site,417.38
10178,152,2025-04-15,cancelado,site,170.58
10179,232,2025-02-22,processando,app,216.21
10180,288,2025-07-19,concluido,marketplace,330.89
10181,25,2025-07-15,concluido,marketplace,365.69
10182,28,2025-01-07,cancelado,app,489.3
10183,400,2025-08-15,enviado,marketplace,288.69
10184,280,2025-11-05,concluido,app,582.61
10185,91,2025-12-16,concluido,app,578.4
10186,62,2025-07-13,concluido,marketplace,770.17
10187,67,2025-03-24,processando,marketplace,341.19
10188,515,2025-12-30,enviado,site,422.19
10189,166,2025-11-02,concluido,marketplace,305.0
10190,294,2025-10-09,concluido,marketplace,172.27
10191,95,2025-09-24,concluido,app,1157.96
10192,275,2025-07-26,concluido,app,708.86
10193,340,2025-06-19,concluido,marketplace,570.72
10194,386,2025-11-13,concluido,site,333.0
10195,178,2025-08-17,concluido,app,160.12
10196,350,2025-06-14,concluido,site,637.38
10197,277,2025-05-25,concluido,marketplace,301.12
10198,261,2025-08-17,concluido,marketplace,448.13
10199,99,2025-06-14,concluido,site,215.56
10200,396,2025-10-03,concluido,site,399.92
10201,323,2025-04-20,enviado,loja,226.11
10202,106,2025-10-03,enviado,loja,232.96
10203,37,2025-12-18,concluido,loja,396.36
10204,20,2025-02-14,concluido,app,90.88
10205,286,2025-02-06,concluido,app,95.12
10206,209,2025-07-18,concluido,loja,188.48
10207,9,2025-07-19,processando,site,286.19
10208,317,2025-02-02,cancelado,site,594.13
10209,38,2025-07-03,enviado,site,298.18
10210,352,2025-06-04,processando,marketplace,331.47
10211,225,2025-07-15,concluido,site,269.89
10212,274,2025-04-23,concluido,loja,421.78
10213,435,2025-10-07,concluido,app,170.86
10214,455,2025-11-28,concluido,site,309.96
10215,285,2025-03-14,concluido,site,444.79
10216,202,2025-10-03,concluido,site,394.18
10217,384,2025-06-26,concluido,app,339.11
10218,114,2025-11-12,enviado,app,342.06
10219,344,2025-10-18,enviado,loja,473.95
10220,38,2025-05-29,processando,marketplace,1192.41
10221,372,2025-10-25,concluido,marketplace,180.41
10222,344,2025-12-02,concluido,marketplace,1213.48
10223,461,2025-04-10,concluido,loja,173.84
10224,338,2025-06-06,processando,app,37.58
10225,187,2025-06-11,enviado,app,222.58
10226,508,2025-04-24,cancelado,loja,427.25
10227,185,2025-03-10,processando,marketplace,1040.83
10228,237,2025-08-17,concluido,marketplace,159.95
10229,56,2025-03-31,processando,site,472.08
10230,440,2025-03-13,enviado,app,104.67
10231,454,2025-11-17,concluido,site,1017.63
10232,435,2025-09-17,processando,loja,717.53
10233,109,2025-01-19,concluido,loja,233.32
10234,77,2025-07-07,concluido,marketplace,791.04
10235,257,2025-09-19,concluido,marketplace,308.61
10236,340,2025-05-03,enviado,app,741.6
10237,72,2025-08-17,concluido,app,337.29
10238,248,2025-07-03,concluido,loja,347.69
10239,136,2025-07-09,concluido,app,237.03
10240,406,2025-07-04,concluido,loja,513.63
10241,21,2025-11-29,concluido,marketplace,366.46
10242,135,2025-10-24,concluido,app,479.06
10243,194,2025-07-07,processando,site,82.31
10244,193,2025-04-25,concluido,marketplace,758.34
10245,177,2025-09-07,enviado,site,880.05
10246,72,2025-08-14,concluido,site,365.26
10247,144,2025-04-19,concluido,app,1140.3
10248,368,2025-03-02,processando,loja,978.95
10249,369,2025-02-28,concluido,loja,521.02
10250,303,2025-03-24,processando,loja,797.48
10251,502,2025-03-07,concluido,app,669.3
10252,263,2025-01-21,enviado,app,62.52
10253,133,2025-04-03,concluido,loja,274.01
10254,289,2025-11-23,concluido,marketplace,545.16
10255,111,2025-08-18,processando,loja,916.74
10256,88,2025-04-23,enviado,app,98.05
10257,421,2025-04-04,processando,marketplace,67.07
10258,352,2025-06-25,enviado,site,322.52
10259,198,2025-03-09,concluido,app,40.9
10260,466,2025-09-16,processando,app,314.56
10261,91,2025-09-01,enviado,site,434.46
10262,273,2025-09-15,cancelado,site,153.81
10263,67,2025-11-05,concluido,site,320.82
10264,397,2025-12-14,processando,loja,629.88
10265,23,2025-12-24,concluido,app,221.74
10266,247,2025-07-15,concluido,site,176.3
10267,131,2025-09-02,cancelado,site,310.36
10268,449,2025-10-06,concluido,app,140.3
10269,501,2025-10-23,concluido,site,1087.79
10270,106,2025-12-19,enviado,loja,344.75
10271,80,2025-08-07,processando,marketplace,191.62
10272,275,2025-08-05,concluido,marketplace,391.42
10273,204,2025-04-15,concluido,loja,309.13
10274,287,2025-10-12,concluido,marketplace,284.53
10275,397,2025-12-28,concluido,app,221.69
10276,338,2025-03-02,cancelado,loja,213.35
10277,83,2025-02-21,concluido,loja,84.15
10278,411,2025-10-09,processando,site,796.71
10279,326,2025-01-03,enviado,app,498.67
10280,308,2025-08-11,concluido,marketplace,418.5
10281,41,2025-11-08,concluido,loja,305.51
10282,206,2025-11-11,processando,marketplace,151.53
10283,306,2025-01-30,enviado,app,182.21
10284,225,2025-01-06,concluido,marketplace,93.56
10285,402,2025-11-03,concluido,app,200.75
10286,346,2025-01-19,concluido,site,134.03
10287,45,2025-05-22,cancelado,marketplace,945.13
10288,208,2025-10-28,concluido,site,602.8
10289,36,2025-02-16,concluido,marketplace,355.39
10290,418,2025-05-22,concluido,app,165.58
10291,207,2025-10-22,concluido,app,140.02
10292,55,2025-10-14,concluido,marketplace,291.33
10293,60,2025-09-20,enviado,marketplace,619.12
10294,194,2025-10-16,concluido,app,96.07
10295,398,2025-08-23,processando,site,494.34
10296,133,2025-02-04,concluido,app,200.05
10297,118,2025-06-11,concluido,marketplace,229.88
10298,5,2025-12-25,enviado,app,348.07
10299,205,2025-12-11,cancelado,marketplace,170.28
10300,92,2025-09-01,concluido,app,280.6
10301,138,2025-04-04,enviado,app,158.58
10302,103,2025-05-01,cancelado,marketplace,213.18
10303,104,2025-05-08,enviado,marketplace,558.11
10304,55,2025-03-03,enviado,loja,361.03
10305,392,2025-10-05,enviado,loja,556.73
10306,162,2025-09-10,enviado,marketplace,197.97
10307,392,2025-09-19,concluido,app,496.77
10308,66,2025-01-28,concluido,loja,73.64
10309,277,2025-01-17,concluido,loja,347.96
10310,398,2025-03-31,concluido,site,518.79
10311,236,2025-06-11,processando,site,70.64
10312,195,2025-10-25,concluido,marketplace,199.84
10313,133,2025-04-06,concluido,app,347.79
10314,314,2025-06-25,concluido,loja,649.2
10315,215,2025-12-25,cancelado,marketplace,213.16
10316,144,2025-08-19,concluido,app,483.86
10317,352,2025-04-28,enviado,marketplace,829.83
10318,285,2025-08-10,enviado,app,498.84
10319,379,2025-03-18,concluido,site,288.5
10320,256,2025-03-10,enviado,marketplace,435.79
10321,154,2025-05-09,concluido,site,208.28
10322,354,2025-03-25,concluido,marketplace,357.75
10323,323,2025-02-19,concluido,marketplace,299.15
10324,185,2025-10-14,concluido,marketplace,426.05
10325,211,2025-03-04,concluido,app,244.55
10326,333,2025-11-29,concluido,marketplace,442.64
10327,345,2025-09-19,concluido,loja,242.74
10328,196,2025-11-11,concluido,app,598.99
10329,328,2025-06-22,concluido,loja,262.03
10330,37,2025-02-10,concluido,app,42.7
10331,335,2025-05-30,cancelado,loja,144.06
10332,228,2025-07-05,cancelado,loja,340.55
10333,95,2025-01-12,concluido,app,939.9
10334,381,2025-12-25,cancelado,app,584.03
10335,53,2025-02-18,concluido,loja,32.82
10336,14,2025-07-23,concluido,site,87.78
10337,317,2025-03-21,concluido,loja,703.07
10338,127,2025-05-26,concluido,app,516.88
10339,430,2025-03-29,concluido,marketplace,1260.92
10340,167,2025-09-01,concluido,marketplace,235.22
10341,70,2025-12-24,concluido,loja,167.34
10342,326,2025-10-16,concluido,marketplace,353.91
10343,247,2025-10-04,concluido,site,231.69
10344,188,2025-07-31,concluido,marketplace,661.2
10345,517,2025-03-11,concluido,loja,225.53
10346,353,2025-09-09,enviado,loja,273.9
10347,393,2025-08-09,enviado,app,148.2
10348,281,2025-07-11,concluido,loja,558.66
10349,84,2025-11-27,concluido,loja,156.41
10350,41,2025-08-05,processando,marketplace,448.28
10351,381,2025-09-30,enviado,loja,1041.15
10352,36,2025-04-04,concluido,site,60.94
10353,317,2025-08-20,concluido,loja,854.54
10354,10,2025-03-19,concluido,site,409.66
10355,53,2025-05-25,concluido,loja,128.26
10356,120,2025-02-16,concluido,loja,363.63
10357,216,2025-06-09,enviado,loja,547.96
10358,238,2025-12-23,enviado,marketplace,176.68
10359,385,2025-03-16,concluido,loja,465.8
10360,241,2025-04-03,concluido,marketplace,899.83
10361,425,2025-01-07,concluido,app,225.31
10362,227,2025-05-07,cancelado,site,146.66
10363,377,2025-02-18,concluido,app,306.01
10364,349,2025-06-09,enviado,app,349.89
10365,22,2025-10-09,concluido,marketplace,683.32
10366,153,2025-04-12,concluido,site,298.62
10367,112,2025-02-27,concluido,loja,241.57
10368,86,2025-05-22,processando,loja,143.5
10369,5,2025-01-22,processando,loja,71.23
10370,80,2025-07-10,cancelado,app,108.13
10371,47,2025-12-18,processando,site,107.54
10372,331,2025-03-20,cancelado,site,276.12
10373,120,2025-06-12,enviado,marketplace,85.33
10374,225,2025-04-09,concluido,loja,322.82
10375,69,2025-05-09,enviado,loja,1026.67
10376,287,2025-05-31,concluido,loja,696.18
10377,96,2025-10-06,concluido,loja,274.12
10378,426,2025-11-03,enviado,app,1449.34
10379,80,2025-08-19,concluido,marketplace,350.77
10380,233,2025-01-01,cancelado,loja,387.11
10381,453,2025-01-10,processando,marketplace,301.73
10382,123,2025-06-14,cancelado,loja,328.01
10383,350,2025-09-12,cancelado,app,219.29
10384,166,2025-07-29,processando,site,277.11
10385,338,2025-02-04,concluido,app,858.19
10386,17,2025-04-14,concluido,app,745.05
10387,293,2025-11-25,enviado,loja,40.54
10388,360,2025-10-30,concluido,marketplace,95.11
10389,368,2025-02-06,concluido,app,178.72
10390,456,2025-02-10,concluido,site,622.64
10391,381,2025-08-01,enviado,site,755.75
10392,137,2025-09-28,concluido,site,546.56
10393,40,2025-04-21,enviado,site,127.8
10394,119,2025-09-30,concluido,app,222.81
10395,128,2025-10-19,processando,app,471.29
10396,286,2025-08-01,cancelado,marketplace,280.3
10397,360,2025-12-07,concluido,site,251.99
10398,93,2025-10-09,concluido,marketplace,254.82
10399,274,2025-11-04,concluido,marketplace,709.36
10400,282,2025-06-16,enviado,loja,503.98
10401,221,2025-06-15,processando,app,265.48
10402,282,2025-05-11,concluido,loja,422.76
10403,204,2025-01-01,cancelado,marketplace,112.68
10404,266,2025-03-11,enviado,marketplace,223.15
10405,508,2025-04-20,enviado,site,665.64
10406,354,2025-05-22,enviado,app,80.16
10407,236,2025-07-02,concluido,marketplace,508.15
10408,299,2025-05-08,concluido,marketplace,40.03
10409,205,2025-10-19,enviado,site,949.71
10410,406,2025-09-05,concluido,site,219.02
10411,154,2025-01-20,cancelado,loja,444.03
10412,29,2025-06-21,concluido,loja,364.88
10413,445,2025-03-03,enviado,app,374.34
10414,435,2025-11-05,enviado,loja,417.52
10415,269,2025-01-22,concluido,app,66.5
10416,358,2025-04-24,concluido,loja,379.8
10417,386,2025-11-01,concluido,site,292.75
10418,149,2025-07-21,concluido,marketplace,219.97
10419,293,2025-01-26,concluido,marketplace,178.64
10420,257,2025-08-11,cancelado,app,386.5
10421,247,2025-10-14,concluido,loja,148.25
10422,101,2025-10-15,processando,app,657.97
10423,137,2025-08-09,concluido,site,466.14
10424,212,2025-08-05,concluido,app,402.98
10425,305,2025-12-02,concluido,marketplace,640.24
10426,180,2025-11-12,enviado,loja,56.17
10427,226,2025-01-23,enviado,app,109.33
10428,192,2025-03-21,cancelado,site,480.06
10429,28,2025-05-05,enviado,app,187.26
10430,420,2025-05-28,concluido,site,206.93
10431,242,2025-01-12,concluido,app,95.2
10432,268,2025-05-13,concluido,app,148.61
10433,343,2025-01-10,concluido,site,667.44
10434,31,2025-05-26,concluido,marketplace,472.51
10435,336,2025-01-05,concluido,marketplace,383.54
10436,468,2025-12-04,concluido,site,213.39
10437,513,2025-04-29,enviado,site,366.91
10438,249,2025-11-02,concluido,app,705.29
10439,235,2025-10-15,enviado,site,191.04
10440,272,2025-06-06,concluido,loja,327.47
10441,10,2025-06-27,processando,marketplace,986.73
10442,121,2025-09-14,concluido,site,541.84
10443,450,2025-07-18,enviado,site,215.79
10444,144,2025-04-26,concluido,loja,513.29
10445,45,2025-07-15,concluido,app,78.88
10446,294,2025-03-20,concluido,marketplace,318.03
10447,169,2025-08-18,concluido,app,512.92
10448,298,2025-10-05,processando,app,438.44
10449,159,2025-12-19,cancelado,app,509.64
10450,466,2025-03-16,processando,app,585.64
10451,286,2025-09-30,enviado,site,462.05
10452,430,2025-03-16,cancelado,marketplace,453.12
10453,212,2025-07-30,concluido,marketplace,389.71
10454,97,2025-02-24,concluido,site,134.1
10455,314,2025-11-12,concluido,app,667.25
10456,119,2025-12-18,concluido,site,326.37
10457,245,2025-03-10,concluido,loja,533.01
10458,192,2025-04-05,enviado,loja,623.6
10459,84,2025-04-09,concluido,loja,224.4
10460,8,2025-05-19,enviado,app,240.07
10461,104,2025-04-15,concluido,loja,265.56
10462,251,2025-12-19,concluido,loja,749.1
10463,219,2025-07-27,cancelado,loja,160.52
10464,202,2025-11-10,enviado,site,832.26
10465,232,2025-08-22,enviado,site,386.69
10466,126,2025-09-23,concluido,site,406.05
10467,265,2025-11-19,enviado,app,605.71
10468,204,2025-06-05,cancelado,marketplace,356.64
10469,217,2025-05-31,processando,site,672.05
10470,463,2025-03-14,concluido,loja,224.16
10471,257,2025-02-27,concluido,app,815.43
10472,166,2025-08-19,concluido,loja,237.92
10473,365,2025-04-14,enviado,site,835.15
10474,355,2025-11-29,enviado,app,242.9
10475,64,2025-02-16,concluido,loja,271.36
10476,44,2025-09-26,cancelado,app,144.61
10477,195,2025-01-23,cancelado,marketplace,180.34
10478,338,2025-03-18,concluido,app,327.54
10479,365,2025-01-27,concluido,marketplace,396.95
10480,229,2025-05-28,processando,site,640.86
10481,104,2025-01-02,processando,marketplace,286.07
10482,516,2025-09-13,concluido,site,439.09
10483,253,2025-05-02,concluido,loja,378.62
10484,227,2025-02-10,processando,site,472.24
10485,281,2025-05-23,processando,app,202.3
10486,76,2025-01-29,processando,site,221.6
10487,17,2025-12-08,concluido,marketplace,202.36
10488,45,2025-01-26,concluido,app,721.44
10489,146,2025-11-09,processando,app,820.4
10490,384,2025-10-24,concluido,site,214.28
10491,154,2025-06-15,concluido,loja,217.67
10492,389,2025-08-07,enviado,site,516.93
10493,69,2025-03-04,processando,marketplace,878.34
10494,212,2025-09-26,concluido,app,999.43
10495,56,2025-10-20,cancelado,site,206.71
10496,353,2025-11-06,enviado,marketplace,249.39
10497,435,2025-06-12,concluido,marketplace,411.32
10498,315,2025-10-16,concluido,loja,425.15
10499,93,2025-11-09,concluido,marketplace,294.34
10500,1,2025-03-02,concluido,site,175.43
10501,107,2025-11-12,enviado,loja,327.92
10502,180,2025-10-14,enviado,app,998.76
10503,507,2025-12-20,concluido,site,224.1
10504,260,2025-10-09,concluido,site,394.1
10505,171,2025-06-24,concluido,site,1419.3
10506,100,2025-06-19,enviado,loja,221.62
10507,409,2025-01-19,processando,loja,533.14
10508,236,2025-10-02,enviado,loja,1025.51
10509,212,2025-01-29,enviado,marketplace,503.2
10510,348,2025-06-11,concluido,site,689.06
10511,351,2025-06-19,enviado,marketplace,580.87
10512,77,2025-05-24,enviado,marketplace,476.83
10513,321,2025-10-01,enviado,loja,803.42
10514,60,2025-06-07,cancelado,marketplace,522.12
10515,140,2025-07-31,concluido,app,296.55
10516,425,2025-06-04,concluido,marketplace,373.39
10517,192,2025-01-20,cancelado,site,435.07
10518,13,2025-09-05,enviado,app,248.25
10519,248,2025-09-26,concluido,marketplace,385.22
10520,447,2025-02-20,enviado,app,347.55
10521,19,2025-08-24,concluido,site,521.05
10522,502,2025-12-18,enviado,site,1198.18
10523,456,2025-01-24,concluido,marketplace,401.14
10524,510,2025-11-24,enviado,marketplace,892.39
10525,147,2025-05-22,concluido,loja,508.77
10526,140,2025-03-18,concluido,site,384.01
10527,520,2025-10-14,concluido,app,237.73
10528,282,2025-06-13,concluido,marketplace,386.03
10529,88,2025-02-06,concluido,marketplace,369.77
10530,26,2025-03-08,concluido,site,191.56
10531,28,2025-02-14,concluido,app,216.44
10532,457,2025-10-31,processando,loja,437.57
10533,160,2025-06-20,enviado,site,886.78
10534,387,2025-08-27,concluido,site,320.09
10535,358,2025-08-28,concluido,marketplace,90.88
10536,364,2025-08-27,concluido,app,33.47
10537,459,2025-11-12,concluido,marketplace,142.23
10538,359,2025-12-07,concluido,marketplace,542.04
10539,16,2025-02-03,concluido,marketplace,109.25
10540,434,2025-03-29,concluido,marketplace,599.47
10541,66,2025-09-18,concluido,site,522.61
10542,333,2025-02-06,enviado,loja,312.2
10543,212,2025-05-03,processando,app,192.95
10544,197,2025-02-03,concluido,loja,280.1
10545,223,2025-10-18,enviado,app,430.23
10546,343,2025-02-09,cancelado,loja,112.63
10547,306,2025-08-26,concluido,site,830.81
10548,91,2025-06-07,enviado,site,427.53
10549,351,2025-11-02,cancelado,loja,461.31
10550,331,2025-12-05,concluido,app,520.14
10551,455,2025-10-25,enviado,site,780.33
10552,339,2025-03-18,concluido,marketplace,386.68
10553,296,2025-08-17,concluido,marketplace,542.26
10554,407,2025-12-14,concluido,loja,195.6
10555,469,2025-06-26,enviado,site,1002.0
10556,262,2025-07-26,enviado,marketplace,368.5
10557,462,2025-10-09,enviado,site,194.8
10558,421,2025-07-03,concluido,marketplace,237.78
10559,121,2025-08-10,cancelado,loja,52.61
10560,365,2025-07-15,concluido,loja,236.59
10561,340,2025-03-30,concluido,app,22.93
10562,432,2025-07-04,enviado,app,568.67
10563,447,2025-12-10,concluido,site,451.87
10564,9,2025-03-15,cancelado,loja,149.89
10565,70,2025-02-13,concluido,loja,324.4
10566,458,2025-12-23,processando,loja,335.11
10567,233,2025-09-18,concluido,loja,124.05
10568,116,2025-04-06,concluido,site,284.54
10569,434,2025-05-02,cancelado,marketplace,342.66
10570,280,2025-10-23,concluido,site,278.8
10571,361,2025-07-08,concluido,loja,194.64
10572,41,2025-03-14,cancelado,marketplace,144.97
10573,41,2025-09-25,enviado,site,271.5
10574,323,2025-12-06,enviado,site,214.2
10575,277,2025-10-24,concluido,site,497.4
10576,274,2025-01-06,concluido,loja,811.0
10577,170,2025-08-04,concluido,marketplace,618.55
10578,19,2025-12-22,enviado,marketplace,350.88
10579,289,2025-05-14,concluido,loja,200.69
10580,294,2025-01-27,processando,marketplace,607.73
10581,320,2025-01-14,concluido,site,517.66
10582,40,2025-05-23,concluido,marketplace,775.27
10583,132,2025-01-08,cancelado,app,386.98
10584,379,2025-03-19,processando,marketplace,969.26
10585,134,2025-12-25,concluido,app,387.06
10586,442,2025-01-17,concluido,site,199.91
10587,305,2025-03-20,enviado,loja,230.5
10588,122,2025-12-05,concluido,app,481.68
10589,376,2025-06-26,concluido,marketplace,213.74
10590,60,2025-01-27,concluido,loja,965.07
10591,244,2025-09-30,concluido,loja,455.13
10592,75,2025-09-29,enviado,site,345.43
10593,409,2025-08-18,concluido,marketplace,366.39
10594,350,2025-01-22,concluido,marketplace,276.6
10595,222,2025-11-09,enviado,marketplace,70.03
10596,137,2025-02-20,concluido,loja,230.63
10597,346,2025-05-04,cancelado,app,890.76
10598,347,2025-12-20,enviado,marketplace,394.28
10599,345,2025-01-05,enviado,site,664.9
10600,269,2025-02-23,processando,marketplace,677.21
10601,146,2025-05-09,concluido,site,326.62
10602,30,2025-11-01,processando,app,523.31
10603,327,2025-03-04,cancelado,site,78.31
10604,310,2025-03-08,concluido,app,845.64
10605,357,2025-04-05,concluido,loja,802.51
10606,39,2025-11-24,concluido,marketplace,472.73
10607,355,2025-12-08,cancelado,marketplace,404.27
10608,400,2025-02-07,concluido,site,329.75
10609,171,2025-01-31,concluido,marketplace,714.79
10610,36,2025-09-09,enviado,app,563.75
10611,92,2025-11-27,concluido,app,254.52
10612,221,2025-04-22,processando,site,129.01
10613,367,2025-05-13,concluido,site,107.59
10614,373,2025-05-09,cancelado,site,709.96
10615,77,2025-12-01,processando,site,324.59
10616,137,2025-03-19,cancelado,loja,467.5
10617,264,2025-12-29,enviado,loja,355.25
10618,207,2025-02-05,concluido,site,108.94
10619,353,2025-09-04,concluido,marketplace,80.17
10620,156,2025-07-25,concluido,site,241.33
10621,437,2025-06-24,concluido,loja,257.34
10622,149,2025-11-28,concluido,site,257.22
10623,339,2025-04-08,concluido,loja,262.95
10624,323,2025-12-19,concluido,site,1149.21
10625,225,2025-04-08,concluido,app,658.4
10626,519,2025-05-03,concluido,site,398.21
10627,330,2025-06-07,concluido,loja,318.7
10628,9,2025-01-19,concluido,marketplace,326.93
10629,22,2025-07-27,concluido,loja,550.3
10630,446,2025-10-02,concluido,app,316.54
10631,19,2025-03-14,concluido,site,615.48
10632,317,2025-01-24,concluido,app,428.62
10633,502,2025-06-07,enviado,site,1155.71
10634,88,2025-10-30,concluido,site,302.83
10635,305,2025-11-12,concluido,app,688.86
10636,416,2025-12-14,concluido,site,139.66
10637,295,2025-10-07,concluido,app,204.76
10638,304,2025-03-30,concluido,site,1060.74
10639,388,2025-08-01,concluido,marketplace,598.61
10640,225,2025-05-05,enviado,site,473.24
10641,406,2025-11-20,processando,app,1341.39
10642,516,2025-02-11,concluido,app,322.03
10643,362,2025-11-30,processando,marketplace,687.8
10644,414,2025-09-01,processando,app,720.63
10645,139,2025-09-25,concluido,app,919.06
10646,313,2025-12-21,concluido,app,125.58
10647,314,2025-02-15,processando,marketplace,320.47
10648,3,2025-10-13,concluido,site,423.51
10649,49,2025-11-13,concluido,app,909.6
10650,321,2025-12-04,concluido,site,460.33
10651,408,2025-03-18,processando,loja,721.62
10652,82,2025-12-10,enviado,site,115.49
10653,146,2025-04-18,concluido,marketplace,268.01
10654,456,2025-08-21,concluido,site,800.58
10655,91,2025-03-22,enviado,loja,295.21
10656,37,2025-05-01,cancelado,marketplace,339.85
10657,383,2025-12-13,enviado,app,900.46
10658,167,2025-04-27,concluido,loja,167.79
10659,193,2025-04-23,concluido,loja,202.09
10660,224,2025-03-16,concluido,loja,104.35
10661,192,2025-03-11,concluido,app,923.19
10662,139,2025-04-14,concluido,site,650.55
10663,31,2025-05-24,concluido,loja,639.89
10664,88,2025-06-25,concluido,marketplace,262.28
10665,405,2025-11-23,enviado,app,97.03
10666,284,2025-04-28,concluido,loja,72.06
10667,111,2025-10-30,concluido,loja,804.35
10668,374,2025-08-08,cancelado,app,494.63
10669,223,2025-10-24,concluido,app,559.33
10670,460,2025-01-03,concluido,site,410.01
10671,241,2025-09-16,concluido,loja,182.6
10672,409,2025-12-23,enviado,loja,271.59
10673,43,2025-10-13,cancelado,loja,146.8
10674,68,2025-07-03,concluido,site,131.11
10675,510,2025-03-24,cancelado,site,616.22
10676,238,2025-03-12,enviado,loja,78.86
10677,447,2025-07-09,processando,site,147.67
10678,37,2025-07-17,enviado,marketplace,283.73
10679,152,2025-08-07,cancelado,app,362.59
10680,42,2025-11-14,enviado,site,103.12
10681,466,2025-12-12,concluido,site,456.38
10682,188,2025-08-27,processando,marketplace,394.13
10683,332,2025-10-14,cancelado,app,795.52
10684,172,2025-05-03,concluido,loja,366.98
10685,386,2025-10-25,enviado,app,488.1
10686,390,2025-04-26,concluido,marketplace,191.24
10687,217,2025-05-22,concluido,marketplace,197.92
10688,249,2025-09-14,concluido,site,113.54
10689,273,2025-12-14,enviado,marketplace,192.78
10690,189,2025-12-11,enviado,site,268.56
10691,453,2025-08-23,concluido,loja,745.74
10692,148,2025-02-09,concluido,marketplace,169.59
10693,76,2025-09-12,concluido,app,1187.82
10694,322,2025-01-12,concluido,app,517.21
10695,216,2025-08-16,cancelado,site,448.38
10696,33,2025-01-12,enviado,app,346.89
10697,267,2025-11-27,concluido,marketplace,301.13
10698,403,2025-06-17,concluido,loja,216.7
10699,291,2025-03-09,enviado,marketplace,99.17
10700,134,2025-04-27,concluido,marketplace,174.58
10701,25,2025-03-17,concluido,loja,921.79
10702,317,2025-03-24,cancelado,marketplace,496.25
10703,90,2025-12-29,processando,app,916.64
10704,60,2025-01-22,enviado,app,212.29
10705,190,2025-04-05,concluido,site,143.13
10706,177,2025-03-17,concluido,app,344.45
10707,63,2025-01-13,concluido,loja,179.99
10708,235,2025-06-13,concluido,marketplace,396.84
10709,152,2025-08-31,enviado,app,80.23
10710,374,2025-08-15,concluido,site,45.52
10711,461,2025-01-21,concluido,site,436.64
10712,206,2025-11-13,enviado,loja,938.01
10713,168,2025-01-29,processando,app,449.94
10714,114,2025-05-23,concluido,site,492.86
10715,229,2025-12-13,processando,site,355.04
10716,202,2025-04-10,concluido,site,379.4
10717,185,2025-07-23,concluido,loja,94.46
10718,191,2025-01-07,concluido,marketplace,185.63
10719,229,2025-10-15,concluido,loja,740.88
10720,213,2025-08-15,concluido,loja,264.04
10721,213,2025-03-13,enviado,site,731.34
10722,156,2025-09-01,enviado,marketplace,372.07
10723,303,2025-07-12,concluido,loja,385.48
10724,140,2025-08-01,concluido,loja,265.57
10725,387,2025-03-12,concluido,loja,541.96
10726,252,2025-01-22,enviado,marketplace,630.47
10727,156,2025-09-10,concluido,loja,177.4
10728,406,2025-01-02,concluido,marketplace,103.43
10729,428,2025-11-22,concluido,marketplace,56.52
10730,252,2025-12-19,processando,site,477.05
10731,142,2025-09-10,enviado,site,440.91
10732,186,2025-10-25,concluido,loja,1397.6
10733,322,2025-12-18,concluido,site,356.53
10734,376,2025-10-22,concluido,marketplace,312.26
10735,30,2025-03-16,concluido,app,406.14
10736,28,2025-05-20,concluido,marketplace,421.49
10737,150,2025-09-29,processando,site,294.78
10738,393,2025-11-18,concluido,site,182.3
10739,86,2025-10-06,concluido,marketplace,342.98
10740,351,2025-06-04,concluido,marketplace,333.76
10741,297,2025-06-30,enviado,site,329.88
10742,145,2025-07-10,cancelado,loja,579.9
10743,467,2025-03-25,concluido,app,338.55
10744,426,2025-04-07,enviado,site,105.62
10745,470,2025-02-09,concluido,app,207.29
10746,246,2025-06-28,concluido,marketplace,292.08
10747,227,2025-11-02,concluido,marketplace,350.13
10748,156,2025-01-15,cancelado,site,483.83
10749,439,2025-12-22,concluido,app,352.11
10750,108,2025-03-08,enviado,loja,46.71
10751,402,2025-02-27,concluido,loja,117.67
10752,22,2025-04-11,concluido,site,506.19
10753,466,2025-05-10,concluido,marketplace,286.19
10754,387,2025-02-19,enviado,app,373.9
10755,103,2025-04-05,processando,site,259.73
10756,434,2025-05-23,enviado,marketplace,206.6
10757,438,2025-09-14,enviado,app,266.97
10758,35,2025-02-20,enviado,site,377.06
10759,367,2025-04-09,enviado,app,336.75
10760,276,2025-01-03,enviado,site,627.8
10761,259,2025-12-29,concluido,app,87.14
10762,55,2025-04-03,enviado,loja,99.49
10763,264,2025-04-27,concluido,marketplace,283.7
10764,57,2025-09-24,concluido,marketplace,487.53
10765,286,2025-01-21,concluido,loja,559.41
10766,146,2025-08-22,processando,marketplace,213.23
10767,431,2025-08-16,concluido,loja,20.0
10768,438,2025-08-08,concluido,site,218.77
10769,411,2025-09-01,enviado,marketplace,441.86
10770,346,2025-09-09,processando,loja,332.25
10771,338,2025-12-13,concluido,app,499.55
10772,356,2025-10-30,enviado,app,724.54
10773,102,2025-06-23,concluido,loja,298.5
10774,430,2025-08-06,cancelado,marketplace,238.35
10775,393,2025-10-25,processando,loja,162.0
10776,342,2025-11-05,enviado,loja,98.94
10777,76,2025-08-21,concluido,marketplace,74.9
10778,119,2025-11-18,enviado,site,196.86
10779,28,2025-02-04,concluido,site,662.11
10780,196,2025-11-06,processando,app,531.82
10781,320,2025-02-19,cancelado,loja,229.73
10782,104,2025-05-31,processando,loja,1194.77
10783,278,2025-06-25,enviado,site,207.97
10784,17,2025-08-09,enviado,site,768.57
10785,162,2025-07-12,concluido,site,884.9
10786,286,2025-12-04,enviado,marketplace,462.29
10787,85,2025-09-09,concluido,marketplace,195.37
10788,250,2025-02-26,concluido,loja,253.93
10789,351,2025-10-04,concluido,loja,383.49
10790,81,2025-09-17,concluido,marketplace,101.66
10791,194,2025-11-12,processando,marketplace,149.22
10792,15,2025-10-30,concluido,marketplace,138.7
10793,380,2025-10-26,concluido,marketplace,486.01
10794,220,2025-06-26,enviado,loja,720.08
10795,339,2025-05-06,concluido,marketplace,545.64
10796,467,2025-12-19,concluido,marketplace,645.3
10797,87,2025-01-11,concluido,site,182.13
10798,443,2025-08-05,concluido,loja,262.73
10799,357,2025-08-29,processando,marketplace,278.01
10800,200,2025-06-15,concluido,loja,461.05
10801,346,2025-04-16,concluido,marketplace,201.29
10802,154,2025-07-06,enviado,app,619.73
10803,434,2025-02-08,enviado,app,869.49
10804,25,2025-06-02,enviado,loja,477.0
10805,320,2025-02-17,cancelado,site,254.0
10806,140,2025-02-04,concluido,loja,168.99
10807,178,2025-02-09,processando,marketplace,138.99
10808,154,2025-08-10,processando,marketplace,47.31
10809,206,2025-05-09,processando,loja,284.47
10810,281,2025-04-03,enviado,app,272.42
10811,110,2025-12-05,enviado,loja,595.15
10812,327,2025-09-30,enviado,loja,212.04
10813,373,2025-11-17,concluido,app,296.55
10814,76,2025-05-04,concluido,marketplace,410.4
10815,211,2025-06-13,enviado,site,471.78
10816,434,2025-07-31,concluido,marketplace,551.07
10817,132,2025-12-18,processando,loja,382.51
10818,77,2025-04-09,concluido,marketplace,107.34
10819,287,2025-08-12,concluido,site,444.19
10820,140,2025-03-11,concluido,marketplace,199.92
10821,91,2025-11-26,enviado,loja,741.79
10822,29,2025-02-12,concluido,marketplace,341.26
10823,462,2025-07-28,enviado,site,398.75
10824,430,2025-03-13,concluido,site,1467.88
10825,425,2025-10-25,enviado,marketplace,557.4
10826,47,2025-05-02,processando,marketplace,438.72
10827,300,2025-07-19,enviado,app,303.09
10828,112,2025-03-15,concluido,app,115.89
10829,226,2025-07-29,concluido,site,287.17
10830,192,2025-12-25,enviado,marketplace,167.24
10831,244,2025-12-16,concluido,marketplace,936.71
10832,75,2025-07-05,concluido,marketplace,442.71
10833,11,2025-11-27,enviado,site,724.56
10834,340,2025-01-28,processando,app,207.24
10835,197,2025-06-08,processando,marketplace,177.58
10836,351,2025-03-04,concluido,app,521.98
10837,199,2025-01-05,enviado,loja,161.59
10838,470,2025-05-11,concluido,app,239.49
10839,441,2025-03-24,enviado,marketplace,964.78
10840,393,2025-11-26,concluido,site,246.99
10841,42,2025-09-09,concluido,loja,93.97
10842,171,2025-08-05,enviado,site,62.36
10843,358,2025-05-14,concluido,marketplace,83.13
10844,374,2025-10-08,cancelado,loja,751.97
10845,391,2025-01-27,processando,app,217.74
10846,406,2025-11-25,concluido,loja,1439.48
10847,157,2025-06-10,concluido,site,875.83
10848,265,2025-11-29,cancelado,loja,1110.21
10849,164,2025-08-20,concluido,app,656.01
10850,352,2025-10-31,enviado,marketplace,503.8
10851,213,2025-07-08,concluido,loja,172.28
10852,453,2025-10-20,concluido,site,335.17
10853,332,2025-11-10,processando,site,538.01
10854,102,2025-05-15,cancelado,app,629.95
10855,317,2025-08-08,processando,app,126.17
10856,189,2025-03-29,enviado,site,290.59
10857,517,2025-08-11,cancelado,loja,316.07
10858,254,2025-03-02,concluido,app,306.94
10859,442,2025-05-17,concluido,loja,141.82
10860,221,2025-04-16,processando,marketplace,1029.33
10861,97,2025-08-03,concluido,app,283.32
10862,509,2025-05-01,processando,app,150.97
10863,351,2025-11-28,concluido,site,1045.23
10864,447,2025-06-15,enviado,loja,876.36
10865,366,2025-07-16,cancelado,marketplace,371.85
10866,286,2025-01-31,concluido,app,233.93
10867,182,2025-11-07,enviado,site,76.62
10868,517,2025-11-14,concluido,loja,478.8
10869,68,2025-10-14,concluido,app,221.28
10870,258,2025-09-10,enviado,loja,329.28
10871,163,2025-12-30,concluido,app,987.46
10872,161,2025-01-23,enviado,loja,208.59
10873,428,2025-05-24,cancelado,loja,464.97
10874,449,2025-05-15,processando,marketplace,561.81
10875,224,2025-03-26,concluido,loja,737.07
10876,78,2025-10-12,enviado,loja,311.97
10877,77,2025-01-28,concluido,site,288.36
10878,84,2025-12-28,concluido,site,283.32
10879,254,2025-01-21,concluido,loja,434.68
10880,58,2025-03-17,concluido,site,853.01
10881,146,2025-04-03,enviado,marketplace,273.64
10882,340,2025-10-27,concluido,site,22.91
10883,293,2025-04-03,concluido,site,603.67
10884,256,2025-12-13,concluido,marketplace,352.75
10885,504,2025-07-21,concluido,site,479.53
10886,79,2025-01-15,concluido,loja,79.61
10887,138,2025-11-01,processando,marketplace,221.96
10888,336,2025-11-15,enviado,marketplace,571.63
10889,376,2025-10-19,concluido,site,112.3
10890,145,2025-06-15,enviado,site,464.26
10891,309,2025-07-15,concluido,marketplace,327.31
10892,395,2025-07-24,concluido,app,185.79
10893,400,2025-07-26,concluido,app,173.53
10894,252,2025-08-10,cancelado,marketplace,142.98
10895,309,2025-03-09,concluido,site,351.4
10896,263,2025-04-13,concluido,loja,381.29
10897,289,2025-11-04,concluido,loja,253.58
10898,315,2025-04-06,concluido,loja,135.29
10899,263,2025-06-24,enviado,app,455.2
10900,366,2025-03-21,enviado,site,610.93
10901,224,2025-02-10,enviado,loja,512.43
10902,66,2025-12-17,enviado,app,1138.49
10903,152,2025-10-19,concluido,site,293.0
10904,263,2025-02-25,concluido,loja,800.22
10905,339,2025-10-19,enviado,marketplace,200.86
10906,42,2025-09-15,concluido,loja,175.29
10907,94,2025-07-21,concluido,loja,367.08
10908,153,2025-06-10,processando,loja,914.85
10909,231,2025-11-16,enviado,marketplace,269.22
10910,447,2025-04-06,concluido,site,79.54
10911,310,2025-05-13,enviado,site,603.33
10912,10,2025-01-03,concluido,site,317.22
10913,245,2025-08-24,processando,loja,414.96
10914,417,2025-11-12,concluido,loja,182.95
10915,45,2025-03-06,concluido,app,364.63
10916,9,2025-12-23,enviado,site,91.89
10917,333,2025-03-16,processando,loja,1039.33
10918,440,2025-10-03,concluido,marketplace,677.75
10919,76,2025-08-31,concluido,site,352.97
10920,79,2025-12-26,concluido,loja,592.38
10921,441,2025-08-19,processando,app,201.28
10922,425,2025-07-20,concluido,site,658.28
10923,434,2025-08-10,enviado,loja,260.21
10924,306,2025-10-11,enviado,site,246.19
10925,249,2025-09-20,processando,loja,151.59
10926,32,2025-09-28,concluido,marketplace,451.31
10927,138,2025-11-28,concluido,loja,341.99
10928,319,2025-11-27,concluido,loja,816.71
10929,510,2025-04-09,concluido,loja,136.6
10930,113,2025-10-28,enviado,marketplace,452.72
10931,437,2025-12-03,concluido,marketplace,720.77
10932,200,2025-08-02,enviado,marketplace,386.11
10933,410,2025-03-24,processando,marketplace,256.42
10934,45,2025-12-08,concluido,app,379.16
10935,311,2025-09-09,concluido,loja,775.36
10936,253,2025-06-05,concluido,site,775.15
10937,184,2025-05-14,concluido,app,307.79
10938,441,2025-09-15,concluido,site,766.54
10939,59,2025-11-13,concluido,app,330.41
10940,175,2025-07-01,cancelado,marketplace,588.03
10941,437,2025-12-20,enviado,site,489.19
10942,225,2025-08-23,enviado,site,248.57
10943,401,2025-11-09,processando,site,156.38
10944,22,2025-09-17,concluido,site,733.02
10945,467,2025-07-05,concluido,marketplace,866.18
10946,391,2025-09-17,concluido,site,445.39
10947,187,2025-06-21,enviado,site,330.08
10948,225,2025-08-01,cancelado,site,121.45
10949,415,2025-08-31,concluido,app,720.89
10950,191,2025-08-01,concluido,app,410.59
10951,386,2025-09-29,concluido,app,276.27
10952,220,2025-07-31,enviado,loja,599.05
10953,265,2025-12-16,concluido,site,101.79
10954,395,2025-01-06,cancelado,site,145.15
10955,162,2025-07-25,enviado,app,195.37
10956,202,2025-01-19,processando,app,478.89
10957,30,2025-11-20,enviado,marketplace,382.13
10958,454,2025-12-15,cancelado,marketplace,517.52
10959,161,2025-06-26,concluido,marketplace,689.46
10960,313,2025-03-17,cancelado,loja,530.03
10961,455,2025-10-06,processando,loja,1053.27
10962,455,2025-11-29,concluido,app,688.42
10963,44,2025-01-19,concluido,loja,307.26
10964,379,2025-03-06,concluido,marketplace,220.79
10965,262,2025-10-10,concluido,marketplace,314.22
10966,82,2025-01-12,concluido,marketplace,542.41
10967,397,2025-06-05,cancelado,site,239.88
10968,431,2025-07-10,concluido,marketplace,552.41
10969,388,2025-11-30,enviado,loja,511.19
10970,378,2025-01-03,concluido,app,154.46
10971,298,2025-10-17,cancelado,app,680.08
10972,146,2025-12-08,enviado,app,434.66
10973,267,2025-05-07,concluido,app,1021.1
10974,185,2025-08-21,concluido,loja,331.25
10975,42,2025-02-17,concluido,app,266.82
10976,229,2025-02-09,concluido,loja,137.78
10977,266,2025-07-22,enviado,loja,135.87
10978,226,2025-12-19,enviado,loja,628.08
10979,214,2025-03-25,concluido,app,956.68
10980,235,2025-03-08,enviado,site,310.96
10981,234,2025-08-31,concluido,app,296.17
10982,190,2025-03-02,processando,loja,353.52
10983,190,2025-10-20,concluido,app,710.39
10984,157,2025-07-11,concluido,loja,155.65
10985,505,2025-03-14,enviado,loja,398.1
10986,458,2025-06-06,enviado,app,637.41
10987,379,2025-09-08,concluido,marketplace,474.91
10988,23,2025-08-02,concluido,marketplace,20.0
10989,461,2025-06-22,enviado,loja,531.8
10990,427,2025-11-07,concluido,app,478.05
10991,236,2025-08-19,processando,app,799.68
10992,167,2025-02-15,enviado,loja,908.92
10993,461,2025-07-22,concluido,site,774.21
10994,456,2025-08-15,cancelado,site,354.89
10995,363,2025-01-13,concluido,marketplace,75.95
10996,64,2025-11-26,concluido,app,294.57
10997,278,2025-10-23,cancelado,app,346.84
10998,258,2025-01-10,concluido,app,949.01
10999,141,2025-04-16,concluido,loja,184.49
11000,274,2025-11-07,concluido,site,104.7
11001,12,2025-06-24,concluido,loja,241.1
11002,517,2025-06-12,concluido,site,192.86
11003,51,2025-10-05,concluido,app,95.24
11004,394,2025-02-15,concluido,loja,315.97
11005,31,2025-11-11,enviado,app,356.68
11006,502,2025-06-02,concluido,marketplace,89.91
11007,458,2025-06-15,concluido,site,265.55
11008,123,2025-11-02,processando,loja,182.89
11009,259,2025-07-17,enviado,marketplace,365.09
11010,238,2025-10-11,concluido,loja,391.21
11011,508,2025-01-10,concluido,site,182.92
11012,285,2025-11-30,enviado,marketplace,676.17
11013,229,2025-02-12,enviado,app,341.27
11014,73,2025-07-11,concluido,app,190.16
11015,276,2025-08-05,enviado,loja,84.29
11016,417,2025-08-26,enviado,marketplace,406.07
11017,86,2025-01-01,concluido,loja,477.28
11018,129,2025-12-15,concluido,marketplace,230.65
11019,109,2025-10-27,enviado,marketplace,373.41
11020,379,2025-10-01,concluido,marketplace,908.89
11021,358,2025-03-04,enviado,marketplace,608.34
11022,108,2025-11-09,concluido,marketplace,36.01
11023,176,2025-11-22,concluido,loja,188.36
11024,340,2025-06-14,concluido,loja,304.74
11025,169,2025-01-09,enviado,app,355.26
11026,2,2025-11-08,concluido,site,379.21
11027,212,2025-10-12,enviado,loja,456.82
11028,276,2025-02-11,enviado,site,312.33
11029,457,2025-12-10,concluido,site,340.66
11030,417,2025-07-12,enviado,marketplace,629.14
11031,430,2025-12-23,enviado,site,411.67
11032,99,2025-08-16,concluido,site,125.91
11033,349,2025-12-30,concluido,site,363.41
11034,321,2025-06-05,enviado,app,305.37
11035,253,2025-07-05,concluido,loja,53.17
11036,362,2025-11-07,concluido,app,376.87
11037,327,2025-07-22,concluido,marketplace,141.34
11038,253,2025-03-29,concluido,app,635.25
11039,66,2025-02-03,concluido,app,452.39
11040,374,2025-05-21,concluido,site,119.64
11041,355,2025-12-14,concluido,marketplace,616.52
11042,453,2025-08-21,concluido,loja,807.96
11043,333,2025-01-27,enviado,marketplace,278.18
11044,209,2025-05-21,concluido,loja,304.04
11045,265,2025-01-23,enviado,app,577.45
11046,216,2025-09-30,concluido,site,769.68
11047,172,2025-02-11,enviado,site,70.56
11048,116,2025-12-20,concluido,site,132.78
11049,101,2025-03-26,concluido,site,244.76
11050,50,2025-01-15,concluido,site,265.8
11051,321,2025-06-21,enviado,app,566.52
11052,123,2025-06-24,enviado,marketplace,772.23
11053,122,2025-02-07,cancelado,loja,809.38
11054,321,2025-08-17,concluido,site,68.76
11055,470,2025-01-18,concluido,site,174.23
11056,32,2025-08-15,concluido,loja,210.34
11057,347,2025-01-29,concluido,marketplace,173.63
11058,206,2025-02-19,processando,loja,451.45
11059,307,2025-12-04,processando,loja,489.05
11060,408,2025-08-08,enviado,site,337.58
11061,346,2025-01-14,concluido,marketplace,314.73
11062,56,2025-02-22,concluido,site,252.97
11063,431,2025-04-10,enviado,app,276.29
11064,132,2025-07-01,concluido,loja,902.43
11065,71,2025-01-23,concluido,marketplace,538.2
11066,263,2025-11-30,cancelado,marketplace,260.41
11067,278,2025-03-16,concluido,marketplace,310.3
11068,150,2025-07-08,enviado,app,458.57
11069,260,2025-10-14,enviado,loja,119.6
11070,103,2025-11-24,enviado,site,372.39
11071,342,2025-09-01,processando,loja,518.61
11072,170,2025-10-24,concluido,marketplace,474.83
11073,215,2025-06-18,concluido,loja,177.11
11074,467,2025-01-22,concluido,site,205.28
11075,355,2025-04-28,concluido,app,46.46
11076,377,2025-06-19,enviado,loja,555.53
11077,95,2025-01-04,concluido,site,1147.72
11078,285,2025-02-28,concluido,loja,156.82
11079,300,2025-07-04,concluido,site,685.99
11080,146,2025-03-31,concluido,marketplace,1084.37
11081,174,2025-10-11,concluido,app,234.07
11082,509,2025-02-21,concluido,app,310.61
11083,404,2025-02-26,concluido,app,402.34
11084,123,2025-07-09,enviado,app,464.64
11085,410,2025-11-16,enviado,site,417.59
11086,452,2025-03-08,enviado,app,248.59
11087,356,2025-07-11,concluido,loja,513.21
11088,126,2025-01-24,cancelado,app,253.05
11089,151,2025-03-18,concluido,site,437.53
11090,144,2025-03-06,enviado,loja,328.85
11091,42,2025-08-29,enviado,site,61.39
11092,199,2025-11-27,cancelado,marketplace,751.69
11093,238,2025-04-02,concluido,marketplace,209.77
11094,248,2025-09-11,concluido,loja,800.03
11095,405,2025-10-26,processando,app,668.37
11096,104,2025-08-20,enviado,loja,393.94
11097,218,2025-07-13,concluido,marketplace,481.14
11098,44,2025-03-10,cancelado,marketplace,520.96
11099,181,2025-04-28,processando,loja,289.77
11100,173,2025-08-07,concluido,loja,300.15
11101,412,2025-09-12,concluido,loja,504.13
11102,515,2025-04-30,concluido,site,331.42
11103,43,2025-05-31,enviado,site,249.22
11104,117,2025-02-20,concluido,marketplace,179.52
11105,103,2025-06-20,concluido,marketplace,446.38
11106,382,2025-12-16,enviado,app,204.24
11107,71,2025-10-06,enviado,site,595.84
11108,145,2025-06-27,enviado,loja,629.13
11109,421,2025-10-24,cancelado,site,478.64
11110,263,2025-03-18,enviado,app,547.73
11111,384,2025-04-18,concluido,loja,479.6
11112,237,2025-06-24,enviado,marketplace,573.78
11113,220,2025-12-24,concluido,loja,557.73
11114,286,2025-01-16,concluido,app,430.05
11115,378,2025-01-05,concluido,marketplace,673.87
11116,215,2025-08-06,processando,loja,297.47
11117,354,2025-10-03,concluido,site,184.08
11118,17,2025-03-13,concluido,marketplace,176.37
11119,410,2025-11-05,enviado,loja,265.81
11120,105,2025-07-20,concluido,loja,52.32
11121,56,2025-06-18,concluido,loja,391.23
11122,156,2025-02-17,concluido,app,525.6
11123,353,2025-11-05,concluido,app,623.34
11124,467,2025-07-17,concluido,app,75.44
11125,269,2025-02-05,concluido,marketplace,181.17
11126,88,2025-06-17,enviado,loja,584.06
11127,57,2025-03-08,concluido,loja,290.55
11128,200,2025-04-16,concluido,app,517.74
11129,419,2025-12-30,processando,app,114.09
11130,159,2025-10-28,concluido,loja,794.0
11131,4,2025-03-15,concluido,loja,105.97
11132,127,2025-09-27,concluido,loja,383.27
11133,295,2025-01-21,cancelado,marketplace,390.24
11134,234,2025-06-27,cancelado,marketplace,229.02
11135,422,2025-03-31,concluido,app,467.29
11136,376,2025-08-10,concluido,app,476.27
11137,49,2025-07-21,processando,site,442.04
11138,446,2025-03-22,concluido,marketplace,225.73
11139,35,2025-12-24,cancelado,app,192.47
11140,211,2025-10-11,concluido,marketplace,245.06
11141,54,2025-09-16,cancelado,marketplace,171.61
11142,85,2025-05-10,concluido,site,693.97
11143,38,2025-11-24,processando,loja,261.64
11144,382,2025-07-24,enviado,loja,375.63
11145,129,2025-02-28,cancelado,app,582.5
11146,384,2025-08-26,concluido,site,164.68
11147,337,2025-05-05,cancelado,loja,101.8
11148,421,2025-05-23,enviado,app,172.11
11149,311,2025-02-21,concluido,site,404.8
11150,201,2025-03-28,concluido,site,385.89
11151,79,2025-08-14,concluido,app,441.46
11152,458,2025-12-12,concluido,loja,311.25
11153,429,2025-11-22,enviado,site,22.32
11154,158,2025-08-16,concluido,site,304.05
11155,194,2025-04-14,enviado,marketplace,633.73
11156,103,2025-02-16,concluido,site,740.9
11157,173,2025-04-09,processando,site,358.28
11158,452,2025-02-19,enviado,app,386.9
11159,23,2025-08-01,concluido,marketplace,511.32
11160,321,2025-04-08,processando,loja,727.54
11161,62,2025-04-29,concluido,marketplace,336.13
11162,8,2025-07-25,processando,site,506.6
11163,235,2025-04-23,concluido,marketplace,217.98
11164,189,2025-01-23,concluido,app,116.33
11165,393,2025-11-03,concluido,site,236.41
11166,406,2025-10-19,concluido,site,834.73
11167,324,2025-12-23,concluido,app,513.42
11168,326,2025-12-19,concluido,loja,126.54
11169,10,2025-11-08,enviado,loja,529.33
11170,328,2025-04-30,concluido,site,135.33
11171,316,2025-03-05,concluido,loja,437.33
11172,318,2025-02-10,concluido,marketplace,159.4
11173,104,2025-03-19,concluido,site,120.16
11174,372,2025-11-03,enviado,loja,923.51
11175,169,2025-03-10,concluido,site,261.49
11176,213,2025-11-28,enviado,site,507.24
11177,376,2025-06-19,concluido,app,346.16
11178,465,2025-12-07,enviado,app,144.89
11179,196,2025-09-24,concluido,loja,282.86
11180,34,2025-09-09,concluido,app,145.99
11181,73,2025-04-15,concluido,app,1347.09
11182,426,2025-04-15,concluido,site,568.25
11183,240,2025-06-09,concluido,app,341.56
11184,91,2025-11-07,concluido,marketplace,489.31
11185,326,2025-04-14,concluido,loja,544.42
11186,185,2025-07-23,concluido,loja,545.38
11187,259,2025-11-09,cancelado,app,530.13
11188,407,2025-09-04,concluido,loja,503.57
11189,43,2025-06-03,processando,app,361.68
11190,90,2025-05-12,concluido,marketplace,879.05
11191,193,2025-10-15,processando,site,378.17
11192,367,2025-08-29,concluido,app,348.67
11193,517,2025-07-11,concluido,loja,380.46
11194,381,2025-07-11,concluido,marketplace,399.64
11195,302,2025-02-06,concluido,site,76.05
11196,64,2025-07-17,enviado,app,170.66
11197,224,2025-05-11,cancelado,marketplace,311.24
11198,251,2025-11-22,processando,site,72.25
11199,218,2025-05-07,concluido,site,341.16
11200,186,2025-11-20,cancelado,site,395.99
11201,331,2025-03-17,concluido,loja,111.61
11202,76,2025-05-11,concluido,app,206.07
11203,503,2025-11-26,cancelado,loja,760.02
11204,301,2025-02-11,concluido,app,492.66
11205,85,2025-08-07,concluido,marketplace,474.02
11206,273,2025-12-04,enviado,marketplace,701.62
11207,386,2025-02-15,concluido,marketplace,173.44
11208,138,2025-04-18,enviado,loja,111.91
11209,4,2025-03-28,enviado,site,642.0
11210,397,2025-12-23,concluido,loja,317.67
11211,376,2025-08-09,concluido,marketplace,169.62
11212,69,2025-04-12,concluido,site,75.43
11213,417,2025-04-19,concluido,site,383.51
11214,415,2025-04-09,concluido,loja,291.4
11215,468,2025-11-16,concluido,app,255.54
11216,44,2025-07-13,concluido,site,32.78
11217,300,2025-05-01,concluido,site,871.79
11218,509,2025-01-04,processando,site,93.38
11219,268,2025-01-04,concluido,marketplace,274.6
11220,243,2025-06-22,processando,marketplace,241.11
11221,456,2025-06-25,enviado,app,502.52
11222,341,2025-07-24,concluido,site,76.3
11223,448,2025-06-19,enviado,site,462.96
11224,358,2025-07-25,cancelado,app,384.85
11225,504,2025-09-29,concluido,app,198.08
11226,317,2025-12-18,processando,loja,452.0
11227,339,2025-04-07,concluido,marketplace,340.73
11228,512,2025-01-24,enviado,marketplace,1003.74
11229,120,2025-11-07,concluido,site,291.2
11230,244,2025-12-04,enviado,site,151.4
11231,151,2025-11-07,concluido,app,466.08
11232,449,2025-10-20,enviado,site,264.74
11233,408,2025-02-14,concluido,loja,335.83
11234,229,2025-03-01,concluido,app,112.76
11235,88,2025-12-04,processando,site,507.67
11236,367,2025-01-15,concluido,marketplace,233.15
11237,393,2025-05-24,concluido,marketplace,405.72
11238,460,2025-12-10,concluido,app,1162.08
11239,325,2025-09-09,concluido,marketplace,278.84
11240,295,2025-11-04,concluido,marketplace,554.26
11241,368,2025-07-15,processando,loja,293.37
11242,115,2025-05-13,concluido,site,200.27
11243,175,2025-10-31,enviado,site,776.95
11244,66,2025-06-10,enviado,site,54.27
11245,303,2025-10-02,concluido,loja,649.67
11246,164,2025-07-06,enviado,app,47.07
11247,309,2025-10-30,concluido,loja,606.79
11248,515,2025-06-11,concluido,marketplace,339.52
11249,256,2025-12-15,concluido,marketplace,151.76
11250,341,2025-12-26,concluido,marketplace,245.51
11251,353,2025-03-05,concluido,loja,534.62
11252,111,2025-09-11,concluido,loja,1094.11
11253,415,2025-06-20,concluido,app,79.45
11254,415,2025-04-26,cancelado,site,159.89
11255,398,2025-04-02,enviado,loja,103.54
11256,418,2025-12-04,enviado,app,291.6
11257,281,2025-07-20,concluido,loja,617.44
11258,388,2025-07-20,concluido,marketplace,90.56
11259,100,2025-12-25,enviado,loja,333.04
11260,166,2025-10-25,enviado,site,604.71
11261,364,2025-06-05,concluido,app,242.78
11262,227,2025-12-23,concluido,app,387.34
11263,412,2025-04-11,cancelado,site,740.75
11264,439,2025-10-22,concluido,app,135.43
11265,219,2025-12-14,enviado,site,60.95
11266,243,2025-04-02,enviado,site,420.9
11267,333,2025-06-23,processando,app,428.96
11268,207,2025-05-06,concluido,app,229.86
11269,155,2025-12-19,processando,app,195.71
11270,193,2025-12-21,enviado,site,344.47
11271,443,2025-11-29,concluido,loja,133.27
11272,62,2025-03-01,concluido,loja,133.46
11273,466,2025-09-18,concluido,loja,532.3
11274,382,2025-02-18,enviado,app,125.27
11275,331,2025-12-26,concluido,app,65.2
11276,33,2025-10-03,concluido,site,195.4
11277,419,2025-10-02,enviado,loja,234.24
11278,429,2025-10-27,concluido,site,462.92
11279,107,2025-12-04,enviado,app,209.44
11280,356,2025-04-03,concluido,loja,821.23
11281,63,2025-01-21,concluido,app,357.42
11282,45,2025-10-15,concluido,site,173.85
11283,64,2025-09-17,concluido,app,449.76
11284,337,2025-01-01,concluido,site,811.99
11285,266,2025-05-31,processando,loja,522.69
11286,252,2025-12-22,concluido,marketplace,85.34
11287,262,2025-04-18,processando,site,250.14
11288,97,2025-03-14,concluido,app,401.36
11289,309,2025-10-10,concluido,marketplace,508.39
11290,374,2025-11-15,concluido,marketplace,292.93
11291,333,2025-03-25,concluido,site,263.15
11292,347,2025-08-06,enviado,app,999.09
11293,37,2025-11-19,cancelado,app,527.82
11294,289,2025-12-03,processando,app,450.71
11295,79,2025-06-11,enviado,loja,216.55
11296,310,2025-05-07,concluido,site,131.57
11297,351,2025-10-08,concluido,marketplace,456.09
11298,186,2025-06-20,cancelado,app,566.27
11299,116,2025-05-21,concluido,loja,334.63
11300,114,2025-07-13,enviado,site,528.75
11301,373,2025-06-06,processando,loja,537.72
11302,179,2025-12-25,concluido,marketplace,591.06
11303,312,2025-02-20,enviado,app,83.89
11304,385,2025-07-19,concluido,loja,255.62
11305,66,2025-05-13,concluido,app,474.78
11306,74,2025-07-13,concluido,marketplace,348.39
11307,372,2025-11-24,enviado,app,538.83
11308,215,2025-12-28,concluido,loja,450.53
11309,409,2025-08-28,concluido,marketplace,35.93
11310,267,2025-04-28,concluido,site,684.49
11311,209,2025-06-10,enviado,site,231.46
11312,123,2025-02-17,concluido,site,165.35
11313,147,2025-10-11,enviado,site,669.89
11314,218,2025-12-13,concluido,app,511.73
11315,264,2025-12-17,enviado,site,730.86
11316,316,2025-04-08,enviado,site,404.43
11317,360,2025-10-01,cancelado,app,253.12
11318,339,2025-09-28,processando,site,372.51
11319,87,2025-12-12,enviado,app,141.1
11320,188,2025-03-10,concluido,site,101.05
11321,195,2025-03-29,concluido,site,203.79
11322,348,2025-05-08,enviado,site,871.93
11323,248,2025-05-31,concluido,site,220.71
11324,292,2025-07-21,concluido,marketplace,66.73
11325,330,2025-09-21,enviado,site,299.1
11326,457,2025-11-13,enviado,site,218.39
11327,316,2025-08-24,concluido,marketplace,692.52
11328,180,2025-04-06,concluido,site,832.94
11329,252,2025-04-12,concluido,app,244.23
11330,468,2025-09-07,concluido,marketplace,404.16
11331,203,2025-07-11,concluido,loja,427.84
11332,275,2025-05-18,concluido,loja,324.18
11333,225,2025-03-24,concluido,loja,282.46
11334,507,2025-02-26,concluido,site,156.11
11335,216,2025-06-19,enviado,app,55.77
11336,246,2025-12-07,enviado,site,155.33
11337,282,2025-09-11,enviado,app,315.9
11338,392,2025-07-24,concluido,loja,90.72
11339,56,2025-01-11,concluido,marketplace,389.59
11340,393,2025-12-17,concluido,marketplace,353.34
11341,306,2025-01-05,concluido,marketplace,218.69
11342,43,2025-08-08,concluido,app,273.52
11343,96,2025-05-08,concluido,site,107.02
11344,359,2025-05-07,processando,loja,584.15
11345,362,2025-02-22,cancelado,app,577.65
11346,438,2025-10-30,processando,app,125.33
11347,68,2025-07-25,concluido,app,128.64
11348,219,2025-01-10,processando,site,157.1
11349,195,2025-07-28,concluido,app,490.69
11350,219,2025-09-03,concluido,loja,426.91
11351,156,2025-02-26,concluido,marketplace,664.98
11352,365,2025-08-03,concluido,site,713.52
11353,1,2025-01-27,processando,marketplace,82.6
11354,242,2025-05-24,enviado,site,479.0
11355,130,2025-09-09,concluido,marketplace,695.29
11356,343,2025-01-07,processando,app,260.36
11357,380,2025-07-05,cancelado,marketplace,330.24
11358,142,2025-04-18,processando,site,294.92
11359,67,2025-11-19,cancelado,site,304.69
11360,468,2025-12-02,enviado,app,582.84
11361,51,2025-02-08,enviado,marketplace,976.06
11362,243,2025-04-14,concluido,app,803.11
11363,99,2025-08-03,concluido,marketplace,226.86
11364,389,2025-10-14,enviado,marketplace,405.05
11365,368,2025-03-02,enviado,site,177.76
11366,269,2025-09-15,enviado,app,193.18
11367,357,2025-03-08,concluido,site,319.75
11368,356,2025-04-08,cancelado,loja,188.92
11369,273,2025-09-20,enviado,app,212.58
11370,261,2025-07-16,concluido,loja,398.38
11371,140,2025-04-16,concluido,app,474.48
11372,304,2025-12-23,concluido,loja,465.96
11373,369,2025-09-26,concluido,app,469.1
11374,138,2025-10-10,concluido,app,114.28
11375,122,2025-05-30,concluido,app,181.07
11376,143,2025-03-10,concluido,site,345.42
11377,128,2025-04-18,concluido,site,674.98
11378,324,2025-11-06,enviado,marketplace,1317.07
11379,362,2025-10-09,concluido,app,416.39
11380,314,2025-05-31,concluido,site,546.52
11381,6,2025-07-02,concluido,marketplace,102.61
11382,9,2025-10-03,processando,site,536.84
11383,353,2025-07-15,enviado,marketplace,1102.82
11384,325,2025-11-06,concluido,loja,180.53
11385,138,2025-04-15,processando,loja,218.16
11386,119,2025-08-11,concluido,loja,594.83
11387,93,2025-08-24,concluido,app,342.28
11388,252,2025-04-03,processando,site,50.49
11389,454,2025-04-01,enviado,app,228.73
11390,37,2025-08-07,concluido,loja,830.75
11391,270,2025-03-12,cancelado,site,271.96
11392,194,2025-07-16,concluido,site,271.79
11393,330,2025-01-23,concluido,site,570.26
11394,322,2025-11-04,concluido,site,426.76
11395,55,2025-10-05,cancelado,marketplace,260.93
11396,44,2025-04-14,concluido,loja,206.8
11397,158,2025-06-19,concluido,app,1708.24
11398,355,2025-05-17,processando,site,744.46
11399,502,2025-02-22,concluido,site,468.98
11400,429,2025-08-01,concluido,app,489.36
11401,514,2025-07-17,concluido,marketplace,306.08
11402,451,2025-12-17,concluido,site,423.26
11403,57,2025-04-25,concluido,marketplace,282.6
11404,316,2025-06-20,concluido,site,167.1
11405,310,2025-03-19,concluido,marketplace,434.72
11406,348,2025-08-06,concluido,marketplace,264.64
11407,147,2025-06-28,enviado,marketplace,450.26
11408,339,2025-07-08,enviado,site,508.43
11409,442,2025-03-18,cancelado,app,466.46
11410,200,2025-08-17,cancelado,loja,155.79
11411,58,2025-10-23,concluido,marketplace,243.46
11412,166,2025-03-07,concluido,loja,268.53
11413,254,2025-08-06,concluido,loja,637.65
11414,326,2025-06-20,concluido,app,616.27
11415,282,2025-09-12,concluido,loja,189.96
11416,421,2025-04-28,concluido,loja,111.8
11417,398,2025-12-22,enviado,app,1355.86
11418,121,2025-07-05,concluido,site,454.12
11419,243,2025-03-10,enviado,site,98.32
11420,185,2025-03-13,concluido,app,215.37
11421,283,2025-08-04,concluido,app,654.98
11422,71,2025-03-02,enviado,app,1155.75
11423,14,2025-12-23,enviado,marketplace,1038.11
11424,55,2025-12-06,processando,loja,441.21
11425,446,2025-03-22,concluido,marketplace,336.83
11426,126,2025-02-09,concluido,loja,143.25
11427,94,2025-08-29,cancelado,marketplace,357.52
11428,370,2025-06-22,concluido,site,160.41
11429,80,2025-01-31,enviado,site,245.3
11430,89,2025-09-15,concluido,loja,594.42
11431,349,2025-08-21,concluido,marketplace,281.54
11432,257,2025-06-06,cancelado,loja,267.56
11433,140,2025-02-17,concluido,app,323.8
11434,206,2025-11-13,concluido,loja,1480.47
11435,382,2025-10-14,processando,site,130.02
11436,240,2025-09-02,concluido,loja,409.85
11437,85,2025-01-28,enviado,loja,980.6
11438,56,2025-02-23,concluido,marketplace,323.1
11439,510,2025-03-25,concluido,site,735.67
11440,6,2025-06-08,concluido,app,104.78
11441,17,2025-05-04,concluido,site,288.51
11442,405,2025-09-05,concluido,marketplace,175.15
11443,159,2025-01-05,enviado,marketplace,320.62
11444,257,2025-04-10,concluido,loja,325.58
11445,67,2025-12-26,processando,marketplace,350.47
11446,380,2025-09-15,concluido,app,590.82
11447,513,2025-09-02,processando,site,30.99
11448,78,2025-12-16,concluido,site,207.79
11449,119,2025-04-21,enviado,app,390.68
11450,83,2025-09-14,concluido,marketplace,53.55
11451,68,2025-06-23,concluido,loja,512.61
11452,365,2025-12-16,concluido,app,204.66
11453,311,2025-02-08,enviado,loja,292.63
11454,8,2025-03-15,cancelado,marketplace,608.42
11455,409,2025-02-14,concluido,loja,757.15
11456,152,2025-03-24,concluido,marketplace,523.05
11457,37,2025-04-02,cancelado,loja,126.69
11458,243,2025-05-12,cancelado,loja,505.82
11459,72,2025-03-05,enviado,loja,528.62
11460,440,2025-05-27,concluido,app,461.47
11461,263,2025-11-16,enviado,marketplace,836.25
11462,212,2025-09-17,concluido,site,357.04
11463,330,2025-01-30,cancelado,app,815.93
11464,288,2025-01-05,concluido,site,812.78
11465,82,2025-10-19,concluido,site,538.52
11466,448,2025-08-25,processando,marketplace,414.34
11467,329,2025-10-01,enviado,loja,463.27
11468,93,2025-02-25,enviado,loja,951.43
11469,103,2025-07-25,concluido,marketplace,674.42
11470,310,2025-09-06,concluido,loja,140.67
11471,233,2025-01-20,concluido,loja,443.67
11472,110,2025-06-13,concluido,loja,167.68
11473,414,2025-07-05,enviado,loja,199.79
11474,109,2025-01-12,enviado,loja,252.87
11475,326,2025-04-01,concluido,site,95.32
11476,42,2025-06-02,enviado,loja,158.55
11477,269,2025-04-20,processando,marketplace,865.24
11478,28,2025-02-17,enviado,loja,198.8
11479,386,2025-06-02,concluido,marketplace,593.01
11480,247,2025-09-01,concluido,app,380.06
11481,224,2025-07-01,enviado,loja,491.25
11482,288,2025-11-02,concluido,app,505.31
11483,422,2025-06-12,concluido,loja,152.58
11484,256,2025-06-12,concluido,loja,590.73
11485,370,2025-01-02,enviado,app,114.9
11486,328,2025-10-24,concluido,app,192.12
11487,97,2025-08-04,processando,app,500.42
11488,111,2025-06-28,concluido,app,143.99
11489,296,2025-01-08,concluido,marketplace,47.56
11490,510,2025-09-15,enviado,site,429.53
11491,333,2025-08-22,concluido,marketplace,79.39
11492,278,2025-08-07,concluido,marketplace,532.22
11493,91,2025-08-23,concluido,app,267.06
11494,84,2025-10-05,concluido,marketplace,425.32
11495,353,2025-12-15,concluido,marketplace,419.9
11496,464,2025-02-20,enviado,site,558.59
11497,9,2025-11-12,enviado,site,510.25
11498,385,2025-11-16,enviado,site,142.86
11499,258,2025-10-25,enviado,marketplace,279.48
11500,109,2025-04-25,cancelado,loja,424.97
11501,439,2025-08-29,enviado,marketplace,825.25
11502,468,2025-08-26,concluido,loja,513.38
11503,512,2025-04-25,concluido,marketplace,780.24
11504,136,2025-06-07,enviado,loja,440.39
11505,3,2025-08-01,concluido,site,682.05
11506,192,2025-09-23,enviado,marketplace,401.12
11507,293,2025-08-09,concluido,loja,664.12
11508,330,2025-07-21,enviado,loja,256.78
11509,326,2025-07-19,enviado,app,885.79
11510,163,2025-09-22,concluido,app,474.53
11511,411,2025-03-06,concluido,loja,95.99
11512,322,2025-05-14,enviado,app,434.77
11513,105,2025-02-17,concluido,loja,514.5
11514,519,2025-03-20,concluido,site,604.11
11515,13,2025-03-08,enviado,marketplace,1082.12
11516,335,2025-04-24,concluido,app,226.34
11517,414,2025-07-13,cancelado,site,1086.64
11518,74,2025-11-18,concluido,site,336.91
11519,306,2025-03-04,concluido,marketplace,184.48
11520,93,2025-02-17,concluido,marketplace,230.22
11521,107,2025-07-20,concluido,site,494.31
11522,250,2025-11-17,concluido,loja,162.75
11523,161,2025-11-21,enviado,app,260.14
11524,6,2025-04-02,processando,site,427.42
11525,176,2025-06-27,concluido,site,881.45
11526,380,2025-05-11,enviado,app,592.81
11527,275,2025-01-12,concluido,app,346.82
11528,187,2025-02-28,enviado,site,492.8
11529,113,2025-02-12,cancelado,app,398.91
11530,247,2025-04-13,enviado,marketplace,124.98
11531,334,2025-05-31,concluido,loja,979.02
11532,205,2025-04-09,concluido,app,890.3
11533,455,2025-05-24,enviado,site,318.14
11534,393,2025-10-28,concluido,app,236.72
11535,250,2025-08-10,enviado,loja,127.6
11536,140,2025-06-13,processando,loja,513.59
11537,291,2025-06-30,concluido,site,515.81
11538,456,2025-01-18,enviado,marketplace,174.47
11539,151,2025-11-06,enviado,marketplace,402.18
11540,59,2025-04-03,enviado,loja,580.82
11541,184,2025-05-06,concluido,marketplace,224.33
11542,400,2025-06-10,concluido,marketplace,289.96
11543,368,2025-06-18,concluido,marketplace,287.87
11544,288,2025-02-03,concluido,app,183.81
11545,53,2025-10-15,concluido,site,294.37
11546,331,2025-08-04,processando,loja,80.92
11547,164,2025-04-12,concluido,loja,276.85
11548,141,2025-08-04,concluido,loja,280.04
11549,168,2025-10-30,concluido,site,321.04
11550,330,2025-10-22,enviado,loja,468.24
11551,431,2025-07-26,concluido,site,118.46
11552,9,2025-02-05,concluido,loja,139.36
11553,141,2025-06-12,cancelado,loja,179.98
11554,397,2025-06-10,concluido,site,107.42
11555,357,2025-08-21,concluido,site,504.61
11556,317,2025-02-22,concluido,site,216.71
11557,72,2025-02-23,enviado,loja,328.33
11558,46,2025-04-08,cancelado,marketplace,167.56
11559,276,2025-01-03,enviado,site,255.09
11560,402,2025-01-23,concluido,marketplace,415.62
11561,169,2025-12-19,processando,loja,429.58
11562,88,2025-03-12,processando,site,144.62
11563,442,2025-03-17,cancelado,loja,316.57
11564,343,2025-03-04,concluido,app,169.95
11565,339,2025-09-08,enviado,marketplace,308.09
11566,248,2025-04-26,concluido,marketplace,202.68
11567,181,2025-10-13,enviado,app,1018.2
11568,377,2025-04-16,processando,site,578.63
11569,31,2025-04-19,concluido,app,442.45
11570,198,2025-04-07,concluido,marketplace,271.98
11571,303,2025-09-28,concluido,marketplace,589.65
11572,160,2025-12-29,concluido,app,323.28
11573,55,2025-03-08,concluido,marketplace,953.47
11574,232,2025-11-14,concluido,loja,628.5
11575,143,2025-08-05,concluido,marketplace,253.69
11576,296,2025-11-28,concluido,loja,885.54
11577,382,2025-02-26,concluido,loja,273.02
11578,15,2025-09-01,processando,loja,1055.51
11579,61,2025-10-09,concluido,loja,915.47
11580,204,2025-09-15,concluido,marketplace,414.07
11581,140,2025-07-09,concluido,loja,84.01
11582,217,2025-04-10,concluido,loja,392.18
11583,142,2025-09-29,processando,loja,131.94
11584,26,2025-11-27,concluido,site,207.58
11585,28,2025-01-19,concluido,app,220.09
11586,52,2025-05-22,concluido,loja,130.95
11587,52,2025-04-23,cancelado,marketplace,393.21
11588,88,2025-04-15,concluido,marketplace,188.56
11589,148,2025-01-02,concluido,loja,282.44
11590,437,2025-12-19,concluido,marketplace,221.56
11591,86,2025-04-06,concluido,loja,469.6
11592,7,2025-12-08,concluido,marketplace,446.84
11593,509,2025-02-09,concluido,site,265.84
11594,243,2025-10-26,concluido,app,485.43
11595,24,2025-01-09,concluido,marketplace,737.92
11596,269,2025-09-15,concluido,app,39.73
11597,52,2025-06-05,enviado,marketplace,211.76
11598,377,2025-06-29,enviado,marketplace,154.3
11599,130,2025-07-06,concluido,marketplace,197.08
11600,171,2025-09-23,cancelado,loja,31.43
11601,352,2025-09-23,cancelado,site,37.77
11602,211,2025-04-23,processando,app,227.48
11603,16,2025-05-06,concluido,loja,222.49
11604,382,2025-02-15,concluido,loja,806.14
11605,141,2025-11-17,processando,loja,371.95
11606,449,2025-09-27,concluido,marketplace,477.14
11607,201,2025-10-29,concluido,marketplace,2521.82
11608,22,2025-10-24,concluido,marketplace,39.9
11609,63,2025-08-10,enviado,marketplace,963.66
11610,5,2025-09-13,enviado,app,324.93
11611,77,2025-09-25,enviado,app,242.09
11612,148,2025-02-03,enviado,site,214.44
11613,112,2025-05-25,enviado,site,423.72
11614,157,2025-01-03,concluido,site,243.69
11615,71,2025-06-29,enviado,app,127.67
11616,366,2025-05-19,concluido,app,220.79
11617,42,2025-05-29,concluido,loja,432.09
11618,128,2025-12-14,processando,loja,534.35
11619,463,2025-02-20,enviado,marketplace,1026.49
11620,89,2025-10-16,concluido,marketplace,360.7
11621,72,2025-12-16,cancelado,marketplace,766.07
11622,284,2025-04-13,concluido,site,290.36
11623,322,2025-08-25,concluido,loja,320.46
11624,427,2025-08-12,concluido,loja,308.22
11625,258,2025-12-17,cancelado,loja,391.62
11626,239,2025-08-04,enviado,loja,598.28
11627,518,2025-01-14,enviado,loja,235.96
11628,72,2025-11-11,enviado,app,161.33
11629,192,2025-03-07,processando,marketplace,629.94
11630,433,2025-07-21,concluido,site,600.77
11631,391,2025-09-23,concluido,site,843.88
11632,139,2025-11-29,concluido,site,208.28
11633,290,2025-09-04,processando,site,282.65
11634,300,2025-12-12,concluido,site,645.5
11635,265,2025-03-15,concluido,loja,233.84
11636,459,2025-12-12,processando,app,519.41
11637,160,2025-01-04,enviado,app,291.29
11638,1,2025-03-20,processando,site,422.16
11639,127,2025-04-15,concluido,site,125.41
11640,228,2025-07-20,concluido,site,357.39
11641,248,2025-04-05,enviado,marketplace,728.41
11642,349,2025-08-13,enviado,site,565.74
11643,326,2025-01-12,concluido,app,152.49
11644,380,2025-12-25,concluido,loja,974.95
11645,149,2025-12-08,concluido,loja,699.8
11646,141,2025-07-20,concluido,site,130.76
11647,417,2025-08-06,concluido,marketplace,221.98
11648,289,2025-07-19,concluido,marketplace,137.39
11649,334,2025-12-03,processando,site,430.36
11650,182,2025-03-13,concluido,loja,214.35
11651,82,2025-07-03,concluido,app,51.01
11652,362,2025-09-26,concluido,site,319.4
11653,78,2025-06-30,processando,marketplace,613.66
11654,440,2025-03-13,concluido,marketplace,362.68
11655,35,2025-11-27,concluido,loja,488.16
11656,93,2025-10-22,cancelado,marketplace,387.57
11657,166,2025-10-29,enviado,marketplace,550.25
11658,425,2025-07-26,concluido,site,412.12
11659,82,2025-04-29,concluido,site,306.72
11660,348,2025-09-01,concluido,app,359.49
11661,414,2025-05-02,concluido,app,863.9
11662,197,2025-08-04,enviado,site,506.9
11663,59,2025-01-20,enviado,site,152.06
11664,192,2025-11-07,processando,site,355.42
11665,165,2025-02-25,processando,loja,425.07
11666,327,2025-10-21,concluido,app,299.25
11667,225,2025-12-14,concluido,app,51.32
11668,223,2025-09-28,enviado,app,165.72
11669,13,2025-11-19,enviado,site,244.2
11670,415,2025-03-13,enviado,marketplace,1046.86
11671,291,2025-10-07,enviado,marketplace,470.26
11672,374,2025-11-25,concluido,app,81.05
11673,293,2025-08-31,concluido,marketplace,313.49
11674,287,2025-03-12,enviado,loja,778.88
11675,193,2025-02-06,concluido,app,211.94
11676,153,2025-02-21,concluido,app,661.52
11677,277,2025-06-19,concluido,marketplace,83.74
11678,129,2025-07-19,cancelado,site,20.0
11679,81,2025-05-28,concluido,app,726.05
11680,313,2025-09-14,concluido,site,234.48
11681,457,2025-02-26,processando,marketplace,249.22
11682,17,2025-06-23,concluido,app,385.04
11683,392,2025-01-31,concluido,marketplace,459.03
11684,340,2025-02-01,concluido,site,20.38
11685,289,2025-11-09,cancelado,site,198.72
11686,37,2025-08-02,processando,site,350.72
11687,246,2025-03-08,concluido,site,458.32
11688,255,2025-09-17,concluido,marketplace,150.5
11689,156,2025-04-27,concluido,site,287.71
11690,507,2025-10-01,processando,loja,211.41
11691,378,2025-01-10,concluido,site,394.21
11692,194,2025-12-23,concluido,loja,709.25
11693,60,2025-08-13,concluido,marketplace,259.9
11694,176,2025-08-12,enviado,app,98.97
11695,302,2025-01-06,concluido,site,189.99
11696,8,2025-05-08,enviado,site,968.75
11697,225,2025-04-03,concluido,marketplace,166.27
11698,336,2025-05-06,enviado,app,118.59
11699,246,2025-12-03,concluido,site,247.78
11700,279,2025-04-16,concluido,marketplace,313.55
11701,440,2025-04-23,concluido,marketplace,221.91
11702,400,2025-10-10,concluido,app,84.22
11703,137,2025-06-13,processando,site,421.46
11704,462,2025-07-30,cancelado,loja,394.5
11705,105,2025-03-12,enviado,app,536.77
11706,284,2025-04-18,concluido,app,388.25
11707,121,2025-12-24,concluido,loja,918.3
11708,11,2025-09-13,enviado,marketplace,564.96
11709,197,2025-06-03,enviado,site,491.18
11710,438,2025-11-09,concluido,site,726.16
11711,197,2025-08-16,concluido,app,371.71
11712,338,2025-08-09,concluido,marketplace,292.34
11713,391,2025-06-28,enviado,marketplace,418.15
11714,465,2025-05-15,enviado,app,48.34
11715,175,2025-11-15,concluido,loja,372.56
11716,377,2025-01-30,enviado,loja,313.3
11717,348,2025-05-28,enviado,loja,450.12
11718,369,2025-10-18,cancelado,marketplace,662.82
11719,196,2025-08-28,cancelado,app,500.91
11720,8,2025-05-24,enviado,marketplace,190.41
11721,128,2025-10-05,concluido,loja,593.38
11722,141,2025-07-05,concluido,marketplace,926.8
11723,415,2025-11-08,concluido,marketplace,674.05
11724,165,2025-05-16,enviado,loja,107.76
11725,226,2025-01-05,concluido,marketplace,497.34
11726,433,2025-10-12,concluido,site,123.62
11727,41,2025-05-22,enviado,marketplace,271.07
11728,226,2025-04-03,concluido,marketplace,441.03
11729,254,2025-03-07,concluido,app,401.72
11730,317,2025-12-02,concluido,site,665.52
11731,95,2025-12-17,concluido,loja,929.67
11732,22,2025-10-11,cancelado,site,471.86
11733,133,2025-05-12,concluido,marketplace,255.42
11734,23,2025-11-04,concluido,site,51.21
11735,228,2025-02-27,concluido,app,775.66
11736,293,2025-07-10,enviado,loja,314.53
11737,219,2025-05-25,concluido,marketplace,326.84
11738,185,2025-06-21,enviado,marketplace,346.27
11739,151,2025-11-15,concluido,marketplace,457.15
11740,77,2025-10-30,concluido,app,466.41
11741,262,2025-09-18,enviado,marketplace,274.38
11742,194,2025-10-26,concluido,app,312.21
11743,333,2025-02-10,enviado,app,208.48
11744,295,2025-11-19,concluido,loja,190.29
11745,63,2025-09-28,enviado,loja,189.53
11746,267,2025-08-14,concluido,app,309.51
11747,151,2025-05-05,concluido,marketplace,160.21
11748,162,2025-03-01,processando,loja,20.0
11749,451,2025-07-29,concluido,marketplace,251.99
11750,40,2025-07-05,processando,app,114.31
11751,215,2025-04-28,concluido,app,363.63
11752,126,2025-07-28,processando,app,207.83
11753,408,2025-05-27,concluido,site,461.05
11754,216,2025-09-16,enviado,loja,124.56
11755,396,2025-04-12,enviado,loja,63.08
11756,504,2025-08-03,concluido,loja,312.79
11757,65,2025-01-18,enviado,site,243.73
11758,38,2025-03-09,concluido,loja,105.02
11759,182,2025-03-07,concluido,app,565.26
11760,61,2025-06-22,enviado,marketplace,144.88
11761,316,2025-02-25,enviado,site,182.85
11762,182,2025-08-18,enviado,loja,637.46
11763,224,2025-05-29,cancelado,app,479.43
11764,371,2025-10-29,enviado,site,131.1
11765,4,2025-10-31,processando,loja,261.04
11766,225,2025-04-01,concluido,marketplace,119.25
11767,50,2025-04-29,concluido,marketplace,607.19
11768,266,2025-09-26,concluido,loja,606.92
11769,197,2025-06-13,cancelado,app,1016.69
11770,377,2025-04-18,concluido,marketplace,1267.43
11771,316,2025-06-10,concluido,marketplace,205.84
11772,148,2025-05-21,concluido,app,543.52
11773,148,2025-05-13,enviado,site,53.07
11774,342,2025-05-23,concluido,app,383.63
11775,261,2025-03-28,concluido,site,451.86
11776,277,2025-10-03,enviado,site,152.0
11777,422,2025-01-14,concluido,marketplace,195.49
11778,293,2025-08-07,cancelado,app,609.64
11779,152,2025-02-26,cancelado,site,459.63
11780,222,2025-09-10,concluido,app,935.41
11781,375,2025-12-09,concluido,marketplace,867.07
11782,382,2025-04-24,cancelado,marketplace,71.07
11783,172,2025-05-22,concluido,site,222.82
11784,162,2025-01-20,concluido,marketplace,138.26
11785,286,2025-12-05,enviado,site,558.84
11786,322,2025-01-05,concluido,loja,410.72
11787,113,2025-12-11,concluido,loja,146.9
11788,417,2025-04-06,cancelado,marketplace,167.8
11789,326,2025-02-15,enviado,app,746.53
11790,503,2025-09-09,concluido,app,243.35
11791,20,2025-08-03,processando,loja,43.47
11792,121,2025-11-23,concluido,app,135.46
11793,431,2025-04-29,enviado,loja,1059.36
11794,323,2025-07-20,processando,loja,649.64
11795,113,2025-02-27,enviado,marketplace,112.23
11796,229,2025-06-16,concluido,loja,383.5
11797,238,2025-06-13,processando,marketplace,623.47
11798,361,2025-03-07,cancelado,loja,70.03
11799,443,2025-09-08,processando,app,669.41
11800,509,2025-09-17,concluido,loja,456.63
11801,396,2025-06-15,concluido,marketplace,186.03
11802,415,2025-08-15,concluido,marketplace,507.26
11803,138,2025-09-06,cancelado,marketplace,414.79
11804,24,2025-06-07,concluido,app,434.76
11805,86,2025-10-02,concluido,site,373.75
11806,315,2025-11-09,concluido,site,162.56
11807,11,2025-07-14,concluido,marketplace,189.52
11808,393,2025-10-11,concluido,site,280.78
11809,186,2025-10-02,concluido,app,347.44
11810,203,2025-04-28,concluido,app,527.65
11811,170,2025-07-31,concluido,app,1075.19
11812,19,2025-01-11,cancelado,site,396.19
11813,406,2025-09-06,concluido,marketplace,521.38
11814,118,2025-11-20,cancelado,app,602.72
11815,384,2025-03-05,enviado,loja,546.38
11816,68,2025-05-19,enviado,site,157.28
11817,370,2025-12-27,cancelado,loja,791.72
11818,518,2025-11-06,enviado,site,713.76
11819,406,2025-07-20,concluido,marketplace,370.12
11820,218,2025-09-20,cancelado,marketplace,165.51
11821,104,2025-02-21,concluido,loja,343.44
11822,220,2025-02-17,concluido,loja,79.7
11823,248,2025-05-26,enviado,app,857.93
11824,255,2025-07-21,enviado,site,204.06
11825,296,2025-01-13,concluido,app,270.02
11826,245,2025-10-16,concluido,marketplace,819.52
11827,415,2025-11-19,enviado,site,758.04
11828,107,2025-09-08,processando,site,426.17
11829,316,2025-08-31,concluido,app,939.88
11830,253,2025-05-10,concluido,marketplace,152.99
11831,19,2025-06-14,processando,loja,426.33
11832,138,2025-12-20,concluido,loja,154.1
11833,161,2025-11-30,concluido,loja,685.94
11834,264,2025-10-12,enviado,site,670.44
11835,218,2025-12-25,concluido,app,981.89
11836,83,2025-09-24,cancelado,app,335.92
11837,446,2025-02-28,concluido,loja,1154.4
11838,321,2025-09-26,concluido,loja,143.13
11839,152,2025-03-02,concluido,marketplace,322.92
11840,451,2025-12-13,concluido,marketplace,147.7
11841,191,2025-10-16,processando,app,386.58
11842,351,2025-04-15,enviado,marketplace,159.1
11843,129,2025-08-30,concluido,marketplace,687.15
11844,369,2025-03-11,concluido,loja,466.93
11845,514,2025-04-02,concluido,site,132.62
11846,3,2025-06-09,cancelado,app,585.93
11847,276,2025-08-23,concluido,site,898.25
11848,305,2025-03-22,concluido,app,497.88
11849,8,2025-04-09,concluido,loja,99.6
11850,157,2025-07-08,processando,loja,300.68
11851,288,2025-10-05,processando,app,541.27
11852,79,2025-02-22,cancelado,marketplace,279.78
11853,289,2025-02-22,concluido,loja,141.52
11854,396,2025-10-31,processando,loja,738.34
11855,2,2025-04-29,enviado,site,270.8
11856,315,2025-03-17,concluido,loja,898.6
11857,166,2025-02-09,enviado,site,223.77
11858,414,2025-08-14,concluido,loja,258.94
11859,257,2025-03-02,concluido,loja,210.1
11860,198,2025-12-28,concluido,marketplace,296.89
11861,163,2025-09-29,concluido,app,461.74
11862,325,2025-05-23,cancelado,loja,148.06
11863,251,2025-12-22,enviado,site,124.69
11864,223,2025-11-30,concluido,site,68.42
11865,438,2025-08-27,cancelado,marketplace,59.75
11866,110,2025-11-12,concluido,app,100.74
11867,92,2025-01-06,concluido,marketplace,222.56
11868,3,2025-10-28,concluido,site,381.64
11869,469,2025-05-10,concluido,site,444.43
11870,18,2025-11-28,concluido,loja,369.27
11871,357,2025-12-27,concluido,site,834.04
11872,422,2025-01-16,enviado,loja,1005.2
11873,324,2025-08-21,concluido,loja,271.78
11874,332,2025-10-07,enviado,site,150.24
11875,314,2025-03-20,cancelado,app,1199.21
11876,68,2025-02-12,concluido,site,722.07
11877,327,2025-12-30,concluido,site,687.95
11878,143,2025-04-10,processando,site,215.52
11879,345,2025-06-12,enviado,app,595.57
11880,301,2025-07-07,concluido,loja,371.37
11881,342,2025-12-09,concluido,app,318.13
11882,257,2025-03-17,cancelado,site,317.73
11883,23,2025-05-22,processando,loja,476.31
11884,383,2025-01-02,concluido,marketplace,851.37
11885,239,2025-10-18,enviado,site,1261.36
11886,238,2025-02-15,concluido,site,246.04
11887,45,2025-04-06,concluido,site,386.4
11888,404,2025-01-06,concluido,marketplace,312.27
11889,450,2025-05-07,concluido,app,455.03
11890,378,2025-03-09,concluido,loja,284.2
11891,92,2025-05-23,concluido,marketplace,195.85
11892,428,2025-04-07,concluido,app,246.3
11893,152,2025-05-13,processando,marketplace,218.06
11894,182,2025-10-24,concluido,loja,301.12
11895,352,2025-03-29,concluido,loja,107.82
11896,292,2025-04-18,enviado,loja,221.38
11897,416,2025-12-16,enviado,app,451.98
11898,258,2025-10-10,enviado,marketplace,449.7
11899,396,2025-04-18,concluido,loja,402.02
11900,60,2025-09-22,processando,app,804.46
11901,240,2025-10-28,concluido,loja,464.29
11902,462,2025-01-18,concluido,site,787.72
11903,446,2025-01-05,concluido,loja,1261.95
11904,332,2025-02-21,concluido,marketplace,605.49
11905,240,2025-10-07,concluido,site,108.32
11906,316,2025-08-22,processando,loja,413.25
11907,243,2025-05-05,concluido,marketplace,371.88
11908,248,2025-12-14,concluido,site,897.67
11909,450,2025-04-30,cancelado,site,309.32
11910,397,2025-05-18,enviado,loja,174.37
11911,84,2025-09-20,concluido,marketplace,231.69
11912,358,2025-09-26,concluido,app,112.2
11913,171,2025-01-28,enviado,marketplace,20.0
11914,73,2025-06-27,concluido,app,1135.98
11915,338,2025-03-17,concluido,app,340.65
11916,42,2025-04-05,concluido,app,122.38
11917,371,2025-05-06,concluido,marketplace,949.34
11918,506,2025-06-26,concluido,loja,1051.9
11919,468,2025-08-30,processando,loja,380.98
11920,391,2025-02-19,concluido,marketplace,102.82
11921,69,2025-07-24,cancelado,marketplace,236.15
11922,374,2025-08-06,processando,site,285.04
11923,343,2025-10-28,concluido,app,349.02
11924,189,2025-07-05,concluido,site,136.84
11925,385,2025-07-23,enviado,app,638.4
11926,97,2025-01-23,concluido,loja,38.64
11927,197,2025-12-01,concluido,app,707.04
11928,199,2025-12-12,enviado,site,805.26
11929,216,2025-04-02,concluido,site,254.75
11930,43,2025-06-27,processando,site,320.46
11931,208,2025-01-07,concluido,app,870.29
11932,197,2025-12-18,concluido,loja,527.49
11933,344,2025-07-25,concluido,site,261.82
11934,133,2025-11-21,concluido,loja,286.19
11935,400,2025-08-31,cancelado,marketplace,478.14
11936,92,2025-08-06,concluido,loja,1071.96
11937,41,2025-03-18,concluido,marketplace,292.94
11938,417,2025-11-11,cancelado,loja,255.7
11939,238,2025-05-25,concluido,loja,347.24
11940,26,2025-11-03,processando,marketplace,348.75
11941,346,2025-06-01,cancelado,site,421.85
11942,92,2025-05-31,concluido,site,321.22
11943,153,2025-11-22,concluido,site,734.54
11944,19,2025-09-30,cancelado,app,163.21
11945,274,2025-02-18,concluido,app,454.66
11946,221,2025-05-21,concluido,loja,467.01
11947,125,2025-09-26,concluido,site,175.87
11948,191,2025-01-20,concluido,site,451.55
11949,372,2025-02-10,concluido,marketplace,475.42
11950,12,2025-04-05,enviado,marketplace,20.19
11951,381,2025-02-10,enviado,loja,150.07
11952,407,2025-04-09,concluido,marketplace,917.01
11953,277,2025-05-05,processando,site,212.27
11954,243,2025-04-21,cancelado,loja,122.1
11955,353,2025-04-06,concluido,site,56.86
11956,466,2025-04-03,processando,marketplace,138.1
11957,507,2025-01-10,enviado,app,311.2
11958,237,2025-11-03,enviado,marketplace,114.12
11959,116,2025-01-10,cancelado,app,532.16
11960,148,2025-12-31,processando,loja,173.19
11961,326,2025-11-01,concluido,loja,424.11
11962,286,2025-01-07,concluido,marketplace,834.07
11963,228,2025-03-19,concluido,loja,800.93
11964,358,2025-03-29,processando,marketplace,419.04
11965,339,2025-10-20,enviado,loja,130.07
11966,177,2025-02-12,concluido,marketplace,327.27
11967,385,2025-06-11,concluido,loja,428.68
11968,520,2025-10-27,concluido,marketplace,1409.44
11969,213,2025-01-12,cancelado,marketplace,56.23
11970,252,2025-05-01,concluido,app,328.12
11971,436,2025-03-05,concluido,app,519.43
11972,57,2025-10-20,concluido,app,367.19
11973,377,2025-07-25,concluido,marketplace,396.56
11974,215,2025-11-03,concluido,marketplace,182.14
11975,341,2025-12-18,enviado,marketplace,631.1
11976,273,2025-07-20,concluido,loja,348.87
11977,238,2025-05-27,enviado,loja,395.54
11978,448,2025-04-01,concluido,site,675.5
11979,172,2025-08-26,processando,site,268.02
11980,335,2025-08-03,enviado,loja,772.95
11981,15,2025-11-13,concluido,site,110.44
11982,375,2025-07-29,enviado,marketplace,411.63
11983,86,2025-10-19,processando,site,172.72
11984,12,2025-11-04,enviado,loja,136.08
11985,443,2025-04-09,enviado,app,1064.09
11986,371,2025-05-03,concluido,app,116.06
11987,151,2025-02-03,enviado,app,353.83
11988,236,2025-05-06,processando,loja,107.72
11989,408,2025-04-01,enviado,site,742.34
11990,429,2025-06-19,enviado,app,247.67
11991,370,2025-02-05,concluido,site,673.18
11992,209,2025-09-24,enviado,loja,507.54
11993,214,2025-05-14,enviado,site,1280.58
11994,311,2025-11-28,enviado,site,87.69
11995,424,2025-01-31,concluido,loja,148.97
11996,372,2025-01-21,concluido,loja,649.52
11997,64,2025-02-23,concluido,marketplace,425.63
11998,297,2025-02-27,cancelado,marketplace,283.1
11999,174,2025-03-14,enviado,loja,1134.23
12000,50,2025-06-18,processando,site,336.17
12001,364,2025-09-09,cancelado,marketplace,178.39
12002,353,2025-08-16,concluido,loja,678.51
12003,291,2025-05-21,processando,app,344.44
12004,148,2025-01-14,concluido,marketplace,364.14
12005,366,2025-05-30,concluido,app,536.82
12006,157,2025-09-01,cancelado,marketplace,550.98
12007,413,2025-12-22,concluido,marketplace,147.2
12008,132,2025-11-23,concluido,app,270.85
12009,76,2025-10-27,concluido,marketplace,98.84
12010,382,2025-09-22,concluido,app,430.06
12011,330,2025-03-21,processando,marketplace,1052.15
12012,194,2025-09-06,processando,loja,152.64
12013,460,2025-07-14,concluido,site,81.48
12014,159,2025-04-16,concluido,marketplace,203.18
12015,374,2025-03-03,processando,marketplace,281.25
12016,292,2025-11-23,enviado,app,554.25
12017,187,2025-12-07,concluido,site,259.31
12018,260,2025-02-04,concluido,site,435.47
12019,29,2025-08-17,concluido,app,228.01
12020,409,2025-04-04,processando,app,293.07
12021,368,2025-08-22,concluido,marketplace,173.41
12022,47,2025-04-08,cancelado,site,129.75
12023,68,2025-09-25,concluido,app,567.64
12024,300,2025-10-25,concluido,site,240.74
12025,401,2025-01-27,concluido,site,457.68
12026,60,2025-08-15,concluido,app,171.11
12027,302,2025-04-21,processando,marketplace,337.77
12028,298,2025-08-09,enviado,site,39.76
12029,227,2025-11-26,concluido,loja,255.01
12030,129,2025-07-28,processando,loja,186.87
12031,169,2025-09-17,concluido,marketplace,722.96
12032,154,2025-05-16,enviado,app,111.88
12033,348,2025-10-15,concluido,loja,302.24
12034,388,2025-04-04,concluido,marketplace,426.36
12035,261,2025-08-29,concluido,app,658.08
12036,222,2025-12-11,concluido,loja,599.42
12037,352,2025-10-03,enviado,app,320.34
12038,391,2025-04-29,concluido,marketplace,354.24
12039,272,2025-08-30,concluido,marketplace,722.54
12040,108,2025-10-20,processando,marketplace,315.83
12041,393,2025-07-22,enviado,app,381.89
12042,81,2025-06-16,enviado,loja,738.02
12043,404,2025-08-02,cancelado,marketplace,1392.64
12044,135,2025-08-30,enviado,marketplace,405.41
12045,157,2025-06-20,cancelado,marketplace,484.98
12046,218,2025-10-16,concluido,loja,587.62
12047,513,2025-01-29,enviado,marketplace,733.45
12048,72,2025-08-22,cancelado,site,668.89
12049,104,2025-04-17,processando,marketplace,214.09
12050,192,2025-01-13,concluido,loja,424.61
12051,287,2025-04-13,enviado,loja,671.93
12052,55,2025-02-08,concluido,marketplace,834.8
12053,370,2025-10-31,concluido,site,302.65
12054,200,2025-12-19,enviado,loja,417.47
12055,311,2025-10-28,concluido,site,451.45
12056,176,2025-05-22,concluido,loja,345.79
12057,57,2025-08-30,concluido,site,409.95
12058,397,2025-07-31,enviado,app,1931.06
12059,294,2025-04-13,concluido,loja,293.32
12060,294,2025-10-07,cancelado,marketplace,310.52
12061,419,2025-05-30,processando,app,72.71
12062,35,2025-12-25,cancelado,marketplace,60.33
12063,185,2025-08-17,cancelado,app,473.61
12064,240,2025-04-27,concluido,marketplace,673.72
12065,361,2025-05-13,concluido,site,594.26
12066,329,2025-07-30,concluido,loja,170.71
12067,426,2025-09-28,concluido,marketplace,571.25
12068,514,2025-01-17,enviado,marketplace,306.87
12069,252,2025-05-25,concluido,site,252.86
12070,290,2025-02-17,enviado,site,101.56
12071,409,2025-09-20,enviado,site,189.11
12072,240,2025-11-09,processando,app,481.19
12073,393,2025-12-17,concluido,marketplace,421.48
12074,456,2025-03-19,processando,site,379.05
12075,295,2025-06-23,concluido,loja,34.63
12076,206,2025-10-22,concluido,loja,381.83
12077,508,2025-06-15,concluido,marketplace,211.52
12078,300,2025-12-12,cancelado,loja,423.61
12079,103,2025-10-22,enviado,app,747.88
12080,76,2025-04-16,concluido,site,237.38
12081,520,2025-01-21,cancelado,marketplace,362.09
12082,168,2025-06-11,enviado,app,1129.96
12083,84,2025-08-06,enviado,app,408.93
12084,112,2025-07-01,concluido,loja,330.55
12085,193,2025-01-14,concluido,app,173.1
12086,229,2025-08-13,concluido,app,581.86
12087,303,2025-03-05,concluido,app,148.68
12088,297,2025-09-22,concluido,app,769.32
12089,251,2025-11-06,concluido,marketplace,527.41
12090,108,2025-02-16,enviado,marketplace,217.54
12091,261,2025-02-27,enviado,site,178.04
12092,514,2025-07-24,enviado,site,181.66
12093,159,2025-02-03,concluido,marketplace,61.54
12094,360,2025-02-13,processando,loja,465.82
12095,9,2025-05-21,cancelado,marketplace,40.41
12096,434,2025-05-08,concluido,site,315.27
12097,80,2025-03-13,processando,site,300.37
12098,411,2025-04-18,enviado,marketplace,261.89
12099,213,2025-03-22,concluido,app,463.63
12100,78,2025-12-09,concluido,site,217.98
12101,16,2025-09-12,concluido,loja,382.52
12102,466,2025-05-16,processando,site,769.22
12103,170,2025-01-15,enviado,site,501.75
12104,74,2025-07-28,concluido,loja,244.44
12105,370,2025-09-26,concluido,site,337.94
12106,508,2025-02-17,concluido,site,262.12
12107,244,2025-08-26,enviado,loja,297.18
12108,309,2025-11-23,concluido,loja,390.91
12109,463,2025-05-12,concluido,marketplace,97.14
12110,343,2025-02-19,concluido,app,76.11
12111,264,2025-03-08,enviado,app,160.79
12112,43,2025-02-18,cancelado,marketplace,478.8
12113,54,2025-05-08,concluido,app,524.19
12114,155,2025-06-18,cancelado,loja,577.44
12115,267,2025-09-22,concluido,marketplace,166.31
12116,68,2025-06-17,concluido,app,360.6
12117,436,2025-01-18,cancelado,loja,250.37
12118,407,2025-04-12,enviado,site,306.48
12119,18,2025-05-02,concluido,marketplace,246.94
12120,516,2025-09-05,enviado,app,406.67
12121,419,2025-10-23,concluido,app,196.68
12122,135,2025-10-07,concluido,marketplace,714.38
12123,264,2025-06-22,concluido,app,718.53
12124,414,2025-09-07,cancelado,loja,468.69
12125,343,2025-06-25,cancelado,marketplace,660.64
12126,188,2025-08-07,processando,app,93.48
12127,235,2025-02-26,concluido,marketplace,741.53
12128,178,2025-06-07,concluido,site,438.32
12129,259,2025-04-04,concluido,app,206.43
12130,349,2025-04-24,cancelado,app,189.93
12131,182,2025-09-27,processando,app,907.25
12132,272,2025-09-26,concluido,marketplace,583.61
12133,356,2025-09-29,concluido,app,300.46
12134,85,2025-11-22,processando,app,92.42
12135,385,2025-03-19,concluido,loja,766.15
12136,143,2025-01-26,enviado,loja,130.65
12137,462,2025-09-25,enviado,loja,253.89
12138,70,2025-06-03,concluido,marketplace,300.15
12139,343,2025-06-09,concluido,site,187.55
12140,211,2025-03-13,concluido,app,290.2
12141,414,2025-05-05,concluido,app,334.27
12142,201,2025-10-30,concluido,marketplace,285.72
12143,142,2025-03-13,enviado,site,420.86
12144,300,2025-12-11,concluido,loja,928.8
12145,142,2025-06-17,concluido,site,96.96
12146,269,2025-02-22,cancelado,loja,376.31
12147,225,2025-06-02,enviado,loja,131.93
12148,451,2025-06-24,enviado,site,87.94
12149,457,2025-05-11,concluido,loja,627.97
12150,87,2025-12-30,processando,loja,399.37
12151,116,2025-09-25,concluido,marketplace,82.45
12152,436,2025-12-07,concluido,loja,290.0
12153,327,2025-02-23,enviado,marketplace,161.16
12154,376,2025-05-22,enviado,marketplace,297.69
12155,429,2025-05-09,enviado,site,536.82
12156,516,2025-05-05,processando,app,500.6
12157,341,2025-05-17,concluido,loja,248.31
12158,429,2025-10-17,concluido,loja,647.43
12159,56,2025-10-30,enviado,site,808.39
12160,61,2025-05-03,concluido,loja,542.79
12161,368,2025-01-21,concluido,loja,216.95
12162,294,2025-09-25,concluido,loja,305.02
12163,322,2025-08-10,processando,site,910.11
12164,93,2025-01-13,processando,marketplace,262.86
12165,212,2025-01-15,cancelado,marketplace,501.67
12166,350,2025-06-26,concluido,app,185.43
12167,402,2025-01-25,concluido,marketplace,650.42
12168,83,2025-04-18,concluido,marketplace,168.1
12169,386,2025-06-28,enviado,app,314.95
12170,439,2025-02-15,concluido,app,489.69
12171,157,2025-02-21,enviado,site,1030.06
12172,161,2025-11-15,concluido,app,394.22
12173,104,2025-05-16,enviado,loja,275.46
12174,413,2025-08-13,enviado,app,259.88
12175,166,2025-01-09,concluido,marketplace,631.82
12176,359,2025-11-25,concluido,app,463.05
12177,357,2025-02-08,concluido,site,529.68
12178,469,2025-12-06,concluido,marketplace,869.29
12179,175,2025-09-30,concluido,app,350.99
12180,54,2025-05-31,processando,site,440.83
12181,116,2025-08-15,enviado,app,257.18
12182,342,2025-05-21,concluido,app,179.57
12183,113,2025-05-06,enviado,loja,209.53
12184,111,2025-03-16,concluido,app,24.33
12185,440,2025-11-10,concluido,loja,486.32
12186,283,2025-10-18,concluido,app,452.69
12187,298,2025-07-24,processando,loja,479.32
12188,362,2025-07-06,enviado,marketplace,169.76
12189,187,2025-05-01,concluido,marketplace,212.48
12190,355,2025-03-10,concluido,app,206.96
12191,297,2025-03-07,concluido,loja,692.3
12192,54,2025-11-06,concluido,marketplace,383.96
12193,331,2025-10-11,enviado,app,348.27
12194,295,2025-01-28,concluido,loja,562.76
12195,224,2025-02-03,enviado,app,207.52
12196,515,2025-10-14,processando,marketplace,433.44
12197,362,2025-03-17,concluido,marketplace,1115.23
12198,369,2025-05-22,concluido,site,763.84
12199,252,2025-08-09,cancelado,app,428.93
12200,111,2025-12-05,concluido,marketplace,357.78
12201,292,2025-09-18,enviado,app,476.51
12202,349,2025-10-28,concluido,site,832.41
12203,28,2025-12-31,cancelado,site,794.83
12204,37,2025-11-11,concluido,loja,922.52
12205,376,2025-04-10,concluido,app,399.34
12206,16,2025-11-29,enviado,site,40.02
12207,49,2025-07-26,concluido,loja,1065.73
12208,196,2025-12-23,concluido,marketplace,179.24
12209,160,2025-07-01,concluido,loja,556.63
12210,256,2025-02-16,concluido,loja,41.04
12211,180,2025-11-28,processando,marketplace,343.05
12212,49,2025-09-26,concluido,site,263.23
12213,31,2025-12-16,concluido,app,923.85
12214,517,2025-01-07,concluido,loja,432.73
12215,410,2025-10-18,concluido,site,340.45
12216,97,2025-11-22,processando,app,466.15
12217,177,2025-02-19,enviado,app,20.0
12218,294,2025-04-01,enviado,app,203.68
12219,417,2025-08-16,concluido,site,229.66
12220,455,2025-03-03,enviado,marketplace,517.06
12221,56,2025-06-28,processando,app,147.31
12222,255,2025-04-09,processando,marketplace,387.27
12223,338,2025-10-08,enviado,loja,316.93
12224,343,2025-10-11,concluido,app,212.75
12225,123,2025-09-09,concluido,loja,224.09
12226,31,2025-09-03,enviado,site,314.8
12227,47,2025-12-06,processando,loja,55.35
12228,330,2025-04-13,concluido,app,567.89
12229,102,2025-05-30,enviado,loja,178.18
12230,194,2025-02-12,concluido,loja,276.07
12231,288,2025-09-05,processando,marketplace,902.37
12232,403,2025-05-28,cancelado,site,574.39
12233,22,2025-04-07,enviado,marketplace,124.97
12234,383,2025-10-20,concluido,marketplace,20.0
12235,274,2025-01-15,concluido,marketplace,479.84
12236,181,2025-10-03,concluido,loja,284.41
12237,269,2025-04-02,concluido,site,388.91
12238,51,2025-08-23,enviado,app,561.74
12239,38,2025-04-15,concluido,site,621.43
12240,196,2025-04-16,enviado,site,243.91
12241,3,2025-05-04,processando,marketplace,310.99
12242,200,2025-04-27,concluido,loja,442.3
12243,73,2025-11-03,concluido,marketplace,462.38
12244,217,2025-12-15,concluido,marketplace,386.23
12245,450,2025-12-01,cancelado,marketplace,839.13
12246,6,2025-08-01,enviado,loja,458.85
12247,462,2025-04-08,enviado,loja,556.22
12248,6,2025-11-17,processando,site,409.47
12249,230,2025-03-07,processando,app,146.36
12250,59,2025-03-01,concluido,loja,203.15
12251,275,2025-06-17,concluido,marketplace,120.19
12252,367,2025-12-22,concluido,marketplace,667.57
12253,292,2025-05-14,concluido,site,81.98
12254,454,2025-04-14,enviado,loja,301.61
12255,266,2025-01-19,concluido,site,254.38
12256,20,2025-07-18,concluido,site,249.26
12257,316,2025-07-09,concluido,app,266.3
12258,394,2025-01-22,processando,app,940.99
12259,372,2025-06-12,concluido,site,51.05
12260,175,2025-05-09,enviado,marketplace,772.6
12261,462,2025-11-26,concluido,loja,283.8
12262,150,2025-09-16,concluido,app,594.83
12263,172,2025-12-03,cancelado,site,356.01
12264,36,2025-05-06,processando,marketplace,131.77
12265,74,2025-10-08,enviado,site,820.4
12266,34,2025-07-29,concluido,site,740.32
12267,87,2025-06-14,concluido,app,140.75
12268,351,2025-04-30,concluido,site,504.75
12269,417,2025-07-18,cancelado,site,210.81
12270,391,2025-11-18,concluido,site,85.62
12271,516,2025-10-20,processando,marketplace,178.55
12272,199,2025-08-19,enviado,app,789.82
12273,314,2025-05-09,concluido,loja,604.45
12274,461,2025-03-20,concluido,marketplace,268.71
12275,147,2025-11-23,cancelado,loja,792.22
12276,452,2025-03-24,concluido,site,703.99
12277,154,2025-03-15,concluido,loja,178.79
12278,278,2025-04-27,enviado,app,917.23
12279,181,2025-04-17,enviado,loja,252.43
12280,236,2025-08-20,concluido,loja,279.78
12281,173,2025-06-16,processando,app,52.58
12282,106,2025-05-06,concluido,app,207.62
12283,448,2025-12-04,enviado,marketplace,303.35
12284,281,2025-07-29,concluido,marketplace,417.49
12285,73,2025-08-29,concluido,loja,132.18
12286,427,2025-11-16,concluido,app,185.69
12287,283,2025-03-22,processando,loja,930.06
12288,227,2025-01-13,processando,loja,673.96
12289,89,2025-05-20,enviado,app,755.89
12290,295,2025-04-12,concluido,marketplace,322.43
12291,445,2025-03-08,cancelado,loja,426.15
12292,391,2025-11-10,concluido,site,512.34
12293,403,2025-02-03,concluido,site,921.43
12294,446,2025-01-28,concluido,site,83.79
12295,462,2025-07-02,concluido,app,224.64
12296,158,2025-02-03,concluido,marketplace,399.52
12297,425,2025-08-17,concluido,app,357.62
12298,52,2025-10-15,concluido,app,183.75
12299,61,2025-09-30,enviado,loja,482.84
12300,283,2025-11-18,concluido,marketplace,231.74
12301,463,2025-05-08,enviado,app,339.16
12302,50,2025-01-21,concluido,loja,468.36
12303,245,2025-03-29,cancelado,marketplace,240.41
12304,300,2025-10-20,concluido,site,571.47
12305,344,2025-10-18,concluido,marketplace,641.64
12306,454,2025-07-09,concluido,app,189.56
12307,347,2025-07-21,enviado,site,230.44
12308,405,2025-12-09,concluido,marketplace,149.99
12309,406,2025-02-12,concluido,loja,333.72
12310,519,2025-08-02,enviado,marketplace,417.29
12311,99,2025-09-20,concluido,site,258.53
12312,464,2025-03-27,concluido,app,409.21
12313,135,2025-08-18,enviado,marketplace,225.68
12314,384,2025-12-03,concluido,site,231.48
12315,17,2025-03-08,enviado,site,432.38
12316,10,2025-06-04,concluido,loja,243.6
12317,19,2025-12-22,processando,loja,320.71
12318,412,2025-09-20,enviado,loja,443.04
12319,176,2025-03-09,enviado,marketplace,405.07
12320,251,2025-05-25,concluido,loja,228.21
12321,44,2025-12-08,enviado,site,684.55
12322,505,2025-02-24,concluido,app,20.0
12323,79,2025-10-20,enviado,site,496.95
12324,5,2025-01-07,cancelado,marketplace,399.55
12325,317,2025-02-06,concluido,loja,132.88
12326,170,2025-12-07,concluido,site,363.92
12327,72,2025-04-13,enviado,site,204.31
12328,368,2025-02-16,concluido,app,472.74
12329,368,2025-02-10,concluido,app,20.0
12330,102,2025-12-29,enviado,app,276.82
12331,375,2025-12-13,processando,site,220.29
12332,260,2025-01-04,concluido,app,572.88
12333,450,2025-10-05,concluido,app,54.8
12334,360,2025-02-08,concluido,marketplace,347.31
12335,117,2025-03-25,concluido,marketplace,492.86
12336,260,2025-11-24,concluido,loja,1030.66
12337,177,2025-05-04,concluido,marketplace,230.9
12338,83,2025-02-03,concluido,loja,422.28
12339,376,2025-01-31,processando,loja,58.98
12340,392,2025-08-17,concluido,site,334.63
12341,395,2025-07-05,processando,site,717.15
12342,373,2025-06-13,concluido,loja,1036.99
12343,154,2025-09-08,concluido,app,450.15
12344,88,2025-01-22,processando,loja,78.82
12345,237,2025-06-16,enviado,loja,791.78
12346,461,2025-08-26,concluido,app,79.56
12347,198,2025-08-03,enviado,app,121.4
12348,196,2025-11-20,concluido,marketplace,835.1
12349,506,2025-03-19,processando,app,317.13
12350,9,2025-07-20,concluido,marketplace,210.81
12351,12,2025-09-12,concluido,marketplace,538.78
12352,438,2025-10-09,concluido,app,378.05
12353,371,2025-09-13,concluido,app,675.91
12354,341,2025-01-31,concluido,site,390.52
12355,166,2025-12-28,concluido,marketplace,396.85
12356,266,2025-09-11,enviado,loja,660.39
12357,158,2025-11-20,concluido,marketplace,313.95
12358,220,2025-11-10,concluido,app,161.55
12359,175,2025-07-11,enviado,app,559.53
12360,243,2025-02-02,concluido,marketplace,269.23
12361,108,2025-06-17,processando,marketplace,412.74
12362,462,2025-09-01,enviado,marketplace,45.4
12363,170,2025-12-24,concluido,app,304.54
12364,401,2025-11-20,concluido,app,222.96
12365,313,2025-05-02,enviado,app,43.72
12366,241,2025-01-10,concluido,site,311.7
12367,76,2025-11-16,concluido,loja,319.52
12368,462,2025-05-17,concluido,loja,433.69
12369,406,2025-05-22,cancelado,marketplace,709.38
12370,31,2025-08-31,concluido,site,636.62
12371,423,2025-11-14,concluido,app,235.55
12372,164,2025-09-06,enviado,app,383.77
12373,331,2025-04-07,enviado,site,477.24
12374,32,2025-04-10,concluido,marketplace,240.9
12375,193,2025-08-05,cancelado,site,87.23
12376,105,2025-03-15,concluido,site,287.3
12377,391,2025-08-04,concluido,loja,728.66
12378,76,2025-08-17,processando,app,82.98
12379,389,2025-06-10,concluido,marketplace,147.36
12380,102,2025-12-28,processando,marketplace,176.35
12381,66,2025-06-15,enviado,site,148.86
12382,168,2025-10-10,concluido,app,540.38
12383,369,2025-07-12,concluido,loja,203.66
12384,203,2025-04-02,concluido,site,550.07
12385,166,2025-10-17,cancelado,site,347.03
12386,29,2025-03-09,concluido,site,63.57
12387,53,2025-09-25,concluido,app,245.06
12388,185,2025-07-02,concluido,loja,649.06
12389,36,2025-09-10,concluido,site,375.44
12390,329,2025-07-22,processando,site,259.84
12391,230,2025-03-23,concluido,marketplace,734.31
12392,29,2025-11-27,processando,site,134.68
12393,432,2025-12-24,concluido,site,209.79
12394,389,2025-04-30,enviado,app,609.69
12395,166,2025-07-18,cancelado,loja,532.96
12396,510,2025-09-10,concluido,loja,124.64
12397,21,2025-04-13,processando,app,466.28
12398,252,2025-01-04,concluido,site,200.93
12399,189,2025-09-18,enviado,app,41.14
12400,78,2025-10-02,concluido,marketplace,263.84
12401,192,2025-09-19,concluido,app,1079.0
12402,132,2025-06-21,concluido,marketplace,656.41
12403,334,2025-05-27,concluido,loja,324.48
12404,334,2025-12-10,concluido,loja,77.77
12405,58,2025-01-22,concluido,site,42.81
12406,448,2025-04-16,concluido,marketplace,347.82
12407,346,2025-04-20,enviado,marketplace,445.53
12408,28,2025-11-28,processando,marketplace,544.59
12409,13,2025-06-08,concluido,app,503.45
12410,106,2025-09-13,enviado,loja,532.58
12411,235,2025-07-20,processando,app,408.72
12412,246,2025-10-15,processando,app,724.09
12413,55,2025-01-01,enviado,site,222.6
12414,141,2025-01-01,concluido,loja,344.03
12415,82,2025-02-19,concluido,app,63.86
12416,217,2025-07-10,concluido,loja,218.81
12417,153,2025-01-18,enviado,marketplace,644.7
12418,234,2025-04-15,concluido,site,521.23
12419,244,2025-03-31,concluido,site,25.14
12420,234,2025-10-24,processando,marketplace,1129.95
12421,360,2025-10-16,concluido,app,376.14
12422,204,2025-12-14,concluido,site,381.22
12423,426,2025-08-27,concluido,site,207.65
12424,23,2025-12-03,concluido,marketplace,246.04
12425,369,2025-09-03,concluido,marketplace,373.16
12426,509,2025-04-07,concluido,loja,501.47
12427,333,2025-01-23,enviado,loja,422.24
12428,360,2025-09-08,enviado,site,221.28
12429,46,2025-11-03,concluido,loja,159.61
12430,192,2025-12-04,enviado,app,150.28
12431,328,2025-06-27,concluido,loja,677.75
12432,178,2025-05-30,concluido,loja,625.28
12433,209,2025-07-04,enviado,site,470.65
12434,454,2025-03-12,concluido,marketplace,674.57
12435,231,2025-10-04,enviado,app,306.15
12436,176,2025-09-17,enviado,app,590.27
12437,277,2025-11-20,enviado,app,487.35
12438,294,2025-03-13,enviado,app,600.82
12439,203,2025-02-11,enviado,site,137.13
12440,279,2025-01-22,concluido,site,20.01
12441,282,2025-12-07,enviado,app,404.66
12442,404,2025-06-21,concluido,marketplace,256.89
12443,409,2025-07-11,concluido,loja,32.45
12444,420,2025-07-21,concluido,marketplace,748.95
12445,353,2025-02-24,concluido,loja,626.42
12446,356,2025-04-07,cancelado,site,429.74
12447,469,2025-02-06,processando,marketplace,168.19
12448,208,2025-06-05,enviado,site,60.74
12449,98,2025-01-13,concluido,marketplace,31.82
12450,96,2025-12-15,concluido,marketplace,217.51
12451,61,2025-08-05,enviado,loja,537.83
12452,520,2025-06-03,concluido,marketplace,259.01
12453,220,2025-11-14,processando,loja,474.62
12454,304,2025-01-22,processando,site,490.82
12455,180,2025-01-16,concluido,loja,532.59
12456,197,2025-10-03,cancelado,loja,49.31
12457,318,2025-06-29,enviado,loja,181.39
12458,195,2025-01-20,enviado,site,468.64
12459,279,2025-02-17,concluido,site,854.85
12460,384,2025-06-22,concluido,loja,705.45
12461,159,2025-10-10,cancelado,loja,414.34
12462,211,2025-02-18,concluido,app,754.11
12463,346,2025-01-15,enviado,loja,412.13
12464,93,2025-08-26,concluido,loja,80.65
12465,275,2025-12-01,cancelado,marketplace,526.53
12466,358,2025-09-22,concluido,loja,721.27
12467,84,2025-01-21,concluido,marketplace,1026.88
12468,352,2025-03-21,enviado,site,212.59
12469,249,2025-05-08,concluido,app,124.3
12470,23,2025-06-04,concluido,marketplace,591.41
12471,299,2025-09-10,concluido,loja,449.54
12472,467,2025-03-01,concluido,app,421.91
12473,310,2025-10-16,concluido,loja,760.94
12474,358,2025-08-09,concluido,marketplace,589.88
12475,55,2025-08-03,concluido,marketplace,478.94
12476,360,2025-08-05,concluido,site,234.87
12477,341,2025-07-03,concluido,app,558.52
12478,449,2025-03-12,concluido,app,119.53
12479,96,2025-12-07,concluido,marketplace,411.3
12480,245,2025-02-04,enviado,app,327.73
12481,60,2025-10-14,concluido,app,76.61
12482,69,2025-12-26,concluido,marketplace,450.44
12483,404,2025-01-07,concluido,marketplace,212.97
12484,5,2025-06-05,enviado,app,442.93
12485,125,2025-09-03,enviado,app,151.24
12486,245,2025-09-03,concluido,app,593.79
12487,325,2025-11-18,concluido,site,940.36
12488,66,2025-09-19,concluido,site,119.57
12489,38,2025-10-17,concluido,loja,151.07
12490,186,2025-04-26,enviado,loja,101.07
12491,222,2025-01-22,enviado,loja,286.06
12492,512,2025-07-20,concluido,app,438.21
12493,66,2025-09-03,processando,loja,536.02
12494,387,2025-11-22,concluido,marketplace,405.65
12495,39,2025-08-10,processando,loja,525.11
12496,44,2025-12-27,enviado,app,319.19
12497,21,2025-07-09,concluido,marketplace,210.95
12498,414,2025-06-24,concluido,marketplace,154.44
12499,438,2025-08-29,concluido,loja,294.12
12500,430,2025-12-19,processando,app,157.8
12501,47,2025-12-21,concluido,marketplace,429.15
12502,316,2025-11-20,concluido,marketplace,160.03
12503,448,2025-05-28,processando,app,229.77
12504,464,2025-06-15,enviado,app,675.51
12505,157,2025-04-09,enviado,loja,717.81
12506,307,2025-08-06,processando,app,703.29
12507,456,2025-03-13,enviado,marketplace,323.11
12508,352,2025-07-05,cancelado,marketplace,217.9
12509,237,2025-10-25,concluido,site,474.83
12510,449,2025-05-30,processando,app,162.95
12511,325,2025-06-22,concluido,loja,553.66
12512,201,2025-09-05,cancelado,loja,202.33
12513,75,2025-05-11,processando,marketplace,285.0
12514,193,2025-10-09,enviado,site,561.86
12515,416,2025-05-11,enviado,loja,57.66
12516,282,2025-10-26,enviado,loja,209.41
12517,27,2025-08-07,processando,loja,435.52
12518,244,2025-08-12,concluido,site,501.16
12519,63,2025-07-05,cancelado,site,447.42
12520,36,2025-05-23,concluido,marketplace,282.32
12521,50,2025-12-18,concluido,site,599.6
12522,291,2025-01-31,concluido,marketplace,150.0
12523,369,2025-05-22,concluido,app,144.41
12524,317,2025-11-06,concluido,marketplace,432.59
12525,182,2025-05-02,concluido,marketplace,135.55
12526,88,2025-07-16,concluido,site,960.85
12527,47,2025-10-20,cancelado,marketplace,214.3
12528,64,2025-02-18,concluido,loja,592.27
12529,236,2025-11-09,concluido,app,115.3
12530,144,2025-02-24,concluido,marketplace,834.57
12531,441,2025-11-04,enviado,loja,339.49
12532,52,2025-02-11,concluido,loja,209.63
12533,379,2025-07-16,enviado,loja,267.66
12534,509,2025-04-16,enviado,loja,183.35
12535,449,2025-09-26,concluido,site,284.41
12536,316,2025-07-18,enviado,app,121.71
12537,361,2025-02-09,processando,loja,215.07
12538,207,2025-04-17,concluido,marketplace,584.82
12539,128,2025-05-29,enviado,loja,390.19
12540,241,2025-01-13,processando,app,147.38
12541,34,2025-08-20,cancelado,site,291.8
12542,177,2025-07-04,concluido,loja,723.12
12543,229,2025-08-06,concluido,marketplace,235.16
12544,138,2025-07-07,enviado,marketplace,134.26
12545,87,2025-04-23,enviado,app,488.89
12546,196,2025-07-06,concluido,app,34.93
12547,469,2025-03-23,concluido,site,272.26
12548,269,2025-05-11,concluido,marketplace,764.11
12549,224,2025-05-23,enviado,app,285.64
12550,160,2025-03-27,concluido,app,623.3
12551,318,2025-01-27,concluido,app,132.62
12552,241,2025-08-05,enviado,app,277.4
12553,507,2025-11-05,cancelado,site,258.06
12554,138,2025-04-02,concluido,loja,471.25
12555,189,2025-04-02,concluido,app,352.96
12556,5,2025-06-16,enviado,marketplace,829.99
12557,11,2025-09-14,concluido,site,225.09
12558,86,2025-01-25,concluido,app,349.93
12559,312,2025-07-08,concluido,marketplace,265.46
12560,233,2025-03-31,cancelado,app,331.93
12561,311,2025-01-22,concluido,loja,310.64
12562,148,2025-08-24,concluido,loja,161.61
12563,203,2025-10-09,concluido,loja,563.79
12564,239,2025-11-28,enviado,marketplace,197.18
12565,296,2025-07-27,cancelado,loja,186.06
12566,440,2025-09-13,concluido,site,81.28
12567,308,2025-07-08,enviado,site,220.06
12568,212,2025-07-15,concluido,marketplace,195.11
12569,516,2025-04-12,cancelado,app,44.0
12570,327,2025-03-17,concluido,app,283.5
12571,155,2025-07-22,concluido,site,806.44
12572,463,2025-08-13,concluido,loja,96.69
12573,239,2025-07-10,enviado,loja,327.57
12574,27,2025-05-06,enviado,site,278.49
12575,28,2025-06-29,concluido,loja,514.86
12576,447,2025-08-10,concluido,marketplace,540.38
12577,263,2025-10-10,concluido,loja,1193.41
12578,170,2025-04-10,concluido,app,400.22
12579,504,2025-03-16,cancelado,marketplace,174.8
12580,261,2025-04-22,processando,marketplace,215.22
12581,513,2025-06-21,enviado,loja,232.91
12582,168,2025-05-26,concluido,site,201.61
12583,389,2025-09-07,concluido,site,934.5
12584,281,2025-10-17,concluido,app,523.3
12585,194,2025-06-19,processando,loja,468.49
12586,326,2025-05-17,concluido,app,137.58
12587,197,2025-05-22,concluido,site,536.79
12588,7,2025-03-10,concluido,app,687.92
12589,423,2025-03-19,concluido,marketplace,282.27
12590,108,2025-01-01,enviado,app,213.24
12591,136,2025-09-05,enviado,app,843.14
12592,85,2025-12-11,concluido,site,191.66
12593,416,2025-06-25,processando,marketplace,175.78
12594,133,2025-10-23,concluido,marketplace,152.33
12595,168,2025-09-27,concluido,marketplace,316.07
12596,399,2025-05-06,concluido,site,399.4
12597,140,2025-06-18,enviado,marketplace,628.45
12598,371,2025-07-27,concluido,marketplace,482.95
12599,132,2025-02-24,enviado,app,477.72
12600,113,2025-05-08,concluido,app,756.18
12601,358,2025-10-05,concluido,loja,146.2
12602,215,2025-10-18,concluido,site,91.17
12603,320,2025-09-04,enviado,site,498.93
12604,456,2025-01-30,concluido,loja,305.34
12605,243,2025-01-16,concluido,marketplace,629.93
12606,121,2025-09-07,enviado,loja,326.56
12607,203,2025-10-29,concluido,loja,207.5
12608,147,2025-05-05,processando,app,503.8
12609,307,2025-06-17,processando,site,356.39
12610,43,2025-01-05,concluido,loja,326.77
12611,48,2025-12-24,processando,site,1332.1
12612,506,2025-01-17,concluido,marketplace,719.49
12613,424,2025-12-25,concluido,site,546.95
12614,458,2025-06-08,concluido,site,364.25
12615,43,2025-01-21,processando,app,342.49
12616,460,2025-07-20,enviado,loja,266.74
12617,304,2025-05-30,processando,site,390.5
12618,146,2025-03-12,concluido,marketplace,229.62
12619,398,2025-12-25,concluido,loja,120.22
12620,353,2025-05-26,concluido,marketplace,323.88
12621,356,2025-08-31,enviado,marketplace,412.75
12622,157,2025-05-31,processando,loja,630.89
12623,121,2025-06-08,processando,app,176.62
12624,77,2025-12-27,concluido,site,344.43
12625,449,2025-03-02,concluido,loja,480.44
12626,371,2025-02-07,concluido,marketplace,473.28
12627,297,2025-05-03,cancelado,loja,905.13
12628,330,2025-12-09,enviado,marketplace,270.65
12629,108,2025-08-31,processando,marketplace,164.51
12630,99,2025-06-26,concluido,site,360.63
12631,412,2025-05-10,concluido,loja,281.26
12632,204,2025-12-30,enviado,loja,245.54
12633,168,2025-12-29,concluido,marketplace,220.9
12634,385,2025-10-18,enviado,app,413.89
12635,506,2025-05-09,concluido,loja,197.48
12636,172,2025-03-17,concluido,app,546.64
12637,310,2025-09-11,enviado,app,529.82
12638,214,2025-01-20,cancelado,marketplace,439.62
12639,410,2025-11-11,concluido,site,145.98
12640,396,2025-09-14,concluido,app,401.18
12641,338,2025-09-16,concluido,loja,658.06
12642,303,2025-11-10,enviado,app,572.48
12643,375,2025-01-21,concluido,marketplace,521.09
12644,387,2025-08-22,concluido,marketplace,340.79
12645,519,2025-11-18,enviado,site,330.08
12646,450,2025-08-02,enviado,app,726.95
12647,428,2025-10-30,concluido,marketplace,409.41
12648,334,2025-01-20,enviado,marketplace,412.92
12649,3,2025-09-29,concluido,app,1571.11
12650,231,2025-05-03,concluido,loja,266.31
12651,39,2025-05-21,concluido,loja,39.53
12652,510,2025-11-04,processando,loja,295.84
12653,110,2025-10-01,processando,marketplace,308.59
12654,438,2025-05-01,enviado,loja,405.27
12655,169,2025-04-01,concluido,app,470.31
12656,514,2025-02-10,concluido,app,48.45
12657,11,2025-02-20,concluido,marketplace,476.75
12658,150,2025-12-10,concluido,app,322.08
12659,105,2025-03-25,concluido,marketplace,275.44
12660,278,2025-12-21,concluido,site,76.51
12661,80,2025-03-04,enviado,site,823.43
12662,34,2025-05-19,enviado,site,243.05
12663,173,2025-03-04,concluido,loja,525.67
12664,247,2025-12-09,processando,site,174.53
12665,48,2025-06-30,concluido,app,417.39
12666,129,2025-01-10,enviado,site,278.68
12667,84,2025-03-16,concluido,app,515.18
12668,388,2025-11-20,concluido,marketplace,271.84
12669,406,2025-08-10,concluido,loja,167.98
12670,98,2025-11-14,processando,site,332.54
12671,382,2025-04-27,enviado,loja,320.83
12672,235,2025-07-18,concluido,marketplace,398.89
12673,22,2025-01-19,concluido,site,618.13
12674,9,2025-12-07,enviado,marketplace,138.19
12675,429,2025-01-04,enviado,loja,598.14
12676,432,2025-02-19,processando,site,120.54
12677,243,2025-09-11,concluido,marketplace,502.3
12678,416,2025-01-17,enviado,marketplace,512.62
12679,275,2025-08-06,concluido,site,233.45
12680,154,2025-12-07,enviado,app,181.81
12681,418,2025-07-14,enviado,marketplace,174.15
12682,211,2025-02-08,enviado,marketplace,354.96
12683,158,2025-06-03,concluido,site,534.38
12684,168,2025-04-05,cancelado,app,302.35
12685,309,2025-11-03,enviado,marketplace,34.57
12686,136,2025-06-20,concluido,site,221.89
12687,109,2025-10-26,enviado,app,215.9
12688,160,2025-10-09,cancelado,site,468.21
12689,282,2025-10-23,enviado,marketplace,484.24
12690,337,2025-06-02,concluido,loja,373.96
12691,21,2025-06-09,enviado,loja,598.85
12692,171,2025-05-18,cancelado,app,627.52
12693,302,2025-01-03,concluido,loja,232.05
12694,415,2025-07-04,concluido,site,171.03
12695,303,2025-10-15,enviado,app,317.68
12696,87,2025-04-05,processando,site,373.45
12697,9,2025-08-29,concluido,app,223.26
12698,421,2025-12-16,concluido,loja,1802.84
12699,517,2025-05-20,concluido,app,793.76
12700,122,2025-01-31,concluido,loja,207.56
12701,271,2025-05-30,concluido,loja,143.17
12702,211,2025-10-24,concluido,app,194.74
12703,456,2025-03-05,cancelado,marketplace,634.64
12704,255,2025-01-01,enviado,loja,644.44
12705,383,2025-05-10,processando,app,799.8
12706,298,2025-03-03,enviado,app,166.95
12707,21,2025-04-29,enviado,site,466.99
12708,351,2025-07-22,concluido,app,179.7
12709,58,2025-10-22,concluido,app,907.6
12710,425,2025-12-23,concluido,site,171.67
12711,229,2025-03-15,concluido,site,116.5
12712,167,2025-07-30,concluido,marketplace,136.35
12713,104,2025-11-22,concluido,loja,333.58
12714,446,2025-12-07,enviado,app,529.48
12715,141,2025-08-12,concluido,site,507.44
12716,82,2025-02-01,enviado,site,141.38
12717,269,2025-05-29,concluido,site,252.31
12718,73,2025-05-26,concluido,loja,228.08
12719,243,2025-09-29,concluido,loja,124.67
12720,330,2025-04-25,concluido,marketplace,223.98
12721,200,2025-05-19,concluido,app,778.66
12722,69,2025-01-09,enviado,loja,110.23
12723,283,2025-09-18,processando,app,390.72
12724,370,2025-07-09,concluido,site,789.84
12725,338,2025-09-22,enviado,loja,764.73
12726,519,2025-02-24,concluido,marketplace,933.71
12727,126,2025-12-09,enviado,app,416.8
12728,271,2025-01-02,concluido,site,458.47
12729,354,2025-10-11,concluido,marketplace,227.19
12730,507,2025-04-06,concluido,marketplace,108.06
12731,218,2025-05-09,processando,marketplace,301.99
12732,322,2025-07-25,processando,marketplace,684.25
12733,242,2025-11-16,concluido,app,33.87
12734,440,2025-06-22,concluido,app,235.14
12735,253,2025-04-27,concluido,site,488.13
12736,53,2025-10-17,enviado,app,336.77
12737,23,2025-04-15,concluido,site,738.34
12738,281,2025-08-14,cancelado,app,640.24
12739,112,2025-07-09,concluido,marketplace,95.91
12740,519,2025-07-29,concluido,marketplace,356.79
12741,456,2025-08-19,enviado,site,186.85
12742,122,2025-11-10,concluido,marketplace,184.93
12743,275,2025-11-19,enviado,app,103.06
12744,353,2025-05-22,concluido,site,398.6
12745,251,2025-04-21,enviado,marketplace,748.0
12746,258,2025-10-26,concluido,marketplace,422.96
12747,512,2025-07-02,cancelado,app,97.06
12748,504,2025-11-18,concluido,marketplace,323.49
12749,422,2025-03-22,concluido,site,475.53
12750,101,2025-04-18,concluido,marketplace,306.57
12751,339,2025-08-19,concluido,app,417.88
12752,372,2025-04-15,concluido,marketplace,199.17
12753,222,2025-03-20,processando,app,281.3
12754,4,2025-03-29,concluido,app,268.66
12755,458,2025-08-04,concluido,app,834.86
12756,79,2025-08-01,concluido,app,144.01
12757,86,2025-05-17,cancelado,marketplace,39.8
12758,81,2025-11-01,concluido,app,801.79
12759,218,2025-03-30,processando,loja,365.3
12760,134,2025-11-07,concluido,site,119.11
12761,152,2025-07-12,cancelado,loja,604.78
12762,448,2025-10-25,concluido,app,494.93
12763,118,2025-12-25,concluido,site,920.19
12764,203,2025-11-29,processando,app,385.63
12765,93,2025-10-03,enviado,app,1334.41
12766,26,2025-09-18,enviado,site,308.55
12767,283,2025-02-12,concluido,site,495.55
12768,171,2025-10-09,concluido,app,543.08
12769,252,2025-04-16,concluido,app,1830.15
12770,46,2025-09-23,concluido,loja,242.19
12771,370,2025-11-21,concluido,marketplace,236.37
12772,349,2025-05-22,enviado,marketplace,550.36
12773,501,2025-01-14,cancelado,site,109.96
12774,371,2025-01-16,concluido,app,185.85
12775,414,2025-11-23,processando,site,302.38
12776,247,2025-02-20,concluido,marketplace,902.27
12777,323,2025-11-06,concluido,app,550.61
12778,161,2025-07-14,processando,marketplace,355.19
12779,134,2025-03-23,concluido,app,225.2
12780,296,2025-10-04,concluido,loja,1130.01
12781,394,2025-02-09,concluido,marketplace,321.96
12782,404,2025-01-22,concluido,loja,185.7
12783,223,2025-08-28,concluido,site,1264.72
12784,509,2025-05-06,concluido,marketplace,114.66
12785,371,2025-09-22,concluido,app,762.75
12786,289,2025-03-04,concluido,app,339.58
12787,262,2025-04-27,enviado,marketplace,549.74
12788,188,2025-06-08,enviado,loja,486.57
12789,283,2025-01-21,processando,site,544.54
12790,124,2025-07-30,processando,loja,1335.8
12791,403,2025-01-09,cancelado,app,1210.76
12792,32,2025-05-18,enviado,site,193.83
12793,130,2025-09-28,concluido,site,474.29
12794,376,2025-05-13,enviado,app,68.0
12795,243,2025-09-13,enviado,app,583.55
12796,194,2025-04-07,concluido,site,674.24
12797,125,2025-03-21,processando,app,40.48
12798,317,2025-12-14,concluido,app,330.61
12799,331,2025-12-09,processando,marketplace,549.08
12800,82,2025-01-11,concluido,loja,429.97
12801,67,2025-07-08,cancelado,loja,116.83
12802,159,2025-05-09,concluido,site,128.77
12803,150,2025-11-20,concluido,marketplace,303.07
12804,192,2025-05-29,enviado,site,242.16
12805,404,2025-04-28,cancelado,marketplace,260.11
12806,350,2025-04-06,concluido,site,102.33
12807,241,2025-07-13,concluido,marketplace,343.78
12808,263,2025-10-22,enviado,site,906.68
12809,375,2025-02-25,concluido,app,121.47
12810,142,2025-06-19,cancelado,app,284.82
12811,426,2025-12-23,concluido,marketplace,509.3
12812,352,2025-11-24,concluido,marketplace,80.28
12813,470,2025-04-21,concluido,marketplace,346.26
12814,270,2025-05-12,processando,site,661.05
12815,114,2025-03-14,enviado,site,146.1
12816,308,2025-08-21,concluido,site,370.55
12817,311,2025-04-12,concluido,site,630.32
12818,102,2025-09-10,concluido,loja,1293.25
12819,116,2025-01-21,enviado,site,357.22
12820,43,2025-11-10,cancelado,loja,189.29
12821,168,2025-07-19,concluido,loja,57.68
12822,369,2025-09-26,enviado,site,190.6
12823,107,2025-01-14,enviado,site,96.77
12824,172,2025-08-01,concluido,app,953.47
12825,269,2025-01-07,concluido,loja,605.53
12826,327,2025-12-26,concluido,marketplace,128.74
12827,306,2025-03-03,enviado,loja,180.49
12828,452,2025-11-14,processando,loja,353.02
12829,406,2025-06-27,concluido,site,657.82
12830,310,2025-02-06,enviado,marketplace,475.1
12831,150,2025-04-26,concluido,loja,444.35
12832,14,2025-10-28,concluido,loja,388.07
12833,418,2025-03-22,enviado,app,135.08
12834,232,2025-05-21,concluido,loja,356.34
12835,131,2025-01-19,processando,marketplace,326.28
12836,275,2025-07-28,enviado,site,95.46
12837,323,2025-01-11,cancelado,marketplace,938.4
12838,203,2025-08-08,concluido,site,210.89
12839,50,2025-03-01,cancelado,loja,98.0
12840,10,2025-01-22,enviado,site,239.75
12841,105,2025-07-04,concluido,site,276.54
12842,391,2025-01-14,concluido,loja,319.16
12843,382,2025-04-19,concluido,app,273.08
12844,131,2025-06-24,concluido,loja,332.5
12845,94,2025-08-12,concluido,loja,374.15
12846,249,2025-08-06,cancelado,app,360.64
12847,269,2025-05-16,concluido,site,442.1
12848,156,2025-10-11,concluido,loja,460.35
12849,176,2025-06-02,concluido,app,468.26
12850,109,2025-04-30,processando,site,549.04
12851,342,2025-07-09,concluido,site,192.87
12852,25,2025-09-17,concluido,site,198.59
12853,147,2025-10-21,concluido,site,659.79
12854,232,2025-05-11,processando,app,245.43
12855,307,2025-12-28,concluido,loja,306.35
12856,294,2025-07-12,enviado,marketplace,286.65
12857,329,2025-11-06,cancelado,loja,1263.97
12858,268,2025-06-01,concluido,marketplace,166.97
12859,327,2025-10-19,concluido,marketplace,164.35
12860,151,2025-01-11,cancelado,marketplace,333.33
12861,406,2025-04-10,enviado,app,292.72
12862,430,2025-04-25,concluido,app,127.65
12863,221,2025-07-26,concluido,site,313.89
12864,359,2025-01-12,enviado,loja,339.96
12865,328,2025-03-02,concluido,loja,226.75
12866,16,2025-11-25,concluido,app,300.3
12867,371,2025-04-27,concluido,app,180.61
12868,340,2025-11-05,enviado,app,127.93
12869,267,2025-03-12,processando,site,244.0
12870,146,2025-01-02,enviado,loja,145.87
12871,61,2025-03-14,enviado,loja,106.79
12872,282,2025-03-17,concluido,marketplace,55.27
12873,76,2025-08-11,processando,site,392.69
12874,196,2025-10-21,concluido,loja,237.76
12875,425,2025-04-21,concluido,loja,662.32
12876,51,2025-12-11,enviado,app,253.19
12877,414,2025-09-28,concluido,marketplace,391.37
12878,385,2025-03-03,concluido,app,202.71
12879,205,2025-10-05,concluido,marketplace,325.95
12880,140,2025-11-17,enviado,site,55.74
12881,85,2025-09-02,cancelado,site,241.22
12882,517,2025-08-11,processando,loja,167.87
12883,29,2025-03-01,enviado,loja,618.93
12884,39,2025-02-11,processando,marketplace,374.11
12885,422,2025-01-14,concluido,site,563.43
12886,29,2025-11-10,processando,site,709.56
12887,311,2025-02-07,enviado,marketplace,226.3
12888,209,2025-04-01,enviado,app,363.05
12889,227,2025-11-25,concluido,app,134.43
12890,189,2025-04-23,processando,marketplace,432.65
12891,516,2025-08-14,concluido,marketplace,475.9
12892,30,2025-08-18,enviado,loja,412.76
12893,211,2025-12-10,concluido,app,226.1
12894,285,2025-02-17,cancelado,loja,993.79
12895,423,2025-08-31,enviado,site,339.32
12896,290,2025-12-25,enviado,site,135.13
12897,135,2025-01-12,concluido,marketplace,506.28
12898,100,2025-04-12,concluido,app,630.93
12899,68,2025-06-10,concluido,app,137.46
12900,469,2025-07-25,concluido,site,276.69
12901,105,2025-03-26,processando,site,96.15
12902,1,2025-07-14,concluido,loja,727.0
12903,263,2025-12-09,concluido,loja,311.54
12904,294,2025-06-26,concluido,app,168.49
12905,39,2025-12-08,concluido,marketplace,636.23
12906,26,2025-03-28,enviado,marketplace,332.74
12907,443,2025-07-22,concluido,site,580.47
12908,49,2025-08-09,concluido,site,451.4
12909,105,2025-12-16,concluido,site,150.06
12910,274,2025-02-25,enviado,loja,220.19
12911,256,2025-12-08,concluido,app,172.36
12912,427,2025-03-24,processando,loja,127.18
12913,302,2025-10-02,enviado,site,73.69
12914,134,2025-09-23,enviado,loja,1119.24
12915,280,2025-06-24,cancelado,loja,407.55
12916,352,2025-11-07,concluido,loja,449.48
12917,119,2025-10-04,concluido,site,682.5
12918,91,2025-10-06,processando,marketplace,218.46
12919,174,2025-04-28,concluido,loja,102.92
12920,12,2025-09-10,enviado,loja,547.4
12921,61,2025-08-21,concluido,site,118.89
12922,255,2025-05-01,enviado,app,538.86
12923,8,2025-07-06,cancelado,loja,88.59
12924,44,2025-12-04,enviado,app,111.3
12925,179,2025-06-17,processando,site,201.71
12926,348,2025-12-04,concluido,marketplace,525.54
12927,230,2025-02-23,processando,loja,912.03
12928,376,2025-02-07,concluido,app,448.99
12929,293,2025-03-13,concluido,loja,208.07
12930,387,2025-11-01,enviado,marketplace,613.31
12931,320,2025-11-08,concluido,site,86.02
12932,65,2025-01-20,enviado,site,157.0
12933,355,2025-04-28,processando,loja,355.95
12934,307,2025-12-21,concluido,marketplace,559.3
12935,153,2025-11-07,concluido,site,287.25
12936,146,2025-06-27,concluido,loja,264.82
12937,385,2025-01-19,processando,loja,276.61
12938,92,2025-05-01,enviado,loja,678.56
12939,245,2025-04-11,concluido,app,181.78
12940,520,2025-08-20,concluido,site,148.2
12941,33,2025-11-18,processando,loja,273.36
12942,273,2025-09-10,concluido,app,739.89
12943,295,2025-08-12,concluido,app,199.0
12944,67,2025-06-13,concluido,app,275.96
12945,384,2025-01-20,enviado,marketplace,84.65
12946,1,2025-07-24,processando,app,284.63
12947,357,2025-05-18,enviado,marketplace,393.96
12948,200,2025-07-15,cancelado,marketplace,119.05
12949,292,2025-01-20,concluido,site,679.38
12950,461,2025-10-05,concluido,marketplace,390.42
12951,138,2025-05-09,concluido,loja,224.08
12952,202,2025-04-11,concluido,marketplace,392.46
12953,127,2025-11-21,enviado,marketplace,467.06
12954,426,2025-04-24,enviado,app,63.48
12955,462,2025-10-21,enviado,marketplace,403.02
12956,134,2025-02-10,processando,marketplace,723.2
12957,390,2025-06-22,cancelado,loja,179.7
12958,176,2025-07-19,concluido,app,227.81
12959,302,2025-04-24,enviado,app,257.65
12960,312,2025-12-18,concluido,app,563.44
12961,259,2025-02-24,concluido,loja,137.76
12962,14,2025-11-27,concluido,marketplace,452.57
12963,436,2025-10-14,concluido,marketplace,261.31
12964,396,2025-12-15,concluido,marketplace,939.13
12965,100,2025-06-06,processando,site,272.85
12966,458,2025-09-20,enviado,site,33.34
12967,58,2025-09-04,processando,app,510.67
12968,268,2025-12-27,concluido,app,437.05
12969,20,2025-02-14,enviado,app,378.92
12970,46,2025-06-16,concluido,site,710.54
12971,168,2025-04-14,concluido,app,73.24
12972,454,2025-04-20,enviado,loja,158.97
12973,269,2025-02-19,concluido,loja,324.75
12974,163,2025-01-24,concluido,marketplace,364.85
12975,77,2025-12-23,enviado,site,291.35
12976,395,2025-02-14,concluido,marketplace,85.89
12977,197,2025-11-12,concluido,site,229.54
12978,269,2025-08-31,concluido,app,897.82
12979,4,2025-05-20,concluido,app,132.08
12980,270,2025-10-13,enviado,marketplace,319.58
12981,456,2025-03-12,enviado,loja,453.72
12982,167,2025-10-26,concluido,loja,552.71
12983,144,2025-06-02,enviado,app,509.04
12984,173,2025-09-19,concluido,marketplace,216.77
12985,174,2025-10-29,concluido,marketplace,158.4
12986,163,2025-12-31,enviado,marketplace,943.85
12987,66,2025-06-05,enviado,site,588.63
12988,416,2025-12-21,concluido,marketplace,341.74
12989,501,2025-01-21,concluido,marketplace,789.8
12990,118,2025-10-28,processando,app,103.49
12991,122,2025-03-09,processando,site,34.58
12992,445,2025-06-12,concluido,site,361.94
12993,247,2025-01-18,concluido,loja,374.08
12994,94,2025-12-16,concluido,marketplace,94.74
12995,267,2025-09-26,processando,loja,574.75
12996,367,2025-09-09,concluido,app,52.38
12997,461,2025-11-23,enviado,marketplace,418.57
12998,77,2025-01-04,concluido,app,485.29
12999,148,2025-04-18,enviado,site,358.9
13000,413,2025-03-30,cancelado,site,82.56
13001,98,2025-02-02,concluido,app,705.69
13002,331,2025-01-04,processando,site,222.43
13003,379,2025-01-05,enviado,app,222.99
13004,251,2025-03-23,concluido,loja,189.99
13005,273,2025-03-26,cancelado,loja,520.76
13006,45,2025-12-07,concluido,app,214.35
13007,246,2025-08-26,concluido,marketplace,121.44
13008,137,2025-09-05,concluido,app,619.04
13009,17,2025-06-16,concluido,site,314.1
13010,398,2025-12-09,cancelado,loja,633.17
13011,284,2025-05-04,cancelado,loja,331.08
13012,445,2025-04-04,cancelado,site,179.79
13013,90,2025-02-02,concluido,app,61.31
13014,404,2025-04-22,enviado,app,363.02
13015,15,2025-06-16,concluido,app,258.07
13016,291,2025-11-11,concluido,loja,535.16
13017,52,2025-08-07,enviado,site,206.67
13018,121,2025-10-11,concluido,app,427.27
13019,167,2025-12-01,concluido,app,321.45
13020,439,2025-10-04,concluido,marketplace,167.22
13021,63,2025-09-08,cancelado,loja,219.74
13022,452,2025-09-10,concluido,loja,101.37
13023,11,2025-10-20,concluido,marketplace,985.4
13024,397,2025-09-13,processando,site,420.99
13025,229,2025-11-06,enviado,loja,95.17
13026,519,2025-03-31,concluido,app,953.71
13027,127,2025-12-08,enviado,loja,130.52
13028,467,2025-09-12,cancelado,app,203.9
13029,459,2025-06-17,concluido,app,272.27
13030,15,2025-12-12,cancelado,site,327.08
13031,187,2025-07-23,cancelado,site,525.73
13032,89,2025-01-20,enviado,marketplace,47.25
13033,251,2025-11-07,enviado,loja,330.8
13034,260,2025-10-19,concluido,app,261.9
13035,370,2025-12-27,enviado,marketplace,367.62
13036,327,2025-10-01,concluido,site,252.29
13037,385,2025-01-21,concluido,marketplace,227.39
13038,121,2025-07-18,processando,marketplace,295.94
13039,35,2025-06-27,enviado,app,920.65
13040,447,2025-10-20,enviado,site,230.8
13041,505,2025-11-26,concluido,marketplace,685.21
13042,48,2025-06-05,concluido,marketplace,356.77
13043,377,2025-09-19,concluido,app,345.13
13044,296,2025-08-01,enviado,site,370.09
13045,304,2025-09-13,concluido,site,452.73
13046,25,2025-11-21,concluido,app,244.72
13047,81,2025-03-02,enviado,loja,655.07
13048,386,2025-12-05,concluido,site,453.49
13049,382,2025-12-11,concluido,site,109.79
13050,54,2025-03-08,enviado,site,33.7
13051,370,2025-01-17,concluido,marketplace,902.82
13052,271,2025-08-13,enviado,app,378.34
13053,383,2025-04-20,concluido,app,97.84
13054,173,2025-04-17,concluido,app,230.55
13055,449,2025-12-07,enviado,site,588.44
13056,402,2025-05-25,concluido,site,283.19
13057,405,2025-10-13,processando,app,302.33
13058,441,2025-01-05,concluido,marketplace,518.46
13059,77,2025-11-02,concluido,app,403.74
13060,519,2025-04-10,cancelado,marketplace,475.99
13061,180,2025-07-14,enviado,site,514.84
13062,377,2025-12-02,concluido,app,183.91
13063,292,2025-11-02,concluido,loja,198.15
13064,398,2025-02-19,concluido,loja,166.34
13065,142,2025-04-08,concluido,marketplace,206.91
13066,277,2025-07-07,concluido,app,293.82
13067,14,2025-05-13,enviado,app,309.67
13068,516,2025-01-28,concluido,marketplace,774.46
13069,246,2025-04-29,concluido,marketplace,390.47
13070,307,2025-11-14,concluido,site,298.07
13071,442,2025-10-30,concluido,app,137.51
13072,441,2025-05-25,concluido,site,256.31
13073,134,2025-03-23,enviado,site,946.14
13074,364,2025-05-27,concluido,site,936.72
13075,316,2025-07-05,enviado,loja,253.94
13076,289,2025-11-24,concluido,loja,69.81
13077,158,2025-11-15,concluido,loja,228.95
13078,399,2025-06-28,concluido,loja,779.86
13079,127,2025-05-09,concluido,site,295.31
13080,415,2025-05-09,concluido,site,518.81
13081,285,2025-01-31,cancelado,site,320.61
13082,14,2025-07-31,concluido,site,90.59
13083,142,2025-02-16,concluido,loja,328.87
13084,279,2025-01-07,concluido,marketplace,564.94
13085,76,2025-10-31,concluido,site,204.63
13086,361,2025-02-01,concluido,app,555.22
13087,210,2025-08-20,concluido,site,343.8
13088,118,2025-06-20,concluido,site,535.88
13089,148,2025-07-04,enviado,marketplace,407.74
13090,103,2025-07-25,concluido,app,145.45
13091,519,2025-08-11,concluido,marketplace,258.29
13092,361,2025-08-08,processando,loja,252.05
13093,504,2025-10-15,concluido,app,197.02
13094,412,2025-04-13,processando,app,385.84
13095,226,2025-05-11,enviado,loja,1053.47
13096,77,2025-02-10,concluido,site,655.62
13097,426,2025-03-12,processando,loja,712.67
13098,502,2025-05-17,concluido,loja,187.55
13099,170,2025-11-17,processando,site,720.26
13100,26,2025-08-17,processando,loja,875.0
13101,130,2025-01-20,concluido,marketplace,182.61
13102,279,2025-10-10,concluido,marketplace,439.16
13103,162,2025-05-08,processando,site,447.09
13104,89,2025-01-22,concluido,site,272.45
13105,153,2025-11-28,enviado,loja,364.67
13106,203,2025-11-07,concluido,loja,461.99
13107,332,2025-02-03,concluido,loja,286.1
13108,417,2025-08-01,concluido,marketplace,635.58
13109,465,2025-07-15,enviado,app,110.34
13110,147,2025-01-26,concluido,marketplace,251.23
13111,426,2025-03-31,cancelado,loja,525.7
13112,378,2025-12-19,enviado,marketplace,984.56
13113,467,2025-02-28,enviado,loja,661.61
13114,35,2025-12-31,enviado,marketplace,359.43
13115,221,2025-12-05,concluido,app,296.27
13116,264,2025-08-24,enviado,app,262.03
13117,211,2025-01-29,enviado,site,263.21
13118,339,2025-11-18,concluido,site,60.88
13119,351,2025-12-26,cancelado,loja,959.3
13120,460,2025-02-27,concluido,loja,312.58
13121,375,2025-10-03,concluido,marketplace,173.43
13122,261,2025-01-16,enviado,site,434.52
13123,205,2025-05-14,concluido,app,184.81
13124,62,2025-08-20,enviado,marketplace,596.71
13125,378,2025-04-30,concluido,loja,177.95
13126,192,2025-08-13,enviado,app,541.6
13127,14,2025-05-13,concluido,loja,259.18
13128,243,2025-12-08,concluido,app,396.24
13129,195,2025-10-16,concluido,loja,568.88
13130,332,2025-12-09,concluido,app,216.32
13131,256,2025-12-12,enviado,marketplace,559.88
13132,308,2025-12-10,concluido,app,63.8
13133,386,2025-07-20,concluido,loja,832.63
13134,26,2025-05-17,concluido,marketplace,623.73
13135,61,2025-05-13,enviado,site,304.82
13136,217,2025-02-27,concluido,site,696.85
13137,283,2025-11-25,concluido,loja,650.72
13138,458,2025-12-20,concluido,app,325.21
13139,194,2025-07-01,concluido,loja,322.71
13140,440,2025-12-04,processando,loja,156.38
13141,328,2025-01-24,enviado,loja,337.81
13142,145,2025-11-09,concluido,app,87.78
13143,314,2025-08-08,concluido,loja,537.18
13144,78,2025-02-03,concluido,app,544.83
13145,53,2025-07-17,concluido,marketplace,64.83
13146,125,2025-11-19,concluido,app,782.37
13147,519,2025-04-24,concluido,loja,201.71
13148,257,2025-04-27,processando,loja,1619.12
13149,133,2025-07-22,concluido,loja,382.14
13150,35,2025-08-06,concluido,site,787.25
13151,38,2025-04-20,enviado,site,152.16
13152,388,2025-05-08,concluido,app,258.75
13153,448,2025-04-15,cancelado,site,215.47
13154,244,2025-07-28,enviado,marketplace,86.23
13155,128,2025-01-23,enviado,marketplace,110.67
13156,49,2025-07-25,concluido,site,296.3
13157,185,2025-05-23,cancelado,loja,424.34
13158,64,2025-11-12,concluido,marketplace,138.67
13159,447,2025-04-09,processando,marketplace,246.94
13160,519,2025-08-02,concluido,site,184.04
13161,380,2025-09-05,enviado,site,310.84
13162,65,2025-12-25,concluido,site,510.36
13163,465,2025-01-02,enviado,loja,350.56
13164,75,2025-02-19,concluido,loja,208.3
13165,265,2025-02-23,enviado,marketplace,636.86
13166,202,2025-11-17,concluido,marketplace,414.97
13167,316,2025-12-06,concluido,app,357.86
13168,298,2025-07-22,processando,loja,140.17
13169,260,2025-07-15,concluido,site,593.8
13170,302,2025-05-14,enviado,site,443.71
13171,315,2025-03-11,cancelado,app,459.41
13172,352,2025-09-02,enviado,app,275.65
13173,196,2025-12-22,concluido,site,240.2
13174,41,2025-08-05,processando,site,962.4
13175,306,2025-10-03,cancelado,loja,237.44
13176,161,2025-05-08,concluido,app,117.04
13177,297,2025-05-14,concluido,site,370.53
13178,4,2025-01-26,concluido,marketplace,323.25
13179,153,2025-09-29,enviado,marketplace,655.54
13180,151,2025-07-12,enviado,marketplace,291.31
13181,380,2025-10-13,processando,loja,499.56
13182,26,2025-06-17,enviado,marketplace,816.62
13183,420,2025-06-09,concluido,marketplace,426.27
13184,227,2025-06-24,concluido,site,146.24
13185,401,2025-06-07,cancelado,app,434.5
13186,260,2025-11-08,concluido,app,250.16
13187,401,2025-07-09,concluido,loja,388.24
13188,402,2025-03-08,enviado,app,324.99
13189,173,2025-12-25,concluido,site,114.83
13190,172,2025-11-06,processando,app,290.11
13191,5,2025-12-22,enviado,loja,139.33
13192,96,2025-03-02,concluido,marketplace,223.91
13193,391,2025-08-20,concluido,loja,592.53
13194,243,2025-06-09,concluido,marketplace,343.29
13195,200,2025-01-15,concluido,app,479.74
13196,52,2025-02-17,concluido,marketplace,363.06
13197,265,2025-11-24,concluido,site,263.53
13198,518,2025-01-08,concluido,loja,389.0
13199,254,2025-10-14,concluido,site,74.01
13200,305,2025-07-03,concluido,site,538.41
13201,140,2025-08-17,concluido,loja,169.47
13202,437,2025-03-26,processando,loja,459.89
13203,374,2025-02-26,enviado,site,255.84
13204,129,2025-04-28,cancelado,loja,114.9
13205,221,2025-06-27,processando,loja,194.21
13206,273,2025-01-25,concluido,marketplace,461.48
13207,326,2025-03-28,concluido,marketplace,1161.24
13208,90,2025-06-08,concluido,app,310.37
13209,450,2025-05-10,concluido,marketplace,1075.74
13210,347,2025-08-08,concluido,marketplace,73.82
13211,240,2025-06-23,cancelado,app,270.71
13212,40,2025-02-27,concluido,app,310.55
13213,366,2025-08-18,concluido,loja,477.71
13214,318,2025-02-13,concluido,loja,200.27
13215,125,2025-12-07,concluido,app,413.96
13216,16,2025-04-09,enviado,loja,280.75
13217,420,2025-02-07,enviado,marketplace,716.61
13218,336,2025-10-05,concluido,site,370.76
13219,199,2025-05-07,enviado,marketplace,1535.5
13220,326,2025-04-10,concluido,app,282.41
13221,280,2025-09-15,enviado,marketplace,686.89
13222,118,2025-06-19,enviado,marketplace,829.99
13223,504,2025-09-21,concluido,loja,22.46
13224,259,2025-05-27,concluido,site,533.9
13225,177,2025-03-30,concluido,marketplace,274.9
13226,185,2025-05-14,concluido,site,129.64
13227,108,2025-10-01,enviado,site,724.68
13228,318,2025-04-22,concluido,site,209.55
13229,511,2025-05-04,processando,site,69.52
13230,234,2025-09-15,concluido,marketplace,377.06
13231,377,2025-07-17,enviado,loja,794.64
13232,271,2025-09-21,cancelado,site,131.17
13233,162,2025-09-04,concluido,app,580.89
13234,54,2025-05-21,enviado,app,51.54
13235,120,2025-01-19,enviado,loja,831.1
13236,90,2025-05-18,concluido,app,432.06
13237,333,2025-04-26,processando,app,119.28
13238,122,2025-10-18,enviado,app,546.33
13239,331,2025-12-04,concluido,site,218.97
13240,419,2025-03-22,enviado,app,156.52
13241,265,2025-09-21,enviado,app,215.25
13242,63,2025-01-23,enviado,site,510.21
13243,90,2025-01-02,concluido,loja,148.22
13244,195,2025-02-28,concluido,site,32.18
13245,324,2025-11-02,processando,loja,224.02
13246,63,2025-01-06,concluido,marketplace,743.93
13247,197,2025-02-17,concluido,app,737.53
13248,149,2025-06-13,processando,site,215.01
13249,387,2025-01-25,enviado,marketplace,209.02
13250,385,2025-10-09,processando,app,198.92
13251,210,2025-10-29,concluido,site,191.96
13252,102,2025-01-09,concluido,loja,202.69
13253,2,2025-07-09,enviado,marketplace,389.88
13254,381,2025-10-29,concluido,site,755.55
13255,463,2025-12-19,concluido,loja,148.01
13256,343,2025-07-19,concluido,site,172.4
13257,464,2025-11-28,concluido,marketplace,421.37
13258,45,2025-12-29,concluido,app,529.94
13259,1,2025-08-17,concluido,site,87.76
13260,419,2025-10-30,concluido,loja,937.86
13261,315,2025-01-08,concluido,app,256.91
13262,281,2025-04-14,concluido,app,96.01
13263,372,2025-10-18,concluido,loja,83.65
13264,311,2025-08-24,enviado,app,78.8
13265,286,2025-10-12,concluido,site,678.33
13266,350,2025-12-05,processando,site,345.32
13267,190,2025-10-30,concluido,marketplace,682.38
13268,40,2025-10-19,concluido,loja,300.0
13269,520,2025-05-02,concluido,site,669.97
13270,452,2025-12-26,cancelado,marketplace,294.52
13271,324,2025-09-25,concluido,app,476.35
13272,155,2025-02-10,concluido,site,315.13
13273,460,2025-10-20,concluido,app,281.47
13274,402,2025-08-25,concluido,marketplace,160.68
13275,61,2025-08-24,concluido,marketplace,521.19
13276,344,2025-03-12,concluido,loja,131.71
13277,402,2025-02-08,concluido,app,520.61
13278,312,2025-12-31,processando,app,356.57
13279,91,2025-03-25,concluido,loja,529.97
13280,301,2025-02-08,concluido,marketplace,378.67
13281,188,2025-05-17,enviado,site,718.16
13282,178,2025-12-15,concluido,loja,445.25
13283,24,2025-06-13,concluido,app,361.95
13284,519,2025-03-14,concluido,marketplace,27.74
13285,1,2025-12-30,concluido,site,737.11
13286,205,2025-04-23,enviado,marketplace,77.92
13287,28,2025-08-24,concluido,app,104.6
13288,443,2025-08-29,enviado,app,563.65
13289,313,2025-06-17,enviado,marketplace,336.27
13290,503,2025-09-06,concluido,app,81.32
13291,135,2025-08-20,concluido,app,208.79
13292,38,2025-07-19,enviado,marketplace,712.03
13293,503,2025-01-31,enviado,site,370.72
13294,295,2025-07-10,enviado,app,342.28
13295,454,2025-02-25,enviado,site,188.79
13296,219,2025-02-11,cancelado,site,577.02
13297,117,2025-08-14,concluido,app,306.62
13298,17,2025-08-25,concluido,loja,507.04
13299,349,2025-01-08,concluido,loja,173.17
13300,359,2025-12-01,concluido,marketplace,1165.22
13301,168,2025-12-24,concluido,app,797.24
13302,268,2025-08-28,concluido,app,367.92
13303,212,2025-06-26,concluido,marketplace,426.15
13304,242,2025-03-01,concluido,site,210.38
13305,407,2025-09-21,enviado,loja,534.47
13306,160,2025-10-03,concluido,site,35.91
13307,171,2025-01-24,concluido,loja,928.65
13308,94,2025-02-05,concluido,marketplace,513.71
13309,452,2025-07-04,concluido,app,145.41
13310,78,2025-08-04,concluido,loja,914.17
13311,280,2025-08-11,concluido,loja,1102.2
13312,302,2025-10-08,concluido,marketplace,442.19
13313,278,2025-09-15,concluido,marketplace,175.62
13314,163,2025-04-27,concluido,marketplace,346.17
13315,71,2025-10-04,concluido,marketplace,486.36
13316,418,2025-08-16,enviado,site,417.12
13317,230,2025-11-14,concluido,site,145.43
13318,204,2025-03-23,concluido,app,480.42
13319,5,2025-11-01,concluido,marketplace,706.66
13320,167,2025-02-24,concluido,marketplace,116.73
13321,342,2025-11-04,concluido,app,129.74
13322,43,2025-02-21,concluido,loja,203.5
13323,352,2025-01-10,concluido,marketplace,286.04
13324,228,2025-12-16,concluido,app,586.79
13325,13,2025-07-27,cancelado,marketplace,701.59
13326,162,2025-05-18,processando,site,169.32
13327,1,2025-02-12,processando,app,387.52
13328,161,2025-10-17,concluido,site,683.31
13329,514,2025-12-25,enviado,site,1206.99
13330,173,2025-04-20,enviado,app,386.09
13331,178,2025-12-02,processando,marketplace,401.16
13332,456,2025-11-13,concluido,loja,444.05
13333,428,2025-09-10,concluido,loja,263.76
13334,433,2025-03-08,concluido,site,365.49
13335,363,2025-10-30,processando,site,47.37
13336,342,2025-02-03,concluido,loja,211.31
13337,347,2025-11-15,concluido,marketplace,475.35
13338,7,2025-04-15,processando,site,161.1
13339,512,2025-03-06,enviado,app,595.89
13340,260,2025-11-10,processando,marketplace,67.78
13341,278,2025-06-03,processando,site,580.78
13342,335,2025-06-22,enviado,app,579.74
13343,184,2025-06-27,cancelado,app,1220.57
13344,352,2025-10-18,concluido,site,255.82
13345,37,2025-01-18,concluido,loja,336.49
13346,296,2025-01-07,processando,loja,871.53
13347,468,2025-10-08,concluido,loja,801.23
13348,245,2025-05-15,concluido,app,654.46
13349,257,2025-05-17,processando,app,427.09
13350,112,2025-12-06,concluido,marketplace,856.48
13351,358,2025-07-11,enviado,site,1494.54
13352,516,2025-08-23,concluido,app,505.6
13353,5,2025-04-22,concluido,marketplace,348.28
13354,38,2025-09-10,concluido,loja,546.82
13355,67,2025-07-20,concluido,site,382.26
13356,131,2025-04-05,processando,app,273.25
13357,294,2025-12-26,cancelado,app,597.57
13358,158,2025-06-19,enviado,site,227.93
13359,502,2025-10-20,concluido,loja,498.64
13360,24,2025-07-02,concluido,loja,84.8
13361,125,2025-01-08,concluido,site,955.06
13362,202,2025-08-16,concluido,app,179.85
13363,4,2025-05-25,enviado,marketplace,102.84
13364,467,2025-08-22,concluido,loja,783.57
13365,290,2025-04-06,concluido,loja,878.87
13366,203,2025-01-24,concluido,app,421.06
13367,412,2025-04-02,enviado,app,313.15
13368,182,2025-09-24,concluido,marketplace,260.57
13369,238,2025-01-13,processando,app,405.27
13370,515,2025-02-28,concluido,marketplace,326.18
13371,116,2025-10-09,concluido,app,297.55
13372,87,2025-02-20,processando,app,164.06
13373,465,2025-09-26,enviado,loja,125.96
13374,352,2025-07-07,concluido,loja,357.97
13375,58,2025-09-15,concluido,marketplace,396.63
13376,282,2025-02-11,cancelado,marketplace,188.54
13377,238,2025-12-20,enviado,app,211.17
13378,49,2025-07-15,concluido,site,395.96
13379,385,2025-06-23,enviado,loja,160.41
13380,414,2025-12-25,processando,app,671.02
13381,193,2025-11-08,enviado,loja,485.24
13382,412,2025-09-18,concluido,marketplace,187.09
13383,337,2025-02-19,enviado,app,468.59
13384,387,2025-09-02,concluido,site,163.79
13385,110,2025-11-11,concluido,app,581.53
13386,430,2025-04-28,concluido,app,169.34
13387,46,2025-05-23,concluido,marketplace,308.63
13388,375,2025-03-09,enviado,site,373.66
13389,185,2025-10-23,processando,app,870.35
13390,345,2025-03-06,cancelado,site,178.67
13391,325,2025-04-17,enviado,marketplace,172.6
13392,357,2025-03-18,concluido,app,90.16
13393,225,2025-09-12,concluido,app,1036.88
13394,53,2025-05-05,concluido,app,344.63
13395,398,2025-03-08,concluido,loja,681.63
13396,25,2025-07-28,concluido,app,214.2
13397,502,2025-06-26,cancelado,app,230.42
13398,226,2025-08-22,concluido,loja,324.83
13399,50,2025-11-09,concluido,app,331.94
13400,351,2025-01-12,processando,site,533.62
13401,453,2025-12-18,enviado,site,351.9
13402,194,2025-11-08,concluido,app,252.61
13403,272,2025-04-22,concluido,site,1049.22
13404,432,2025-10-05,enviado,site,162.16
13405,201,2025-03-25,concluido,site,179.49
13406,104,2025-03-02,concluido,site,164.13
13407,188,2025-07-27,concluido,marketplace,547.55
13408,214,2025-07-21,concluido,site,458.8
13409,359,2025-07-21,enviado,site,298.5
13410,412,2025-07-21,concluido,site,157.02
13411,147,2025-05-11,concluido,site,372.52
13412,221,2025-07-20,enviado,marketplace,599.13
13413,97,2025-04-26,concluido,marketplace,893.33
13414,520,2025-07-12,concluido,app,206.89
13415,87,2025-07-17,concluido,site,297.72
13416,76,2025-05-11,concluido,loja,455.76
13417,425,2025-06-25,enviado,marketplace,250.64
13418,78,2025-02-21,processando,site,104.64
13419,253,2025-11-01,enviado,site,298.84
13420,209,2025-03-17,processando,marketplace,117.61
13421,365,2025-02-13,processando,loja,633.26
13422,103,2025-10-14,concluido,app,266.34
13423,369,2025-05-25,enviado,app,321.2
13424,342,2025-01-30,concluido,app,183.44
13425,134,2025-04-14,enviado,site,330.36
13426,124,2025-02-09,concluido,marketplace,758.72
13427,271,2025-09-13,concluido,marketplace,678.91
13428,137,2025-07-09,enviado,loja,134.72
13429,289,2025-12-12,concluido,marketplace,20.0
13430,206,2025-10-28,cancelado,marketplace,300.57
13431,462,2025-11-22,concluido,app,267.74
13432,123,2025-08-12,concluido,loja,255.37
13433,139,2025-07-21,concluido,loja,217.66
13434,33,2025-08-09,concluido,marketplace,131.96
13435,91,2025-06-25,concluido,site,1273.56
13436,466,2025-01-05,concluido,marketplace,1036.28
13437,418,2025-06-24,concluido,loja,247.02
13438,166,2025-07-10,concluido,loja,368.78
13439,229,2025-04-04,concluido,app,640.68
13440,509,2025-03-11,concluido,site,367.92
13441,198,2025-03-04,enviado,marketplace,231.9
13442,342,2025-05-16,processando,app,106.45
13443,460,2025-03-22,enviado,site,339.02
13444,163,2025-06-08,concluido,site,119.27
13445,212,2025-04-23,processando,loja,725.66
13446,465,2025-12-15,enviado,site,328.12
13447,352,2025-03-04,concluido,marketplace,481.03
13448,73,2025-03-03,concluido,loja,261.66
13449,286,2025-05-24,concluido,app,584.0
13450,337,2025-05-24,cancelado,app,203.37
13451,464,2025-09-16,enviado,marketplace,412.82
13452,349,2025-11-30,enviado,loja,254.28
13453,255,2025-04-10,processando,app,284.36
13454,418,2025-12-13,concluido,loja,635.22
13455,449,2025-03-17,concluido,loja,182.27
13456,68,2025-10-23,concluido,marketplace,432.67
13457,100,2025-08-28,concluido,marketplace,781.8
13458,331,2025-01-24,enviado,marketplace,620.14
13459,417,2025-08-13,enviado,site,208.11
13460,512,2025-06-16,processando,site,473.89
13461,78,2025-09-05,enviado,app,67.84
13462,34,2025-06-08,concluido,loja,649.32
13463,100,2025-03-03,concluido,marketplace,1491.8
13464,294,2025-12-21,enviado,app,415.84
13465,271,2025-11-18,processando,loja,806.76
13466,466,2025-01-18,concluido,app,101.87
13467,178,2025-06-29,cancelado,loja,144.71
13468,370,2025-01-14,processando,app,260.92
13469,324,2025-09-06,enviado,marketplace,298.66
13470,192,2025-11-12,concluido,app,417.66
13471,76,2025-03-28,concluido,loja,208.92
13472,316,2025-04-08,enviado,app,371.53
13473,512,2025-08-31,processando,app,634.4
13474,116,2025-03-08,concluido,loja,472.71
13475,180,2025-01-18,concluido,site,254.53
13476,283,2025-08-24,concluido,app,553.44
13477,255,2025-03-03,cancelado,app,246.26
13478,103,2025-07-15,concluido,site,357.22
13479,80,2025-07-22,concluido,app,613.24
13480,286,2025-12-14,concluido,app,292.86
13481,440,2025-09-10,processando,loja,117.73
13482,391,2025-05-15,concluido,marketplace,350.15
13483,245,2025-04-13,concluido,marketplace,616.79
13484,108,2025-04-21,enviado,app,654.03
13485,83,2025-12-31,concluido,site,139.62
13486,150,2025-05-10,enviado,marketplace,538.82
13487,344,2025-10-17,concluido,app,280.05
13488,182,2025-07-27,concluido,app,841.21
13489,317,2025-06-22,concluido,site,119.98
13490,125,2025-11-22,enviado,loja,532.08
13491,126,2025-02-04,enviado,site,257.73
13492,140,2025-07-23,processando,loja,211.55
13493,424,2025-05-01,concluido,marketplace,631.26
13494,287,2025-06-06,cancelado,marketplace,696.63
13495,455,2025-12-04,concluido,loja,48.59
13496,339,2025-01-30,concluido,marketplace,638.64
13497,118,2025-10-20,enviado,loja,319.45
13498,198,2025-02-02,concluido,marketplace,343.13
13499,24,2025-07-05,concluido,site,114.05
13500,321,2025-12-04,concluido,site,508.75
13501,369,2025-05-18,concluido,marketplace,1293.26
13502,140,2025-01-09,concluido,site,221.98
13503,193,2025-10-31,enviado,marketplace,739.76
13504,255,2025-07-03,enviado,site,334.11
13505,1,2025-03-12,concluido,app,229.03
13506,82,2025-12-08,concluido,loja,94.56
13507,374,2025-12-05,concluido,marketplace,807.77
13508,104,2025-10-20,concluido,loja,364.08
13509,318,2025-07-26,concluido,loja,238.35
13510,290,2025-09-25,concluido,site,269.91
13511,252,2025-09-05,concluido,app,536.16
13512,334,2025-07-19,processando,site,238.05
13513,174,2025-12-23,concluido,loja,155.86
13514,216,2025-06-30,concluido,app,308.81
13515,351,2025-10-20,enviado,marketplace,301.89
13516,309,2025-02-16,processando,loja,297.02
13517,97,2025-01-16,enviado,marketplace,240.51
13518,64,2025-03-16,concluido,site,756.24
13519,181,2025-01-13,cancelado,loja,1588.19
13520,140,2025-05-25,concluido,loja,139.92
13521,146,2025-09-03,concluido,site,40.32
13522,514,2025-10-15,concluido,marketplace,281.4
13523,341,2025-08-11,concluido,marketplace,46.28
13524,304,2025-08-19,enviado,site,85.72
13525,104,2025-07-17,enviado,loja,225.05
13526,18,2025-05-12,enviado,site,533.58
13527,508,2025-06-30,concluido,app,278.99
13528,20,2025-10-29,cancelado,marketplace,28.33
13529,316,2025-04-06,enviado,loja,276.26
13530,452,2025-11-22,concluido,marketplace,291.89
13531,357,2025-07-14,concluido,app,295.52
13532,190,2025-10-31,concluido,site,685.01
13533,180,2025-02-26,concluido,app,611.89
13534,346,2025-04-16,concluido,app,354.08
13535,437,2025-06-10,processando,marketplace,1138.67
13536,179,2025-05-25,concluido,loja,224.56
13537,170,2025-05-15,enviado,marketplace,305.84
13538,158,2025-12-30,concluido,site,330.04
13539,157,2025-11-10,concluido,app,93.56
13540,125,2025-12-28,enviado,marketplace,335.07
13541,231,2025-05-26,concluido,marketplace,77.04
13542,136,2025-01-09,concluido,app,197.62
13543,25,2025-10-31,concluido,loja,365.56
13544,371,2025-09-02,cancelado,app,108.64
13545,343,2025-09-30,processando,marketplace,423.9
13546,81,2025-02-23,enviado,loja,172.94
13547,354,2025-03-30,concluido,loja,253.85
13548,246,2025-06-17,concluido,marketplace,475.9
13549,323,2025-12-30,enviado,marketplace,316.17
13550,410,2025-10-27,concluido,app,417.14
13551,6,2025-01-22,concluido,loja,456.08
13552,196,2025-02-02,concluido,app,312.4
13553,422,2025-01-15,concluido,marketplace,433.87
13554,399,2025-02-28,concluido,loja,194.95
13555,202,2025-07-02,concluido,loja,471.93
13556,299,2025-06-22,processando,loja,282.75
13557,285,2025-08-09,enviado,site,768.93
13558,313,2025-04-22,enviado,marketplace,371.0
13559,283,2025-06-02,concluido,marketplace,217.97
13560,114,2025-02-13,concluido,marketplace,477.58
13561,105,2025-06-01,enviado,app,790.57
13562,81,2025-12-10,cancelado,site,233.82
13563,100,2025-06-08,concluido,app,203.89
13564,107,2025-12-02,concluido,marketplace,20.0
13565,231,2025-10-24,concluido,loja,370.36
13566,277,2025-01-15,concluido,marketplace,261.99
13567,460,2025-03-14,concluido,marketplace,476.23
13568,299,2025-01-26,concluido,site,483.24
13569,250,2025-08-13,enviado,site,97.7
13570,97,2025-01-20,concluido,marketplace,610.12
13571,117,2025-10-02,enviado,marketplace,180.62
13572,84,2025-03-24,enviado,marketplace,234.85
13573,174,2025-04-03,concluido,marketplace,425.58
13574,386,2025-03-23,concluido,app,131.8
13575,79,2025-11-16,enviado,site,205.58
13576,69,2025-06-19,concluido,site,121.09
13577,450,2025-01-06,concluido,app,645.28
13578,210,2025-08-28,concluido,site,250.79
13579,220,2025-08-22,concluido,site,110.51
13580,219,2025-03-14,cancelado,marketplace,117.9
13581,162,2025-05-08,enviado,site,576.85
13582,329,2025-07-09,concluido,site,167.36
13583,89,2025-04-29,cancelado,marketplace,230.67
13584,88,2025-05-01,concluido,marketplace,345.33
13585,406,2025-03-09,concluido,marketplace,264.4
13586,410,2025-10-25,enviado,site,57.01
13587,368,2025-03-25,enviado,app,511.39
13588,452,2025-07-11,concluido,loja,279.49
13589,133,2025-12-05,enviado,loja,413.82
13590,53,2025-09-01,processando,loja,536.94
13591,134,2025-07-31,concluido,app,43.35
13592,26,2025-07-17,concluido,app,540.28
13593,226,2025-03-20,enviado,loja,1401.06
13594,174,2025-09-16,enviado,site,444.96
13595,163,2025-11-03,concluido,marketplace,776.82
13596,389,2025-10-01,concluido,marketplace,630.95
13597,372,2025-03-17,enviado,loja,527.03
13598,97,2025-08-20,concluido,site,645.77
13599,52,2025-03-08,concluido,site,718.53
13600,235,2025-09-20,concluido,marketplace,737.21
13601,284,2025-08-01,enviado,site,117.61
13602,457,2025-02-07,concluido,site,672.01
13603,249,2025-05-30,processando,app,276.45
13604,181,2025-02-23,processando,marketplace,754.5
13605,92,2025-11-03,concluido,site,471.92
13606,89,2025-03-31,concluido,loja,116.02
13607,384,2025-05-11,concluido,loja,822.24
13608,11,2025-07-04,enviado,app,181.35
13609,193,2025-04-01,concluido,marketplace,266.22
13610,134,2025-10-30,enviado,loja,947.69
13611,99,2025-04-10,cancelado,site,372.76
13612,419,2025-04-11,concluido,marketplace,257.45
13613,227,2025-01-10,concluido,loja,317.91
13614,298,2025-06-19,concluido,loja,253.26
13615,506,2025-01-06,enviado,loja,576.12
13616,351,2025-06-28,concluido,marketplace,259.27
13617,350,2025-08-18,concluido,app,325.94
13618,325,2025-12-03,concluido,marketplace,499.43
13619,138,2025-04-05,concluido,loja,462.31
13620,407,2025-03-29,concluido,marketplace,194.01
13621,9,2025-08-03,concluido,loja,580.8
13622,43,2025-03-14,enviado,app,224.29
13623,512,2025-10-21,cancelado,app,141.95
13624,147,2025-03-01,concluido,loja,63.15
13625,78,2025-10-30,concluido,loja,294.21
13626,126,2025-08-26,processando,app,78.03
13627,89,2025-11-15,cancelado,app,172.33
13628,194,2025-02-08,concluido,marketplace,332.03
13629,14,2025-11-27,processando,marketplace,708.35
13630,105,2025-02-24,concluido,site,271.63
13631,294,2025-10-01,enviado,app,95.61
13632,81,2025-02-02,enviado,site,310.1
13633,78,2025-02-18,enviado,app,690.41
13634,191,2025-06-01,concluido,site,266.88
13635,276,2025-03-20,enviado,loja,787.66
13636,206,2025-06-02,enviado,site,330.65
13637,57,2025-09-29,concluido,site,541.66
13638,157,2025-03-10,enviado,site,392.62
13639,199,2025-04-01,concluido,loja,763.08
13640,269,2025-09-03,concluido,marketplace,1186.59
13641,398,2025-07-18,processando,marketplace,233.21
13642,205,2025-06-09,cancelado,site,376.57
13643,371,2025-03-08,concluido,app,708.01
13644,73,2025-08-12,enviado,app,402.34
13645,94,2025-01-09,concluido,site,59.81
13646,84,2025-11-10,concluido,app,270.05
13647,58,2025-05-25,cancelado,site,399.94
13648,442,2025-11-11,concluido,loja,900.3
13649,305,2025-11-10,concluido,site,362.11
13650,264,2025-12-24,concluido,site,162.72
13651,449,2025-08-10,concluido,site,406.64
13652,382,2025-03-28,cancelado,site,842.57
13653,507,2025-03-24,concluido,app,205.02
13654,97,2025-02-19,concluido,site,226.61
13655,92,2025-05-19,concluido,app,207.59
13656,1,2025-07-01,concluido,app,108.19
13657,432,2025-11-12,concluido,site,350.58
13658,204,2025-10-01,processando,app,321.54
13659,388,2025-08-12,enviado,app,67.21
13660,285,2025-04-16,enviado,loja,173.62
13661,452,2025-04-15,concluido,loja,384.33
13662,383,2025-02-12,concluido,site,533.09
13663,278,2025-07-26,concluido,loja,632.64
13664,223,2025-10-10,concluido,site,562.29
13665,503,2025-04-08,concluido,app,335.58
13666,116,2025-11-08,concluido,app,91.84
13667,96,2025-08-25,cancelado,site,283.59
13668,167,2025-12-29,enviado,site,24.84
13669,459,2025-09-04,concluido,site,385.64
13670,217,2025-11-19,cancelado,app,199.37
13671,518,2025-09-25,concluido,marketplace,41.99
13672,39,2025-11-15,concluido,loja,436.49
13673,60,2025-08-24,enviado,site,836.07
13674,304,2025-08-03,concluido,app,79.08
13675,154,2025-06-29,processando,app,461.45
13676,9,2025-03-19,cancelado,loja,248.24
13677,421,2025-07-24,concluido,app,181.22
13678,182,2025-10-22,enviado,app,181.55
13679,105,2025-06-07,processando,app,248.2
13680,115,2025-11-05,concluido,loja,247.5
13681,5,2025-08-16,cancelado,app,325.9
13682,312,2025-01-12,concluido,loja,166.78
13683,317,2025-07-30,concluido,marketplace,196.79
13684,225,2025-10-21,processando,loja,491.14
13685,501,2025-10-11,enviado,loja,154.29
13686,349,2025-09-12,concluido,marketplace,403.32
13687,436,2025-10-20,concluido,marketplace,258.2
13688,261,2025-04-10,enviado,marketplace,218.99
13689,237,2025-05-05,concluido,loja,1010.08
13690,323,2025-06-25,concluido,site,110.53
13691,150,2025-10-27,concluido,marketplace,873.06
13692,6,2025-11-06,concluido,loja,585.37
13693,168,2025-03-29,concluido,site,203.62
13694,72,2025-08-23,concluido,loja,596.51
13695,309,2025-02-01,concluido,app,20.0
13696,427,2025-05-10,concluido,site,188.22
13697,1,2025-10-12,enviado,app,156.13
13698,412,2025-01-22,concluido,marketplace,440.07
13699,277,2025-10-10,concluido,loja,540.12
13700,438,2025-02-24,concluido,loja,435.17
13701,122,2025-01-08,concluido,loja,367.5
13702,469,2025-01-07,concluido,app,622.78
13703,177,2025-07-19,cancelado,loja,565.58
13704,455,2025-11-02,concluido,app,199.64
13705,512,2025-07-18,concluido,marketplace,218.12
13706,99,2025-08-13,enviado,marketplace,544.35
13707,292,2025-01-27,concluido,loja,323.58
13708,468,2025-01-10,processando,loja,339.98
13709,450,2025-11-26,enviado,site,372.49
13710,385,2025-04-15,concluido,site,62.79
13711,139,2025-06-01,concluido,marketplace,192.4
13712,305,2025-01-23,concluido,marketplace,466.31
13713,217,2025-10-14,enviado,loja,191.09
13714,192,2025-03-26,concluido,site,280.84
13715,404,2025-03-06,concluido,marketplace,464.26
13716,224,2025-09-02,concluido,loja,645.69
13717,95,2025-04-03,concluido,site,696.49
13718,111,2025-11-22,processando,marketplace,722.29
13719,16,2025-05-13,concluido,loja,301.16
13720,156,2025-10-05,concluido,marketplace,278.33
13721,115,2025-11-04,concluido,app,123.46
13722,422,2025-04-29,concluido,marketplace,839.16
13723,503,2025-03-12,concluido,marketplace,269.51
13724,86,2025-12-26,enviado,site,826.57
13725,508,2025-07-21,concluido,app,411.01
13726,445,2025-02-04,enviado,loja,665.4
13727,399,2025-11-24,concluido,loja,316.46
13728,218,2025-05-19,concluido,app,496.03
13729,285,2025-06-14,cancelado,marketplace,680.24
13730,88,2025-04-03,processando,marketplace,227.59
13731,431,2025-06-27,concluido,marketplace,724.78
13732,60,2025-09-15,concluido,marketplace,138.98
13733,230,2025-02-04,concluido,site,993.36
13734,327,2025-01-25,concluido,site,373.54
13735,233,2025-06-07,concluido,app,194.89
13736,327,2025-04-20,concluido,app,577.76
13737,448,2025-09-28,cancelado,marketplace,424.42
13738,405,2025-08-25,concluido,marketplace,66.46
13739,293,2025-08-24,concluido,marketplace,248.3
13740,309,2025-04-15,concluido,app,145.01
13741,274,2025-01-16,concluido,site,156.41
13742,216,2025-02-12,enviado,site,151.67
13743,123,2025-11-26,concluido,app,480.24
13744,20,2025-09-20,concluido,app,607.38
13745,286,2025-02-04,concluido,app,180.58
13746,244,2025-04-11,concluido,loja,48.98
13747,351,2025-02-02,concluido,site,1142.23
13748,157,2025-07-29,concluido,app,376.4
13749,374,2025-04-26,concluido,site,580.6
13750,290,2025-02-24,concluido,loja,290.18
13751,143,2025-07-15,concluido,loja,37.58
13752,194,2025-03-25,processando,loja,448.33
13753,34,2025-06-08,concluido,loja,927.33
13754,310,2025-10-22,concluido,loja,203.8
13755,221,2025-05-15,enviado,marketplace,32.48
13756,301,2025-10-22,processando,site,122.81
13757,58,2025-01-25,concluido,marketplace,599.36
13758,296,2025-01-09,concluido,app,422.16
13759,351,2025-12-29,concluido,site,726.74
13760,277,2025-11-01,concluido,marketplace,338.17
13761,88,2025-11-30,concluido,marketplace,534.0
13762,264,2025-09-22,concluido,loja,242.7
13763,225,2025-03-29,concluido,marketplace,131.73
13764,456,2025-09-09,concluido,marketplace,535.0
13765,65,2025-09-23,cancelado,site,605.86
13766,37,2025-08-14,cancelado,loja,207.69
13767,312,2025-12-05,enviado,site,874.45
13768,154,2025-09-28,concluido,loja,890.01
13769,237,2025-01-08,enviado,marketplace,152.49
13770,135,2025-06-18,enviado,marketplace,158.68
13771,106,2025-08-06,concluido,app,165.16
13772,201,2025-09-25,concluido,app,305.83
13773,327,2025-01-16,concluido,marketplace,251.83
13774,435,2025-10-02,concluido,site,106.42
13775,313,2025-09-09,enviado,site,169.27
13776,470,2025-06-22,concluido,site,38.56
13777,317,2025-12-03,enviado,app,47.44
13778,228,2025-08-28,concluido,marketplace,87.52
13779,287,2025-08-06,enviado,app,1102.56
13780,405,2025-07-11,concluido,marketplace,1018.89
13781,276,2025-01-11,cancelado,loja,556.01
13782,7,2025-12-09,concluido,app,209.44
13783,11,2025-03-04,concluido,app,86.08
13784,41,2025-01-06,concluido,app,332.98
13785,243,2025-06-07,concluido,marketplace,456.94
13786,125,2025-08-07,concluido,site,183.13
13787,168,2025-10-01,enviado,site,440.14
13788,168,2025-02-01,enviado,marketplace,121.75
13789,237,2025-04-16,concluido,marketplace,212.94
13790,408,2025-09-29,concluido,loja,276.46
13791,72,2025-08-14,concluido,marketplace,1038.17
13792,307,2025-07-25,concluido,app,167.18
13793,409,2025-11-13,concluido,site,455.37
13794,279,2025-06-14,enviado,loja,146.1
13795,325,2025-05-30,concluido,app,128.92
13796,172,2025-07-17,enviado,app,182.45
13797,291,2025-04-06,concluido,site,341.52
13798,149,2025-05-07,concluido,site,948.28
13799,430,2025-09-18,enviado,loja,205.75
13800,234,2025-01-15,enviado,loja,608.95
13801,333,2025-07-13,concluido,marketplace,1071.0
13802,152,2025-04-01,concluido,loja,403.18
13803,132,2025-02-05,enviado,loja,683.56
13804,458,2025-02-23,processando,loja,174.21
13805,166,2025-11-21,enviado,marketplace,446.97
13806,419,2025-11-22,enviado,loja,528.05
13807,22,2025-07-11,enviado,site,101.65
13808,287,2025-10-07,concluido,loja,159.89
13809,5,2025-05-16,concluido,loja,267.32
13810,69,2025-09-18,enviado,marketplace,186.72
13811,347,2025-05-19,concluido,app,291.63
13812,407,2025-04-19,enviado,loja,88.01
13813,23,2025-08-03,concluido,marketplace,1004.37
13814,441,2025-12-04,enviado,site,650.94
13815,89,2025-09-16,concluido,marketplace,2165.61
13816,261,2025-08-21,cancelado,marketplace,113.47
13817,180,2025-02-27,enviado,app,459.21
13818,393,2025-06-18,concluido,loja,188.18
13819,252,2025-03-05,concluido,app,128.24
13820,514,2025-10-11,enviado,site,626.77
13821,388,2025-07-16,enviado,marketplace,349.71
13822,393,2025-01-18,concluido,app,253.54
13823,390,2025-09-25,enviado,loja,411.8
13824,241,2025-08-15,processando,marketplace,165.83
13825,114,2025-04-30,concluido,marketplace,161.13
13826,231,2025-01-08,enviado,site,193.86
13827,5,2025-11-06,concluido,site,711.0
13828,179,2025-04-09,concluido,loja,673.34
13829,96,2025-10-07,concluido,app,108.59
13830,404,2025-03-27,enviado,marketplace,976.74
13831,434,2025-03-29,enviado,app,328.31
13832,313,2025-01-18,cancelado,marketplace,453.94
13833,69,2025-01-04,concluido,marketplace,188.69
13834,29,2025-12-29,processando,marketplace,341.21
13835,111,2025-03-23,concluido,app,127.54
13836,330,2025-02-08,concluido,loja,177.99
13837,159,2025-02-20,enviado,app,592.52
13838,142,2025-10-06,enviado,site,601.83
13839,377,2025-10-13,concluido,loja,468.6
13840,444,2025-10-22,concluido,app,241.03
13841,41,2025-09-11,enviado,app,106.85
13842,8,2025-05-16,enviado,app,767.82
13843,52,2025-02-25,concluido,site,631.82
13844,157,2025-07-15,concluido,site,56.34
13845,111,2025-01-26,concluido,app,608.8
13846,230,2025-12-22,processando,site,253.43
13847,78,2025-01-18,concluido,marketplace,540.08
13848,122,2025-07-20,enviado,loja,89.15
13849,36,2025-10-20,concluido,loja,196.96
13850,299,2025-01-16,concluido,loja,359.79
13851,161,2025-01-16,concluido,loja,1004.63
13852,171,2025-10-16,enviado,site,360.46
13853,111,2025-11-12,concluido,app,692.24
13854,18,2025-12-02,concluido,app,396.37
13855,105,2025-10-04,enviado,site,386.29
13856,242,2025-02-08,processando,loja,486.27
13857,62,2025-01-13,enviado,marketplace,321.83
13858,364,2025-05-24,cancelado,site,582.97
13859,57,2025-10-19,concluido,site,136.11
13860,4,2025-08-21,concluido,app,323.48
13861,75,2025-04-26,cancelado,marketplace,1059.67
13862,463,2025-03-09,concluido,app,711.27
13863,204,2025-01-08,concluido,app,421.29
13864,301,2025-05-19,cancelado,app,647.66
13865,468,2025-12-07,cancelado,marketplace,884.31
13866,422,2025-08-17,enviado,loja,48.3
13867,193,2025-11-12,concluido,app,272.4
13868,321,2025-06-30,concluido,app,196.4
13869,241,2025-07-29,concluido,loja,95.66
13870,154,2025-10-13,concluido,app,1157.23
13871,177,2025-12-21,concluido,marketplace,502.37
13872,19,2025-03-09,concluido,site,632.58
13873,275,2025-10-25,enviado,site,203.51
13874,221,2025-10-04,enviado,marketplace,267.94
13875,411,2025-10-02,enviado,marketplace,334.75
13876,220,2025-09-21,processando,app,443.92
13877,195,2025-01-31,enviado,marketplace,568.45
13878,133,2025-01-13,concluido,app,544.21
13879,337,2025-10-13,enviado,site,281.74
13880,252,2025-05-30,processando,app,906.84
13881,154,2025-01-23,concluido,app,790.86
13882,374,2025-11-17,concluido,app,412.87
13883,118,2025-05-23,concluido,loja,343.98
13884,21,2025-09-16,concluido,app,265.58
13885,271,2025-07-30,concluido,loja,445.71
13886,366,2025-01-05,concluido,app,763.76
13887,373,2025-09-09,processando,app,349.76
13888,184,2025-06-18,concluido,app,216.83
13889,2,2025-02-01,concluido,loja,344.09
13890,150,2025-07-26,concluido,site,418.28
13891,2,2025-09-22,concluido,site,128.03
13892,61,2025-07-27,enviado,site,99.79
13893,439,2025-02-17,concluido,app,221.44
13894,72,2025-12-17,concluido,loja,905.62
13895,298,2025-12-11,concluido,loja,735.83
13896,317,2025-01-23,concluido,marketplace,78.77
13897,432,2025-02-12,enviado,loja,154.91
13898,133,2025-07-18,concluido,site,561.91
13899,520,2025-10-29,concluido,app,244.14
13900,61,2025-02-19,cancelado,app,462.54
13901,43,2025-02-19,concluido,site,83.45
13902,340,2025-11-06,concluido,marketplace,339.0
13903,169,2025-09-14,concluido,marketplace,313.67
13904,10,2025-04-07,processando,site,634.63
13905,105,2025-06-15,cancelado,marketplace,443.98
13906,16,2025-08-17,concluido,marketplace,372.41
13907,456,2025-12-27,concluido,loja,65.18
13908,76,2025-01-28,concluido,app,1081.55
13909,330,2025-01-09,enviado,site,534.84
13910,78,2025-03-12,processando,loja,189.67
13911,393,2025-05-28,enviado,app,365.63
13912,201,2025-03-14,concluido,marketplace,250.06
13913,36,2025-09-12,concluido,marketplace,287.89
13914,240,2025-04-27,enviado,marketplace,728.34
13915,99,2025-07-30,concluido,app,154.26
13916,233,2025-01-09,concluido,site,550.05
13917,49,2025-10-14,enviado,marketplace,748.58
13918,60,2025-12-18,concluido,site,492.99
13919,403,2025-11-20,enviado,marketplace,298.97
13920,147,2025-12-07,enviado,loja,178.47
13921,17,2025-02-01,concluido,app,199.83
13922,136,2025-08-07,concluido,site,371.11
13923,288,2025-05-05,concluido,loja,349.22
13924,46,2025-03-31,concluido,app,596.88
13925,322,2025-08-07,concluido,site,89.61
13926,336,2025-05-16,enviado,marketplace,722.36
13927,514,2025-08-11,cancelado,app,1540.76
13928,396,2025-05-13,concluido,site,320.57
13929,157,2025-12-02,concluido,app,284.74
13930,215,2025-04-23,enviado,marketplace,305.63
13931,13,2025-02-24,processando,marketplace,361.88
13932,188,2025-09-13,cancelado,app,267.96
13933,159,2025-09-09,enviado,marketplace,49.44
13934,286,2025-08-04,concluido,loja,300.59
13935,84,2025-06-12,cancelado,app,377.8
13936,343,2025-04-04,concluido,site,773.85
13937,434,2025-08-03,cancelado,loja,152.52
13938,358,2025-07-24,enviado,app,977.87
13939,40,2025-11-15,enviado,loja,253.96
13940,227,2025-09-19,enviado,marketplace,168.79
13941,151,2025-08-31,concluido,site,534.93
13942,297,2025-01-31,processando,marketplace,231.65
13943,514,2025-02-25,enviado,marketplace,325.15
13944,248,2025-06-04,enviado,app,341.71
13945,443,2025-05-20,enviado,marketplace,514.3
13946,372,2025-08-03,enviado,loja,318.05
13947,57,2025-03-19,concluido,loja,292.63
13948,310,2025-07-02,concluido,marketplace,248.84
13949,89,2025-01-09,enviado,marketplace,479.59
13950,330,2025-02-15,cancelado,site,222.16
13951,314,2025-09-10,cancelado,site,790.69
13952,238,2025-05-08,concluido,loja,344.5
13953,116,2025-06-22,processando,marketplace,68.98
13954,443,2025-09-15,enviado,site,418.07
13955,142,2025-10-28,enviado,site,467.11
13956,208,2025-05-13,enviado,site,796.5
13957,51,2025-02-21,enviado,app,185.27
13958,418,2025-07-09,concluido,marketplace,163.22
13959,372,2025-04-06,concluido,site,526.0
13960,206,2025-01-27,concluido,loja,712.77
13961,508,2025-09-12,concluido,loja,179.17
13962,30,2025-04-14,concluido,app,407.5
13963,229,2025-10-09,enviado,site,322.11
13964,414,2025-05-22,concluido,site,184.5
13965,244,2025-03-01,concluido,loja,308.27
13966,302,2025-08-27,cancelado,loja,679.78
13967,384,2025-02-23,enviado,loja,345.57
13968,80,2025-07-01,processando,site,296.26
13969,133,2025-02-20,processando,marketplace,507.39
13970,326,2025-08-27,enviado,marketplace,720.65
13971,5,2025-11-18,concluido,app,150.2
13972,175,2025-04-25,concluido,app,419.41
13973,12,2025-08-30,enviado,loja,255.23
13974,2,2025-08-30,concluido,loja,346.69
13975,29,2025-04-27,concluido,loja,534.8
13976,15,2025-10-10,processando,site,271.07
13977,241,2025-03-21,concluido,app,316.26
13978,451,2025-10-29,processando,loja,643.46
13979,252,2025-03-03,concluido,loja,459.31
13980,117,2025-01-21,concluido,loja,310.98
13981,55,2025-01-04,concluido,marketplace,371.53
13982,345,2025-10-09,concluido,marketplace,352.25
13983,257,2025-01-17,concluido,marketplace,63.74
13984,151,2025-04-10,enviado,app,376.06
13985,203,2025-04-06,concluido,site,110.41
13986,20,2025-07-16,processando,loja,707.48
13987,434,2025-08-22,concluido,loja,108.02
13988,515,2025-12-16,processando,site,245.52
13989,354,2025-03-02,concluido,marketplace,210.54
13990,450,2025-03-14,concluido,site,881.94
13991,430,2025-07-28,enviado,app,688.27
13992,3,2025-09-03,enviado,app,29.62
13993,24,2025-11-29,concluido,marketplace,333.05
13994,81,2025-05-25,enviado,site,128.87
13995,444,2025-04-24,concluido,marketplace,377.08
13996,150,2025-09-15,concluido,site,526.6
13997,504,2025-08-06,processando,site,399.96
13998,162,2025-04-28,concluido,site,548.31
13999,37,2025-07-13,concluido,marketplace,276.67
14000,366,2025-10-09,enviado,marketplace,408.98
14001,407,2025-05-06,concluido,marketplace,535.26
14002,282,2025-02-16,concluido,marketplace,238.29
14003,504,2025-05-22,enviado,loja,166.73
14004,80,2025-09-09,concluido,loja,201.35
14005,63,2025-06-13,concluido,marketplace,307.89
14006,392,2025-02-26,concluido,site,339.71
14007,465,2025-09-10,concluido,site,425.67
14008,304,2025-07-10,cancelado,loja,185.38
14009,175,2025-07-05,concluido,loja,545.71
14010,328,2025-01-24,cancelado,loja,1011.63
14011,376,2025-07-16,concluido,marketplace,211.8
14012,223,2025-07-09,cancelado,loja,1371.92
14013,240,2025-03-14,concluido,site,1098.0
14014,14,2025-08-24,concluido,loja,338.93
14015,197,2025-05-15,cancelado,loja,301.1
14016,329,2025-04-28,concluido,site,199.01
14017,250,2025-06-12,concluido,app,600.03
14018,398,2025-04-06,enviado,marketplace,355.66
14019,431,2025-06-04,concluido,marketplace,383.04
14020,344,2025-04-03,concluido,app,169.76
14021,171,2025-05-13,cancelado,loja,611.31
14022,207,2025-03-17,enviado,app,283.47
14023,427,2025-06-03,enviado,loja,137.64
14024,129,2025-03-11,concluido,loja,319.74
14025,74,2025-09-02,enviado,app,179.18
14026,107,2025-10-08,enviado,loja,797.25
14027,355,2025-03-12,concluido,app,1088.97
14028,271,2025-08-09,cancelado,loja,326.47
14029,209,2025-12-10,processando,marketplace,675.86
14030,268,2025-07-21,processando,app,664.97
14031,356,2025-06-21,enviado,app,20.0
14032,178,2025-01-14,processando,app,201.6
14033,296,2025-08-03,cancelado,marketplace,366.97
14034,231,2025-08-08,enviado,site,243.14
14035,350,2025-12-02,cancelado,loja,188.97
14036,378,2025-08-31,concluido,loja,694.16
14037,174,2025-06-26,concluido,loja,235.74
14038,301,2025-12-27,enviado,app,426.45
14039,270,2025-05-13,concluido,app,655.07
14040,441,2025-07-26,cancelado,app,827.49
14041,106,2025-04-03,concluido,app,138.25
14042,330,2025-03-17,concluido,site,149.12
14043,428,2025-08-26,enviado,loja,394.13
14044,62,2025-09-09,concluido,app,48.65
14045,151,2025-03-22,processando,marketplace,155.52
14046,138,2025-10-10,concluido,app,743.94
14047,90,2025-02-23,enviado,site,517.71
14048,439,2025-04-02,concluido,app,307.89
14049,292,2025-10-09,concluido,marketplace,466.76
14050,204,2025-05-18,concluido,site,541.79
14051,280,2025-01-13,enviado,loja,98.53
14052,455,2025-01-10,enviado,site,232.46
14053,100,2025-08-17,enviado,site,809.27
14054,351,2025-01-06,enviado,marketplace,399.04
14055,107,2025-04-05,concluido,loja,415.71
14056,470,2025-05-24,concluido,app,327.08
14057,442,2025-08-14,concluido,marketplace,64.22
14058,222,2025-05-04,enviado,site,209.05
14059,289,2025-01-17,cancelado,marketplace,447.83
14060,81,2025-06-29,processando,marketplace,236.78
14061,310,2025-04-23,cancelado,app,142.69
14062,359,2025-03-22,enviado,loja,159.64
14063,441,2025-02-14,concluido,site,819.93
14064,114,2025-06-28,processando,marketplace,226.88
14065,289,2025-08-08,concluido,loja,717.29
14066,232,2025-07-22,processando,app,417.05
14067,86,2025-10-11,processando,marketplace,282.32
14068,302,2025-09-08,concluido,marketplace,181.66
14069,501,2025-09-16,enviado,loja,527.06
14070,2,2025-08-03,cancelado,marketplace,661.38
14071,434,2025-01-12,concluido,site,561.16
14072,53,2025-10-17,enviado,app,108.6
14073,85,2025-04-06,cancelado,marketplace,226.39
14074,154,2025-05-02,processando,marketplace,248.23
14075,294,2025-01-18,processando,app,51.22
14076,179,2025-04-09,concluido,app,463.59
14077,506,2025-05-06,concluido,site,509.17
14078,192,2025-11-30,enviado,marketplace,497.36
14079,31,2025-02-28,processando,app,443.41
14080,146,2025-06-18,enviado,site,264.82
14081,208,2025-10-25,concluido,marketplace,175.8
14082,107,2025-11-16,concluido,app,264.11
14083,84,2025-05-31,enviado,loja,419.38
14084,304,2025-08-07,concluido,site,760.51
14085,383,2025-10-03,enviado,app,355.55
14086,426,2025-05-18,cancelado,site,346.95
14087,297,2025-01-30,concluido,marketplace,56.55
14088,202,2025-06-10,enviado,app,438.78
14089,61,2025-03-15,concluido,loja,796.12
14090,39,2025-09-04,concluido,marketplace,309.7
14091,34,2025-01-08,concluido,marketplace,292.73
14092,290,2025-04-15,enviado,marketplace,251.86
14093,408,2025-02-20,processando,app,539.04
14094,39,2025-12-26,concluido,loja,53.66
14095,370,2025-07-25,concluido,loja,717.75
14096,141,2025-08-31,concluido,loja,283.22
14097,53,2025-03-14,cancelado,loja,444.28
14098,415,2025-04-28,concluido,app,567.35
14099,451,2025-09-30,enviado,marketplace,157.97
14100,139,2025-02-01,concluido,site,331.13
14101,354,2025-04-28,enviado,marketplace,278.65
14102,504,2025-05-19,concluido,app,127.14
14103,328,2025-02-23,concluido,site,657.98
14104,227,2025-09-06,enviado,loja,261.92
14105,134,2025-08-27,processando,app,122.47
14106,380,2025-05-09,enviado,app,345.86
14107,257,2025-10-07,concluido,marketplace,93.49
14108,346,2025-06-14,cancelado,site,236.84
14109,377,2025-01-04,concluido,loja,413.6
14110,221,2025-09-10,processando,app,84.28
14111,451,2025-05-01,cancelado,loja,516.25
14112,184,2025-11-13,enviado,app,358.92
14113,367,2025-10-05,processando,loja,569.51
14114,453,2025-09-24,concluido,marketplace,565.33
14115,272,2025-04-09,enviado,app,230.49
14116,165,2025-12-25,concluido,loja,235.48
14117,404,2025-03-30,concluido,marketplace,466.98
14118,65,2025-12-04,processando,app,137.46
14119,111,2025-11-23,enviado,marketplace,138.27
14120,300,2025-07-20,concluido,app,206.0
14121,446,2025-06-29,concluido,site,101.57
14122,181,2025-12-06,enviado,loja,121.21
14123,453,2025-06-03,concluido,loja,124.9
14124,390,2025-05-09,enviado,site,262.65
14125,87,2025-03-25,concluido,marketplace,253.54
14126,292,2025-10-21,concluido,site,627.27
14127,311,2025-12-26,processando,loja,266.23
14128,356,2025-08-16,concluido,loja,313.09
14129,135,2025-06-25,enviado,site,966.45
14130,185,2025-08-09,concluido,site,31.06
14131,146,2025-11-28,concluido,app,386.38
14132,26,2025-02-13,concluido,app,283.54
14133,103,2025-10-03,processando,app,414.04
14134,429,2025-08-26,concluido,app,216.46
14135,3,2025-12-22,concluido,site,264.95
14136,74,2025-08-25,concluido,site,737.87
14137,144,2025-07-24,concluido,loja,462.63
14138,29,2025-08-31,enviado,app,275.09
14139,112,2025-12-29,concluido,marketplace,179.3
14140,519,2025-06-16,concluido,app,137.03
14141,217,2025-02-16,concluido,loja,227.38
14142,439,2025-04-25,processando,app,293.73
14143,454,2025-04-12,enviado,site,964.15
14144,520,2025-05-13,concluido,site,366.86
14145,154,2025-03-12,enviado,site,197.15
14146,142,2025-05-28,concluido,app,31.24
14147,238,2025-08-29,processando,loja,175.11
14148,245,2025-08-04,enviado,site,227.62
14149,355,2025-04-17,enviado,marketplace,392.3
14150,24,2025-05-23,enviado,site,234.17
14151,440,2025-06-24,concluido,loja,992.84
14152,503,2025-09-11,processando,app,278.77
14153,358,2025-04-04,concluido,app,641.27
14154,113,2025-08-16,concluido,marketplace,77.43
14155,255,2025-03-28,concluido,marketplace,318.34
14156,172,2025-04-11,concluido,loja,176.63
14157,230,2025-10-19,cancelado,site,652.89
14158,448,2025-05-31,cancelado,marketplace,246.24
14159,194,2025-03-12,concluido,site,751.24
14160,240,2025-03-30,concluido,loja,511.61
14161,137,2025-02-02,processando,site,221.97
14162,117,2025-09-14,enviado,marketplace,134.81
14163,138,2025-03-31,concluido,marketplace,185.54
14164,400,2025-10-30,processando,site,265.19
14165,113,2025-09-02,concluido,marketplace,509.41
14166,26,2025-06-06,concluido,loja,326.28
14167,151,2025-04-24,concluido,marketplace,571.86
14168,235,2025-01-27,concluido,loja,788.98
14169,386,2025-08-20,enviado,marketplace,338.93
14170,132,2025-08-01,enviado,app,147.91
14171,199,2025-04-30,concluido,site,427.35
14172,153,2025-12-22,concluido,marketplace,1062.45
14173,383,2025-11-08,concluido,site,593.25
14174,244,2025-12-23,concluido,site,405.28
14175,517,2025-06-07,concluido,loja,164.55
14176,429,2025-10-15,concluido,marketplace,286.16
14177,187,2025-07-30,cancelado,loja,82.45
14178,461,2025-01-19,concluido,app,127.86
14179,469,2025-08-06,processando,app,433.41
14180,203,2025-09-05,processando,app,65.59
14181,513,2025-08-30,cancelado,site,255.34
14182,70,2025-04-04,cancelado,loja,115.81
14183,440,2025-09-01,enviado,marketplace,133.47
14184,315,2025-01-09,cancelado,loja,343.38
14185,260,2025-08-09,concluido,marketplace,185.75
14186,414,2025-01-24,concluido,app,96.0
14187,105,2025-06-05,processando,app,215.89
14188,356,2025-11-13,enviado,loja,92.86
14189,13,2025-06-11,enviado,marketplace,721.52
14190,433,2025-12-10,processando,app,528.26
14191,61,2025-12-22,concluido,marketplace,526.69
14192,288,2025-08-05,cancelado,site,171.54
14193,206,2025-12-16,cancelado,site,443.21
14194,106,2025-04-06,enviado,site,379.5
14195,84,2025-10-23,enviado,site,182.35
14196,415,2025-10-25,processando,site,311.54
14197,291,2025-10-02,enviado,loja,78.63
14198,79,2025-08-03,cancelado,app,137.93
14199,120,2025-08-26,concluido,site,305.29
14200,422,2025-06-07,processando,app,225.71
14201,150,2025-03-22,concluido,app,416.92
14202,45,2025-12-12,cancelado,marketplace,186.34
14203,328,2025-11-04,processando,site,251.87
14204,397,2025-10-17,processando,loja,324.13
14205,195,2025-11-03,concluido,marketplace,173.94
14206,225,2025-04-08,concluido,marketplace,248.61
14207,272,2025-03-25,enviado,marketplace,377.65
14208,468,2025-09-20,cancelado,marketplace,854.08
14209,126,2025-01-28,processando,site,174.8
14210,276,2025-02-27,concluido,site,226.55
14211,193,2025-11-25,concluido,app,589.4
14212,176,2025-11-27,concluido,site,686.3
14213,334,2025-05-10,enviado,app,472.1
14214,335,2025-09-19,concluido,site,674.96
14215,230,2025-01-24,concluido,site,166.79
14216,80,2025-07-31,processando,site,633.7
14217,25,2025-04-15,concluido,site,540.69
14218,460,2025-02-03,concluido,loja,131.9
14219,85,2025-11-04,enviado,app,254.68
14220,395,2025-06-01,enviado,marketplace,40.84
14221,16,2025-12-05,enviado,loja,358.47
14222,260,2025-12-04,concluido,marketplace,626.22
14223,95,2025-11-25,processando,marketplace,217.61
14224,215,2025-10-04,concluido,site,145.58
14225,453,2025-07-17,enviado,app,137.05
14226,208,2025-07-20,concluido,site,320.65
14227,431,2025-01-09,concluido,site,469.27
14228,326,2025-03-31,enviado,loja,865.55
14229,462,2025-05-16,concluido,app,36.91
14230,305,2025-07-15,processando,app,799.08
14231,172,2025-09-25,processando,loja,372.16
14232,42,2025-04-02,concluido,marketplace,607.0
14233,337,2025-03-15,concluido,marketplace,519.87
14234,306,2025-01-10,processando,app,335.0
14235,235,2025-07-06,concluido,app,325.95
14236,137,2025-10-19,concluido,site,425.11
14237,193,2025-11-29,cancelado,site,269.61
14238,387,2025-05-31,concluido,marketplace,285.95
14239,392,2025-12-20,concluido,marketplace,484.8
14240,358,2025-08-06,concluido,site,174.28
14241,418,2025-08-14,enviado,marketplace,644.66
14242,125,2025-07-24,enviado,marketplace,610.32
14243,461,2025-09-19,concluido,site,227.45
14244,368,2025-10-19,concluido,loja,488.02
14245,190,2025-05-22,enviado,loja,447.16
14246,102,2025-03-07,concluido,site,209.53
14247,414,2025-08-26,processando,loja,512.17
14248,38,2025-03-08,concluido,marketplace,836.15
14249,249,2025-12-08,enviado,app,658.93
14250,132,2025-04-06,processando,loja,94.97
14251,211,2025-10-16,processando,site,457.72
14252,204,2025-02-07,enviado,loja,591.64
14253,457,2025-06-26,concluido,app,198.94
14254,378,2025-11-05,enviado,app,644.74
14255,385,2025-10-11,cancelado,loja,181.32
14256,238,2025-12-30,concluido,app,267.55
14257,400,2025-08-11,concluido,site,187.09
14258,269,2025-03-30,concluido,marketplace,163.08
14259,417,2025-05-07,concluido,app,424.65
14260,382,2025-04-08,enviado,site,103.22
14261,65,2025-07-26,concluido,site,278.77
14262,149,2025-06-02,concluido,loja,424.79
14263,76,2025-11-12,cancelado,site,189.21
14264,157,2025-11-30,processando,site,717.11
14265,375,2025-10-16,concluido,marketplace,295.44
14266,105,2025-09-22,enviado,loja,920.88
14267,462,2025-11-22,enviado,loja,92.61
14268,303,2025-11-10,concluido,marketplace,436.23
14269,197,2025-06-02,concluido,app,378.63
14270,6,2025-06-18,processando,app,246.09
14271,94,2025-04-30,concluido,app,336.44
14272,249,2025-08-07,concluido,site,480.75
14273,134,2025-10-14,enviado,loja,542.4
14274,292,2025-10-07,enviado,site,302.61
14275,439,2025-07-09,concluido,app,440.06
14276,44,2025-08-31,processando,app,173.59
14277,2,2025-08-18,processando,loja,549.34
14278,270,2025-08-09,concluido,loja,807.72
14279,392,2025-11-30,enviado,marketplace,577.17
14280,4,2025-06-08,concluido,marketplace,187.4
14281,62,2025-12-30,concluido,app,151.46
14282,337,2025-04-10,concluido,marketplace,1289.0
14283,50,2025-01-07,concluido,loja,773.91
14284,329,2025-03-28,concluido,marketplace,543.71
14285,215,2025-02-14,cancelado,app,841.69
14286,76,2025-12-22,concluido,site,328.61
14287,265,2025-09-05,concluido,loja,537.14
14288,153,2025-04-05,enviado,marketplace,712.27
14289,230,2025-05-27,concluido,site,269.51
14290,253,2025-08-09,concluido,loja,457.49
14291,397,2025-04-26,concluido,site,662.17
14292,454,2025-01-03,processando,loja,142.56
14293,40,2025-11-08,concluido,loja,249.71
14294,353,2025-10-13,enviado,marketplace,652.62
14295,356,2025-05-03,enviado,app,385.84
14296,304,2025-06-27,concluido,marketplace,350.89
14297,131,2025-01-19,processando,site,321.98
14298,182,2025-09-18,concluido,marketplace,696.67
14299,41,2025-02-18,concluido,loja,155.98
14300,368,2025-11-14,concluido,marketplace,237.0
14301,342,2025-03-01,enviado,site,102.4
14302,421,2025-08-31,concluido,marketplace,263.32
14303,508,2025-01-07,cancelado,marketplace,372.75
14304,61,2025-10-04,concluido,site,56.71
14305,128,2025-11-06,enviado,app,175.8
14306,412,2025-10-04,concluido,app,385.43
14307,202,2025-03-24,cancelado,site,452.62
14308,191,2025-10-06,concluido,marketplace,962.85
14309,356,2025-01-11,processando,site,498.84
14310,165,2025-03-22,processando,marketplace,294.09
14311,462,2025-07-15,concluido,loja,365.76
14312,106,2025-04-15,cancelado,marketplace,374.63
14313,68,2025-04-13,concluido,app,237.29
14314,240,2025-06-03,concluido,site,396.97
14315,260,2025-01-28,cancelado,loja,228.53
14316,259,2025-11-06,concluido,site,410.75
14317,22,2025-12-14,cancelado,site,321.74
14318,371,2025-12-21,processando,marketplace,284.54
14319,41,2025-02-17,concluido,app,290.6
14320,194,2025-02-21,concluido,marketplace,554.39
14321,288,2025-01-25,concluido,loja,519.89
14322,337,2025-03-03,concluido,loja,273.82
14323,233,2025-12-17,processando,app,540.4
14324,161,2025-04-26,processando,loja,317.22
14325,244,2025-09-02,enviado,marketplace,320.77
14326,152,2025-09-03,cancelado,site,237.45
14327,348,2025-12-14,cancelado,app,899.73
14328,385,2025-02-02,concluido,site,840.49
14329,294,2025-06-23,cancelado,marketplace,200.04
14330,406,2025-09-06,enviado,loja,261.9
14331,209,2025-04-03,concluido,loja,432.6
14332,187,2025-04-29,enviado,app,487.48
14333,38,2025-10-01,concluido,app,145.11
14334,417,2025-10-12,enviado,site,166.53
14335,199,2025-09-22,concluido,marketplace,488.51
14336,27,2025-07-21,concluido,loja,94.19
14337,223,2025-01-05,concluido,app,201.42
14338,455,2025-11-25,concluido,loja,595.04
14339,5,2025-11-16,concluido,site,577.25
14340,507,2025-10-28,concluido,site,868.72
14341,31,2025-05-02,processando,app,1054.68
14342,12,2025-11-08,concluido,app,1619.04
14343,393,2025-08-24,cancelado,loja,256.2
14344,188,2025-04-29,enviado,app,212.22
14345,22,2025-01-26,processando,loja,444.0
14346,442,2025-08-26,concluido,loja,104.69
14347,339,2025-06-14,concluido,marketplace,280.64
14348,303,2025-03-12,concluido,marketplace,372.04
14349,310,2025-05-25,processando,marketplace,466.95
14350,47,2025-03-05,concluido,site,501.22
14351,305,2025-07-19,concluido,marketplace,274.28
14352,146,2025-05-25,cancelado,loja,119.57
14353,81,2025-03-27,processando,marketplace,143.42
14354,253,2025-11-12,concluido,marketplace,49.4
14355,195,2025-01-07,concluido,loja,218.23
14356,216,2025-03-13,concluido,loja,102.44
14357,6,2025-06-01,concluido,app,230.15
14358,462,2025-07-27,concluido,app,440.98
14359,33,2025-07-07,concluido,site,122.1
14360,102,2025-12-15,concluido,loja,357.49
14361,372,2025-11-22,enviado,loja,272.08
14362,49,2025-06-11,concluido,marketplace,425.32
14363,293,2025-02-01,concluido,app,494.92
14364,39,2025-04-18,concluido,marketplace,259.57
14365,291,2025-05-16,concluido,loja,336.55
14366,375,2025-07-07,concluido,marketplace,272.88
14367,470,2025-08-28,processando,marketplace,235.63
14368,64,2025-10-21,enviado,site,193.42
14369,269,2025-11-23,concluido,loja,464.64
14370,381,2025-06-03,enviado,loja,772.36
14371,220,2025-06-19,concluido,site,714.13
14372,100,2025-06-15,cancelado,loja,112.03
14373,344,2025-10-14,concluido,site,763.23
14374,240,2025-01-26,cancelado,app,158.78
14375,356,2025-09-02,enviado,site,372.14
14376,126,2025-01-04,enviado,site,419.21
14377,84,2025-01-14,processando,loja,87.17
14378,112,2025-04-08,enviado,app,294.85
14379,310,2025-12-24,concluido,app,793.78
14380,441,2025-07-27,concluido,site,32.43
14381,288,2025-03-10,concluido,app,1350.92
14382,412,2025-08-24,concluido,app,46.93
14383,225,2025-08-31,enviado,app,411.93
14384,274,2025-06-23,processando,site,91.31
14385,352,2025-04-04,concluido,site,457.7
14386,1,2025-02-03,concluido,app,693.94
14387,409,2025-03-31,concluido,marketplace,575.6
14388,153,2025-09-11,processando,app,638.42
14389,5,2025-12-11,concluido,marketplace,273.8
14390,169,2025-05-18,processando,app,790.24
14391,30,2025-08-15,concluido,site,1161.9
14392,114,2025-03-05,concluido,loja,358.96
14393,126,2025-04-20,processando,app,250.85
14394,222,2025-11-17,cancelado,app,178.34
14395,253,2025-08-19,concluido,app,551.2
14396,39,2025-08-01,enviado,site,658.39
14397,206,2025-06-02,cancelado,site,250.94
14398,227,2025-01-02,concluido,marketplace,901.83
14399,194,2025-01-18,concluido,marketplace,520.79
14400,258,2025-06-05,concluido,marketplace,356.04
14401,422,2025-01-20,processando,marketplace,421.27
14402,68,2025-09-11,concluido,loja,146.91
14403,389,2025-07-07,concluido,loja,547.03
14404,71,2025-07-10,concluido,site,155.42
14405,221,2025-03-23,concluido,site,226.64
14406,208,2025-04-08,enviado,marketplace,318.4
14407,407,2025-07-26,enviado,marketplace,1047.69
14408,374,2025-02-06,concluido,loja,398.04
14409,305,2025-09-06,processando,app,168.75
14410,112,2025-10-28,processando,loja,422.36
14411,430,2025-10-05,cancelado,site,499.96
14412,468,2025-12-28,concluido,site,729.74
14413,318,2025-06-11,enviado,site,330.06
14414,306,2025-12-26,enviado,app,190.32
14415,214,2025-08-12,concluido,app,1225.13
14416,114,2025-10-30,concluido,loja,423.0
14417,52,2025-03-22,cancelado,site,169.62
14418,467,2025-02-23,concluido,marketplace,327.94
14419,174,2025-04-27,concluido,site,226.74
14420,94,2025-12-17,concluido,app,758.42
14421,99,2025-10-30,enviado,marketplace,496.73
14422,154,2025-03-30,enviado,app,264.79
14423,367,2025-08-25,cancelado,loja,658.64
14424,263,2025-09-14,concluido,app,308.84
14425,270,2025-11-26,concluido,loja,322.45
14426,337,2025-10-07,enviado,marketplace,186.06
14427,268,2025-01-26,concluido,site,184.85
14428,103,2025-12-24,cancelado,marketplace,1174.08
14429,240,2025-10-22,processando,marketplace,638.41
14430,386,2025-12-14,concluido,loja,58.35
14431,320,2025-05-18,concluido,loja,152.24
14432,348,2025-10-05,concluido,site,126.14
14433,440,2025-08-16,concluido,loja,350.95
14434,26,2025-10-06,concluido,app,243.94
14435,197,2025-07-25,concluido,site,857.25
14436,183,2025-06-13,cancelado,loja,261.91
14437,170,2025-09-13,processando,loja,1098.95
14438,385,2025-07-03,enviado,marketplace,315.81
14439,89,2025-05-11,concluido,marketplace,1251.05
14440,502,2025-07-17,concluido,marketplace,288.66
14441,415,2025-08-01,enviado,app,292.92
14442,30,2025-07-02,concluido,loja,629.15
14443,167,2025-02-24,concluido,marketplace,569.81
14444,134,2025-02-05,cancelado,loja,107.77
14445,3,2025-03-15,enviado,app,357.05
14446,209,2025-10-01,enviado,site,242.2
14447,120,2025-06-12,enviado,site,229.49
14448,232,2025-01-11,enviado,loja,355.82
14449,452,2025-11-15,concluido,marketplace,270.0
14450,109,2025-09-20,processando,site,383.05
14451,409,2025-12-22,concluido,site,146.39
14452,377,2025-10-01,concluido,marketplace,85.34
14453,109,2025-05-18,processando,site,645.17
14454,222,2025-11-23,concluido,loja,711.41
14455,445,2025-10-22,enviado,app,618.93
14456,173,2025-03-20,concluido,site,344.51
14457,200,2025-11-09,concluido,site,254.5
14458,469,2025-01-22,concluido,marketplace,205.72
14459,194,2025-12-20,concluido,site,175.97
14460,256,2025-11-24,processando,app,316.07
14461,347,2025-01-10,enviado,site,700.03
14462,222,2025-01-01,concluido,marketplace,192.02
14463,334,2025-01-23,enviado,site,700.82
14464,272,2025-11-04,enviado,app,89.78
14465,144,2025-11-09,enviado,site,397.21
14466,433,2025-06-09,concluido,app,456.35
14467,381,2025-08-14,processando,loja,223.47
14468,224,2025-08-24,concluido,marketplace,138.22
14469,59,2025-12-03,concluido,loja,589.99
14470,466,2025-12-18,concluido,app,346.41
14471,257,2025-09-25,cancelado,app,1490.99
14472,164,2025-11-25,concluido,loja,707.0
14473,413,2025-05-22,concluido,loja,710.67
14474,332,2025-04-23,concluido,loja,24.09
14475,330,2025-07-04,cancelado,loja,195.15
14476,388,2025-05-24,concluido,loja,124.17
14477,150,2025-09-22,concluido,loja,46.36
14478,2,2025-07-16,concluido,app,326.66
14479,329,2025-12-15,concluido,site,580.26
14480,272,2025-02-16,concluido,app,150.4
14481,76,2025-07-15,enviado,marketplace,49.63
14482,213,2025-11-15,concluido,site,161.38
14483,79,2025-05-01,concluido,app,298.22
14484,243,2025-03-02,concluido,site,282.05
14485,453,2025-03-29,concluido,site,338.6
14486,417,2025-08-08,concluido,marketplace,449.85
14487,366,2025-10-05,processando,loja,332.58
14488,455,2025-10-10,concluido,loja,601.85
14489,298,2025-06-15,cancelado,site,152.85
14490,228,2025-08-04,concluido,marketplace,273.23
14491,269,2025-02-09,enviado,site,501.38
14492,384,2025-04-18,concluido,site,410.01
14493,34,2025-06-14,concluido,site,1018.2
14494,155,2025-07-09,concluido,loja,158.44
14495,424,2025-10-09,concluido,marketplace,507.54
14496,227,2025-07-30,concluido,site,203.65
14497,9,2025-12-17,concluido,site,185.86
14498,304,2025-07-24,processando,app,679.5
14499,324,2025-12-08,processando,marketplace,329.84
14500,281,2025-10-07,concluido,loja,405.13
14501,402,2025-02-20,concluido,app,216.46
14502,14,2025-11-29,enviado,site,226.59
14503,199,2025-11-02,concluido,site,83.69
14504,301,2025-03-09,concluido,app,382.8
14505,74,2025-07-18,concluido,app,140.2
14506,464,2025-12-28,concluido,loja,302.34
14507,312,2025-08-21,enviado,app,601.42
14508,23,2025-08-04,concluido,loja,61.77
14509,212,2025-09-23,enviado,app,1740.23
14510,98,2025-06-23,concluido,loja,182.72
14511,516,2025-08-15,concluido,site,308.83
14512,431,2025-12-03,enviado,app,404.78
14513,169,2025-06-24,processando,marketplace,177.69
14514,464,2025-01-17,concluido,site,233.02
14515,317,2025-11-05,processando,app,694.03
14516,364,2025-05-24,concluido,marketplace,558.68
14517,261,2025-10-03,concluido,site,277.62
14518,158,2025-09-05,enviado,site,335.55
14519,117,2025-11-28,enviado,site,371.61
14520,275,2025-08-16,concluido,loja,492.57
14521,398,2025-10-01,processando,site,516.69
14522,225,2025-08-19,processando,site,507.52
14523,73,2025-04-29,processando,marketplace,244.91
14524,322,2025-05-17,concluido,marketplace,363.19
14525,243,2025-10-22,enviado,site,646.13
14526,119,2025-08-05,cancelado,loja,1223.16
14527,417,2025-01-12,concluido,app,355.97
14528,314,2025-06-13,concluido,loja,219.86
14529,107,2025-03-02,concluido,loja,174.92
14530,362,2025-03-24,processando,app,510.19
14531,120,2025-02-23,concluido,app,79.9
14532,70,2025-10-17,enviado,marketplace,513.66
14533,362,2025-12-05,concluido,app,519.76
14534,117,2025-04-27,concluido,site,226.17
14535,378,2025-07-10,concluido,marketplace,398.51
14536,131,2025-10-03,concluido,loja,284.59
14537,13,2025-08-27,enviado,marketplace,103.27
14538,197,2025-08-30,cancelado,loja,488.52
14539,63,2025-06-26,cancelado,marketplace,459.09
14540,333,2025-02-12,enviado,loja,240.44
14541,313,2025-02-28,concluido,loja,1211.13
14542,501,2025-03-24,enviado,site,337.57
14543,49,2025-07-27,concluido,site,55.62
14544,147,2025-02-20,concluido,marketplace,668.39
14545,342,2025-09-03,concluido,site,569.54
14546,131,2025-10-15,concluido,loja,614.66
14547,148,2025-01-14,cancelado,app,147.02
14548,369,2025-03-06,concluido,marketplace,391.1
14549,124,2025-04-14,cancelado,site,333.46
14550,218,2025-11-21,concluido,site,295.03
14551,331,2025-10-27,concluido,app,784.41
14552,457,2025-04-07,concluido,loja,340.94
14553,308,2025-07-13,enviado,loja,246.95
14554,40,2025-01-01,concluido,marketplace,245.05
14555,469,2025-05-04,concluido,site,137.45
14556,435,2025-03-07,concluido,app,365.07
14557,302,2025-10-06,concluido,app,823.44
14558,217,2025-10-11,concluido,loja,262.63
14559,317,2025-01-09,concluido,loja,406.54
14560,168,2025-03-18,processando,marketplace,291.59
14561,62,2025-05-21,concluido,app,315.21
14562,398,2025-06-29,concluido,marketplace,586.55
14563,465,2025-07-04,concluido,marketplace,135.88
14564,415,2025-07-12,enviado,site,87.97
14565,127,2025-09-08,cancelado,loja,669.05
14566,291,2025-10-27,enviado,marketplace,221.39
14567,330,2025-07-15,enviado,marketplace,249.21
14568,389,2025-03-22,processando,loja,1376.64
14569,193,2025-05-15,enviado,marketplace,567.16
14570,14,2025-04-21,enviado,marketplace,165.12
14571,506,2025-06-21,concluido,app,699.8
14572,401,2025-05-19,cancelado,marketplace,575.99
14573,205,2025-09-04,concluido,app,20.0
14574,154,2025-08-29,cancelado,app,374.69
14575,185,2025-05-22,concluido,site,141.88
14576,247,2025-05-30,processando,app,314.73
14577,48,2025-02-28,concluido,loja,1225.61
14578,239,2025-10-29,enviado,app,603.08
14579,448,2025-12-19,concluido,site,657.32
14580,147,2025-05-05,concluido,loja,292.03
14581,264,2025-04-10,concluido,marketplace,659.31
14582,31,2025-02-21,cancelado,loja,187.95
14583,44,2025-06-09,concluido,site,371.32
14584,34,2025-05-09,concluido,loja,584.78
14585,88,2025-11-20,concluido,site,572.97
14586,281,2025-02-09,concluido,site,93.36
14587,344,2025-07-27,processando,marketplace,1059.46
14588,66,2025-06-19,cancelado,site,159.31
14589,281,2025-11-30,enviado,app,1532.32
14590,421,2025-10-24,processando,app,596.39
14591,370,2025-02-06,concluido,marketplace,562.87
14592,381,2025-04-11,concluido,site,171.16
14593,100,2025-01-28,concluido,loja,228.77
14594,332,2025-12-20,enviado,site,1005.42
14595,469,2025-03-12,concluido,site,922.91
14596,404,2025-03-20,concluido,loja,298.15
14597,53,2025-06-11,concluido,marketplace,279.62
14598,290,2025-03-14,concluido,loja,285.81
14599,128,2025-04-16,enviado,app,702.93
14600,437,2025-03-11,concluido,site,658.82
14601,119,2025-10-28,concluido,app,440.79
14602,194,2025-03-13,processando,site,373.93
14603,379,2025-11-11,cancelado,site,295.62
14604,107,2025-05-12,concluido,app,1456.01
14605,52,2025-04-09,concluido,app,103.55
14606,265,2025-07-13,enviado,site,251.67
14607,82,2025-05-05,cancelado,marketplace,419.88
14608,441,2025-07-30,processando,marketplace,84.93
14609,156,2025-04-06,concluido,marketplace,216.84
14610,153,2025-11-09,concluido,site,1215.6
14611,299,2025-09-20,concluido,app,630.09
14612,382,2025-01-28,cancelado,marketplace,215.45
14613,385,2025-08-21,processando,loja,210.3
14614,444,2025-05-05,concluido,marketplace,104.29
14615,242,2025-04-29,concluido,site,239.8
14616,91,2025-07-16,enviado,loja,496.14
14617,171,2025-10-16,enviado,marketplace,439.24
14618,460,2025-07-19,enviado,marketplace,249.73
14619,447,2025-11-24,concluido,loja,157.36
14620,54,2025-05-17,concluido,marketplace,292.69
14621,208,2025-10-25,processando,app,287.88
14622,227,2025-05-19,enviado,loja,577.04
14623,163,2025-12-08,concluido,app,395.99
14624,358,2025-12-19,processando,loja,359.3
14625,325,2025-10-23,concluido,marketplace,743.7
14626,79,2025-05-29,concluido,loja,917.47
14627,304,2025-03-19,concluido,marketplace,435.55
14628,81,2025-11-25,concluido,loja,443.07
14629,382,2025-11-17,concluido,app,308.0
14630,109,2025-12-04,concluido,marketplace,169.27
14631,220,2025-05-07,processando,site,607.95
14632,52,2025-07-21,cancelado,app,531.29
14633,241,2025-10-30,processando,site,326.82
14634,182,2025-04-25,processando,site,396.86
14635,460,2025-09-21,processando,loja,711.65
14636,126,2025-01-12,concluido,app,790.38
14637,195,2025-01-31,concluido,app,25.44
14638,396,2025-01-03,enviado,marketplace,204.17
14639,217,2025-09-04,enviado,site,326.04
14640,72,2025-07-17,cancelado,app,137.21
14641,63,2025-05-27,concluido,app,404.3
14642,153,2025-08-15,concluido,marketplace,212.92
14643,430,2025-03-15,cancelado,app,413.94
14644,360,2025-06-01,concluido,loja,218.09
14645,418,2025-04-08,processando,loja,225.52
14646,300,2025-10-29,processando,marketplace,411.72
14647,513,2025-10-21,concluido,site,625.62
14648,57,2025-04-03,processando,loja,510.57
14649,291,2025-08-24,concluido,loja,328.07
14650,345,2025-01-14,concluido,app,60.88
14651,113,2025-11-04,concluido,site,221.23
14652,56,2025-03-28,concluido,site,202.46
14653,398,2025-05-07,concluido,marketplace,553.17
14654,18,2025-02-11,concluido,app,376.28
14655,140,2025-04-21,concluido,loja,386.26
14656,337,2025-04-16,enviado,marketplace,175.85
14657,52,2025-05-25,concluido,marketplace,811.03
14658,32,2025-02-06,enviado,loja,384.41
14659,20,2025-02-07,enviado,site,167.13
14660,6,2025-05-25,concluido,site,177.31
14661,25,2025-06-09,processando,app,424.55
14662,20,2025-03-19,concluido,loja,161.86
14663,61,2025-07-26,enviado,site,204.57
14664,38,2025-11-14,processando,app,131.42
14665,63,2025-04-13,concluido,marketplace,550.13
14666,134,2025-03-21,enviado,app,165.1
14667,39,2025-08-06,concluido,loja,898.1
14668,344,2025-02-19,concluido,site,461.81
14669,279,2025-07-15,concluido,marketplace,130.96
14670,51,2025-12-26,enviado,loja,507.41
14671,449,2025-03-11,enviado,site,811.95
14672,159,2025-01-09,enviado,marketplace,317.73
14673,343,2025-01-03,concluido,site,873.71
14674,62,2025-03-09,enviado,loja,467.84
14675,154,2025-06-12,concluido,loja,213.1
14676,39,2025-11-08,concluido,loja,1227.74
14677,262,2025-07-08,concluido,marketplace,101.6
14678,97,2025-11-06,concluido,site,262.92
14679,327,2025-09-13,concluido,site,328.08
14680,195,2025-03-04,enviado,marketplace,1098.04
14681,329,2025-03-19,concluido,marketplace,558.73
14682,39,2025-12-30,concluido,marketplace,496.94
14683,27,2025-07-30,processando,loja,187.63
14684,95,2025-07-18,concluido,marketplace,308.93
14685,173,2025-03-27,enviado,app,217.11
14686,255,2025-06-09,enviado,site,485.64
14687,187,2025-05-25,concluido,site,729.65
14688,239,2025-10-26,concluido,marketplace,1405.54
14689,469,2025-07-03,concluido,marketplace,236.72
14690,307,2025-04-24,enviado,site,98.88
14691,303,2025-11-18,cancelado,marketplace,266.3
14692,179,2025-12-06,enviado,app,665.33
14693,399,2025-09-16,concluido,app,169.15
14694,95,2025-08-18,processando,site,336.75
14695,200,2025-07-26,concluido,marketplace,501.26
14696,14,2025-05-13,concluido,site,240.5
14697,340,2025-01-22,concluido,marketplace,396.27
14698,114,2025-01-03,enviado,loja,155.64
14699,216,2025-04-03,concluido,loja,762.9
14700,53,2025-01-03,concluido,loja,281.76
14701,307,2025-01-31,processando,site,388.17
14702,275,2025-03-14,concluido,loja,63.65
14703,257,2025-02-26,concluido,app,137.56
14704,74,2025-10-10,concluido,app,650.76
14705,146,2025-01-07,concluido,loja,237.87
14706,80,2025-09-27,concluido,marketplace,162.43
14707,140,2025-02-17,concluido,marketplace,91.43
14708,411,2025-03-01,concluido,site,753.55
14709,127,2025-06-27,processando,marketplace,542.58
14710,400,2025-08-15,enviado,app,518.77
14711,272,2025-10-31,concluido,site,950.28
14712,224,2025-05-29,concluido,marketplace,263.12
14713,285,2025-01-21,processando,loja,100.02
14714,15,2025-03-07,enviado,site,351.17
14715,13,2025-06-03,concluido,marketplace,1067.24
14716,365,2025-06-18,concluido,site,356.39
14717,447,2025-03-06,enviado,site,717.28
14718,135,2025-05-28,concluido,loja,103.68
14719,148,2025-11-18,concluido,site,184.51
14720,329,2025-09-19,processando,app,625.33
14721,508,2025-06-26,concluido,site,382.58
14722,117,2025-08-26,concluido,site,313.43
14723,50,2025-04-24,enviado,loja,710.84
14724,470,2025-05-03,enviado,loja,619.8
14725,8,2025-06-13,enviado,marketplace,389.93
14726,469,2025-09-10,enviado,marketplace,25.9
14727,11,2025-10-06,cancelado,app,340.51
14728,378,2025-01-01,enviado,loja,458.0
14729,26,2025-12-20,concluido,app,65.49
14730,411,2025-10-06,concluido,loja,447.37
14731,25,2025-07-18,concluido,loja,731.99
14732,232,2025-05-20,concluido,site,340.04
14733,163,2025-03-15,concluido,site,147.04
14734,215,2025-12-06,concluido,marketplace,30.55
14735,283,2025-01-30,concluido,app,453.53
14736,263,2025-05-24,concluido,loja,74.39
14737,83,2025-11-24,processando,loja,515.88
14738,155,2025-08-24,cancelado,loja,1034.5
14739,93,2025-06-15,enviado,site,191.65
14740,346,2025-04-05,concluido,app,287.09
14741,90,2025-04-19,concluido,site,1072.33
14742,141,2025-02-10,concluido,app,370.53
14743,369,2025-06-19,concluido,loja,239.73
14744,168,2025-10-01,concluido,loja,665.29
14745,300,2025-01-15,concluido,loja,250.1
14746,194,2025-01-08,concluido,app,181.26
14747,32,2025-05-03,enviado,app,510.51
14748,74,2025-11-14,enviado,marketplace,700.67
14749,114,2025-02-12,concluido,app,180.18
14750,116,2025-01-24,concluido,app,392.71
14751,201,2025-04-05,enviado,site,296.62
14752,51,2025-09-06,concluido,app,333.06
14753,425,2025-03-09,concluido,site,148.3
14754,278,2025-04-01,enviado,marketplace,537.1
14755,303,2025-04-01,enviado,loja,895.72
14756,244,2025-01-03,concluido,app,176.76
14757,385,2025-01-17,enviado,site,536.8
14758,301,2025-03-22,concluido,marketplace,655.2
14759,421,2025-07-03,concluido,app,390.66
14760,49,2025-12-10,processando,site,521.52
14761,330,2025-05-05,concluido,app,194.22
14762,250,2025-02-13,processando,site,863.45
14763,12,2025-04-05,cancelado,marketplace,704.17
14764,193,2025-03-16,concluido,marketplace,757.07
14765,368,2025-12-13,concluido,loja,126.95
14766,379,2025-07-08,concluido,marketplace,477.46
14767,515,2025-10-24,enviado,app,206.12
14768,147,2025-06-26,cancelado,app,911.2
14769,120,2025-02-12,enviado,loja,179.91
14770,401,2025-10-01,cancelado,marketplace,401.92
14771,149,2025-08-14,cancelado,app,47.05
14772,401,2025-03-02,processando,marketplace,400.45
14773,315,2025-12-25,enviado,site,128.3
14774,256,2025-08-08,enviado,loja,494.3
14775,177,2025-04-01,processando,loja,303.25
14776,14,2025-10-22,concluido,site,255.85
14777,332,2025-06-14,concluido,site,926.02
14778,38,2025-11-16,concluido,app,1281.97
14779,346,2025-02-28,concluido,loja,95.98
14780,516,2025-11-20,concluido,marketplace,262.27
14781,78,2025-04-12,processando,site,594.84
14782,300,2025-03-21,concluido,app,439.84
14783,326,2025-09-22,cancelado,marketplace,573.14
14784,467,2025-09-12,concluido,marketplace,319.68
14785,311,2025-06-09,concluido,site,723.32
14786,508,2025-08-21,enviado,app,389.65
14787,276,2025-10-17,enviado,app,457.95
14788,360,2025-12-24,concluido,app,128.44
14789,177,2025-11-03,processando,loja,361.85
14790,107,2025-03-06,enviado,marketplace,599.15
14791,338,2025-10-11,concluido,loja,423.05
14792,292,2025-02-06,enviado,marketplace,373.48
14793,269,2025-03-13,concluido,site,477.84
14794,342,2025-01-16,enviado,marketplace,388.09
14795,220,2025-07-21,concluido,loja,327.57
14796,407,2025-04-23,enviado,marketplace,611.59
14797,74,2025-09-07,concluido,marketplace,311.11
14798,177,2025-04-23,enviado,app,121.28
14799,428,2025-07-07,processando,marketplace,899.28
14800,198,2025-11-11,concluido,loja,211.19
14801,226,2025-09-19,concluido,loja,91.38
14802,143,2025-10-23,concluido,marketplace,518.65
14803,12,2025-06-07,concluido,app,973.43
14804,212,2025-10-24,concluido,loja,527.04
14805,274,2025-06-20,enviado,app,817.87
14806,28,2025-08-04,cancelado,loja,163.6
14807,365,2025-09-10,concluido,app,122.85
14808,360,2025-01-12,processando,app,261.54
14809,450,2025-05-18,enviado,site,688.67
14810,57,2025-06-04,concluido,marketplace,495.49
14811,96,2025-03-17,enviado,marketplace,520.67
14812,237,2025-10-09,enviado,site,373.32
14813,177,2025-09-10,cancelado,loja,265.49
14814,71,2025-07-11,concluido,marketplace,385.47
14815,27,2025-08-23,concluido,app,303.11
14816,272,2025-03-10,concluido,loja,251.47
14817,431,2025-03-15,cancelado,app,448.19
14818,375,2025-03-21,processando,marketplace,281.85
14819,368,2025-07-22,concluido,loja,413.28
14820,507,2025-07-28,processando,app,53.27
14821,402,2025-09-24,concluido,site,389.56
14822,71,2025-03-19,concluido,site,280.52
14823,369,2025-12-13,concluido,marketplace,846.36
14824,419,2025-05-10,cancelado,app,87.39
14825,386,2025-04-19,concluido,loja,369.29
14826,196,2025-01-12,enviado,app,603.96
14827,354,2025-10-04,processando,loja,312.16
14828,327,2025-02-13,processando,loja,273.36
14829,511,2025-11-24,processando,marketplace,602.59
14830,449,2025-11-03,concluido,marketplace,487.25
14831,144,2025-10-18,cancelado,site,512.4
14832,97,2025-03-16,concluido,marketplace,251.85
14833,48,2025-10-16,enviado,marketplace,227.94
14834,335,2025-01-01,concluido,marketplace,413.64
14835,57,2025-09-01,concluido,site,635.99
14836,25,2025-04-21,enviado,site,107.52
14837,327,2025-02-04,concluido,site,320.42
14838,33,2025-06-28,concluido,marketplace,236.03
14839,110,2025-06-19,concluido,site,349.07
14840,331,2025-04-22,concluido,loja,566.58
14841,259,2025-01-26,concluido,site,177.07
14842,207,2025-09-22,enviado,loja,524.83
14843,57,2025-09-07,enviado,loja,258.44
14844,19,2025-02-16,enviado,site,702.45
14845,237,2025-12-03,concluido,app,185.77
14846,53,2025-08-12,concluido,marketplace,630.18
14847,200,2025-08-06,enviado,loja,118.38
14848,292,2025-10-20,concluido,loja,394.5
14849,297,2025-12-31,concluido,app,532.27
14850,34,2025-09-01,enviado,marketplace,189.87
14851,171,2025-10-02,concluido,app,242.16
14852,330,2025-10-04,concluido,marketplace,351.79
14853,226,2025-12-28,concluido,marketplace,272.63
14854,123,2025-05-07,concluido,app,224.77
14855,199,2025-07-24,processando,site,608.63
14856,398,2025-12-25,concluido,site,749.29
14857,170,2025-10-04,enviado,loja,720.91
14858,249,2025-11-06,enviado,site,473.53
14859,398,2025-04-14,concluido,marketplace,517.64
14860,462,2025-08-25,concluido,loja,164.72
14861,287,2025-11-28,concluido,marketplace,328.75
14862,190,2025-12-30,concluido,marketplace,372.74
14863,266,2025-07-09,enviado,loja,424.09
14864,123,2025-01-03,enviado,loja,418.96
14865,469,2025-01-04,concluido,loja,352.43
14866,370,2025-01-05,processando,app,469.82
14867,367,2025-03-27,enviado,loja,406.17
14868,383,2025-03-01,concluido,marketplace,405.52
14869,66,2025-12-21,cancelado,loja,200.33
14870,400,2025-11-05,concluido,loja,134.05
14871,75,2025-02-07,concluido,app,425.55
14872,143,2025-03-14,concluido,marketplace,250.37
14873,455,2025-12-14,enviado,marketplace,207.9
14874,248,2025-12-21,processando,loja,541.42
14875,317,2025-12-31,enviado,site,331.32
14876,299,2025-11-20,concluido,loja,820.25
14877,313,2025-08-11,concluido,loja,503.67
14878,234,2025-07-28,concluido,loja,190.45
14879,121,2025-04-10,concluido,marketplace,545.86
14880,520,2025-07-07,concluido,marketplace,454.8
14881,346,2025-07-14,processando,marketplace,184.65
14882,235,2025-11-16,concluido,app,227.53
14883,46,2025-10-24,concluido,marketplace,528.87
14884,320,2025-12-27,concluido,site,70.33
14885,146,2025-09-02,processando,loja,45.0
14886,59,2025-06-21,concluido,site,389.75
14887,169,2025-01-20,cancelado,site,369.68
14888,204,2025-12-29,enviado,app,414.16
14889,16,2025-09-16,concluido,loja,370.42
14890,293,2025-04-17,processando,loja,465.77
14891,307,2025-08-22,enviado,app,755.9
14892,148,2025-09-17,concluido,app,347.08
14893,458,2025-02-15,processando,site,99.57
14894,207,2025-08-30,concluido,marketplace,61.77
14895,459,2025-12-30,concluido,loja,267.35
14896,199,2025-05-26,processando,app,272.61
14897,12,2025-04-17,concluido,loja,115.88
14898,419,2025-12-03,concluido,marketplace,35.76
14899,266,2025-03-14,concluido,marketplace,252.72
14900,456,2025-10-31,enviado,loja,970.27
14901,149,2025-01-02,concluido,site,452.92
14902,377,2025-12-12,processando,site,426.38
14903,341,2025-01-26,concluido,loja,305.4
14904,164,2025-02-14,processando,marketplace,267.01
14905,422,2025-03-15,concluido,site,484.19
14906,334,2025-04-14,cancelado,app,128.56
14907,164,2025-08-04,enviado,app,1131.93
14908,365,2025-04-13,enviado,site,137.26
14909,30,2025-01-20,processando,app,513.79
14910,228,2025-09-24,concluido,site,148.5
14911,159,2025-09-30,enviado,app,376.98
14912,119,2025-06-21,processando,marketplace,550.8
14913,279,2025-11-04,cancelado,site,81.97
14914,118,2025-01-26,enviado,app,162.78
14915,214,2025-08-06,concluido,loja,171.94
14916,274,2025-11-26,concluido,site,284.08
14917,71,2025-12-12,processando,site,410.24
14918,443,2025-10-20,concluido,loja,982.79
14919,132,2025-08-23,enviado,marketplace,225.97
14920,113,2025-02-07,enviado,site,943.26
14921,179,2025-12-15,concluido,app,442.14
14922,380,2025-05-06,concluido,loja,133.21
14923,104,2025-11-06,concluido,marketplace,306.44
14924,49,2025-10-13,processando,site,101.2
14925,72,2025-12-08,concluido,app,267.46
14926,209,2025-07-02,processando,site,253.72
14927,249,2025-08-07,concluido,site,381.37
14928,246,2025-07-23,enviado,app,514.95
14929,278,2025-04-21,concluido,app,324.15
14930,270,2025-12-07,processando,site,146.81
14931,336,2025-07-23,enviado,app,818.04
14932,206,2025-03-30,processando,app,1022.98
14933,223,2025-08-16,concluido,site,301.51
14934,353,2025-04-10,concluido,loja,428.88
14935,203,2025-06-16,concluido,site,289.38
14936,298,2025-10-26,concluido,marketplace,383.53
14937,55,2025-03-11,concluido,loja,397.9
14938,78,2025-08-11,concluido,loja,117.54
14939,13,2025-10-09,enviado,marketplace,271.26
14940,273,2025-01-13,concluido,site,666.32
14941,149,2025-03-05,cancelado,site,629.09
14942,400,2025-07-18,concluido,app,267.52
14943,422,2025-03-13,processando,marketplace,403.19
14944,180,2025-02-17,concluido,loja,282.89
14945,59,2025-06-07,concluido,site,528.2
14946,334,2025-07-04,cancelado,site,81.26
14947,95,2025-05-15,concluido,app,485.08
14948,229,2025-10-15,enviado,loja,853.13
14949,238,2025-01-26,processando,site,198.59
14950,302,2025-04-11,concluido,site,780.11
14951,77,2025-06-24,processando,site,417.31
14952,201,2025-11-17,concluido,marketplace,323.56
14953,387,2025-01-12,concluido,marketplace,265.96
14954,93,2025-03-24,concluido,app,797.68
14955,108,2025-03-02,processando,site,283.57
14956,454,2025-01-22,concluido,loja,935.13
14957,11,2025-03-11,enviado,app,867.66
14958,334,2025-12-30,concluido,marketplace,238.02
14959,294,2025-08-20,concluido,loja,299.38
14960,377,2025-11-22,concluido,site,58.25
14961,168,2025-09-11,enviado,site,331.27
14962,391,2025-05-22,concluido,marketplace,361.62
14963,348,2025-09-11,concluido,loja,712.55
14964,253,2025-04-17,concluido,marketplace,897.59
14965,191,2025-04-23,concluido,site,561.57
14966,336,2025-08-08,enviado,loja,675.15
14967,448,2025-09-21,concluido,marketplace,299.21
14968,403,2025-06-01,concluido,app,124.39
14969,181,2025-12-02,concluido,loja,416.77
14970,438,2025-08-02,enviado,app,704.82
14971,201,2025-06-03,concluido,app,20.0
14972,441,2025-12-06,enviado,loja,373.94
14973,242,2025-01-03,enviado,marketplace,67.3
14974,396,2025-11-30,concluido,app,185.76
14975,333,2025-05-09,concluido,loja,384.56
14976,354,2025-06-22,enviado,site,906.91
14977,391,2025-06-06,concluido,site,347.77
14978,370,2025-01-17,processando,marketplace,537.43
14979,85,2025-01-05,concluido,app,413.96
14980,470,2025-11-05,cancelado,site,195.07
14981,229,2025-04-27,enviado,loja,471.23
14982,433,2025-10-30,concluido,marketplace,121.36
14983,352,2025-01-03,concluido,site,344.19
14984,71,2025-06-21,concluido,marketplace,788.03
14985,20,2025-12-13,concluido,site,392.16
14986,176,2025-01-12,processando,site,414.08
14987,176,2025-04-27,enviado,app,267.17
14988,306,2025-05-16,cancelado,app,87.19
14989,385,2025-09-09,processando,marketplace,290.66
14990,409,2025-02-21,concluido,app,608.32
14991,295,2025-01-15,concluido,app,450.93
14992,95,2025-08-24,enviado,app,127.85
14993,431,2025-12-12,concluido,app,63.67
14994,177,2025-02-26,processando,marketplace,193.23
14995,271,2025-04-09,concluido,marketplace,292.85
14996,176,2025-02-11,concluido,loja,308.52
14997,409,2025-11-06,enviado,site,311.51
14998,166,2025-02-18,concluido,marketplace,345.32
14999,184,2025-06-10,cancelado,app,461.19
15000,358,2025-01-17,enviado,loja,253.57
