venda_id,data_venda,vendedor_id,produto,categoria,quantidade,valor_unitario,valor_total,cidade,estado,forma_pagamento
1,2025-01-01,106,Kit Halteres 20kg,Esporte e Lazer,3,259.90,779.70,Recife,PE,Cartão Crédito
2,2025-01-01,106,Carregador Turbo USB-C,Celulares e Acessórios,5,80.91,404.55,São Paulo,SP,Boleto
3,2025-01-01,110,Console de Videogame,Games,1,2999.00,2999.00,Salvador,BA,Cartão Débito
4,2025-01-01,110,Notebook Core i5,Informática,2,3299.90,6599.80,São Paulo,SP,Pix
5,2025-01-01,109,Sofá 3 Lugares,Móveis,2,2039.15,4078.30,Feira de Santana,BA,Cartão Crédito
6,2025-01-01,112,Airfryer 5L,Eletrodomésticos,3,408.40,1225.20,Belo Horizonte,MG,Cartão Crédito
7,2025-01-01,119,Notebook Core i5,Informática,1,2804.92,2804.92,Salvador,BA,Cartão Crédito
8,2025-01-01,109,Teclado Mecânico,Informática,1,289.90,289.90,Belo Horizonte,MG,Cartão Crédito
9,2025-01-01,112,Geladeira Frost Free 400L,Eletrodomésticos,2,3499.00,6998.00,São Paulo,SP,Cartão Crédito
10,2025-01-01,119,Smartphone 128GB,Celulares e Acessórios,1,1529.15,1529.15,Porto Alegre,RS,Cartão Crédito
11,2025-01-01,101,Cadeira de Escritório,Móveis,2,699.90,1399.80,Niterói,RJ,Cartão Crédito
12,2025-01-01,105,Mesa de Jantar 6 Cadeiras,Móveis,2,1899.00,3798.00,Belo Horizonte,MG,Boleto
13,2025-01-01,117,Máquina de Lavar 12kg,Eletrodomésticos,2,2199.00,4398.00,Campinas,SP,Pix
14,2025-01-01,105,Jogo de Aventura,Games,1,249.90,249.90,Recife,PE,Cartão Crédito
15,2025-01-01,105,Teclado Mecânico,Informática,1,289.90,289.90,Fortaleza,CE,Cartão Débito
16,2025-01-01,115,Cadeira de Escritório,Móveis,4,699.90,2799.60,Goiânia,GO,Cartão Crédito
17,2025-01-01,104,Controle Sem Fio,Games,2,349.90,699.80,São Paulo,SP,Boleto
18,2025-01-01,107,Smartphone 128GB,Celulares e Acessórios,2,1799.00,3598.00,Vitória da Conquista,BA,Cartão Crédito
19,2025-01-01,107,Smartphone 128GB,Celulares e Acessórios,1,1799.00,1799.00,Curitiba,PR,Cartão Crédito
20,2025-01-01,106,Bicicleta Aro 29,Esporte e Lazer,2,1619.10,3238.20,Santos,SP,Boleto
21,2025-01-01,108,Esteira Elétrica,Esporte e Lazer,2,2899.00,5798.00,Belo Horizonte,MG,Boleto
22,2025-01-01,117,Controle Sem Fio,Games,2,349.90,699.80,Salvador,BA,Boleto
23,2025-01-01,106,Airfryer 5L,Eletrodomésticos,4,408.40,1633.60,Recife,PE,Cartão Crédito
24,2025-01-01,113,Monitor Full HD 24pol,Informática,1,809.91,809.91,São Paulo,SP,Pix
25,2025-01-01,117,Controle Sem Fio,Games,4,349.90,1399.60,Porto Alegre,RS,Cartão Débito
26,2025-01-01,120,Controle Sem Fio,Games,4,349.90,1399.60,Belo Horizonte,MG,Cartão Crédito
27,2025-01-01,103,Console de Videogame,Games,2,2849.05,5698.10,Santos,SP,Cartão Crédito
28,2025-01-02,103,Kit Halteres 20kg,Esporte e Lazer,2,259.90,519.80,Fortaleza,CE,Cartão Crédito
29,2025-01-02,117,Kit Halteres 20kg,Esporte e Lazer,2,220.92,441.84,Brasília,DF,Pix
30,2025-01-02,110,Teclado Mecânico,Informática,3,289.90,869.70,Santos,SP,Cartão Crédito
31,2025-01-02,103,Smartphone 128GB,Celulares e Acessórios,2,1799.00,3598.00,Campinas,SP,Cartão Crédito
32,2025-01-02,120,Mesa de Jantar 6 Cadeiras,Móveis,1,1899.00,1899.00,Salvador,BA,Cartão Débito
33,2025-01-02,106,Controle Sem Fio,Games,2,349.90,699.80,São Paulo,SP,Pix
34,2025-01-02,107,Console de Videogame,Games,1,2999.00,2999.00,São Paulo,SP,Pix
35,2025-01-02,106,Monitor Full HD 24pol,Informática,1,899.90,899.90,Porto Alegre,RS,Boleto
36,2025-01-02,109,Notebook Core i5,Informática,2,3134.90,6269.80,Porto Alegre,RS,Pix
37,2025-01-02,117,Notebook Core i5,Informática,1,2969.91,2969.91,Curitiba,PR,Cartão Débito
38,2025-01-03,104,Cadeira de Escritório,Móveis,2,699.90,1399.80,Santos,SP,Cartão Crédito
39,2025-01-03,112,Geladeira Frost Free 400L,Eletrodomésticos,2,3324.05,6648.10,Curitiba,PR,Pix
40,2025-01-03,105,Bicicleta Aro 29,Esporte e Lazer,2,1709.05,3418.10,Brasília,DF,Pix
41,2025-01-03,101,Mesa de Jantar 6 Cadeiras,Móveis,2,1899.00,3798.00,São Paulo,SP,Cartão Débito
42,2025-01-03,108,Smartphone 128GB,Celulares e Acessórios,3,1799.00,5397.00,Curitiba,PR,Cartão Crédito
43,2025-01-03,108,Kit Halteres 20kg,Esporte e Lazer,3,259.90,779.70,Brasília,DF,Cartão Crédito
44,2025-01-03,104,Geladeira Frost Free 400L,Eletrodomésticos,2,2974.15,5948.30,Rio de Janeiro,RJ,Cartão Crédito
45,2025-01-04,109,Monitor Full HD 24pol,Informática,3,899.90,2699.70,Curitiba,PR,Cartão Débito
46,2025-01-04,112,Kit Halteres 20kg,Esporte e Lazer,4,246.90,987.60,Rio de Janeiro,RJ,Pix
47,2025-01-04,116,Fone Bluetooth,Celulares e Acessórios,3,199.90,599.70,Rio de Janeiro,RJ,Pix
48,2025-01-04,110,Controle Sem Fio,Games,4,349.90,1399.60,Uberlândia,MG,Boleto
49,2025-01-04,108,Notebook Core i5,Informática,1,2969.91,2969.91,Rio de Janeiro,RJ,Cartão Débito
50,2025-01-04,105,Máquina de Lavar 12kg,Eletrodomésticos,2,2199.00,4398.00,São Paulo,SP,Pix
51,2025-01-04,120,Bicicleta Aro 29,Esporte e Lazer,2,1709.05,3418.10,Curitiba,PR,Cartão Crédito
52,2025-01-04,119,Airfryer 5L,Eletrodomésticos,4,429.90,1719.60,Brasília,DF,Cartão Crédito
53,2025-01-04,105,Mouse Sem Fio,Informática,3,79.90,239.70,São Paulo,SP,Boleto
54,2025-01-04,107,Esteira Elétrica,Esporte e Lazer,1,2899.00,2899.00,Salvador,BA,Pix
55,2025-01-04,103,Máquina de Lavar 12kg,Eletrodomésticos,2,2089.05,4178.10,Recife,PE,Pix
56,2025-01-04,117,Controle Sem Fio,Games,4,332.40,1329.60,Uberlândia,MG,Boleto
57,2025-01-04,109,Airfryer 5L,Eletrodomésticos,2,429.90,859.80,Recife,PE,Cartão Débito
58,2025-01-05,112,Console de Videogame,Games,2,2849.05,5698.10,Salvador,BA,Boleto
59,2025-01-05,107,Console de Videogame,Games,2,2999.00,5998.00,Recife,PE,Pix
60,2025-01-05,113,Notebook Core i5,Informática,1,3299.90,3299.90,Fortaleza,CE,Cartão Crédito
61,2025-01-05,120,Sofá 3 Lugares,Móveis,1,2399.00,2399.00,Curitiba,PR,Cartão Débito
62,2025-01-05,101,Airfryer 5L,Eletrodomésticos,3,429.90,1289.70,Porto Alegre,RS,Boleto
63,2025-01-05,116,Smartphone 128GB,Celulares e Acessórios,2,1799.00,3598.00,Salvador,BA,Cartão Crédito
64,2025-01-05,101,Micro-ondas 30L,Eletrodomésticos,1,617.40,617.40,Brasília,DF,Pix
65,2025-01-05,120,Smartphone 128GB,Celulares e Acessórios,3,1619.10,4857.30,Recife,PE,Cartão Débito
66,2025-01-05,103,Smartphone 128GB,Celulares e Acessórios,1,1799.00,1799.00,Vitória da Conquista,BA,Pix
67,2025-01-05,109,Carregador Turbo USB-C,Celulares e Acessórios,2,89.90,179.80,Salvador,BA,Pix
68,2025-01-06,108,Notebook Core i5,Informática,2,3299.90,6599.80,Goiânia,GO,Pix
69,2025-01-06,106,Notebook Core i5,Informática,2,3134.90,6269.80,São Paulo,SP,Pix
70,2025-01-06,106,Cadeira de Escritório,Móveis,2,664.90,1329.80,Salvador,BA,Boleto
71,2025-01-06,108,Console de Videogame,Games,1,2849.05,2849.05,Rio de Janeiro,RJ,Cartão Crédito
72,2025-01-06,105,Console de Videogame,Games,2,2999.00,5998.00,Porto Alegre,RS,Boleto
73,2025-01-06,113,Mesa de Jantar 6 Cadeiras,Móveis,1,1899.00,1899.00,Goiânia,GO,Pix
74,2025-01-06,120,Cadeira de Escritório,Móveis,1,629.91,629.91,Rio de Janeiro,RJ,Pix
75,2025-01-06,116,Máquina de Lavar 12kg,Eletrodomésticos,2,2089.05,4178.10,Feira de Santana,BA,Cartão Crédito
76,2025-01-06,109,Smartphone 128GB,Celulares e Acessórios,3,1799.00,5397.00,São Paulo,SP,Boleto
77,2025-01-06,105,Micro-ondas 30L,Eletrodomésticos,1,617.40,617.40,Santos,SP,Cartão Crédito
78,2025-01-06,101,Teclado Mecânico,Informática,3,289.90,869.70,Feira de Santana,BA,Cartão Débito
79,2025-01-06,116,Teclado Mecânico,Informática,3,260.91,782.73,Salvador,BA,Cartão Débito
80,2025-01-06,109,Mesa de Jantar 6 Cadeiras,Móveis,1,1709.10,1709.10,Campinas,SP,Cartão Crédito
81,2025-01-06,103,Kit Halteres 20kg,Esporte e Lazer,2,259.90,519.80,Brasília,DF,Pix
82,2025-01-06,119,Console de Videogame,Games,1,2999.00,2999.00,Goiânia,GO,Boleto
83,2025-01-06,103,Máquina de Lavar 12kg,Eletrodomésticos,2,1869.15,3738.30,Belo Horizonte,MG,Cartão Crédito
84,2025-01-06,113,Mouse Sem Fio,Informática,2,75.90,151.80,Recife,PE,Cartão Crédito
85,2025-01-06,108,Controle Sem Fio,Games,3,314.91,944.73,Niterói,RJ,Cartão Crédito
86,2025-01-07,117,Bicicleta Aro 29,Esporte e Lazer,2,1709.05,3418.10,São Paulo,SP,Cartão Crédito
87,2025-01-07,115,Controle Sem Fio,Games,1,349.90,349.90,Belo Horizonte,MG,Pix
88,2025-01-07,107,Notebook Core i5,Informática,2,3299.90,6599.80,Niterói,RJ,Cartão Débito
89,2025-01-07,108,Console de Videogame,Games,2,2999.00,5998.00,Uberlândia,MG,Cartão Débito
90,2025-01-07,115,Esteira Elétrica,Esporte e Lazer,2,2899.00,5798.00,Goiânia,GO,Cartão Crédito
91,2025-01-07,105,Sofá 3 Lugares,Móveis,1,2039.15,2039.15,Porto Alegre,RS,Cartão Crédito
92,2025-01-07,113,Smartphone 128GB,Celulares e Acessórios,2,1799.00,3598.00,Uberlândia,MG,Cartão Crédito
93,2025-01-07,104,Monitor Full HD 24pol,Informática,3,899.90,2699.70,Recife,PE,Boleto
94,2025-01-07,113,Controle Sem Fio,Games,3,297.42,892.26,Curitiba,PR,Cartão Crédito
95,2025-01-07,119,Kit Halteres 20kg,Esporte e Lazer,2,259.90,519.80,São Paulo,SP,Cartão Crédito
96,2025-01-07,105,Mesa de Jantar 6 Cadeiras,Móveis,1,1899.00,1899.00,Uberlândia,MG,Cartão Débito
97,2025-01-07,106,Sofá 3 Lugares,Móveis,1,2159.10,2159.10,Recife,PE,Cartão Débito
98,2025-01-07,109,Kit Halteres 20kg,Esporte e Lazer,3,259.90,779.70,Santos,SP,Boleto
99,2025-01-07,107,Micro-ondas 30L,Eletrodomésticos,3,649.90,1949.70,Goiânia,GO,Pix
100,2025-01-08,120,Controle Sem Fio,Games,2,349.90,699.80,Santos,SP,Boleto
101,2025-01-08,110,Kit Halteres 20kg,Esporte e Lazer,3,220.92,662.76,Feira de Santana,BA,Cartão Crédito
102,2025-01-08,112,Jogo de Aventura,Games,4,249.90,999.60,Rio de Janeiro,RJ,Cartão Débito
103,2025-01-08,106,Mouse Sem Fio,Informática,3,75.90,227.70,Goiânia,GO,Boleto
104,2025-01-08,112,Teclado Mecânico,Informática,2,289.90,579.80,Porto Alegre,RS,Boleto
105,2025-01-08,120,Kit Halteres 20kg,Esporte e Lazer,1,259.90,259.90,São Paulo,SP,Cartão Crédito
106,2025-01-08,106,Máquina de Lavar 12kg,Eletrodomésticos,2,2199.00,4398.00,Rio de Janeiro,RJ,Pix
107,2025-01-08,117,Console de Videogame,Games,1,2999.00,2999.00,Recife,PE,Cartão Crédito
108,2025-01-08,120,Teclado Mecânico,Informática,4,289.90,1159.60,Porto Alegre,RS,Pix
109,2025-01-08,103,Smartphone 128GB,Celulares e Acessórios,3,1799.00,5397.00,Fortaleza,CE,Cartão Débito
110,2025-01-08,112,Máquina de Lavar 12kg,Eletrodomésticos,1,2199.00,2199.00,Feira de Santana,BA,Cartão Débito
111,2025-01-08,107,Jogo de Aventura,Games,4,249.90,999.60,Brasília,DF,Cartão Débito
112,2025-01-08,105,Máquina de Lavar 12kg,Eletrodomésticos,1,1979.10,1979.10,São Paulo,SP,Cartão Débito
113,2025-01-08,119,Notebook Core i5,Informática,1,3134.90,3134.90,Brasília,DF,Cartão Débito
114,2025-01-08,116,Máquina de Lavar 12kg,Eletrodomésticos,1,2199.00,2199.00,Porto Alegre,RS,Pix
115,2025-01-08,110,Mouse Sem Fio,Informática,2,75.90,151.80,Recife,PE,Cartão Débito
116,2025-01-08,107,Smartphone 128GB,Celulares e Acessórios,1,1799.00,1799.00,Uberlândia,MG,Cartão Débito
117,2025-01-09,120,Airfryer 5L,Eletrodomésticos,4,429.90,1719.60,Brasília,DF,Cartão Crédito
118,2025-01-09,117,Monitor Full HD 24pol,Informática,2,854.90,1709.80,Campinas,SP,Cartão Crédito
119,2025-01-09,105,Sofá 3 Lugares,Móveis,1,2399.00,2399.00,Rio de Janeiro,RJ,Pix
120,2025-01-09,105,Mesa de Jantar 6 Cadeiras,Móveis,2,1899.00,3798.00,São Paulo,SP,Cartão Crédito
121,2025-01-09,107,Airfryer 5L,Eletrodomésticos,1,429.90,429.90,Feira de Santana,BA,Cartão Crédito
122,2025-01-09,113,Mesa de Jantar 6 Cadeiras,Móveis,2,1899.00,3798.00,Recife,PE,Boleto
123,2025-01-09,119,Airfryer 5L,Eletrodomésticos,2,429.90,859.80,Rio de Janeiro,RJ,Cartão Crédito
124,2025-01-09,115,Sofá 3 Lugares,Móveis,2,2399.00,4798.00,Porto Alegre,RS,Cartão Débito
125,2025-01-09,107,Mesa de Jantar 6 Cadeiras,Móveis,2,1899.00,3798.00,Curitiba,PR,Cartão Débito
126,2025-01-09,116,Mesa de Jantar 6 Cadeiras,Móveis,1,1709.10,1709.10,São Paulo,SP,Cartão Débito
127,2025-01-09,101,Console de Videogame,Games,2,2699.10,5398.20,Niterói,RJ,Pix
128,2025-01-09,106,Esteira Elétrica,Esporte e Lazer,1,2899.00,2899.00,Goiânia,GO,Cartão Crédito
129,2025-01-09,117,Micro-ondas 30L,Eletrodomésticos,3,649.90,1949.70,Salvador,BA,Cartão Crédito
130,2025-01-09,117,Esteira Elétrica,Esporte e Lazer,1,2899.00,2899.00,Porto Alegre,RS,Cartão Crédito
131,2025-01-09,101,Console de Videogame,Games,2,2999.00,5998.00,Brasília,DF,Boleto
132,2025-01-10,108,Máquina de Lavar 12kg,Eletrodomésticos,1,2199.00,2199.00,Uberlândia,MG,Pix
133,2025-01-10,106,Carregador Turbo USB-C,Celulares e Acessórios,5,89.90,449.50,Curitiba,PR,Boleto
134,2025-01-10,107,Mouse Sem Fio,Informática,3,79.90,239.70,Curitiba,PR,Pix
135,2025-01-10,101,Fone Bluetooth,Celulares e Acessórios,5,189.90,949.50,Niterói,RJ,Pix
136,2025-01-10,117,Mesa de Jantar 6 Cadeiras,Móveis,2,1804.05,3608.10,Belo Horizonte,MG,Cartão Débito
137,2025-01-10,116,Máquina de Lavar 12kg,Eletrodomésticos,2,2089.05,4178.10,São Paulo,SP,Cartão Débito
138,2025-01-10,120,Smartphone 128GB,Celulares e Acessórios,2,1799.00,3598.00,Campinas,SP,Pix
139,2025-01-11,112,Sofá 3 Lugares,Móveis,2,2399.00,4798.00,Salvador,BA,Cartão Crédito
140,2025-01-11,106,Console de Videogame,Games,2,2999.00,5998.00,Niterói,RJ,Cartão Crédito
141,2025-01-11,103,Cadeira de Escritório,Móveis,2,699.90,1399.80,Uberlândia,MG,Cartão Crédito
142,2025-01-11,106,Mesa de Jantar 6 Cadeiras,Móveis,2,1899.00,3798.00,Feira de Santana,BA,Boleto
143,2025-01-11,106,Geladeira Frost Free 400L,Eletrodomésticos,1,3499.00,3499.00,Recife,PE,Pix
144,2025-01-11,120,Bicicleta Aro 29,Esporte e Lazer,2,1619.10,3238.20,Campinas,SP,Cartão Débito
145,2025-01-11,120,Mouse Sem Fio,Informática,4,79.90,319.60,Uberlândia,MG,Cartão Crédito
146,2025-01-11,109,Esteira Elétrica,Esporte e Lazer,1,2899.00,2899.00,Salvador,BA,Boleto
147,2025-01-11,117,Console de Videogame,Games,1,2999.00,2999.00,Belo Horizonte,MG,Cartão Crédito
148,2025-01-11,119,Console de Videogame,Games,2,2999.00,5998.00,Uberlândia,MG,Pix
149,2025-01-11,112,Monitor Full HD 24pol,Informática,1,854.90,854.90,Curitiba,PR,Cartão Débito
150,2025-01-11,109,Sofá 3 Lugares,Móveis,2,2399.00,4798.00,Salvador,BA,Pix
151,2025-01-11,107,Máquina de Lavar 12kg,Eletrodomésticos,2,2199.00,4398.00,Goiânia,GO,Boleto
152,2025-01-11,115,Carregador Turbo USB-C,Celulares e Acessórios,1,89.90,89.90,São Paulo,SP,Cartão Débito
153,2025-01-12,110,Geladeira Frost Free 400L,Eletrodomésticos,1,3499.00,3499.00,Porto Alegre,RS,Cartão Débito
154,2025-01-12,120,Mouse Sem Fio,Informática,6,75.90,455.40,Rio de Janeiro,RJ,Cartão Crédito
155,2025-01-12,113,Teclado Mecânico,Informática,4,260.91,1043.64,Rio de Janeiro,RJ,Cartão Crédito
156,2025-01-12,108,Jogo de Aventura,Games,4,249.90,999.60,Fortaleza,CE,Cartão Débito
157,2025-01-12,101,Monitor Full HD 24pol,Informática,2,899.90,1799.80,Uberlândia,MG,Boleto
158,2025-01-12,103,Notebook Core i5,Informática,1,3299.90,3299.90,Belo Horizonte,MG,Cartão Débito
159,2025-01-12,105,Máquina de Lavar 12kg,Eletrodomésticos,2,2199.00,4398.00,Vitória da Conquista,BA,Cartão Crédito
160,2025-01-12,115,Jogo de Aventura,Games,4,249.90,999.60,Fortaleza,CE,Pix
161,2025-01-12,101,Cadeira de Escritório,Móveis,1,699.90,699.90,Niterói,RJ,Cartão Débito
162,2025-01-12,116,Jogo de Aventura,Games,5,249.90,1249.50,Fortaleza,CE,Boleto
163,2025-01-12,116,Sofá 3 Lugares,Móveis,1,2399.00,2399.00,São Paulo,SP,Pix
164,2025-01-12,105,Smartphone 128GB,Celulares e Acessórios,1,1799.00,1799.00,Porto Alegre,RS,Boleto
165,2025-01-12,103,Notebook Core i5,Informática,1,3299.90,3299.90,Brasília,DF,Cartão Crédito
166,2025-01-12,110,Console de Videogame,Games,2,2999.00,5998.00,Porto Alegre,RS,Pix
167,2025-01-12,103,Jogo de Aventura,Games,3,249.90,749.70,Curitiba,PR,Cartão Crédito
168,2025-01-12,101,Micro-ondas 30L,Eletrodomésticos,1,649.90,649.90,Goiânia,GO,Pix
169,2025-01-12,104,Micro-ondas 30L,Eletrodomésticos,3,584.91,1754.73,Feira de Santana,BA,Pix
170,2025-01-12,108,Console de Videogame,Games,2,2999.00,5998.00,Curitiba,PR,Boleto
171,2025-01-12,112,Teclado Mecânico,Informática,4,275.40,1101.60,Belo Horizonte,MG,Cartão Débito
172,2025-01-12,120,Mesa de Jantar 6 Cadeiras,Móveis,2,1899.00,3798.00,Feira de Santana,BA,Pix
173,2025-01-12,107,Controle Sem Fio,Games,4,349.90,1399.60,Porto Alegre,RS,Pix
174,2025-01-12,103,Mouse Sem Fio,Informática,3,79.90,239.70,Campinas,SP,Cartão Crédito
175,2025-01-13,113,Airfryer 5L,Eletrodomésticos,3,429.90,1289.70,Fortaleza,CE,Pix
176,2025-01-13,117,Mouse Sem Fio,Informática,5,79.90,399.50,Campinas,SP,Cartão Débito
177,2025-01-13,101,Geladeira Frost Free 400L,Eletrodomésticos,1,3499.00,3499.00,Feira de Santana,BA,Pix
178,2025-01-13,101,Console de Videogame,Games,2,2549.15,5098.30,Rio de Janeiro,RJ,Cartão Crédito
179,2025-01-13,117,Monitor Full HD 24pol,Informática,1,899.90,899.90,Fortaleza,CE,Cartão Débito
180,2025-01-13,108,Fone Bluetooth,Celulares e Acessórios,4,189.90,759.60,Uberlândia,MG,Pix
181,2025-01-13,116,Airfryer 5L,Eletrodomésticos,1,429.90,429.90,Rio de Janeiro,RJ,Cartão Crédito
182,2025-01-13,105,Bicicleta Aro 29,Esporte e Lazer,1,1799.00,1799.00,São Paulo,SP,Cartão Crédito
183,2025-01-13,115,Jogo de Aventura,Games,1,224.91,224.91,Curitiba,PR,Pix
184,2025-01-13,119,Cadeira de Escritório,Móveis,2,699.90,1399.80,Uberlândia,MG,Cartão Crédito
185,2025-01-13,120,Carregador Turbo USB-C,Celulares e Acessórios,4,85.40,341.60,Salvador,BA,Cartão Crédito
186,2025-01-13,103,Mouse Sem Fio,Informática,1,75.90,75.90,Brasília,DF,Pix
187,2025-01-13,115,Cadeira de Escritório,Móveis,2,664.90,1329.80,Curitiba,PR,Cartão Débito
188,2025-01-13,110,Mouse Sem Fio,Informática,2,75.90,151.80,Feira de Santana,BA,Boleto
189,2025-01-13,108,Sofá 3 Lugares,Móveis,1,2399.00,2399.00,Brasília,DF,Cartão Crédito
190,2025-01-13,106,Notebook Core i5,Informática,1,3299.90,3299.90,São Paulo,SP,Cartão Débito
191,2025-01-13,120,Carregador Turbo USB-C,Celulares e Acessórios,1,85.40,85.40,Porto Alegre,RS,Boleto
192,2025-01-13,104,Esteira Elétrica,Esporte e Lazer,1,2899.00,2899.00,Recife,PE,Cartão Débito
193,2025-01-13,112,Cadeira de Escritório,Móveis,3,699.90,2099.70,Goiânia,GO,Pix
194,2025-01-13,107,Notebook Core i5,Informática,1,3299.90,3299.90,Brasília,DF,Cartão Débito
195,2025-01-13,113,Monitor Full HD 24pol,Informática,1,899.90,899.90,Recife,PE,Boleto
196,2025-01-13,119,Monitor Full HD 24pol,Informática,3,899.90,2699.70,Salvador,BA,Pix
197,2025-01-14,110,Sofá 3 Lugares,Móveis,1,2399.00,2399.00,Salvador,BA,Boleto
198,2025-01-14,116,Teclado Mecânico,Informática,2,289.90,579.80,Recife,PE,Cartão Crédito
199,2025-01-14,106,Jogo de Aventura,Games,4,249.90,999.60,Feira de Santana,BA,Cartão Crédito
200,2025-01-14,110,Jogo de Aventura,Games,2,249.90,499.80,Curitiba,PR,Pix
201,2025-01-14,119,Smartphone 128GB,Celulares e Acessórios,1,1799.00,1799.00,Belo Horizonte,MG,Cartão Crédito
202,2025-01-14,101,Esteira Elétrica,Esporte e Lazer,2,2899.00,5798.00,São Paulo,SP,Pix
203,2025-01-14,109,Micro-ondas 30L,Eletrodomésticos,3,649.90,1949.70,Rio de Janeiro,RJ,Cartão Débito
204,2025-01-14,107,Máquina de Lavar 12kg,Eletrodomésticos,2,2089.05,4178.10,Feira de Santana,BA,Cartão Débito
205,2025-01-14,119,Sofá 3 Lugares,Móveis,1,2159.10,2159.10,Curitiba,PR,Pix
206,2025-01-14,103,Bicicleta Aro 29,Esporte e Lazer,2,1799.00,3598.00,Porto Alegre,RS,Cartão Crédito
207,2025-01-14,119,Cadeira de Escritório,Móveis,3,699.90,2099.70,Recife,PE,Cartão Crédito
208,2025-01-14,110,Airfryer 5L,Eletrodomésticos,4,365.42,1461.68,São Paulo,SP,Cartão Crédito
209,2025-01-14,117,Geladeira Frost Free 400L,Eletrodomésticos,2,3324.05,6648.10,São Paulo,SP,Cartão Débito
210,2025-01-14,112,Bicicleta Aro 29,Esporte e Lazer,2,1799.00,3598.00,Brasília,DF,Boleto
211,2025-01-14,104,Carregador Turbo USB-C,Celulares e Acessórios,4,89.90,359.60,São Paulo,SP,Pix
212,2025-01-14,104,Mesa de Jantar 6 Cadeiras,Móveis,2,1899.00,3798.00,Porto Alegre,RS,Cartão Crédito
213,2025-01-14,116,Fone Bluetooth,Celulares e Acessórios,3,199.90,599.70,Niterói,RJ,Boleto
214,2025-01-14,117,Fone Bluetooth,Celulares e Acessórios,5,199.90,999.50,São Paulo,SP,Cartão Crédito
215,2025-01-15,117,Monitor Full HD 24pol,Informática,3,899.90,2699.70,Belo Horizonte,MG,Pix
216,2025-01-15,112,Monitor Full HD 24pol,Informática,2,764.92,1529.84,Fortaleza,CE,Cartão Débito
217,2025-01-15,109,Carregador Turbo USB-C,Celulares e Acessórios,3,89.90,269.70,Vitória da Conquista,BA,Cartão Débito
218,2025-01-15,113,Cadeira de Escritório,Móveis,3,699.90,2099.70,Rio de Janeiro,RJ,Cartão Crédito
219,2025-01-15,119,Jogo de Aventura,Games,5,249.90,1249.50,Recife,PE,Pix
220,2025-01-15,117,Monitor Full HD 24pol,Informática,3,899.90,2699.70,São Paulo,SP,Cartão Crédito
221,2025-01-15,110,Carregador Turbo USB-C,Celulares e Acessórios,1,85.40,85.40,Vitória da Conquista,BA,Boleto
222,2025-01-15,112,Fone Bluetooth,Celulares e Acessórios,2,199.90,399.80,Salvador,BA,Pix
223,2025-01-15,116,Cadeira de Escritório,Móveis,2,699.90,1399.80,São Paulo,SP,Cartão Débito
224,2025-01-15,117,Kit Halteres 20kg,Esporte e Lazer,4,259.90,1039.60,Salvador,BA,Cartão Crédito
225,2025-01-15,120,Sofá 3 Lugares,Móveis,2,2159.10,4318.20,Uberlândia,MG,Boleto
226,2025-01-15,120,Jogo de Aventura,Games,3,249.90,749.70,Fortaleza,CE,Cartão Crédito
227,2025-01-15,110,Controle Sem Fio,Games,1,349.90,349.90,Santos,SP,Boleto
228,2025-01-15,113,Smartphone 128GB,Celulares e Acessórios,3,1799.00,5397.00,Feira de Santana,BA,Cartão Crédito
229,2025-01-15,101,Controle Sem Fio,Games,1,349.90,349.90,Campinas,SP,Cartão Crédito
230,2025-01-15,112,Mouse Sem Fio,Informática,4,79.90,319.60,Uberlândia,MG,Cartão Débito
231,2025-01-15,109,Carregador Turbo USB-C,Celulares e Acessórios,5,80.91,404.55,Uberlândia,MG,Pix
232,2025-01-15,101,Geladeira Frost Free 400L,Eletrodomésticos,1,3499.00,3499.00,Fortaleza,CE,Pix
233,2025-01-15,105,Geladeira Frost Free 400L,Eletrodomésticos,2,3499.00,6998.00,Vitória da Conquista,BA,Cartão Débito
234,2025-01-16,115,Bicicleta Aro 29,Esporte e Lazer,1,1799.00,1799.00,Uberlândia,MG,Pix
235,2025-01-16,110,Smartphone 128GB,Celulares e Acessórios,2,1799.00,3598.00,Rio de Janeiro,RJ,Cartão Crédito
236,2025-01-16,120,Geladeira Frost Free 400L,Eletrodomésticos,1,3149.10,3149.10,Vitória da Conquista,BA,Cartão Crédito
237,2025-01-16,115,Jogo de Aventura,Games,2,249.90,499.80,Salvador,BA,Cartão Crédito
238,2025-01-16,105,Teclado Mecânico,Informática,4,289.90,1159.60,Belo Horizonte,MG,Cartão Débito
239,2025-01-16,104,Smartphone 128GB,Celulares e Acessórios,2,1619.10,3238.20,Uberlândia,MG,Boleto
240,2025-01-16,112,Micro-ondas 30L,Eletrodomésticos,1,649.90,649.90,Brasília,DF,Pix
241,2025-01-16,120,Monitor Full HD 24pol,Informática,3,899.90,2699.70,Santos,SP,Cartão Crédito
242,2025-01-16,115,Controle Sem Fio,Games,4,349.90,1399.60,Santos,SP,Cartão Crédito
243,2025-01-16,110,Fone Bluetooth,Celulares e Acessórios,4,199.90,799.60,Curitiba,PR,Cartão Débito
244,2025-01-16,117,Micro-ondas 30L,Eletrodomésticos,3,649.90,1949.70,Rio de Janeiro,RJ,Pix
245,2025-01-17,116,Mesa de Jantar 6 Cadeiras,Móveis,1,1899.00,1899.00,Santos,SP,Boleto
246,2025-01-17,108,Controle Sem Fio,Games,2,349.90,699.80,Salvador,BA,Pix
247,2025-01-17,110,Smartphone 128GB,Celulares e Acessórios,2,1799.00,3598.00,Rio de Janeiro,RJ,Pix
248,2025-01-17,101,Jogo de Aventura,Games,1,249.90,249.90,Porto Alegre,RS,Pix
249,2025-01-17,120,Mesa de Jantar 6 Cadeiras,Móveis,2,1899.00,3798.00,Porto Alegre,RS,Cartão Crédito
250,2025-01-17,116,Carregador Turbo USB-C,Celulares e Acessórios,3,89.90,269.70,Niterói,RJ,Cartão Débito
251,2025-01-17,113,Console de Videogame,Games,1,2999.00,2999.00,Belo Horizonte,MG,Cartão Crédito
252,2025-01-17,107,Jogo de Aventura,Games,1,237.40,237.40,Belo Horizonte,MG,Boleto
253,2025-01-17,105,Máquina de Lavar 12kg,Eletrodomésticos,2,2199.00,4398.00,Brasília,DF,Boleto
254,2025-01-17,112,Sofá 3 Lugares,Móveis,1,2399.00,2399.00,Santos,SP,Cartão Crédito
255,2025-01-17,110,Mesa de Jantar 6 Cadeiras,Móveis,2,1899.00,3798.00,Salvador,BA,Pix
256,2025-01-17,110,Controle Sem Fio,Games,2,332.40,664.80,São Paulo,SP,Cartão Crédito
257,2025-01-17,109,Sofá 3 Lugares,Móveis,1,2399.00,2399.00,São Paulo,SP,Cartão Crédito
258,2025-01-17,109,Mesa de Jantar 6 Cadeiras,Móveis,1,1804.05,1804.05,Rio de Janeiro,RJ,Pix
259,2025-01-17,112,Smartphone 128GB,Celulares e Acessórios,1,1799.00,1799.00,Curitiba,PR,Cartão Crédito
260,2025-01-17,104,Mouse Sem Fio,Informática,3,79.90,239.70,Belo Horizonte,MG,Pix
261,2025-01-17,105,Fone Bluetooth,Celulares e Acessórios,4,179.91,719.64,Belo Horizonte,MG,Cartão Débito
262,2025-01-18,104,Controle Sem Fio,Games,3,349.90,1049.70,Recife,PE,Cartão Crédito
263,2025-01-18,113,Teclado Mecânico,Informática,1,289.90,289.90,Recife,PE,Cartão Débito
264,2025-01-18,108,Monitor Full HD 24pol,Informática,3,899.90,2699.70,São Paulo,SP,Cartão Débito
265,2025-01-18,109,Monitor Full HD 24pol,Informática,1,899.90,899.90,Rio de Janeiro,RJ,Pix
266,2025-01-18,115,Fone Bluetooth,Celulares e Acessórios,2,189.90,379.80,Rio de Janeiro,RJ,Boleto
267,2025-01-18,110,Carregador Turbo USB-C,Celulares e Acessórios,6,89.90,539.40,Recife,PE,Cartão Débito
268,2025-01-18,106,Kit Halteres 20kg,Esporte e Lazer,3,233.91,701.73,Curitiba,PR,Cartão Crédito
269,2025-01-18,113,Carregador Turbo USB-C,Celulares e Acessórios,4,89.90,359.60,Curitiba,PR,Cartão Débito
270,2025-01-19,115,Mesa de Jantar 6 Cadeiras,Móveis,2,1899.00,3798.00,Belo Horizonte,MG,Cartão Crédito
271,2025-01-19,105,Cadeira de Escritório,Móveis,1,664.90,664.90,Rio de Janeiro,RJ,Cartão Crédito
272,2025-01-19,115,Micro-ondas 30L,Eletrodomésticos,2,649.90,1299.80,Rio de Janeiro,RJ,Boleto
273,2025-01-19,107,Monitor Full HD 24pol,Informática,1,899.90,899.90,Rio de Janeiro,RJ,Pix
274,2025-01-19,101,Cadeira de Escritório,Móveis,2,699.90,1399.80,São Paulo,SP,Pix
275,2025-01-19,113,Sofá 3 Lugares,Móveis,1,2399.00,2399.00,Feira de Santana,BA,Cartão Crédito
276,2025-01-19,105,Kit Halteres 20kg,Esporte e Lazer,4,259.90,1039.60,Salvador,BA,Cartão Crédito
277,2025-01-19,110,Notebook Core i5,Informática,2,3299.90,6599.80,Salvador,BA,Boleto
278,2025-01-19,108,Fone Bluetooth,Celulares e Acessórios,4,199.90,799.60,Vitória da Conquista,BA,Cartão Crédito
279,2025-01-19,110,Micro-ondas 30L,Eletrodomésticos,1,649.90,649.90,Goiânia,GO,Cartão Crédito
280,2025-01-19,110,Smartphone 128GB,Celulares e Acessórios,2,1709.05,3418.10,Vitória da Conquista,BA,Pix
281,2025-01-19,103,Controle Sem Fio,Games,4,349.90,1399.60,Curitiba,PR,Boleto
282,2025-01-19,109,Airfryer 5L,Eletrodomésticos,3,386.91,1160.73,Niterói,RJ,Cartão Crédito
283,2025-01-19,101,Esteira Elétrica,Esporte e Lazer,1,2899.00,2899.00,Curitiba,PR,Cartão Crédito
284,2025-01-19,109,Sofá 3 Lugares,Móveis,2,2279.05,4558.10,Santos,SP,Pix
285,2025-01-20,106,Cadeira de Escritório,Móveis,4,699.90,2799.60,Fortaleza,CE,Boleto
286,2025-01-20,106,Sofá 3 Lugares,Móveis,2,2399.00,4798.00,Belo Horizonte,MG,Pix
287,2025-01-20,104,Geladeira Frost Free 400L,Eletrodomésticos,1,3499.00,3499.00,Santos,SP,Pix
288,2025-01-20,120,Kit Halteres 20kg,Esporte e Lazer,2,233.91,467.82,Brasília,DF,Cartão Crédito
289,2025-01-20,110,Esteira Elétrica,Esporte e Lazer,1,2899.00,2899.00,Belo Horizonte,MG,Pix
290,2025-01-20,110,Carregador Turbo USB-C,Celulares e Acessórios,4,89.90,359.60,Brasília,DF,Cartão Crédito
291,2025-01-20,103,Sofá 3 Lugares,Móveis,1,2399.00,2399.00,São Paulo,SP,Cartão Débito
292,2025-01-20,110,Kit Halteres 20kg,Esporte e Lazer,3,233.91,701.73,Salvador,BA,Boleto
293,2025-01-20,101,Mouse Sem Fio,Informática,2,79.90,159.80,Curitiba,PR,Cartão Crédito
294,2025-01-20,119,Fone Bluetooth,Celulares e Acessórios,1,199.90,199.90,Fortaleza,CE,Cartão Débito
295,2025-01-20,115,Mouse Sem Fio,Informática,5,79.90,399.50,Santos,SP,Boleto
296,2025-01-20,113,Airfryer 5L,Eletrodomésticos,1,429.90,429.90,Belo Horizonte,MG,Cartão Débito
297,2025-01-20,103,Carregador Turbo USB-C,Celulares e Acessórios,1,89.90,89.90,Niterói,RJ,Cartão Débito
298,2025-01-20,115,Smartphone 128GB,Celulares e Acessórios,3,1709.05,5127.15,Belo Horizonte,MG,Pix
299,2025-01-20,108,Teclado Mecânico,Informática,3,275.40,826.20,Recife,PE,Cartão Crédito
300,2025-01-20,119,Smartphone 128GB,Celulares e Acessórios,3,1799.00,5397.00,Porto Alegre,RS,Cartão Crédito
301,2025-01-20,115,Kit Halteres 20kg,Esporte e Lazer,4,259.90,1039.60,Salvador,BA,Cartão Crédito
302,2025-01-21,120,Notebook Core i5,Informática,1,2969.91,2969.91,Fortaleza,CE,Cartão Débito
303,2025-01-21,116,Esteira Elétrica,Esporte e Lazer,1,2754.05,2754.05,São Paulo,SP,Cartão Débito
304,2025-01-21,109,Geladeira Frost Free 400L,Eletrodomésticos,1,3499.00,3499.00,Recife,PE,Cartão Crédito
305,2025-01-21,101,Teclado Mecânico,Informática,1,289.90,289.90,Rio de Janeiro,RJ,Pix
306,2025-01-21,112,Cadeira de Escritório,Móveis,4,664.90,2659.60,Campinas,SP,Cartão Crédito
307,2025-01-21,106,Kit Halteres 20kg,Esporte e Lazer,1,220.92,220.92,Campinas,SP,Pix
308,2025-01-21,112,Controle Sem Fio,Games,4,349.90,1399.60,Recife,PE,Boleto
309,2025-01-21,110,Sofá 3 Lugares,Móveis,2,2399.00,4798.00,Rio de Janeiro,RJ,Cartão Débito
310,2025-01-21,105,Teclado Mecânico,Informática,1,246.42,246.42,Campinas,SP,Cartão Crédito
311,2025-01-21,101,Controle Sem Fio,Games,4,349.90,1399.60,Santos,SP,Cartão Crédito
312,2025-01-21,103,Mesa de Jantar 6 Cadeiras,Móveis,1,1614.15,1614.15,Vitória da Conquista,BA,Cartão Crédito
313,2025-01-21,104,Console de Videogame,Games,2,2999.00,5998.00,Uberlândia,MG,Cartão Crédito
314,2025-01-21,113,Mouse Sem Fio,Informática,2,79.90,159.80,Fortaleza,CE,Pix
315,2025-01-21,101,Console de Videogame,Games,2,2849.05,5698.10,Brasília,DF,Cartão Débito
316,2025-01-21,110,Monitor Full HD 24pol,Informática,1,899.90,899.90,Brasília,DF,Cartão Crédito
317,2025-01-21,106,Sofá 3 Lugares,Móveis,1,2399.00,2399.00,Porto Alegre,RS,Cartão Crédito
318,2025-01-21,108,Mesa de Jantar 6 Cadeiras,Móveis,2,1709.10,3418.20,Vitória da Conquista,BA,Cartão Crédito
319,2025-01-21,101,Máquina de Lavar 12kg,Eletrodomésticos,2,2089.05,4178.10,Porto Alegre,RS,Cartão Débito
320,2025-01-22,119,Cadeira de Escritório,Móveis,1,664.90,664.90,Goiânia,GO,Cartão Crédito
321,2025-01-22,119,Mesa de Jantar 6 Cadeiras,Móveis,2,1899.00,3798.00,Vitória da Conquista,BA,Cartão Débito
322,2025-01-22,104,Carregador Turbo USB-C,Celulares e Acessórios,4,89.90,359.60,Fortaleza,CE,Pix
323,2025-01-22,106,Máquina de Lavar 12kg,Eletrodomésticos,1,2089.05,2089.05,Curitiba,PR,Boleto
324,2025-01-22,104,Controle Sem Fio,Games,1,349.90,349.90,Campinas,SP,Pix
325,2025-01-22,105,Jogo de Aventura,Games,3,249.90,749.70,São Paulo,SP,Pix
326,2025-01-22,108,Micro-ondas 30L,Eletrodomésticos,2,649.90,1299.80,Campinas,SP,Boleto
327,2025-01-22,119,Esteira Elétrica,Esporte e Lazer,2,2899.00,5798.00,Porto Alegre,RS,Cartão Débito
328,2025-01-22,117,Airfryer 5L,Eletrodomésticos,3,429.90,1289.70,Campinas,SP,Cartão Débito
329,2025-01-22,108,Notebook Core i5,Informática,1,3299.90,3299.90,Belo Horizonte,MG,Boleto
330,2025-01-22,113,Sofá 3 Lugares,Móveis,2,2399.00,4798.00,Vitória da Conquista,BA,Pix
331,2025-01-22,116,Geladeira Frost Free 400L,Eletrodomésticos,2,3149.10,6298.20,Fortaleza,CE,Cartão Crédito
332,2025-01-23,113,Cadeira de Escritório,Móveis,3,629.91,1889.73,Brasília,DF,Cartão Débito
333,2025-01-23,116,Teclado Mecânico,Informática,3,275.40,826.20,Vitória da Conquista,BA,Pix
334,2025-01-23,103,Máquina de Lavar 12kg,Eletrodomésticos,1,2199.00,2199.00,Rio de Janeiro,RJ,Cartão Débito
335,2025-01-23,104,Micro-ondas 30L,Eletrodomésticos,3,649.90,1949.70,Recife,PE,Pix
336,2025-01-23,105,Bicicleta Aro 29,Esporte e Lazer,2,1799.00,3598.00,Belo Horizonte,MG,Pix
337,2025-01-23,103,Geladeira Frost Free 400L,Eletrodomésticos,1,3499.00,3499.00,Vitória da Conquista,BA,Cartão Crédito
338,2025-01-23,119,Micro-ondas 30L,Eletrodomésticos,2,649.90,1299.80,Goiânia,GO,Cartão Crédito
339,2025-01-23,103,Kit Halteres 20kg,Esporte e Lazer,2,259.90,519.80,Rio de Janeiro,RJ,Cartão Crédito
340,2025-01-23,120,Sofá 3 Lugares,Móveis,1,2399.00,2399.00,Fortaleza,CE,Cartão Crédito
341,2025-01-23,110,Console de Videogame,Games,1,2999.00,2999.00,Goiânia,GO,Cartão Crédito
342,2025-01-23,112,Smartphone 128GB,Celulares e Acessórios,2,1529.15,3058.30,Curitiba,PR,Cartão Crédito
343,2025-01-23,112,Geladeira Frost Free 400L,Eletrodomésticos,2,3499.00,6998.00,São Paulo,SP,Cartão Crédito
344,2025-01-23,116,Sofá 3 Lugares,Móveis,1,2399.00,2399.00,Vitória da Conquista,BA,Pix
345,2025-01-23,115,Controle Sem Fio,Games,3,349.90,1049.70,Goiânia,GO,Boleto
346,2025-01-24,101,Mouse Sem Fio,Informática,4,79.90,319.60,São Paulo,SP,Cartão Crédito
347,2025-01-24,109,Mouse Sem Fio,Informática,4,79.90,319.60,Niterói,RJ,Cartão Crédito
348,2025-01-24,109,Carregador Turbo USB-C,Celulares e Acessórios,1,89.90,89.90,Goiânia,GO,Pix
349,2025-01-24,109,Airfryer 5L,Eletrodomésticos,1,429.90,429.90,Brasília,DF,Cartão Crédito
350,2025-01-24,103,Carregador Turbo USB-C,Celulares e Acessórios,3,89.90,269.70,Fortaleza,CE,Cartão Crédito
351,2025-01-24,120,Esteira Elétrica,Esporte e Lazer,1,2899.00,2899.00,Campinas,SP,Cartão Débito
352,2025-01-24,101,Mesa de Jantar 6 Cadeiras,Móveis,1,1899.00,1899.00,Curitiba,PR,Pix
353,2025-01-24,116,Teclado Mecânico,Informática,2,289.90,579.80,Uberlândia,MG,Pix
354,2025-01-24,112,Jogo de Aventura,Games,1,249.90,249.90,Santos,SP,Boleto
355,2025-01-24,108,Console de Videogame,Games,1,2699.10,2699.10,Santos,SP,Cartão Débito
356,2025-01-24,115,Máquina de Lavar 12kg,Eletrodomésticos,2,2199.00,4398.00,Rio de Janeiro,RJ,Boleto
357,2025-01-24,106,Teclado Mecânico,Informática,2,289.90,579.80,Uberlândia,MG,Cartão Crédito
358,2025-01-24,105,Mesa de Jantar 6 Cadeiras,Móveis,2,1899.00,3798.00,Goiânia,GO,Pix
359,2025-01-24,120,Carregador Turbo USB-C,Celulares e Acessórios,2,85.40,170.80,São Paulo,SP,Cartão Débito
360,2025-01-24,117,Console de Videogame,Games,2,2999.00,5998.00,Rio de Janeiro,RJ,Cartão Crédito
361,2025-01-24,106,Sofá 3 Lugares,Móveis,2,2039.15,4078.30,Porto Alegre,RS,Cartão Crédito
362,2025-01-24,110,Mesa de Jantar 6 Cadeiras,Móveis,2,1614.15,3228.30,Campinas,SP,Pix
363,2025-01-24,120,Airfryer 5L,Eletrodomésticos,4,429.90,1719.60,Fortaleza,CE,Cartão Débito
364,2025-01-24,110,Cadeira de Escritório,Móveis,4,699.90,2799.60,Belo Horizonte,MG,Pix
365,2025-01-24,116,Jogo de Aventura,Games,5,249.90,1249.50,Fortaleza,CE,Pix
366,2025-01-24,115,Notebook Core i5,Informática,2,3134.90,6269.80,Santos,SP,Pix
367,2025-01-25,119,Cadeira de Escritório,Móveis,3,664.90,1994.70,Niterói,RJ,Boleto
368,2025-01-25,107,Micro-ondas 30L,Eletrodomésticos,1,649.90,649.90,Salvador,BA,Pix
369,2025-01-25,108,Kit Halteres 20kg,Esporte e Lazer,3,259.90,779.70,Salvador,BA,Cartão Crédito
370,2025-01-25,117,Mouse Sem Fio,Informática,4,79.90,319.60,Vitória da Conquista,BA,Pix
371,2025-01-25,107,Sofá 3 Lugares,Móveis,1,2279.05,2279.05,Rio de Janeiro,RJ,Cartão Débito
372,2025-01-25,117,Fone Bluetooth,Celulares e Acessórios,2,199.90,399.80,Curitiba,PR,Pix
373,2025-01-25,103,Cadeira de Escritório,Móveis,4,699.90,2799.60,Belo Horizonte,MG,Pix
374,2025-01-25,120,Teclado Mecânico,Informática,1,289.90,289.90,Rio de Janeiro,RJ,Cartão Débito
375,2025-01-25,105,Mouse Sem Fio,Informática,6,79.90,479.40,Uberlândia,MG,Cartão Crédito
376,2025-01-25,105,Airfryer 5L,Eletrodomésticos,2,408.40,816.80,Santos,SP,Pix
377,2025-01-25,120,Smartphone 128GB,Celulares e Acessórios,1,1799.00,1799.00,Curitiba,PR,Pix
378,2025-01-25,116,Geladeira Frost Free 400L,Eletrodomésticos,2,3499.00,6998.00,Rio de Janeiro,RJ,Cartão Débito
379,2025-01-26,104,Bicicleta Aro 29,Esporte e Lazer,1,1709.05,1709.05,Porto Alegre,RS,Cartão Crédito
380,2025-01-26,105,Teclado Mecânico,Informática,1,275.40,275.40,Vitória da Conquista,BA,Cartão Crédito
381,2025-01-26,101,Máquina de Lavar 12kg,Eletrodomésticos,1,2199.00,2199.00,Recife,PE,Cartão Débito
382,2025-01-26,116,Carregador Turbo USB-C,Celulares e Acessórios,3,89.90,269.70,São Paulo,SP,Pix
383,2025-01-26,115,Máquina de Lavar 12kg,Eletrodomésticos,1,2199.00,2199.00,Campinas,SP,Pix
384,2025-01-26,109,Mouse Sem Fio,Informática,2,71.91,143.82,Curitiba,PR,Cartão Crédito
385,2025-01-26,105,Controle Sem Fio,Games,1,349.90,349.90,Salvador,BA,Cartão Crédito
386,2025-01-26,109,Sofá 3 Lugares,Móveis,2,2399.00,4798.00,Recife,PE,Boleto
387,2025-01-26,109,Mouse Sem Fio,Informática,3,79.90,239.70,Salvador,BA,Cartão Débito
388,2025-01-26,112,Notebook Core i5,Informática,2,2804.92,5609.84,Belo Horizonte,MG,Cartão Crédito
389,2025-01-26,103,Cadeira de Escritório,Móveis,4,699.90,2799.60,Feira de Santana,BA,Pix
390,2025-01-26,115,Jogo de Aventura,Games,2,249.90,499.80,Niterói,RJ,Cartão Crédito
391,2025-01-26,106,Carregador Turbo USB-C,Celulares e Acessórios,6,80.91,485.46,Brasília,DF,Pix
392,2025-01-27,116,Cadeira de Escritório,Móveis,4,699.90,2799.60,Fortaleza,CE,Pix
393,2025-01-27,116,Fone Bluetooth,Celulares e Acessórios,1,179.91,179.91,Uberlândia,MG,Boleto
394,2025-01-27,113,Kit Halteres 20kg,Esporte e Lazer,4,259.90,1039.60,Brasília,DF,Boleto
395,2025-01-27,101,Kit Halteres 20kg,Esporte e Lazer,1,259.90,259.90,Belo Horizonte,MG,Pix
396,2025-01-27,103,Smartphone 128GB,Celulares e Acessórios,2,1709.05,3418.10,Recife,PE,Pix
397,2025-01-27,109,Bicicleta Aro 29,Esporte e Lazer,1,1799.00,1799.00,São Paulo,SP,Boleto
398,2025-01-27,110,Fone Bluetooth,Celulares e Acessórios,1,199.90,199.90,Uberlândia,MG,Boleto
399,2025-01-27,116,Airfryer 5L,Eletrodomésticos,1,386.91,386.91,Vitória da Conquista,BA,Cartão Crédito
400,2025-01-27,115,Máquina de Lavar 12kg,Eletrodomésticos,1,2199.00,2199.00,Salvador,BA,Pix
401,2025-01-27,112,Carregador Turbo USB-C,Celulares e Acessórios,5,89.90,449.50,Rio de Janeiro,RJ,Pix
402,2025-01-27,112,Console de Videogame,Games,2,2999.00,5998.00,Vitória da Conquista,BA,Cartão Débito
403,2025-01-27,103,Esteira Elétrica,Esporte e Lazer,2,2899.00,5798.00,São Paulo,SP,Cartão Crédito
404,2025-01-27,104,Kit Halteres 20kg,Esporte e Lazer,4,233.91,935.64,Santos,SP,Cartão Débito
405,2025-01-27,115,Mouse Sem Fio,Informática,3,79.90,239.70,Brasília,DF,Pix
406,2025-01-27,104,Jogo de Aventura,Games,2,249.90,499.80,Porto Alegre,RS,Pix
407,2025-01-27,105,Console de Videogame,Games,1,2849.05,2849.05,São Paulo,SP,Cartão Crédito
408,2025-01-27,119,Cadeira de Escritório,Móveis,3,699.90,2099.70,Vitória da Conquista,BA,Cartão Débito
409,2025-01-28,104,Micro-ondas 30L,Eletrodomésticos,1,649.90,649.90,Feira de Santana,BA,Cartão Crédito
410,2025-01-28,109,Sofá 3 Lugares,Móveis,2,2399.00,4798.00,Rio de Janeiro,RJ,Pix
411,2025-01-28,113,Geladeira Frost Free 400L,Eletrodomésticos,2,3149.10,6298.20,Vitória da Conquista,BA,Cartão Crédito
412,2025-01-28,115,Sofá 3 Lugares,Móveis,2,2399.00,4798.00,Vitória da Conquista,BA,Cartão Débito
413,2025-01-28,110,Teclado Mecânico,Informática,4,289.90,1159.60,São Paulo,SP,Pix
414,2025-01-28,103,Fone Bluetooth,Celulares e Acessórios,5,199.90,999.50,Recife,PE,Pix
415,2025-01-28,105,Teclado Mecânico,Informática,2,289.90,579.80,Porto Alegre,RS,Boleto
416,2025-01-28,109,Airfryer 5L,Eletrodomésticos,1,429.90,429.90,Salvador,BA,Pix
417,2025-01-28,109,Sofá 3 Lugares,Móveis,2,2399.00,4798.00,Fortaleza,CE,Pix
418,2025-01-28,113,Controle Sem Fio,Games,3,332.40,997.20,Niterói,RJ,Pix
419,2025-01-28,107,Cadeira de Escritório,Móveis,3,699.90,2099.70,Campinas,SP,Cartão Débito
420,2025-01-28,104,Micro-ondas 30L,Eletrodomésticos,2,649.90,1299.80,Campinas,SP,Cartão Crédito
421,2025-01-28,116,Mesa de Jantar 6 Cadeiras,Móveis,1,1614.15,1614.15,Belo Horizonte,MG,Pix
422,2025-01-28,110,Fone Bluetooth,Celulares e Acessórios,2,199.90,399.80,Belo Horizonte,MG,Cartão Débito
423,2025-01-28,113,Console de Videogame,Games,2,2849.05,5698.10,Rio de Janeiro,RJ,Cartão Crédito
424,2025-01-28,119,Geladeira Frost Free 400L,Eletrodomésticos,2,3499.00,6998.00,Belo Horizonte,MG,Cartão Débito
425,2025-01-28,120,Sofá 3 Lugares,Móveis,1,2399.00,2399.00,Rio de Janeiro,RJ,Boleto
426,2025-01-28,103,Monitor Full HD 24pol,Informática,1,899.90,899.90,Recife,PE,Cartão Crédito
427,2025-01-28,120,Kit Halteres 20kg,Esporte e Lazer,2,259.90,519.80,São Paulo,SP,Cartão Débito
428,2025-01-28,103,Mesa de Jantar 6 Cadeiras,Móveis,1,1899.00,1899.00,São Paulo,SP,Cartão Crédito
429,2025-01-28,109,Controle Sem Fio,Games,4,349.90,1399.60,Rio de Janeiro,RJ,Cartão Crédito
430,2025-01-28,109,Airfryer 5L,Eletrodomésticos,3,429.90,1289.70,Belo Horizonte,MG,Cartão Crédito
431,2025-01-29,113,Cadeira de Escritório,Móveis,2,699.90,1399.80,Feira de Santana,BA,Boleto
432,2025-01-29,115,Esteira Elétrica,Esporte e Lazer,1,2899.00,2899.00,Feira de Santana,BA,Pix
433,2025-01-29,106,Smartphone 128GB,Celulares e Acessórios,2,1799.00,3598.00,Campinas,SP,Pix
434,2025-01-29,112,Teclado Mecânico,Informática,2,275.40,550.80,São Paulo,SP,Cartão Crédito
435,2025-01-29,115,Smartphone 128GB,Celulares e Acessórios,1,1799.00,1799.00,São Paulo,SP,Boleto
436,2025-01-29,117,Console de Videogame,Games,2,2999.00,5998.00,Goiânia,GO,Pix
437,2025-01-29,112,Sofá 3 Lugares,Móveis,1,2399.00,2399.00,Goiânia,GO,Cartão Crédito
438,2025-01-29,101,Sofá 3 Lugares,Móveis,1,2399.00,2399.00,Santos,SP,Cartão Débito
439,2025-01-29,104,Mesa de Jantar 6 Cadeiras,Móveis,2,1899.00,3798.00,São Paulo,SP,Cartão Débito
440,2025-01-29,107,Smartphone 128GB,Celulares e Acessórios,1,1799.00,1799.00,Brasília,DF,Cartão Crédito
441,2025-01-29,120,Geladeira Frost Free 400L,Eletrodomésticos,2,3499.00,6998.00,Belo Horizonte,MG,Cartão Crédito
442,2025-01-29,104,Monitor Full HD 24pol,Informática,1,899.90,899.90,Goiânia,GO,Cartão Débito
443,2025-01-29,103,Mouse Sem Fio,Informática,2,79.90,159.80,Porto Alegre,RS,Pix
444,2025-01-29,104,Mesa de Jantar 6 Cadeiras,Móveis,2,1899.00,3798.00,Salvador,BA,Cartão Débito
445,2025-01-29,103,Micro-ondas 30L,Eletrodomésticos,1,649.90,649.90,São Paulo,SP,Cartão Débito
446,2025-01-29,103,Teclado Mecânico,Informática,1,289.90,289.90,Rio de Janeiro,RJ,Boleto
447,2025-01-30,117,Máquina de Lavar 12kg,Eletrodomésticos,1,2199.00,2199.00,Salvador,BA,Boleto
448,2025-01-30,109,Monitor Full HD 24pol,Informática,2,899.90,1799.80,Curitiba,PR,Pix
449,2025-01-30,115,Sofá 3 Lugares,Móveis,2,2399.00,4798.00,Uberlândia,MG,Boleto
450,2025-01-30,103,Airfryer 5L,Eletrodomésticos,2,429.90,859.80,Rio de Janeiro,RJ,Pix
451,2025-01-30,107,Kit Halteres 20kg,Esporte e Lazer,4,259.90,1039.60,Curitiba,PR,Pix
452,2025-01-30,103,Mesa de Jantar 6 Cadeiras,Móveis,2,1899.00,3798.00,Campinas,SP,Boleto
453,2025-01-30,108,Monitor Full HD 24pol,Informática,1,854.90,854.90,Campinas,SP,Boleto
454,2025-01-30,119,Cadeira de Escritório,Móveis,3,699.90,2099.70,Santos,SP,Cartão Crédito
455,2025-01-30,119,Mouse Sem Fio,Informática,1,75.90,75.90,Salvador,BA,Boleto
456,2025-01-30,106,Máquina de Lavar 12kg,Eletrodomésticos,1,1979.10,1979.10,Recife,PE,Cartão Crédito
457,2025-01-30,112,Cadeira de Escritório,Móveis,4,699.90,2799.60,Santos,SP,Cartão Crédito
458,2025-01-30,113,Cadeira de Escritório,Móveis,3,699.90,2099.70,Niterói,RJ,Cartão Crédito
459,2025-01-30,107,Smartphone 128GB,Celulares e Acessórios,1,1619.10,1619.10,Rio de Janeiro,RJ,Cartão Débito
460,2025-01-30,106,Console de Videogame,Games,1,2999.00,2999.00,Curitiba,PR,Cartão Crédito
461,2025-01-30,113,Teclado Mecânico,Informática,1,289.90,289.90,Porto Alegre,RS,Cartão Crédito
462,2025-01-30,101,Smartphone 128GB,Celulares e Acessórios,2,1799.00,3598.00,Niterói,RJ,Cartão Débito
463,2025-01-30,103,Airfryer 5L,Eletrodomésticos,4,386.91,1547.64,Fortaleza,CE,Pix
464,2025-01-30,109,Fone Bluetooth,Celulares e Acessórios,4,189.90,759.60,São Paulo,SP,Cartão Débito
465,2025-01-30,109,Fone Bluetooth,Celulares e Acessórios,4,199.90,799.60,Porto Alegre,RS,Boleto
466,2025-01-30,105,Mesa de Jantar 6 Cadeiras,Móveis,1,1709.10,1709.10,Brasília,DF,Pix
467,2025-01-30,103,Cadeira de Escritório,Móveis,1,699.90,699.90,Feira de Santana,BA,Pix
468,2025-01-30,108,Mesa de Jantar 6 Cadeiras,Móveis,2,1899.00,3798.00,Belo Horizonte,MG,Boleto
469,2025-01-30,119,Cadeira de Escritório,Móveis,1,699.90,699.90,Recife,PE,Cartão Crédito
470,2025-01-30,101,Esteira Elétrica,Esporte e Lazer,2,2754.05,5508.10,Vitória da Conquista,BA,Cartão Débito
471,2025-01-30,119,Mesa de Jantar 6 Cadeiras,Móveis,2,1899.00,3798.00,Rio de Janeiro,RJ,Cartão Débito
472,2025-01-31,103,Carregador Turbo USB-C,Celulares e Acessórios,6,89.90,539.40,Brasília,DF,Cartão Crédito
473,2025-01-31,104,Mesa de Jantar 6 Cadeiras,Móveis,2,1899.00,3798.00,Salvador,BA,Boleto
474,2025-01-31,108,Teclado Mecânico,Informática,3,289.90,869.70,Brasília,DF,Pix
475,2025-01-31,106,Teclado Mecânico,Informática,3,289.90,869.70,Rio de Janeiro,RJ,Cartão Crédito
476,2025-01-31,107,Teclado Mecânico,Informática,1,289.90,289.90,Feira de Santana,BA,Cartão Débito
477,2025-01-31,105,Mesa de Jantar 6 Cadeiras,Móveis,2,1899.00,3798.00,Goiânia,GO,Boleto
478,2025-01-31,110,Airfryer 5L,Eletrodomésticos,4,386.91,1547.64,Niterói,RJ,Cartão Crédito
479,2025-01-31,106,Carregador Turbo USB-C,Celulares e Acessórios,5,80.91,404.55,Niterói,RJ,Cartão Débito
480,2025-01-31,106,Fone Bluetooth,Celulares e Acessórios,5,199.90,999.50,Uberlândia,MG,Cartão Débito
481,2025-01-31,106,Mesa de Jantar 6 Cadeiras,Móveis,2,1899.00,3798.00,Porto Alegre,RS,Boleto
482,2025-01-31,104,Geladeira Frost Free 400L,Eletrodomésticos,1,3324.05,3324.05,Brasília,DF,Cartão Crédito
483,2025-01-31,101,Bicicleta Aro 29,Esporte e Lazer,2,1799.00,3598.00,Fortaleza,CE,Pix
484,2025-01-31,103,Smartphone 128GB,Celulares e Acessórios,2,1799.00,3598.00,Recife,PE,Boleto
485,2025-01-31,120,Console de Videogame,Games,2,2999.00,5998.00,São Paulo,SP,Boleto
486,2025-01-31,101,Monitor Full HD 24pol,Informática,2,899.90,1799.80,Brasília,DF,Boleto
487,2025-01-31,105,Mouse Sem Fio,Informática,6,75.90,455.40,Brasília,DF,Pix
488,2025-02-01,110,Máquina de Lavar 12kg,Eletrodomésticos,1,2199.00,2199.00,Curitiba,PR,Cartão Crédito
489,2025-02-01,115,Máquina de Lavar 12kg,Eletrodomésticos,1,2089.05,2089.05,Goiânia,GO,Boleto
490,2025-02-01,101,Mouse Sem Fio,Informática,2,79.90,159.80,Brasília,DF,Pix
491,2025-02-01,107,Bicicleta Aro 29,Esporte e Lazer,2,1799.00,3598.00,Curitiba,PR,Pix
492,2025-02-01,103,Smartphone 128GB,Celulares e Acessórios,2,1799.00,3598.00,Brasília,DF,Boleto
493,2025-02-01,112,Airfryer 5L,Eletrodomésticos,2,429.90,859.80,Curitiba,PR,Cartão Crédito
494,2025-02-01,101,Teclado Mecânico,Informática,3,289.90,869.70,Salvador,BA,Cartão Crédito
495,2025-02-01,110,Mesa de Jantar 6 Cadeiras,Móveis,2,1899.00,3798.00,Belo Horizonte,MG,Cartão Crédito
496,2025-02-01,112,Bicicleta Aro 29,Esporte e Lazer,1,1799.00,1799.00,Campinas,SP,Cartão Crédito
497,2025-02-01,120,Mesa de Jantar 6 Cadeiras,Móveis,1,1899.00,1899.00,Brasília,DF,Cartão Crédito
498,2025-02-01,113,Máquina de Lavar 12kg,Eletrodomésticos,1,2089.05,2089.05,Salvador,BA,Cartão Crédito
499,2025-02-01,110,Cadeira de Escritório,Móveis,1,699.90,699.90,Brasília,DF,Pix
500,2025-02-01,110,Smartphone 128GB,Celulares e Acessórios,2,1619.10,3238.20,Campinas,SP,Cartão Débito
501,2025-02-01,116,Controle Sem Fio,Games,2,349.90,699.80,Curitiba,PR,Pix
502,2025-02-01,115,Console de Videogame,Games,1,2699.10,2699.10,Fortaleza,CE,Pix
503,2025-02-01,112,Geladeira Frost Free 400L,Eletrodomésticos,2,3324.05,6648.10,Porto Alegre,RS,Cartão Débito
504,2025-02-01,106,Cadeira de Escritório,Móveis,2,699.90,1399.80,Salvador,BA,Pix
505,2025-02-01,119,Mesa de Jantar 6 Cadeiras,Móveis,2,1614.15,3228.30,Salvador,BA,Cartão Débito
506,2025-02-01,110,Bicicleta Aro 29,Esporte e Lazer,1,1799.00,1799.00,Belo Horizonte,MG,Pix
507,2025-02-02,110,Kit Halteres 20kg,Esporte e Lazer,3,233.91,701.73,Belo Horizonte,MG,Cartão Crédito
508,2025-02-02,113,Mouse Sem Fio,Informática,1,79.90,79.90,Fortaleza,CE,Cartão Crédito
509,2025-02-02,105,Mesa de Jantar 6 Cadeiras,Móveis,2,1899.00,3798.00,Rio de Janeiro,RJ,Boleto
510,2025-02-02,110,Sofá 3 Lugares,Móveis,2,2399.00,4798.00,Fortaleza,CE,Pix
511,2025-02-02,117,Teclado Mecânico,Informática,4,289.90,1159.60,São Paulo,SP,Boleto
512,2025-02-02,115,Notebook Core i5,Informática,2,3134.90,6269.80,Vitória da Conquista,BA,Cartão Débito
513,2025-02-02,115,Airfryer 5L,Eletrodomésticos,3,429.90,1289.70,Goiânia,GO,Cartão Crédito
514,2025-02-02,112,Bicicleta Aro 29,Esporte e Lazer,1,1799.00,1799.00,Brasília,DF,Boleto
515,2025-02-02,115,Mouse Sem Fio,Informática,3,75.90,227.70,Campinas,SP,Cartão Crédito
516,2025-02-02,108,Monitor Full HD 24pol,Informática,2,899.90,1799.80,São Paulo,SP,Boleto
517,2025-02-02,110,Mouse Sem Fio,Informática,1,79.90,79.90,Recife,PE,Cartão Crédito
518,2025-02-02,101,Controle Sem Fio,Games,3,332.40,997.20,Rio de Janeiro,RJ,Cartão Crédito
519,2025-02-02,117,Sofá 3 Lugares,Móveis,2,2399.00,4798.00,Porto Alegre,RS,Cartão Crédito
520,2025-02-03,115,Smartphone 128GB,Celulares e Acessórios,2,1529.15,3058.30,Porto Alegre,RS,Boleto
521,2025-02-03,105,Micro-ondas 30L,Eletrodomésticos,3,617.40,1852.20,Uberlândia,MG,Cartão Crédito
522,2025-02-03,103,Console de Videogame,Games,1,2999.00,2999.00,Uberlândia,MG,Cartão Débito
523,2025-02-03,110,Fone Bluetooth,Celulares e Acessórios,5,189.90,949.50,Porto Alegre,RS,Pix
524,2025-02-03,101,Console de Videogame,Games,2,2549.15,5098.30,Brasília,DF,Cartão Crédito
525,2025-02-03,106,Fone Bluetooth,Celulares e Acessórios,3,199.90,599.70,Niterói,RJ,Cartão Crédito
526,2025-02-03,101,Máquina de Lavar 12kg,Eletrodomésticos,2,2199.00,4398.00,Belo Horizonte,MG,Cartão Crédito
527,2025-02-03,110,Geladeira Frost Free 400L,Eletrodomésticos,1,3499.00,3499.00,Niterói,RJ,Boleto
528,2025-02-03,107,Notebook Core i5,Informática,1,2804.92,2804.92,Belo Horizonte,MG,Boleto
529,2025-02-03,113,Jogo de Aventura,Games,1,249.90,249.90,Niterói,RJ,Boleto
530,2025-02-03,117,Cadeira de Escritório,Móveis,2,629.91,1259.82,Belo Horizonte,MG,Boleto
531,2025-02-03,101,Máquina de Lavar 12kg,Eletrodomésticos,2,2089.05,4178.10,Santos,SP,Cartão Débito
532,2025-02-03,115,Fone Bluetooth,Celulares e Acessórios,2,199.90,399.80,Salvador,BA,Cartão Débito
533,2025-02-03,107,Notebook Core i5,Informática,2,3299.90,6599.80,Fortaleza,CE,Pix
534,2025-02-03,120,Teclado Mecânico,Informática,1,289.90,289.90,Salvador,BA,Cartão Débito
535,2025-02-03,113,Airfryer 5L,Eletrodomésticos,3,429.90,1289.70,Belo Horizonte,MG,Boleto
536,2025-02-04,117,Geladeira Frost Free 400L,Eletrodomésticos,2,3324.05,6648.10,São Paulo,SP,Boleto
537,2025-02-04,106,Monitor Full HD 24pol,Informática,1,899.90,899.90,Goiânia,GO,Pix
538,2025-02-04,104,Console de Videogame,Games,1,2999.00,2999.00,Belo Horizonte,MG,Boleto
539,2025-02-04,108,Geladeira Frost Free 400L,Eletrodomésticos,1,2974.15,2974.15,Niterói,RJ,Cartão Débito
540,2025-02-04,104,Mouse Sem Fio,Informática,5,75.90,379.50,Fortaleza,CE,Cartão Crédito
541,2025-02-04,112,Esteira Elétrica,Esporte e Lazer,2,2899.00,5798.00,Vitória da Conquista,BA,Pix
542,2025-02-04,108,Cadeira de Escritório,Móveis,3,699.90,2099.70,Vitória da Conquista,BA,Cartão Crédito
543,2025-02-04,105,Bicicleta Aro 29,Esporte e Lazer,2,1799.00,3598.00,Recife,PE,Cartão Débito
544,2025-02-04,108,Mesa de Jantar 6 Cadeiras,Móveis,1,1899.00,1899.00,São Paulo,SP,Pix
545,2025-02-04,113,Jogo de Aventura,Games,2,237.40,474.80,Campinas,SP,Cartão Débito
546,2025-02-04,106,Fone Bluetooth,Celulares e Acessórios,4,199.90,799.60,Rio de Janeiro,RJ,Boleto
547,2025-02-04,113,Bicicleta Aro 29,Esporte e Lazer,2,1619.10,3238.20,Vitória da Conquista,BA,Boleto
548,2025-02-04,110,Controle Sem Fio,Games,1,332.40,332.40,Brasília,DF,Pix
549,2025-02-04,109,Geladeira Frost Free 400L,Eletrodomésticos,1,3499.00,3499.00,Fortaleza,CE,Cartão Crédito
550,2025-02-04,110,Controle Sem Fio,Games,4,349.90,1399.60,Salvador,BA,Pix
551,2025-02-04,107,Mesa de Jantar 6 Cadeiras,Móveis,2,1899.00,3798.00,Campinas,SP,Boleto
552,2025-02-04,113,Carregador Turbo USB-C,Celulares e Acessórios,1,89.90,89.90,Campinas,SP,Cartão Crédito
553,2025-02-04,110,Sofá 3 Lugares,Móveis,1,2399.00,2399.00,Rio de Janeiro,RJ,Cartão Débito
554,2025-02-05,108,Mesa de Jantar 6 Cadeiras,Móveis,1,1899.00,1899.00,Porto Alegre,RS,Pix
555,2025-02-05,113,Mouse Sem Fio,Informática,1,79.90,79.90,Vitória da Conquista,BA,Boleto
556,2025-02-05,113,Cadeira de Escritório,Móveis,3,699.90,2099.70,Salvador,BA,Pix
557,2025-02-05,112,Geladeira Frost Free 400L,Eletrodomésticos,1,3499.00,3499.00,Vitória da Conquista,BA,Cartão Débito
558,2025-02-05,101,Mouse Sem Fio,Informática,4,79.90,319.60,Salvador,BA,Cartão Crédito
559,2025-02-05,116,Teclado Mecânico,Informática,4,275.40,1101.60,Rio de Janeiro,RJ,Pix
560,2025-02-05,113,Kit Halteres 20kg,Esporte e Lazer,2,246.90,493.80,Vitória da Conquista,BA,Pix
561,2025-02-05,107,Jogo de Aventura,Games,4,249.90,999.60,Uberlândia,MG,Boleto
562,2025-02-05,113,Geladeira Frost Free 400L,Eletrodomésticos,2,3499.00,6998.00,Rio de Janeiro,RJ,Pix
563,2025-02-05,108,Sofá 3 Lugares,Móveis,1,2159.10,2159.10,Salvador,BA,Boleto
564,2025-02-05,120,Cadeira de Escritório,Móveis,3,699.90,2099.70,Porto Alegre,RS,Boleto
565,2025-02-05,117,Mesa de Jantar 6 Cadeiras,Móveis,2,1899.00,3798.00,Fortaleza,CE,Pix
566,2025-02-05,115,Cadeira de Escritório,Móveis,2,699.90,1399.80,Feira de Santana,BA,Cartão Crédito
567,2025-02-05,106,Mesa de Jantar 6 Cadeiras,Móveis,2,1899.00,3798.00,Brasília,DF,Cartão Crédito
568,2025-02-05,105,Fone Bluetooth,Celulares e Acessórios,1,169.92,169.92,Niterói,RJ,Cartão Débito
569,2025-02-06,117,Máquina de Lavar 12kg,Eletrodomésticos,1,2199.00,2199.00,São Paulo,SP,Pix
570,2025-02-06,105,Esteira Elétrica,Esporte e Lazer,2,2899.00,5798.00,Curitiba,PR,Boleto
571,2025-02-06,103,Geladeira Frost Free 400L,Eletrodomésticos,2,3499.00,6998.00,Niterói,RJ,Cartão Crédito
572,2025-02-06,112,Bicicleta Aro 29,Esporte e Lazer,2,1799.00,3598.00,Feira de Santana,BA,Pix
573,2025-02-06,108,Esteira Elétrica,Esporte e Lazer,2,2754.05,5508.10,Campinas,SP,Pix
574,2025-02-06,112,Fone Bluetooth,Celulares e Acessórios,1,199.90,199.90,Campinas,SP,Pix
575,2025-02-06,108,Sofá 3 Lugares,Móveis,1,2399.00,2399.00,Rio de Janeiro,RJ,Cartão Crédito
576,2025-02-06,115,Teclado Mecânico,Informática,2,289.90,579.80,Brasília,DF,Pix
577,2025-02-06,107,Máquina de Lavar 12kg,Eletrodomésticos,2,1869.15,3738.30,Rio de Janeiro,RJ,Cartão Crédito
578,2025-02-06,103,Smartphone 128GB,Celulares e Acessórios,2,1619.10,3238.20,Goiânia,GO,Cartão Crédito
579,2025-02-06,116,Cadeira de Escritório,Móveis,2,699.90,1399.80,Santos,SP,Pix
580,2025-02-06,101,Cadeira de Escritório,Móveis,4,664.90,2659.60,Niterói,RJ,Cartão Débito
581,2025-02-06,105,Teclado Mecânico,Informática,1,289.90,289.90,Curitiba,PR,Boleto
582,2025-02-06,120,Esteira Elétrica,Esporte e Lazer,1,2754.05,2754.05,Belo Horizonte,MG,Cartão Crédito
583,2025-02-06,104,Micro-ondas 30L,Eletrodomésticos,3,584.91,1754.73,Vitória da Conquista,BA,Cartão Débito
584,2025-02-06,115,Mouse Sem Fio,Informática,2,71.91,143.82,Vitória da Conquista,BA,Boleto
585,2025-02-06,119,Airfryer 5L,Eletrodomésticos,4,429.90,1719.60,Vitória da Conquista,BA,Pix
586,2025-02-06,105,Mesa de Jantar 6 Cadeiras,Móveis,1,1899.00,1899.00,Campinas,SP,Boleto
587,2025-02-06,107,Monitor Full HD 24pol,Informática,1,809.91,809.91,Feira de Santana,BA,Pix
588,2025-02-06,101,Máquina de Lavar 12kg,Eletrodomésticos,1,1979.10,1979.10,Rio de Janeiro,RJ,Cartão Débito
589,2025-02-06,119,Sofá 3 Lugares,Móveis,1,2399.00,2399.00,Fortaleza,CE,Cartão Crédito
590,2025-02-06,113,Esteira Elétrica,Esporte e Lazer,1,2899.00,2899.00,Fortaleza,CE,Cartão Débito
591,2025-02-06,108,Mesa de Jantar 6 Cadeiras,Móveis,1,1899.00,1899.00,Vitória da Conquista,BA,Cartão Débito
592,2025-02-06,115,Carregador Turbo USB-C,Celulares e Acessórios,1,89.90,89.90,Goiânia,GO,Boleto
593,2025-02-06,117,Fone Bluetooth,Celulares e Acessórios,4,199.90,799.60,São Paulo,SP,Pix
594,2025-02-06,107,Airfryer 5L,Eletrodomésticos,2,429.90,859.80,Feira de Santana,BA,Pix
595,2025-02-07,106,Carregador Turbo USB-C,Celulares e Acessórios,5,89.90,449.50,Fortaleza,CE,Cartão Débito
596,2025-02-07,107,Kit Halteres 20kg,Esporte e Lazer,4,259.90,1039.60,Porto Alegre,RS,Pix
597,2025-02-07,104,Teclado Mecânico,Informática,4,289.90,1159.60,Feira de Santana,BA,Cartão Crédito
598,2025-02-07,108,Mesa de Jantar 6 Cadeiras,Móveis,1,1899.00,1899.00,Salvador,BA,Pix
599,2025-02-07,108,Notebook Core i5,Informática,2,3299.90,6599.80,Santos,SP,Cartão Crédito
600,2025-02-07,110,Kit Halteres 20kg,Esporte e Lazer,4,259.90,1039.60,Feira de Santana,BA,Boleto
601,2025-02-07,115,Cadeira de Escritório,Móveis,2,699.90,1399.80,Salvador,BA,Pix
602,2025-02-07,109,Esteira Elétrica,Esporte e Lazer,1,2899.00,2899.00,Niterói,RJ,Cartão Débito
603,2025-02-07,101,Mesa de Jantar 6 Cadeiras,Móveis,1,1899.00,1899.00,Santos,SP,Cartão Crédito
604,2025-02-07,104,Esteira Elétrica,Esporte e Lazer,2,2899.00,5798.00,Brasília,DF,Cartão Crédito
605,2025-02-07,108,Sofá 3 Lugares,Móveis,2,2159.10,4318.20,Campinas,SP,Boleto
606,2025-02-07,116,Esteira Elétrica,Esporte e Lazer,2,2899.00,5798.00,Vitória da Conquista,BA,Cartão Crédito
607,2025-02-07,104,Micro-ondas 30L,Eletrodomésticos,1,649.90,649.90,Salvador,BA,Cartão Débito
608,2025-02-07,112,Console de Videogame,Games,2,2999.00,5998.00,Rio de Janeiro,RJ,Cartão Crédito
609,2025-02-07,112,Teclado Mecânico,Informática,3,289.90,869.70,Belo Horizonte,MG,Pix
610,2025-02-07,106,Kit Halteres 20kg,Esporte e Lazer,2,246.90,493.80,São Paulo,SP,Cartão Crédito
611,2025-02-07,110,Cadeira de Escritório,Móveis,1,699.90,699.90,Niterói,RJ,Cartão Crédito
612,2025-02-07,105,Mesa de Jantar 6 Cadeiras,Móveis,1,1899.00,1899.00,Fortaleza,CE,Cartão Débito
613,2025-02-07,105,Smartphone 128GB,Celulares e Acessórios,3,1799.00,5397.00,Uberlândia,MG,Cartão Crédito
614,2025-02-07,109,Smartphone 128GB,Celulares e Acessórios,2,1619.10,3238.20,Recife,PE,Cartão Crédito
615,2025-02-07,101,Fone Bluetooth,Celulares e Acessórios,1,199.90,199.90,Rio de Janeiro,RJ,Pix
616,2025-02-07,109,Sofá 3 Lugares,Móveis,2,2399.00,4798.00,Santos,SP,Cartão Débito
617,2025-02-07,107,Mouse Sem Fio,Informática,4,75.90,303.60,Niterói,RJ,Cartão Débito
618,2025-02-07,105,Notebook Core i5,Informática,2,3299.90,6599.80,Recife,PE,Pix
619,2025-02-07,105,Cadeira de Escritório,Móveis,4,664.90,2659.60,Curitiba,PR,Cartão Crédito
620,2025-02-07,104,Esteira Elétrica,Esporte e Lazer,2,2899.00,5798.00,Niterói,RJ,Cartão Crédito
621,2025-02-07,112,Sofá 3 Lugares,Móveis,1,2399.00,2399.00,Rio de Janeiro,RJ,Cartão Débito
622,2025-02-07,117,Notebook Core i5,Informática,2,3299.90,6599.80,Recife,PE,Cartão Débito
623,2025-02-08,109,Notebook Core i5,Informática,2,3299.90,6599.80,Niterói,RJ,Pix
624,2025-02-08,110,Sofá 3 Lugares,Móveis,2,2279.05,4558.10,Recife,PE,Cartão Débito
625,2025-02-08,110,Carregador Turbo USB-C,Celulares e Acessórios,6,89.90,539.40,Curitiba,PR,Cartão Crédito
626,2025-02-08,108,Smartphone 128GB,Celulares e Acessórios,1,1619.10,1619.10,Fortaleza,CE,Pix
627,2025-02-08,120,Monitor Full HD 24pol,Informática,1,899.90,899.90,Niterói,RJ,Boleto
628,2025-02-08,116,Monitor Full HD 24pol,Informática,3,899.90,2699.70,Feira de Santana,BA,Cartão Crédito
629,2025-02-08,103,Bicicleta Aro 29,Esporte e Lazer,2,1799.00,3598.00,Brasília,DF,Cartão Débito
630,2025-02-08,109,Controle Sem Fio,Games,4,332.40,1329.60,Uberlândia,MG,Cartão Crédito
631,2025-02-08,116,Monitor Full HD 24pol,Informática,2,854.90,1709.80,Uberlândia,MG,Cartão Crédito
632,2025-02-08,112,Geladeira Frost Free 400L,Eletrodomésticos,2,3499.00,6998.00,Niterói,RJ,Cartão Débito
633,2025-02-08,105,Esteira Elétrica,Esporte e Lazer,1,2899.00,2899.00,Brasília,DF,Cartão Débito
634,2025-02-08,110,Notebook Core i5,Informática,2,3134.90,6269.80,Fortaleza,CE,Cartão Crédito
635,2025-02-08,115,Mouse Sem Fio,Informática,2,79.90,159.80,Niterói,RJ,Cartão Débito
636,2025-02-08,104,Controle Sem Fio,Games,2,349.90,699.80,Curitiba,PR,Pix
637,2025-02-08,109,Jogo de Aventura,Games,4,249.90,999.60,Brasília,DF,Cartão Crédito
638,2025-02-08,109,Bicicleta Aro 29,Esporte e Lazer,2,1799.00,3598.00,São Paulo,SP,Cartão Crédito
639,2025-02-08,107,Teclado Mecânico,Informática,2,275.40,550.80,Recife,PE,Pix
640,2025-02-08,119,Máquina de Lavar 12kg,Eletrodomésticos,1,2199.00,2199.00,Salvador,BA,Cartão Crédito
641,2025-02-08,101,Geladeira Frost Free 400L,Eletrodomésticos,1,3499.00,3499.00,Brasília,DF,Pix
642,2025-02-08,113,Smartphone 128GB,Celulares e Acessórios,2,1799.00,3598.00,Vitória da Conquista,BA,Pix
643,2025-02-09,120,Máquina de Lavar 12kg,Eletrodomésticos,1,2199.00,2199.00,Rio de Janeiro,RJ,Pix
644,2025-02-09,110,Cadeira de Escritório,Móveis,2,629.91,1259.82,Salvador,BA,Boleto
645,2025-02-09,101,Controle Sem Fio,Games,1,349.90,349.90,Belo Horizonte,MG,Cartão Débito
646,2025-02-09,105,Controle Sem Fio,Games,1,349.90,349.90,Feira de Santana,BA,Cartão Débito
647,2025-02-09,109,Teclado Mecânico,Informática,1,289.90,289.90,Brasília,DF,Cartão Débito
648,2025-02-09,106,Fone Bluetooth,Celulares e Acessórios,3,199.90,599.70,Porto Alegre,RS,Boleto
649,2025-02-09,109,Monitor Full HD 24pol,Informática,1,899.90,899.90,Curitiba,PR,Pix
650,2025-02-09,103,Esteira Elétrica,Esporte e Lazer,1,2609.10,2609.10,Recife,PE,Boleto
651,2025-02-09,113,Monitor Full HD 24pol,Informática,1,899.90,899.90,Campinas,SP,Cartão Crédito
652,2025-02-09,107,Controle Sem Fio,Games,3,349.90,1049.70,Campinas,SP,Cartão Débito
653,2025-02-09,116,Máquina de Lavar 12kg,Eletrodomésticos,1,2199.00,2199.00,Goiânia,GO,Pix
654,2025-02-09,115,Sofá 3 Lugares,Móveis,1,2399.00,2399.00,Salvador,BA,Pix
655,2025-02-09,112,Jogo de Aventura,Games,2,249.90,499.80,São Paulo,SP,Boleto
656,2025-02-09,117,Máquina de Lavar 12kg,Eletrodomésticos,1,2199.00,2199.00,São Paulo,SP,Pix
657,2025-02-09,108,Mesa de Jantar 6 Cadeiras,Móveis,2,1899.00,3798.00,Uberlândia,MG,Boleto
658,2025-02-09,117,Esteira Elétrica,Esporte e Lazer,1,2899.00,2899.00,Brasília,DF,Boleto
659,2025-02-10,115,Smartphone 128GB,Celulares e Acessórios,3,1799.00,5397.00,Santos,SP,Cartão Crédito
660,2025-02-10,117,Teclado Mecânico,Informática,1,289.90,289.90,Rio de Janeiro,RJ,Boleto
661,2025-02-10,116,Cadeira de Escritório,Móveis,3,699.90,2099.70,Santos,SP,Cartão Débito
662,2025-02-10,107,Notebook Core i5,Informática,1,3299.90,3299.90,Campinas,SP,Cartão Crédito
663,2025-02-10,113,Carregador Turbo USB-C,Celulares e Acessórios,4,89.90,359.60,São Paulo,SP,Cartão Crédito
664,2025-02-10,101,Jogo de Aventura,Games,4,249.90,999.60,Uberlândia,MG,Boleto
665,2025-02-10,115,Kit Halteres 20kg,Esporte e Lazer,2,233.91,467.82,Fortaleza,CE,Cartão Crédito
666,2025-02-10,106,Esteira Elétrica,Esporte e Lazer,1,2754.05,2754.05,São Paulo,SP,Cartão Débito
667,2025-02-10,116,Máquina de Lavar 12kg,Eletrodomésticos,1,1979.10,1979.10,Porto Alegre,RS,Cartão Crédito
668,2025-02-10,106,Teclado Mecânico,Informática,1,289.90,289.90,Feira de Santana,BA,Boleto
669,2025-02-10,120,Console de Videogame,Games,1,2999.00,2999.00,Salvador,BA,Pix
670,2025-02-10,115,Esteira Elétrica,Esporte e Lazer,2,2754.05,5508.10,Salvador,BA,Boleto
671,2025-02-10,112,Mesa de Jantar 6 Cadeiras,Móveis,2,1899.00,3798.00,Santos,SP,Boleto
672,2025-02-10,108,Mouse Sem Fio,Informática,6,79.90,479.40,Niterói,RJ,Pix
673,2025-02-10,103,Mesa de Jantar 6 Cadeiras,Móveis,1,1614.15,1614.15,Santos,SP,Pix
674,2025-02-10,107,Mesa de Jantar 6 Cadeiras,Móveis,1,1899.00,1899.00,Vitória da Conquista,BA,Pix
675,2025-02-10,119,Jogo de Aventura,Games,5,249.90,1249.50,Campinas,SP,Pix
676,2025-02-10,105,Fone Bluetooth,Celulares e Acessórios,1,199.90,199.90,Niterói,RJ,Cartão Crédito
677,2025-02-11,101,Controle Sem Fio,Games,3,314.91,944.73,Brasília,DF,Pix
678,2025-02-11,109,Controle Sem Fio,Games,4,349.90,1399.60,São Paulo,SP,Cartão Débito
679,2025-02-11,115,Máquina de Lavar 12kg,Eletrodomésticos,2,2199.00,4398.00,Fortaleza,CE,Cartão Crédito
680,2025-02-11,117,Esteira Elétrica,Esporte e Lazer,1,2899.00,2899.00,Curitiba,PR,Pix
681,2025-02-11,117,Cadeira de Escritório,Móveis,4,699.90,2799.60,São Paulo,SP,Cartão Crédito
682,2025-02-11,101,Smartphone 128GB,Celulares e Acessórios,3,1799.00,5397.00,Goiânia,GO,Pix
683,2025-02-11,116,Teclado Mecânico,Informática,3,260.91,782.73,Belo Horizonte,MG,Pix
684,2025-02-11,117,Bicicleta Aro 29,Esporte e Lazer,2,1799.00,3598.00,Fortaleza,CE,Boleto
685,2025-02-11,115,Esteira Elétrica,Esporte e Lazer,2,2899.00,5798.00,Salvador,BA,Pix
686,2025-02-11,112,Carregador Turbo USB-C,Celulares e Acessórios,5,89.90,449.50,Uberlândia,MG,Cartão Crédito
687,2025-02-12,116,Console de Videogame,Games,2,2999.00,5998.00,Campinas,SP,Pix
688,2025-02-12,112,Carregador Turbo USB-C,Celulares e Acessórios,2,89.90,179.80,Belo Horizonte,MG,Cartão Crédito
689,2025-02-12,106,Jogo de Aventura,Games,5,212.42,1062.10,Rio de Janeiro,RJ,Cartão Crédito
690,2025-02-12,117,Controle Sem Fio,Games,3,297.42,892.26,Campinas,SP,Cartão Débito
691,2025-02-12,119,Teclado Mecânico,Informática,1,289.90,289.90,Fortaleza,CE,Cartão Crédito
692,2025-02-12,108,Kit Halteres 20kg,Esporte e Lazer,4,246.90,987.60,Belo Horizonte,MG,Pix
693,2025-02-12,115,Teclado Mecânico,Informática,2,289.90,579.80,Niterói,RJ,Boleto
694,2025-02-12,104,Fone Bluetooth,Celulares e Acessórios,5,199.90,999.50,Campinas,SP,Cartão Débito
695,2025-02-12,120,Fone Bluetooth,Celulares e Acessórios,3,169.92,509.76,Rio de Janeiro,RJ,Cartão Crédito
696,2025-02-12,115,Fone Bluetooth,Celulares e Acessórios,5,199.90,999.50,Recife,PE,Cartão Crédito
697,2025-02-12,119,Monitor Full HD 24pol,Informática,1,764.92,764.92,Uberlândia,MG,Cartão Crédito
698,2025-02-12,104,Esteira Elétrica,Esporte e Lazer,1,2754.05,2754.05,Uberlândia,MG,Cartão Crédito
699,2025-02-12,116,Mesa de Jantar 6 Cadeiras,Móveis,2,1899.00,3798.00,Vitória da Conquista,BA,Cartão Crédito
700,2025-02-12,116,Geladeira Frost Free 400L,Eletrodomésticos,1,3499.00,3499.00,Rio de Janeiro,RJ,Cartão Crédito
701,2025-02-12,107,Geladeira Frost Free 400L,Eletrodomésticos,1,3499.00,3499.00,Fortaleza,CE,Boleto
702,2025-02-12,105,Fone Bluetooth,Celulares e Acessórios,3,179.91,539.73,Fortaleza,CE,Cartão Crédito
703,2025-02-12,112,Esteira Elétrica,Esporte e Lazer,2,2609.10,5218.20,Goiânia,GO,Pix
704,2025-02-13,103,Bicicleta Aro 29,Esporte e Lazer,2,1709.05,3418.10,São Paulo,SP,Boleto
705,2025-02-13,119,Monitor Full HD 24pol,Informática,1,899.90,899.90,Santos,SP,Pix
706,2025-02-13,110,Esteira Elétrica,Esporte e Lazer,2,2609.10,5218.20,Niterói,RJ,Boleto
707,2025-02-13,119,Carregador Turbo USB-C,Celulares e Acessórios,2,85.40,170.80,Curitiba,PR,Boleto
708,2025-02-13,117,Controle Sem Fio,Games,3,349.90,1049.70,Goiânia,GO,Cartão Crédito
709,2025-02-13,107,Fone Bluetooth,Celulares e Acessórios,4,199.90,799.60,Belo Horizonte,MG,Cartão Débito
710,2025-02-13,113,Micro-ondas 30L,Eletrodomésticos,2,649.90,1299.80,Fortaleza,CE,Cartão Débito
711,2025-02-13,119,Smartphone 128GB,Celulares e Acessórios,2,1799.00,3598.00,Goiânia,GO,Boleto
712,2025-02-13,103,Cadeira de Escritório,Móveis,3,664.90,1994.70,Curitiba,PR,Pix
713,2025-02-13,108,Console de Videogame,Games,2,2999.00,5998.00,Santos,SP,Pix
714,2025-02-13,105,Sofá 3 Lugares,Móveis,1,2399.00,2399.00,Salvador,BA,Boleto
715,2025-02-13,116,Esteira Elétrica,Esporte e Lazer,1,2899.00,2899.00,Belo Horizonte,MG,Cartão Crédito
716,2025-02-13,104,Geladeira Frost Free 400L,Eletrodomésticos,2,3499.00,6998.00,Campinas,SP,Pix
717,2025-02-13,108,Fone Bluetooth,Celulares e Acessórios,1,199.90,199.90,Brasília,DF,Cartão Crédito
718,2025-02-13,109,Micro-ondas 30L,Eletrodomésticos,3,649.90,1949.70,Santos,SP,Boleto
719,2025-02-13,108,Sofá 3 Lugares,Móveis,1,2279.05,2279.05,Uberlândia,MG,Cartão Crédito
720,2025-02-13,116,Sofá 3 Lugares,Móveis,1,2399.00,2399.00,Uberlândia,MG,Cartão Crédito
721,2025-02-13,110,Controle Sem Fio,Games,3,349.90,1049.70,São Paulo,SP,Boleto
722,2025-02-13,107,Teclado Mecânico,Informática,2,289.90,579.80,Feira de Santana,BA,Pix
723,2025-02-13,113,Sofá 3 Lugares,Móveis,2,2399.00,4798.00,Curitiba,PR,Cartão Crédito
724,2025-02-14,115,Sofá 3 Lugares,Móveis,1,2399.00,2399.00,Campinas,SP,Pix
725,2025-02-14,107,Fone Bluetooth,Celulares e Acessórios,2,199.90,399.80,Recife,PE,Cartão Crédito
726,2025-02-14,103,Mouse Sem Fio,Informática,6,75.90,455.40,Curitiba,PR,Cartão Crédito
727,2025-02-14,112,Mouse Sem Fio,Informática,3,75.90,227.70,Vitória da Conquista,BA,Boleto
728,2025-02-14,105,Bicicleta Aro 29,Esporte e Lazer,1,1799.00,1799.00,Porto Alegre,RS,Boleto
729,2025-02-14,113,Airfryer 5L,Eletrodomésticos,2,408.40,816.80,Salvador,BA,Cartão Débito
730,2025-02-14,107,Notebook Core i5,Informática,2,3299.90,6599.80,Feira de Santana,BA,Boleto
731,2025-02-14,120,Teclado Mecânico,Informática,2,289.90,579.80,Curitiba,PR,Boleto
732,2025-02-14,120,Bicicleta Aro 29,Esporte e Lazer,2,1619.10,3238.20,Porto Alegre,RS,Boleto
733,2025-02-14,106,Controle Sem Fio,Games,2,349.90,699.80,São Paulo,SP,Pix
734,2025-02-14,103,Máquina de Lavar 12kg,Eletrodomésticos,1,2199.00,2199.00,Santos,SP,Cartão Débito
735,2025-02-14,110,Monitor Full HD 24pol,Informática,2,899.90,1799.80,Santos,SP,Cartão Crédito
736,2025-02-14,103,Teclado Mecânico,Informática,3,289.90,869.70,Curitiba,PR,Cartão Débito
737,2025-02-14,103,Airfryer 5L,Eletrodomésticos,3,408.40,1225.20,Santos,SP,Boleto
738,2025-02-14,120,Smartphone 128GB,Celulares e Acessórios,1,1799.00,1799.00,Campinas,SP,Cartão Crédito
739,2025-02-15,116,Máquina de Lavar 12kg,Eletrodomésticos,2,2199.00,4398.00,Curitiba,PR,Cartão Crédito
740,2025-02-15,103,Console de Videogame,Games,2,2999.00,5998.00,Campinas,SP,Pix
741,2025-02-15,104,Console de Videogame,Games,1,2999.00,2999.00,Salvador,BA,Cartão Crédito
742,2025-02-15,101,Carregador Turbo USB-C,Celulares e Acessórios,1,89.90,89.90,Rio de Janeiro,RJ,Pix
743,2025-02-15,108,Fone Bluetooth,Celulares e Acessórios,3,199.90,599.70,Salvador,BA,Pix
744,2025-02-15,116,Bicicleta Aro 29,Esporte e Lazer,2,1529.15,3058.30,Feira de Santana,BA,Pix
745,2025-02-15,105,Notebook Core i5,Informática,1,3299.90,3299.90,Curitiba,PR,Cartão Crédito
746,2025-02-15,112,Notebook Core i5,Informática,1,3299.90,3299.90,São Paulo,SP,Cartão Débito
747,2025-02-15,105,Smartphone 128GB,Celulares e Acessórios,3,1799.00,5397.00,Feira de Santana,BA,Boleto
748,2025-02-15,110,Notebook Core i5,Informática,2,3299.90,6599.80,Feira de Santana,BA,Cartão Débito
749,2025-02-15,106,Carregador Turbo USB-C,Celulares e Acessórios,3,89.90,269.70,Campinas,SP,Boleto
750,2025-02-15,116,Teclado Mecânico,Informática,2,275.40,550.80,Salvador,BA,Pix
751,2025-02-15,108,Smartphone 128GB,Celulares e Acessórios,3,1799.00,5397.00,Fortaleza,CE,Cartão Débito
752,2025-02-15,107,Monitor Full HD 24pol,Informática,2,899.90,1799.80,Fortaleza,CE,Cartão Crédito
753,2025-02-15,105,Máquina de Lavar 12kg,Eletrodomésticos,2,2199.00,4398.00,Feira de Santana,BA,Pix
754,2025-02-15,101,Máquina de Lavar 12kg,Eletrodomésticos,1,2199.00,2199.00,Feira de Santana,BA,Pix
755,2025-02-15,108,Teclado Mecânico,Informática,2,275.40,550.80,Santos,SP,Cartão Débito
756,2025-02-15,109,Notebook Core i5,Informática,2,3299.90,6599.80,Fortaleza,CE,Pix
757,2025-02-16,115,Esteira Elétrica,Esporte e Lazer,1,2899.00,2899.00,Salvador,BA,Pix
758,2025-02-16,119,Console de Videogame,Games,2,2849.05,5698.10,Vitória da Conquista,BA,Pix
759,2025-02-16,110,Geladeira Frost Free 400L,Eletrodomésticos,1,3499.00,3499.00,Porto Alegre,RS,Cartão Crédito
760,2025-02-16,105,Geladeira Frost Free 400L,Eletrodomésticos,2,3149.10,6298.20,Niterói,RJ,Cartão Crédito
761,2025-02-16,112,Geladeira Frost Free 400L,Eletrodomésticos,1,3149.10,3149.10,Feira de Santana,BA,Pix
762,2025-02-16,112,Esteira Elétrica,Esporte e Lazer,2,2899.00,5798.00,Salvador,BA,Boleto
763,2025-02-16,103,Bicicleta Aro 29,Esporte e Lazer,1,1799.00,1799.00,Campinas,SP,Boleto
764,2025-02-16,107,Carregador Turbo USB-C,Celulares e Acessórios,5,89.90,449.50,Niterói,RJ,Cartão Débito
765,2025-02-16,120,Máquina de Lavar 12kg,Eletrodomésticos,2,2199.00,4398.00,Campinas,SP,Boleto
766,2025-02-16,116,Controle Sem Fio,Games,1,349.90,349.90,São Paulo,SP,Pix
767,2025-02-16,115,Airfryer 5L,Eletrodomésticos,3,429.90,1289.70,Rio de Janeiro,RJ,Cartão Crédito
768,2025-02-16,116,Máquina de Lavar 12kg,Eletrodomésticos,2,2199.00,4398.00,Brasília,DF,Pix
769,2025-02-16,108,Mesa de Jantar 6 Cadeiras,Móveis,2,1899.00,3798.00,Salvador,BA,Cartão Crédito
770,2025-02-16,109,Carregador Turbo USB-C,Celulares e Acessórios,2,89.90,179.80,Curitiba,PR,Pix
771,2025-02-16,108,Teclado Mecânico,Informática,1,289.90,289.90,Campinas,SP,Cartão Débito
772,2025-02-16,106,Carregador Turbo USB-C,Celulares e Acessórios,5,89.90,449.50,Belo Horizonte,MG,Boleto
773,2025-02-16,112,Smartphone 128GB,Celulares e Acessórios,1,1799.00,1799.00,Uberlândia,MG,Pix
774,2025-02-16,110,Sofá 3 Lugares,Móveis,1,2159.10,2159.10,Belo Horizonte,MG,Cartão Crédito
775,2025-02-16,119,Smartphone 128GB,Celulares e Acessórios,3,1799.00,5397.00,Niterói,RJ,Cartão Crédito
776,2025-02-17,105,Sofá 3 Lugares,Móveis,1,2279.05,2279.05,Campinas,SP,Cartão Crédito
777,2025-02-17,103,Cadeira de Escritório,Móveis,2,699.90,1399.80,São Paulo,SP,Cartão Crédito
778,2025-02-17,107,Monitor Full HD 24pol,Informática,1,854.90,854.90,Belo Horizonte,MG,Cartão Crédito
779,2025-02-17,103,Monitor Full HD 24pol,Informática,1,809.91,809.91,Fortaleza,CE,Cartão Débito
780,2025-02-17,112,Notebook Core i5,Informática,2,3299.90,6599.80,Curitiba,PR,Cartão Crédito
781,2025-02-17,106,Micro-ondas 30L,Eletrodomésticos,2,584.91,1169.82,Belo Horizonte,MG,Pix
782,2025-02-17,106,Carregador Turbo USB-C,Celulares e Acessórios,4,89.90,359.60,Salvador,BA,Cartão Débito
783,2025-02-17,106,Máquina de Lavar 12kg,Eletrodomésticos,2,2089.05,4178.10,Belo Horizonte,MG,Cartão Débito
784,2025-02-17,101,Fone Bluetooth,Celulares e Acessórios,1,179.91,179.91,Goiânia,GO,Cartão Débito
785,2025-02-17,103,Console de Videogame,Games,2,2999.00,5998.00,São Paulo,SP,Cartão Débito
786,2025-02-17,108,Airfryer 5L,Eletrodomésticos,4,429.90,1719.60,Belo Horizonte,MG,Boleto
787,2025-02-17,105,Micro-ondas 30L,Eletrodomésticos,3,552.42,1657.26,Salvador,BA,Pix
788,2025-02-17,112,Teclado Mecânico,Informática,2,289.90,579.80,Uberlândia,MG,Boleto
789,2025-02-17,116,Monitor Full HD 24pol,Informática,2,899.90,1799.80,Niterói,RJ,Boleto
790,2025-02-17,116,Notebook Core i5,Informática,1,2969.91,2969.91,Brasília,DF,Cartão Crédito
791,2025-02-17,105,Notebook Core i5,Informática,1,3299.90,3299.90,Curitiba,PR,Boleto
792,2025-02-17,108,Controle Sem Fio,Games,3,349.90,1049.70,Recife,PE,Cartão Débito
793,2025-02-17,103,Máquina de Lavar 12kg,Eletrodomésticos,1,1869.15,1869.15,Uberlândia,MG,Boleto
794,2025-02-18,119,Airfryer 5L,Eletrodomésticos,4,429.90,1719.60,São Paulo,SP,Boleto
795,2025-02-18,105,Mouse Sem Fio,Informática,1,75.90,75.90,Brasília,DF,Cartão Débito
796,2025-02-18,105,Bicicleta Aro 29,Esporte e Lazer,2,1619.10,3238.20,Recife,PE,Boleto
797,2025-02-18,119,Monitor Full HD 24pol,Informática,2,899.90,1799.80,Campinas,SP,Cartão Crédito
798,2025-02-18,117,Fone Bluetooth,Celulares e Acessórios,5,199.90,999.50,Santos,SP,Pix
799,2025-02-18,110,Mouse Sem Fio,Informática,3,71.91,215.73,Porto Alegre,RS,Cartão Crédito
800,2025-02-18,108,Mesa de Jantar 6 Cadeiras,Móveis,1,1899.00,1899.00,Belo Horizonte,MG,Boleto
801,2025-02-18,104,Esteira Elétrica,Esporte e Lazer,1,2899.00,2899.00,Salvador,BA,Pix
802,2025-02-18,115,Airfryer 5L,Eletrodomésticos,4,429.90,1719.60,São Paulo,SP,Pix
803,2025-02-18,113,Bicicleta Aro 29,Esporte e Lazer,1,1799.00,1799.00,São Paulo,SP,Pix
804,2025-02-18,104,Carregador Turbo USB-C,Celulares e Acessórios,5,89.90,449.50,Campinas,SP,Cartão Crédito
805,2025-02-18,101,Mouse Sem Fio,Informática,4,67.92,271.68,Feira de Santana,BA,Cartão Crédito
806,2025-02-18,117,Esteira Elétrica,Esporte e Lazer,1,2899.00,2899.00,Fortaleza,CE,Boleto
807,2025-02-18,113,Kit Halteres 20kg,Esporte e Lazer,1,259.90,259.90,Belo Horizonte,MG,Boleto
808,2025-02-18,104,Kit Halteres 20kg,Esporte e Lazer,3,259.90,779.70,Curitiba,PR,Pix
809,2025-02-18,106,Mouse Sem Fio,Informática,1,79.90,79.90,Salvador,BA,Cartão Crédito
810,2025-02-18,110,Esteira Elétrica,Esporte e Lazer,1,2899.00,2899.00,Brasília,DF,Cartão Crédito
811,2025-02-18,107,Teclado Mecânico,Informática,2,289.90,579.80,Uberlândia,MG,Cartão Crédito
812,2025-02-18,105,Teclado Mecânico,Informática,2,289.90,579.80,Belo Horizonte,MG,Pix
813,2025-02-18,110,Carregador Turbo USB-C,Celulares e Acessórios,4,89.90,359.60,Rio de Janeiro,RJ,Cartão Crédito
814,2025-02-19,108,Controle Sem Fio,Games,2,332.40,664.80,São Paulo,SP,Cartão Débito
815,2025-02-19,104,Esteira Elétrica,Esporte e Lazer,1,2899.00,2899.00,Brasília,DF,Pix
816,2025-02-19,107,Cadeira de Escritório,Móveis,3,629.91,1889.73,Salvador,BA,Cartão Crédito
817,2025-02-19,112,Máquina de Lavar 12kg,Eletrodomésticos,1,2199.00,2199.00,Rio de Janeiro,RJ,Pix
818,2025-02-19,103,Esteira Elétrica,Esporte e Lazer,2,2899.00,5798.00,Curitiba,PR,Pix
819,2025-02-19,113,Monitor Full HD 24pol,Informática,2,764.92,1529.84,Curitiba,PR,Pix
820,2025-02-19,115,Kit Halteres 20kg,Esporte e Lazer,2,220.92,441.84,Belo Horizonte,MG,Pix
821,2025-02-19,101,Bicicleta Aro 29,Esporte e Lazer,1,1709.05,1709.05,Santos,SP,Cartão Crédito
822,2025-02-19,113,Teclado Mecânico,Informática,3,289.90,869.70,Goiânia,GO,Cartão Crédito
823,2025-02-19,107,Fone Bluetooth,Celulares e Acessórios,3,189.90,569.70,São Paulo,SP,Cartão Crédito
824,2025-02-19,119,Esteira Elétrica,Esporte e Lazer,2,2754.05,5508.10,Vitória da Conquista,BA,Pix
825,2025-02-19,109,Cadeira de Escritório,Móveis,3,699.90,2099.70,Campinas,SP,Pix
826,2025-02-19,109,Sofá 3 Lugares,Móveis,1,2159.10,2159.10,Salvador,BA,Pix
827,2025-02-19,116,Máquina de Lavar 12kg,Eletrodomésticos,2,2199.00,4398.00,Salvador,BA,Pix
828,2025-02-19,108,Console de Videogame,Games,2,2999.00,5998.00,São Paulo,SP,Cartão Crédito
829,2025-02-19,110,Airfryer 5L,Eletrodomésticos,1,429.90,429.90,Curitiba,PR,Pix
830,2025-02-19,103,Console de Videogame,Games,2,2999.00,5998.00,Campinas,SP,Cartão Débito
831,2025-02-19,109,Sofá 3 Lugares,Móveis,1,2399.00,2399.00,Niterói,RJ,Pix
832,2025-02-20,112,Kit Halteres 20kg,Esporte e Lazer,1,259.90,259.90,Porto Alegre,RS,Pix
833,2025-02-20,101,Mesa de Jantar 6 Cadeiras,Móveis,1,1899.00,1899.00,Uberlândia,MG,Pix
834,2025-02-20,103,Geladeira Frost Free 400L,Eletrodomésticos,2,3499.00,6998.00,Feira de Santana,BA,Cartão Crédito
835,2025-02-20,103,Airfryer 5L,Eletrodomésticos,3,408.40,1225.20,Porto Alegre,RS,Pix
836,2025-02-20,104,Cadeira de Escritório,Móveis,3,699.90,2099.70,Rio de Janeiro,RJ,Cartão Débito
837,2025-02-20,109,Smartphone 128GB,Celulares e Acessórios,1,1619.10,1619.10,Belo Horizonte,MG,Cartão Crédito
838,2025-02-20,112,Console de Videogame,Games,1,2699.10,2699.10,Goiânia,GO,Cartão Débito
839,2025-02-20,113,Monitor Full HD 24pol,Informática,3,899.90,2699.70,Goiânia,GO,Cartão Crédito
840,2025-02-20,117,Micro-ondas 30L,Eletrodomésticos,2,649.90,1299.80,São Paulo,SP,Boleto
841,2025-02-20,108,Notebook Core i5,Informática,2,3134.90,6269.80,Salvador,BA,Cartão Crédito
842,2025-02-20,108,Mouse Sem Fio,Informática,2,79.90,159.80,Campinas,SP,Pix
843,2025-02-20,119,Sofá 3 Lugares,Móveis,1,2039.15,2039.15,Niterói,RJ,Cartão Crédito
844,2025-02-20,116,Console de Videogame,Games,1,2849.05,2849.05,Salvador,BA,Pix
845,2025-02-20,107,Notebook Core i5,Informática,1,3299.90,3299.90,Brasília,DF,Boleto
846,2025-02-20,106,Jogo de Aventura,Games,5,249.90,1249.50,Rio de Janeiro,RJ,Cartão Débito
847,2025-02-20,110,Sofá 3 Lugares,Móveis,2,2399.00,4798.00,Goiânia,GO,Pix
848,2025-02-20,113,Carregador Turbo USB-C,Celulares e Acessórios,2,89.90,179.80,Belo Horizonte,MG,Cartão Débito
849,2025-02-20,117,Carregador Turbo USB-C,Celulares e Acessórios,1,85.40,85.40,Curitiba,PR,Cartão Crédito
850,2025-02-21,109,Geladeira Frost Free 400L,Eletrodomésticos,1,3499.00,3499.00,Curitiba,PR,Cartão Débito
851,2025-02-21,119,Sofá 3 Lugares,Móveis,2,2399.00,4798.00,Curitiba,PR,Boleto
852,2025-02-21,104,Monitor Full HD 24pol,Informática,2,899.90,1799.80,Goiânia,GO,Boleto
853,2025-02-21,103,Jogo de Aventura,Games,2,212.42,424.84,Goiânia,GO,Cartão Crédito
854,2025-02-21,105,Airfryer 5L,Eletrodomésticos,2,386.91,773.82,Recife,PE,Pix
855,2025-02-21,113,Controle Sem Fio,Games,2,349.90,699.80,Campinas,SP,Cartão Crédito
856,2025-02-21,115,Geladeira Frost Free 400L,Eletrodomésticos,2,3324.05,6648.10,Belo Horizonte,MG,Boleto
857,2025-02-21,112,Cadeira de Escritório,Móveis,1,699.90,699.90,Curitiba,PR,Pix
858,2025-02-21,115,Console de Videogame,Games,2,2999.00,5998.00,Feira de Santana,BA,Cartão Débito
859,2025-02-21,101,Fone Bluetooth,Celulares e Acessórios,5,179.91,899.55,Santos,SP,Cartão Débito
860,2025-02-22,113,Airfryer 5L,Eletrodomésticos,2,429.90,859.80,São Paulo,SP,Pix
861,2025-02-22,120,Geladeira Frost Free 400L,Eletrodomésticos,1,3499.00,3499.00,Salvador,BA,Cartão Crédito
862,2025-02-22,115,Geladeira Frost Free 400L,Eletrodomésticos,2,3324.05,6648.10,Brasília,DF,Boleto
863,2025-02-22,113,Bicicleta Aro 29,Esporte e Lazer,1,1799.00,1799.00,São Paulo,SP,Cartão Crédito
864,2025-02-22,103,Controle Sem Fio,Games,4,349.90,1399.60,Belo Horizonte,MG,Pix
865,2025-02-22,120,Fone Bluetooth,Celulares e Acessórios,3,199.90,599.70,São Paulo,SP,Cartão Crédito
866,2025-02-22,110,Kit Halteres 20kg,Esporte e Lazer,2,259.90,519.80,Fortaleza,CE,Cartão Débito
867,2025-02-22,104,Controle Sem Fio,Games,3,349.90,1049.70,Porto Alegre,RS,Cartão Débito
868,2025-02-22,105,Monitor Full HD 24pol,Informática,1,899.90,899.90,Campinas,SP,Pix
869,2025-02-22,110,Micro-ondas 30L,Eletrodomésticos,3,552.42,1657.26,Campinas,SP,Pix
870,2025-02-22,113,Sofá 3 Lugares,Móveis,1,2279.05,2279.05,Belo Horizonte,MG,Boleto
871,2025-02-22,117,Mesa de Jantar 6 Cadeiras,Móveis,2,1899.00,3798.00,Belo Horizonte,MG,Cartão Crédito
872,2025-02-22,105,Monitor Full HD 24pol,Informática,1,899.90,899.90,Brasília,DF,Boleto
873,2025-02-22,115,Controle Sem Fio,Games,3,332.40,997.20,Belo Horizonte,MG,Cartão Débito
874,2025-02-22,103,Controle Sem Fio,Games,4,349.90,1399.60,Belo Horizonte,MG,Pix
875,2025-02-23,108,Carregador Turbo USB-C,Celulares e Acessórios,5,76.42,382.10,Feira de Santana,BA,Boleto
876,2025-02-23,106,Fone Bluetooth,Celulares e Acessórios,1,199.90,199.90,Curitiba,PR,Cartão Crédito
877,2025-02-23,117,Bicicleta Aro 29,Esporte e Lazer,1,1799.00,1799.00,Curitiba,PR,Pix
878,2025-02-23,106,Teclado Mecânico,Informática,3,289.90,869.70,Goiânia,GO,Pix
879,2025-02-23,101,Cadeira de Escritório,Móveis,2,699.90,1399.80,Belo Horizonte,MG,Cartão Crédito
880,2025-02-23,115,Smartphone 128GB,Celulares e Acessórios,2,1799.00,3598.00,Brasília,DF,Pix
881,2025-02-23,117,Teclado Mecânico,Informática,2,289.90,579.80,São Paulo,SP,Boleto
882,2025-02-23,101,Controle Sem Fio,Games,2,349.90,699.80,Belo Horizonte,MG,Boleto
883,2025-02-23,105,Bicicleta Aro 29,Esporte e Lazer,1,1799.00,1799.00,Brasília,DF,Pix
884,2025-02-23,106,Notebook Core i5,Informática,2,3134.90,6269.80,Curitiba,PR,Cartão Débito
885,2025-02-23,103,Kit Halteres 20kg,Esporte e Lazer,2,259.90,519.80,Curitiba,PR,Cartão Crédito
886,2025-02-23,119,Fone Bluetooth,Celulares e Acessórios,5,199.90,999.50,Belo Horizonte,MG,Boleto
887,2025-02-23,116,Console de Videogame,Games,2,2999.00,5998.00,Belo Horizonte,MG,Cartão Débito
888,2025-02-23,105,Airfryer 5L,Eletrodomésticos,1,429.90,429.90,Fortaleza,CE,Cartão Crédito
889,2025-02-23,110,Mouse Sem Fio,Informática,1,79.90,79.90,Curitiba,PR,Pix
890,2025-02-24,113,Console de Videogame,Games,2,2849.05,5698.10,Feira de Santana,BA,Cartão Crédito
891,2025-02-24,112,Mesa de Jantar 6 Cadeiras,Móveis,2,1709.10,3418.20,Rio de Janeiro,RJ,Pix
892,2025-02-24,107,Controle Sem Fio,Games,3,314.91,944.73,Curitiba,PR,Pix
893,2025-02-24,109,Mouse Sem Fio,Informática,5,71.91,359.55,Curitiba,PR,Boleto
894,2025-02-24,105,Fone Bluetooth,Celulares e Acessórios,5,199.90,999.50,Campinas,SP,Cartão Crédito
895,2025-02-24,104,Smartphone 128GB,Celulares e Acessórios,3,1799.00,5397.00,Belo Horizonte,MG,Cartão Crédito
896,2025-02-24,116,Fone Bluetooth,Celulares e Acessórios,5,189.90,949.50,Belo Horizonte,MG,Boleto
897,2025-02-24,109,Sofá 3 Lugares,Móveis,1,2399.00,2399.00,Uberlândia,MG,Boleto
898,2025-02-24,109,Controle Sem Fio,Games,3,349.90,1049.70,Rio de Janeiro,RJ,Boleto
899,2025-02-24,113,Fone Bluetooth,Celulares e Acessórios,2,199.90,399.80,Campinas,SP,Pix
900,2025-02-24,120,Geladeira Frost Free 400L,Eletrodomésticos,1,3499.00,3499.00,Salvador,BA,Cartão Débito
901,2025-02-24,116,Console de Videogame,Games,2,2999.00,5998.00,Campinas,SP,Boleto
902,2025-02-24,117,Esteira Elétrica,Esporte e Lazer,1,2899.00,2899.00,Brasília,DF,Cartão Débito
903,2025-02-25,117,Micro-ondas 30L,Eletrodomésticos,3,649.90,1949.70,Uberlândia,MG,Pix
904,2025-02-25,112,Console de Videogame,Games,1,2999.00,2999.00,Salvador,BA,Pix
905,2025-02-25,119,Fone Bluetooth,Celulares e Acessórios,2,199.90,399.80,Fortaleza,CE,Boleto
906,2025-02-25,106,Controle Sem Fio,Games,1,314.91,314.91,Curitiba,PR,Cartão Débito
907,2025-02-25,105,Geladeira Frost Free 400L,Eletrodomésticos,1,3499.00,3499.00,Feira de Santana,BA,Pix
908,2025-02-25,113,Geladeira Frost Free 400L,Eletrodomésticos,1,3149.10,3149.10,Rio de Janeiro,RJ,Cartão Débito
909,2025-02-25,116,Geladeira Frost Free 400L,Eletrodomésticos,2,3499.00,6998.00,Salvador,BA,Pix
910,2025-02-25,103,Máquina de Lavar 12kg,Eletrodomésticos,2,2089.05,4178.10,Uberlândia,MG,Cartão Crédito
911,2025-02-25,110,Console de Videogame,Games,1,2999.00,2999.00,Rio de Janeiro,RJ,Pix
912,2025-02-25,107,Bicicleta Aro 29,Esporte e Lazer,2,1799.00,3598.00,São Paulo,SP,Cartão Crédito
913,2025-02-25,110,Console de Videogame,Games,2,2699.10,5398.20,São Paulo,SP,Cartão Crédito
914,2025-02-25,116,Notebook Core i5,Informática,1,3299.90,3299.90,Feira de Santana,BA,Cartão Débito
915,2025-02-25,116,Controle Sem Fio,Games,3,297.42,892.26,Feira de Santana,BA,Cartão Débito
916,2025-02-25,112,Carregador Turbo USB-C,Celulares e Acessórios,1,89.90,89.90,Campinas,SP,Cartão Crédito
917,2025-02-25,110,Máquina de Lavar 12kg,Eletrodomésticos,2,2089.05,4178.10,Feira de Santana,BA,Pix
918,2025-02-25,115,Airfryer 5L,Eletrodomésticos,4,429.90,1719.60,Rio de Janeiro,RJ,Cartão Crédito
919,2025-02-25,104,Fone Bluetooth,Celulares e Acessórios,2,199.90,399.80,Rio de Janeiro,RJ,Cartão Crédito
920,2025-02-25,115,Monitor Full HD 24pol,Informática,2,809.91,1619.82,São Paulo,SP,Cartão Crédito
921,2025-02-25,103,Máquina de Lavar 12kg,Eletrodomésticos,1,2089.05,2089.05,Brasília,DF,Pix
922,2025-02-25,117,Geladeira Frost Free 400L,Eletrodomésticos,2,3499.00,6998.00,São Paulo,SP,Pix
923,2025-02-25,103,Airfryer 5L,Eletrodomésticos,2,429.90,859.80,Salvador,BA,Cartão Débito
924,2025-02-26,119,Jogo de Aventura,Games,2,249.90,499.80,Brasília,DF,Cartão Débito
925,2025-02-26,103,Mesa de Jantar 6 Cadeiras,Móveis,2,1899.00,3798.00,Recife,PE,Cartão Crédito
926,2025-02-26,101,Controle Sem Fio,Games,4,349.90,1399.60,Vitória da Conquista,BA,Pix
927,2025-02-26,116,Console de Videogame,Games,1,2849.05,2849.05,São Paulo,SP,Boleto
928,2025-02-26,108,Smartphone 128GB,Celulares e Acessórios,1,1799.00,1799.00,Feira de Santana,BA,Cartão Débito
929,2025-02-26,101,Smartphone 128GB,Celulares e Acessórios,3,1709.05,5127.15,Vitória da Conquista,BA,Pix
930,2025-02-26,107,Console de Videogame,Games,1,2849.05,2849.05,Rio de Janeiro,RJ,Pix
931,2025-02-26,112,Airfryer 5L,Eletrodomésticos,1,429.90,429.90,Brasília,DF,Cartão Crédito
932,2025-02-26,101,Controle Sem Fio,Games,1,349.90,349.90,Goiânia,GO,Boleto
933,2025-02-26,109,Fone Bluetooth,Celulares e Acessórios,4,179.91,719.64,Salvador,BA,Pix
934,2025-02-26,107,Kit Halteres 20kg,Esporte e Lazer,1,246.90,246.90,Niterói,RJ,Cartão Crédito
935,2025-02-26,120,Monitor Full HD 24pol,Informática,2,899.90,1799.80,Brasília,DF,Boleto
936,2025-02-26,115,Monitor Full HD 24pol,Informática,1,899.90,899.90,Vitória da Conquista,BA,Cartão Débito
937,2025-02-27,105,Esteira Elétrica,Esporte e Lazer,1,2899.00,2899.00,Goiânia,GO,Pix
938,2025-02-27,113,Kit Halteres 20kg,Esporte e Lazer,4,259.90,1039.60,Belo Horizonte,MG,Boleto
939,2025-02-27,105,Cadeira de Escritório,Móveis,3,699.90,2099.70,Uberlândia,MG,Cartão Débito
940,2025-02-27,106,Jogo de Aventura,Games,3,224.91,674.73,Uberlândia,MG,Boleto
941,2025-02-27,117,Monitor Full HD 24pol,Informática,3,899.90,2699.70,Vitória da Conquista,BA,Cartão Crédito
942,2025-02-27,117,Kit Halteres 20kg,Esporte e Lazer,4,233.91,935.64,Brasília,DF,Pix
943,2025-02-27,115,Airfryer 5L,Eletrodomésticos,2,429.90,859.80,Belo Horizonte,MG,Cartão Crédito
944,2025-02-27,109,Bicicleta Aro 29,Esporte e Lazer,2,1709.05,3418.10,Niterói,RJ,Cartão Crédito
945,2025-02-27,105,Airfryer 5L,Eletrodomésticos,4,429.90,1719.60,Salvador,BA,Cartão Crédito
946,2025-02-27,112,Console de Videogame,Games,2,2999.00,5998.00,Fortaleza,CE,Boleto
947,2025-02-27,108,Notebook Core i5,Informática,2,3299.90,6599.80,Campinas,SP,Cartão Crédito
948,2025-02-27,107,Esteira Elétrica,Esporte e Lazer,1,2899.00,2899.00,Recife,PE,Boleto
949,2025-02-27,115,Carregador Turbo USB-C,Celulares e Acessórios,4,80.91,323.64,Goiânia,GO,Boleto
950,2025-02-27,101,Kit Halteres 20kg,Esporte e Lazer,1,233.91,233.91,Rio de Janeiro,RJ,Pix
951,2025-02-27,113,Controle Sem Fio,Games,4,349.90,1399.60,Rio de Janeiro,RJ,Cartão Crédito
952,2025-02-27,115,Máquina de Lavar 12kg,Eletrodomésticos,1,2089.05,2089.05,Brasília,DF,Cartão Crédito
953,2025-02-27,101,Bicicleta Aro 29,Esporte e Lazer,2,1799.00,3598.00,São Paulo,SP,Pix
954,2025-02-28,110,Kit Halteres 20kg,Esporte e Lazer,1,246.90,246.90,Vitória da Conquista,BA,Cartão Crédito
955,2025-02-28,119,Airfryer 5L,Eletrodomésticos,4,429.90,1719.60,Fortaleza,CE,Cartão Crédito
956,2025-02-28,110,Controle Sem Fio,Games,3,349.90,1049.70,Goiânia,GO,Cartão Crédito
957,2025-02-28,113,Micro-ondas 30L,Eletrodomésticos,2,617.40,1234.80,São Paulo,SP,Boleto
958,2025-02-28,106,Airfryer 5L,Eletrodomésticos,1,408.40,408.40,Feira de Santana,BA,Pix
959,2025-02-28,108,Micro-ondas 30L,Eletrodomésticos,1,649.90,649.90,Brasília,DF,Boleto
960,2025-02-28,104,Console de Videogame,Games,2,2999.00,5998.00,Porto Alegre,RS,Pix
961,2025-02-28,101,Jogo de Aventura,Games,3,249.90,749.70,São Paulo,SP,Boleto
962,2025-02-28,105,Sofá 3 Lugares,Móveis,1,2159.10,2159.10,Brasília,DF,Boleto
963,2025-02-28,115,Monitor Full HD 24pol,Informática,1,899.90,899.90,Brasília,DF,Cartão Débito
964,2025-02-28,110,Sofá 3 Lugares,Móveis,2,2279.05,4558.10,Salvador,BA,Cartão Débito
965,2025-03-01,117,Kit Halteres 20kg,Esporte e Lazer,2,259.90,519.80,Feira de Santana,BA,Pix
966,2025-03-01,113,Airfryer 5L,Eletrodomésticos,1,429.90,429.90,Belo Horizonte,MG,Cartão Crédito
967,2025-03-01,119,Máquina de Lavar 12kg,Eletrodomésticos,2,2199.00,4398.00,Curitiba,PR,Cartão Crédito
968,2025-03-01,119,Mesa de Jantar 6 Cadeiras,Móveis,2,1899.00,3798.00,Recife,PE,Cartão Débito
969,2025-03-01,117,Jogo de Aventura,Games,3,224.91,674.73,Rio de Janeiro,RJ,Cartão Débito
970,2025-03-01,105,Carregador Turbo USB-C,Celulares e Acessórios,2,85.40,170.80,Porto Alegre,RS,Cartão Débito
971,2025-03-01,106,Kit Halteres 20kg,Esporte e Lazer,3,246.90,740.70,Salvador,BA,Pix
972,2025-03-01,120,Smartphone 128GB,Celulares e Acessórios,1,1799.00,1799.00,Vitória da Conquista,BA,Pix
973,2025-03-01,103,Fone Bluetooth,Celulares e Acessórios,4,199.90,799.60,Rio de Janeiro,RJ,Boleto
974,2025-03-01,120,Smartphone 128GB,Celulares e Acessórios,3,1799.00,5397.00,Niterói,RJ,Cartão Débito
975,2025-03-01,104,Monitor Full HD 24pol,Informática,2,899.90,1799.80,Campinas,SP,Pix
976,2025-03-01,101,Console de Videogame,Games,2,2999.00,5998.00,Vitória da Conquista,BA,Cartão Crédito
977,2025-03-01,115,Esteira Elétrica,Esporte e Lazer,2,2754.05,5508.10,Belo Horizonte,MG,Cartão Crédito
978,2025-03-01,117,Geladeira Frost Free 400L,Eletrodomésticos,1,3499.00,3499.00,Porto Alegre,RS,Cartão Crédito
979,2025-03-01,109,Carregador Turbo USB-C,Celulares e Acessórios,6,89.90,539.40,Feira de Santana,BA,Pix
980,2025-03-01,110,Notebook Core i5,Informática,1,3299.90,3299.90,Niterói,RJ,Pix
981,2025-03-02,112,Controle Sem Fio,Games,1,297.42,297.42,Fortaleza,CE,Pix
982,2025-03-02,108,Monitor Full HD 24pol,Informática,3,899.90,2699.70,Salvador,BA,Cartão Crédito
983,2025-03-02,101,Máquina de Lavar 12kg,Eletrodomésticos,2,2199.00,4398.00,Porto Alegre,RS,Cartão Débito
984,2025-03-02,120,Geladeira Frost Free 400L,Eletrodomésticos,2,3499.00,6998.00,Goiânia,GO,Pix
985,2025-03-02,101,Notebook Core i5,Informática,2,3299.90,6599.80,Campinas,SP,Cartão Crédito
986,2025-03-02,117,Airfryer 5L,Eletrodomésticos,2,429.90,859.80,Porto Alegre,RS,Cartão Crédito
987,2025-03-02,104,Controle Sem Fio,Games,3,332.40,997.20,Goiânia,GO,Boleto
988,2025-03-02,101,Máquina de Lavar 12kg,Eletrodomésticos,2,2199.00,4398.00,Curitiba,PR,Cartão Crédito
989,2025-03-02,101,Notebook Core i5,Informática,2,2969.91,5939.82,Niterói,RJ,Cartão Débito
990,2025-03-02,105,Jogo de Aventura,Games,2,249.90,499.80,Santos,SP,Pix
991,2025-03-02,109,Smartphone 128GB,Celulares e Acessórios,3,1799.00,5397.00,Feira de Santana,BA,Cartão Crédito
992,2025-03-02,120,Sofá 3 Lugares,Móveis,2,2399.00,4798.00,Salvador,BA,Pix
993,2025-03-02,116,Micro-ondas 30L,Eletrodomésticos,3,649.90,1949.70,Feira de Santana,BA,Cartão Débito
994,2025-03-02,117,Carregador Turbo USB-C,Celulares e Acessórios,4,80.91,323.64,Rio de Janeiro,RJ,Boleto
995,2025-03-02,101,Fone Bluetooth,Celulares e Acessórios,2,199.90,399.80,São Paulo,SP,Boleto
996,2025-03-03,119,Bicicleta Aro 29,Esporte e Lazer,1,1799.00,1799.00,Campinas,SP,Boleto
997,2025-03-03,116,Carregador Turbo USB-C,Celulares e Acessórios,1,89.90,89.90,Belo Horizonte,MG,Cartão Débito
998,2025-03-03,105,Máquina de Lavar 12kg,Eletrodomésticos,1,2199.00,2199.00,Santos,SP,Pix
999,2025-03-03,107,Monitor Full HD 24pol,Informática,2,899.90,1799.80,Porto Alegre,RS,Boleto
1000,2025-03-03,105,Controle Sem Fio,Games,3,332.40,997.20,São Paulo,SP,Cartão Crédito
1001,2025-03-03,120,Notebook Core i5,Informática,1,3299.90,3299.90,Salvador,BA,Pix
1002,2025-03-03,115,Carregador Turbo USB-C,Celulares e Acessórios,3,85.40,256.20,Vitória da Conquista,BA,Cartão Débito
1003,2025-03-03,117,Smartphone 128GB,Celulares e Acessórios,2,1799.00,3598.00,Rio de Janeiro,RJ,Pix
1004,2025-03-03,119,Kit Halteres 20kg,Esporte e Lazer,3,220.92,662.76,Vitória da Conquista,BA,Cartão Crédito
1005,2025-03-03,110,Cadeira de Escritório,Móveis,1,699.90,699.90,Salvador,BA,Cartão Crédito
1006,2025-03-03,101,Mesa de Jantar 6 Cadeiras,Móveis,1,1899.00,1899.00,Niterói,RJ,Pix
1007,2025-03-03,120,Máquina de Lavar 12kg,Eletrodomésticos,2,2089.05,4178.10,Curitiba,PR,Cartão Débito
1008,2025-03-03,117,Smartphone 128GB,Celulares e Acessórios,1,1799.00,1799.00,Salvador,BA,Boleto
1009,2025-03-03,116,Geladeira Frost Free 400L,Eletrodomésticos,1,3499.00,3499.00,Brasília,DF,Boleto
1010,2025-03-03,117,Teclado Mecânico,Informática,2,260.91,521.82,Salvador,BA,Cartão Crédito
1011,2025-03-03,101,Console de Videogame,Games,2,2999.00,5998.00,Fortaleza,CE,Cartão Débito
1012,2025-03-03,116,Micro-ondas 30L,Eletrodomésticos,2,649.90,1299.80,São Paulo,SP,Cartão Crédito
1013,2025-03-03,112,Micro-ondas 30L,Eletrodomésticos,2,552.42,1104.84,São Paulo,SP,Cartão Crédito
1014,2025-03-03,110,Monitor Full HD 24pol,Informática,3,899.90,2699.70,Goiânia,GO,Cartão Crédito
1015,2025-03-03,120,Monitor Full HD 24pol,Informática,3,899.90,2699.70,Uberlândia,MG,Pix
1016,2025-03-04,108,Mesa de Jantar 6 Cadeiras,Móveis,2,1899.00,3798.00,Recife,PE,Cartão Crédito
1017,2025-03-04,109,Carregador Turbo USB-C,Celulares e Acessórios,5,89.90,449.50,Campinas,SP,Cartão Débito
1018,2025-03-04,104,Kit Halteres 20kg,Esporte e Lazer,3,259.90,779.70,Campinas,SP,Pix
1019,2025-03-04,116,Teclado Mecânico,Informática,3,289.90,869.70,Campinas,SP,Cartão Crédito
1020,2025-03-04,110,Kit Halteres 20kg,Esporte e Lazer,3,259.90,779.70,Goiânia,GO,Boleto
1021,2025-03-04,113,Sofá 3 Lugares,Móveis,1,2399.00,2399.00,Belo Horizonte,MG,Cartão Crédito
1022,2025-03-04,103,Monitor Full HD 24pol,Informática,2,809.91,1619.82,Campinas,SP,Cartão Crédito
1023,2025-03-04,104,Sofá 3 Lugares,Móveis,1,2399.00,2399.00,Santos,SP,Cartão Débito
1024,2025-03-04,106,Mesa de Jantar 6 Cadeiras,Móveis,2,1899.00,3798.00,Salvador,BA,Cartão Débito
1025,2025-03-04,113,Esteira Elétrica,Esporte e Lazer,2,2609.10,5218.20,Brasília,DF,Boleto
1026,2025-03-04,113,Carregador Turbo USB-C,Celulares e Acessórios,5,80.91,404.55,Uberlândia,MG,Cartão Débito
1027,2025-03-04,116,Esteira Elétrica,Esporte e Lazer,2,2899.00,5798.00,Fortaleza,CE,Boleto
1028,2025-03-04,110,Esteira Elétrica,Esporte e Lazer,2,2609.10,5218.20,Fortaleza,CE,Cartão Crédito
1029,2025-03-04,109,Esteira Elétrica,Esporte e Lazer,1,2464.15,2464.15,Feira de Santana,BA,Cartão Crédito
1030,2025-03-05,103,Sofá 3 Lugares,Móveis,2,2399.00,4798.00,Brasília,DF,Boleto
1031,2025-03-05,116,Fone Bluetooth,Celulares e Acessórios,4,169.92,679.68,Campinas,SP,Cartão Débito
1032,2025-03-05,116,Bicicleta Aro 29,Esporte e Lazer,2,1799.00,3598.00,Brasília,DF,Cartão Crédito
1033,2025-03-05,110,Mesa de Jantar 6 Cadeiras,Móveis,2,1899.00,3798.00,Niterói,RJ,Cartão Débito
1034,2025-03-05,115,Máquina de Lavar 12kg,Eletrodomésticos,2,2199.00,4398.00,Recife,PE,Cartão Crédito
1035,2025-03-05,112,Mesa de Jantar 6 Cadeiras,Móveis,1,1804.05,1804.05,São Paulo,SP,Cartão Crédito
1036,2025-03-05,112,Monitor Full HD 24pol,Informática,2,854.90,1709.80,Santos,SP,Pix
1037,2025-03-05,101,Cadeira de Escritório,Móveis,2,699.90,1399.80,São Paulo,SP,Cartão Débito
1038,2025-03-05,110,Máquina de Lavar 12kg,Eletrodomésticos,1,2199.00,2199.00,São Paulo,SP,Boleto
1039,2025-03-06,101,Sofá 3 Lugares,Móveis,2,2399.00,4798.00,Fortaleza,CE,Cartão Crédito
1040,2025-03-06,110,Micro-ondas 30L,Eletrodomésticos,3,552.42,1657.26,Curitiba,PR,Cartão Crédito
1041,2025-03-06,109,Cadeira de Escritório,Móveis,3,699.90,2099.70,Recife,PE,Cartão Crédito
1042,2025-03-06,115,Teclado Mecânico,Informática,2,289.90,579.80,São Paulo,SP,Cartão Crédito
1043,2025-03-06,101,Geladeira Frost Free 400L,Eletrodomésticos,1,3499.00,3499.00,São Paulo,SP,Cartão Débito
1044,2025-03-06,119,Mesa de Jantar 6 Cadeiras,Móveis,1,1899.00,1899.00,Salvador,BA,Cartão Débito
1045,2025-03-06,108,Teclado Mecânico,Informática,3,289.90,869.70,Brasília,DF,Pix
1046,2025-03-06,110,Teclado Mecânico,Informática,1,289.90,289.90,Goiânia,GO,Pix
1047,2025-03-06,112,Fone Bluetooth,Celulares e Acessórios,5,199.90,999.50,Santos,SP,Cartão Débito
1048,2025-03-06,103,Sofá 3 Lugares,Móveis,2,2399.00,4798.00,Goiânia,GO,Pix
1049,2025-03-06,101,Kit Halteres 20kg,Esporte e Lazer,3,246.90,740.70,Belo Horizonte,MG,Boleto
1050,2025-03-06,117,Smartphone 128GB,Celulares e Acessórios,2,1799.00,3598.00,Curitiba,PR,Boleto
1051,2025-03-06,109,Máquina de Lavar 12kg,Eletrodomésticos,2,2199.00,4398.00,Vitória da Conquista,BA,Pix
1052,2025-03-07,101,Controle Sem Fio,Games,3,349.90,1049.70,São Paulo,SP,Boleto
1053,2025-03-07,109,Notebook Core i5,Informática,1,3299.90,3299.90,Goiânia,GO,Boleto
1054,2025-03-07,106,Bicicleta Aro 29,Esporte e Lazer,1,1799.00,1799.00,Vitória da Conquista,BA,Boleto
1055,2025-03-07,120,Teclado Mecânico,Informática,4,289.90,1159.60,Fortaleza,CE,Cartão Crédito
1056,2025-03-07,107,Console de Videogame,Games,2,2999.00,5998.00,Vitória da Conquista,BA,Pix
1057,2025-03-07,108,Máquina de Lavar 12kg,Eletrodomésticos,2,1869.15,3738.30,Porto Alegre,RS,Cartão Débito
1058,2025-03-07,113,Smartphone 128GB,Celulares e Acessórios,1,1529.15,1529.15,São Paulo,SP,Cartão Crédito
1059,2025-03-07,105,Esteira Elétrica,Esporte e Lazer,2,2899.00,5798.00,Santos,SP,Cartão Débito
1060,2025-03-07,115,Cadeira de Escritório,Móveis,4,699.90,2799.60,Goiânia,GO,Pix
1061,2025-03-07,105,Sofá 3 Lugares,Móveis,1,2399.00,2399.00,Salvador,BA,Pix
1062,2025-03-07,109,Airfryer 5L,Eletrodomésticos,2,429.90,859.80,Recife,PE,Boleto
1063,2025-03-07,103,Máquina de Lavar 12kg,Eletrodomésticos,2,2199.00,4398.00,Salvador,BA,Cartão Crédito
1064,2025-03-07,113,Sofá 3 Lugares,Móveis,1,2399.00,2399.00,São Paulo,SP,Cartão Crédito
1065,2025-03-07,113,Console de Videogame,Games,1,2999.00,2999.00,São Paulo,SP,Pix
1066,2025-03-07,115,Carregador Turbo USB-C,Celulares e Acessórios,2,80.91,161.82,Santos,SP,Pix
1067,2025-03-07,119,Geladeira Frost Free 400L,Eletrodomésticos,2,3499.00,6998.00,Campinas,SP,Cartão Crédito
1068,2025-03-07,103,Bicicleta Aro 29,Esporte e Lazer,1,1619.10,1619.10,Salvador,BA,Cartão Crédito
1069,2025-03-07,108,Bicicleta Aro 29,Esporte e Lazer,1,1619.10,1619.10,Campinas,SP,Pix
1070,2025-03-07,101,Teclado Mecânico,Informática,4,289.90,1159.60,Belo Horizonte,MG,Cartão Crédito
1071,2025-03-07,108,Jogo de Aventura,Games,4,249.90,999.60,Rio de Janeiro,RJ,Cartão Crédito
1072,2025-03-07,117,Console de Videogame,Games,2,2999.00,5998.00,Belo Horizonte,MG,Cartão Crédito
1073,2025-03-07,106,Mesa de Jantar 6 Cadeiras,Móveis,1,1804.05,1804.05,Feira de Santana,BA,Cartão Débito
1074,2025-03-07,105,Kit Halteres 20kg,Esporte e Lazer,2,259.90,519.80,São Paulo,SP,Pix
1075,2025-03-07,109,Máquina de Lavar 12kg,Eletrodomésticos,2,2199.00,4398.00,Feira de Santana,BA,Pix
1076,2025-03-07,119,Mouse Sem Fio,Informática,1,79.90,79.90,Salvador,BA,Cartão Crédito
1077,2025-03-07,120,Teclado Mecânico,Informática,1,289.90,289.90,Porto Alegre,RS,Pix
1078,2025-03-07,112,Máquina de Lavar 12kg,Eletrodomésticos,1,2199.00,2199.00,Brasília,DF,Cartão Crédito
1079,2025-03-07,112,Kit Halteres 20kg,Esporte e Lazer,2,259.90,519.80,Brasília,DF,Cartão Crédito
1080,2025-03-08,107,Monitor Full HD 24pol,Informática,2,899.90,1799.80,Belo Horizonte,MG,Cartão Débito
1081,2025-03-08,120,Cadeira de Escritório,Móveis,1,664.90,664.90,Campinas,SP,Pix
1082,2025-03-08,101,Geladeira Frost Free 400L,Eletrodomésticos,1,3499.00,3499.00,Fortaleza,CE,Cartão Crédito
1083,2025-03-08,104,Console de Videogame,Games,1,2999.00,2999.00,Salvador,BA,Pix
1084,2025-03-08,108,Notebook Core i5,Informática,2,2969.91,5939.82,São Paulo,SP,Pix
1085,2025-03-08,117,Smartphone 128GB,Celulares e Acessórios,3,1619.10,4857.30,Goiânia,GO,Cartão Crédito
1086,2025-03-08,113,Carregador Turbo USB-C,Celulares e Acessórios,6,89.90,539.40,Uberlândia,MG,Boleto
1087,2025-03-08,113,Mesa de Jantar 6 Cadeiras,Móveis,1,1899.00,1899.00,Fortaleza,CE,Pix
1088,2025-03-08,103,Fone Bluetooth,Celulares e Acessórios,1,199.90,199.90,Niterói,RJ,Cartão Crédito
1089,2025-03-08,120,Carregador Turbo USB-C,Celulares e Acessórios,4,89.90,359.60,Curitiba,PR,Pix
1090,2025-03-08,115,Jogo de Aventura,Games,3,249.90,749.70,Campinas,SP,Boleto
1091,2025-03-08,106,Controle Sem Fio,Games,2,349.90,699.80,Recife,PE,Boleto
1092,2025-03-08,103,Controle Sem Fio,Games,1,349.90,349.90,Salvador,BA,Cartão Crédito
1093,2025-03-08,101,Smartphone 128GB,Celulares e Acessórios,2,1799.00,3598.00,Uberlândia,MG,Cartão Crédito
1094,2025-03-08,101,Cadeira de Escritório,Móveis,1,699.90,699.90,Salvador,BA,Cartão Débito
1095,2025-03-08,112,Geladeira Frost Free 400L,Eletrodomésticos,1,2974.15,2974.15,Rio de Janeiro,RJ,Pix
1096,2025-03-08,113,Bicicleta Aro 29,Esporte e Lazer,1,1799.00,1799.00,Rio de Janeiro,RJ,Cartão Débito
1097,2025-03-09,104,Carregador Turbo USB-C,Celulares e Acessórios,3,89.90,269.70,Niterói,RJ,Cartão Crédito
1098,2025-03-09,116,Teclado Mecânico,Informática,2,289.90,579.80,Brasília,DF,Cartão Crédito
1099,2025-03-09,103,Máquina de Lavar 12kg,Eletrodomésticos,1,2199.00,2199.00,Brasília,DF,Boleto
1100,2025-03-09,120,Micro-ondas 30L,Eletrodomésticos,2,584.91,1169.82,Fortaleza,CE,Cartão Crédito
1101,2025-03-09,104,Monitor Full HD 24pol,Informática,3,854.90,2564.70,Curitiba,PR,Cartão Débito
1102,2025-03-09,117,Controle Sem Fio,Games,1,349.90,349.90,Curitiba,PR,Cartão Débito
1103,2025-03-09,117,Geladeira Frost Free 400L,Eletrodomésticos,1,3499.00,3499.00,Niterói,RJ,Cartão Crédito
1104,2025-03-09,116,Teclado Mecânico,Informática,2,289.90,579.80,Uberlândia,MG,Pix
1105,2025-03-09,109,Smartphone 128GB,Celulares e Acessórios,2,1709.05,3418.10,Rio de Janeiro,RJ,Cartão Crédito
1106,2025-03-09,112,Airfryer 5L,Eletrodomésticos,2,429.90,859.80,Recife,PE,Pix
1107,2025-03-09,103,Smartphone 128GB,Celulares e Acessórios,2,1709.05,3418.10,Curitiba,PR,Cartão Crédito
1108,2025-03-09,106,Geladeira Frost Free 400L,Eletrodomésticos,2,3499.00,6998.00,Belo Horizonte,MG,Cartão Crédito
1109,2025-03-09,115,Kit Halteres 20kg,Esporte e Lazer,4,233.91,935.64,Campinas,SP,Boleto
1110,2025-03-09,108,Teclado Mecânico,Informática,2,289.90,579.80,Vitória da Conquista,BA,Pix
1111,2025-03-09,115,Cadeira de Escritório,Móveis,1,699.90,699.90,Belo Horizonte,MG,Pix
1112,2025-03-09,120,Kit Halteres 20kg,Esporte e Lazer,3,259.90,779.70,Salvador,BA,Pix
1113,2025-03-09,116,Esteira Elétrica,Esporte e Lazer,1,2899.00,2899.00,Goiânia,GO,Cartão Crédito
1114,2025-03-09,113,Jogo de Aventura,Games,2,249.90,499.80,Uberlândia,MG,Cartão Crédito
1115,2025-03-10,105,Cadeira de Escritório,Móveis,3,699.90,2099.70,Feira de Santana,BA,Pix
1116,2025-03-10,108,Micro-ondas 30L,Eletrodomésticos,2,649.90,1299.80,Brasília,DF,Boleto
1117,2025-03-10,108,Controle Sem Fio,Games,4,349.90,1399.60,Curitiba,PR,Boleto
1118,2025-03-10,109,Monitor Full HD 24pol,Informática,3,899.90,2699.70,Goiânia,GO,Cartão Crédito
1119,2025-03-10,112,Esteira Elétrica,Esporte e Lazer,2,2899.00,5798.00,São Paulo,SP,Boleto
1120,2025-03-10,110,Smartphone 128GB,Celulares e Acessórios,3,1709.05,5127.15,Campinas,SP,Cartão Débito
1121,2025-03-10,103,Bicicleta Aro 29,Esporte e Lazer,1,1619.10,1619.10,Brasília,DF,Pix
1122,2025-03-10,103,Esteira Elétrica,Esporte e Lazer,2,2899.00,5798.00,Brasília,DF,Boleto
1123,2025-03-10,104,Micro-ondas 30L,Eletrodomésticos,3,649.90,1949.70,Salvador,BA,Cartão Crédito
1124,2025-03-10,104,Mesa de Jantar 6 Cadeiras,Móveis,1,1899.00,1899.00,Curitiba,PR,Pix
1125,2025-03-10,104,Esteira Elétrica,Esporte e Lazer,2,2899.00,5798.00,Goiânia,GO,Pix
1126,2025-03-10,106,Smartphone 128GB,Celulares e Acessórios,2,1799.00,3598.00,Porto Alegre,RS,Cartão Débito
1127,2025-03-10,103,Carregador Turbo USB-C,Celulares e Acessórios,1,76.42,76.42,Niterói,RJ,Pix
1128,2025-03-11,116,Fone Bluetooth,Celulares e Acessórios,4,199.90,799.60,Porto Alegre,RS,Boleto
1129,2025-03-11,109,Teclado Mecânico,Informática,2,275.40,550.80,Belo Horizonte,MG,Pix
1130,2025-03-11,112,Esteira Elétrica,Esporte e Lazer,1,2754.05,2754.05,Recife,PE,Cartão Débito
1131,2025-03-11,119,Esteira Elétrica,Esporte e Lazer,1,2899.00,2899.00,Goiânia,GO,Pix
1132,2025-03-11,101,Console de Videogame,Games,2,2699.10,5398.20,Salvador,BA,Boleto
1133,2025-03-11,105,Monitor Full HD 24pol,Informática,1,899.90,899.90,Uberlândia,MG,Boleto
1134,2025-03-11,109,Jogo de Aventura,Games,5,249.90,1249.50,Campinas,SP,Pix
1135,2025-03-11,104,Geladeira Frost Free 400L,Eletrodomésticos,2,3499.00,6998.00,Recife,PE,Cartão Crédito
1136,2025-03-11,117,Airfryer 5L,Eletrodomésticos,4,365.42,1461.68,Niterói,RJ,Boleto
1137,2025-03-11,113,Monitor Full HD 24pol,Informática,3,854.90,2564.70,Goiânia,GO,Cartão Débito
1138,2025-03-11,103,Esteira Elétrica,Esporte e Lazer,1,2899.00,2899.00,Uberlândia,MG,Boleto
1139,2025-03-11,101,Geladeira Frost Free 400L,Eletrodomésticos,1,3324.05,3324.05,Belo Horizonte,MG,Cartão Débito
1140,2025-03-11,110,Airfryer 5L,Eletrodomésticos,3,429.90,1289.70,Campinas,SP,Cartão Crédito
1141,2025-03-11,119,Teclado Mecânico,Informática,2,289.90,579.80,Goiânia,GO,Pix
1142,2025-03-11,107,Airfryer 5L,Eletrodomésticos,1,408.40,408.40,Porto Alegre,RS,Cartão Débito
1143,2025-03-12,116,Bicicleta Aro 29,Esporte e Lazer,1,1799.00,1799.00,São Paulo,SP,Pix
1144,2025-03-12,115,Airfryer 5L,Eletrodomésticos,4,408.40,1633.60,Vitória da Conquista,BA,Cartão Débito
1145,2025-03-12,104,Kit Halteres 20kg,Esporte e Lazer,3,259.90,779.70,Niterói,RJ,Cartão Crédito
1146,2025-03-12,120,Controle Sem Fio,Games,3,349.90,1049.70,Fortaleza,CE,Boleto
1147,2025-03-12,119,Jogo de Aventura,Games,5,249.90,1249.50,São Paulo,SP,Cartão Débito
1148,2025-03-12,103,Controle Sem Fio,Games,2,349.90,699.80,Belo Horizonte,MG,Boleto
1149,2025-03-12,120,Carregador Turbo USB-C,Celulares e Acessórios,5,89.90,449.50,Rio de Janeiro,RJ,Cartão Débito
1150,2025-03-12,119,Airfryer 5L,Eletrodomésticos,4,429.90,1719.60,Fortaleza,CE,Cartão Débito
1151,2025-03-12,103,Fone Bluetooth,Celulares e Acessórios,4,199.90,799.60,Vitória da Conquista,BA,Cartão Crédito
1152,2025-03-12,120,Mouse Sem Fio,Informática,3,79.90,239.70,Santos,SP,Boleto
1153,2025-03-12,109,Teclado Mecânico,Informática,2,289.90,579.80,Curitiba,PR,Cartão Crédito
1154,2025-03-12,109,Teclado Mecânico,Informática,3,289.90,869.70,Campinas,SP,Boleto
1155,2025-03-12,103,Console de Videogame,Games,2,2999.00,5998.00,Vitória da Conquista,BA,Cartão Crédito
1156,2025-03-12,101,Jogo de Aventura,Games,4,249.90,999.60,Campinas,SP,Cartão Débito
1157,2025-03-13,115,Sofá 3 Lugares,Móveis,1,2399.00,2399.00,Porto Alegre,RS,Cartão Débito
1158,2025-03-13,109,Jogo de Aventura,Games,1,249.90,249.90,Niterói,RJ,Cartão Débito
1159,2025-03-13,101,Mesa de Jantar 6 Cadeiras,Móveis,1,1899.00,1899.00,Vitória da Conquista,BA,Pix
1160,2025-03-13,108,Mouse Sem Fio,Informática,4,79.90,319.60,Goiânia,GO,Cartão Crédito
1161,2025-03-13,105,Máquina de Lavar 12kg,Eletrodomésticos,2,2199.00,4398.00,Porto Alegre,RS,Boleto
1162,2025-03-13,108,Kit Halteres 20kg,Esporte e Lazer,4,259.90,1039.60,Niterói,RJ,Cartão Débito
1163,2025-03-13,112,Teclado Mecânico,Informática,4,289.90,1159.60,Recife,PE,Cartão Débito
1164,2025-03-13,104,Geladeira Frost Free 400L,Eletrodomésticos,1,3499.00,3499.00,Goiânia,GO,Cartão Débito
1165,2025-03-13,104,Jogo de Aventura,Games,5,249.90,1249.50,Recife,PE,Pix
1166,2025-03-13,115,Teclado Mecânico,Informática,3,246.42,739.26,Brasília,DF,Cartão Crédito
1167,2025-03-13,103,Geladeira Frost Free 400L,Eletrodomésticos,1,3499.00,3499.00,Recife,PE,Cartão Crédito
1168,2025-03-13,103,Esteira Elétrica,Esporte e Lazer,2,2899.00,5798.00,Fortaleza,CE,Cartão Crédito
1169,2025-03-13,117,Controle Sem Fio,Games,3,349.90,1049.70,Rio de Janeiro,RJ,Cartão Crédito
1170,2025-03-13,112,Esteira Elétrica,Esporte e Lazer,1,2899.00,2899.00,Feira de Santana,BA,Pix
1171,2025-03-13,106,Fone Bluetooth,Celulares e Acessórios,3,199.90,599.70,Belo Horizonte,MG,Boleto
1172,2025-03-13,103,Fone Bluetooth,Celulares e Acessórios,4,199.90,799.60,Recife,PE,Cartão Crédito
1173,2025-03-13,115,Console de Videogame,Games,2,2999.00,5998.00,Vitória da Conquista,BA,Cartão Débito
1174,2025-03-13,105,Cadeira de Escritório,Móveis,4,699.90,2799.60,Uberlândia,MG,Pix
1175,2025-03-13,105,Bicicleta Aro 29,Esporte e Lazer,1,1799.00,1799.00,Rio de Janeiro,RJ,Pix
1176,2025-03-14,116,Carregador Turbo USB-C,Celulares e Acessórios,4,85.40,341.60,Curitiba,PR,Cartão Crédito
1177,2025-03-14,119,Sofá 3 Lugares,Móveis,2,2159.10,4318.20,Recife,PE,Cartão Débito
1178,2025-03-14,110,Teclado Mecânico,Informática,4,289.90,1159.60,Brasília,DF,Cartão Débito
1179,2025-03-14,117,Monitor Full HD 24pol,Informática,3,899.90,2699.70,Brasília,DF,Pix
1180,2025-03-14,103,Bicicleta Aro 29,Esporte e Lazer,2,1709.05,3418.10,Vitória da Conquista,BA,Cartão Crédito
1181,2025-03-14,120,Controle Sem Fio,Games,3,349.90,1049.70,Niterói,RJ,Boleto
1182,2025-03-14,103,Airfryer 5L,Eletrodomésticos,4,408.40,1633.60,São Paulo,SP,Pix
1183,2025-03-14,108,Esteira Elétrica,Esporte e Lazer,2,2754.05,5508.10,Campinas,SP,Pix
1184,2025-03-14,110,Micro-ondas 30L,Eletrodomésticos,2,649.90,1299.80,Niterói,RJ,Pix
1185,2025-03-14,103,Smartphone 128GB,Celulares e Acessórios,1,1799.00,1799.00,Brasília,DF,Cartão Débito
1186,2025-03-14,109,Esteira Elétrica,Esporte e Lazer,1,2754.05,2754.05,Santos,SP,Cartão Crédito
1187,2025-03-14,104,Bicicleta Aro 29,Esporte e Lazer,1,1799.00,1799.00,Brasília,DF,Pix
1188,2025-03-14,109,Kit Halteres 20kg,Esporte e Lazer,4,259.90,1039.60,Rio de Janeiro,RJ,Cartão Débito
1189,2025-03-14,116,Mesa de Jantar 6 Cadeiras,Móveis,2,1899.00,3798.00,Rio de Janeiro,RJ,Cartão Débito
1190,2025-03-14,113,Máquina de Lavar 12kg,Eletrodomésticos,2,2089.05,4178.10,Curitiba,PR,Cartão Débito
1191,2025-03-14,116,Monitor Full HD 24pol,Informática,2,809.91,1619.82,Fortaleza,CE,Boleto
1192,2025-03-14,104,Monitor Full HD 24pol,Informática,1,899.90,899.90,Porto Alegre,RS,Cartão Crédito
1193,2025-03-14,115,Esteira Elétrica,Esporte e Lazer,2,2899.00,5798.00,Goiânia,GO,Cartão Débito
1194,2025-03-14,117,Cadeira de Escritório,Móveis,3,664.90,1994.70,Vitória da Conquista,BA,Pix
1195,2025-03-15,101,Smartphone 128GB,Celulares e Acessórios,2,1799.00,3598.00,Vitória da Conquista,BA,Pix
1196,2025-03-15,107,Airfryer 5L,Eletrodomésticos,4,429.90,1719.60,Goiânia,GO,Pix
1197,2025-03-15,115,Teclado Mecânico,Informática,4,289.90,1159.60,Salvador,BA,Boleto
1198,2025-03-15,115,Carregador Turbo USB-C,Celulares e Acessórios,3,89.90,269.70,Rio de Janeiro,RJ,Cartão Débito
1199,2025-03-15,108,Teclado Mecânico,Informática,4,289.90,1159.60,São Paulo,SP,Cartão Crédito
1200,2025-03-15,120,Airfryer 5L,Eletrodomésticos,4,429.90,1719.60,Vitória da Conquista,BA,Pix
1201,2025-03-15,104,Fone Bluetooth,Celulares e Acessórios,4,189.90,759.60,Uberlândia,MG,Cartão Crédito
1202,2025-03-15,104,Teclado Mecânico,Informática,3,289.90,869.70,Vitória da Conquista,BA,Boleto
1203,2025-03-15,107,Notebook Core i5,Informática,1,3134.90,3134.90,Santos,SP,Boleto
1204,2025-03-15,119,Mouse Sem Fio,Informática,6,79.90,479.40,Porto Alegre,RS,Cartão Crédito
1205,2025-03-15,113,Mouse Sem Fio,Informática,5,79.90,399.50,Goiânia,GO,Boleto
1206,2025-03-15,103,Jogo de Aventura,Games,5,249.90,1249.50,Rio de Janeiro,RJ,Cartão Débito
1207,2025-03-15,104,Carregador Turbo USB-C,Celulares e Acessórios,4,89.90,359.60,Santos,SP,Pix
1208,2025-03-15,107,Esteira Elétrica,Esporte e Lazer,1,2899.00,2899.00,Rio de Janeiro,RJ,Boleto
1209,2025-03-15,120,Cadeira de Escritório,Móveis,4,664.90,2659.60,Goiânia,GO,Cartão Débito
1210,2025-03-15,107,Smartphone 128GB,Celulares e Acessórios,3,1799.00,5397.00,Belo Horizonte,MG,Cartão Débito
1211,2025-03-16,103,Fone Bluetooth,Celulares e Acessórios,5,199.90,999.50,Uberlândia,MG,Pix
1212,2025-03-16,108,Micro-ondas 30L,Eletrodomésticos,1,649.90,649.90,Santos,SP,Pix
1213,2025-03-16,119,Micro-ondas 30L,Eletrodomésticos,1,649.90,649.90,Campinas,SP,Cartão Débito
1214,2025-03-16,101,Sofá 3 Lugares,Móveis,2,2399.00,4798.00,Porto Alegre,RS,Pix
1215,2025-03-16,104,Bicicleta Aro 29,Esporte e Lazer,2,1799.00,3598.00,Campinas,SP,Cartão Débito
1216,2025-03-16,113,Notebook Core i5,Informática,1,3299.90,3299.90,São Paulo,SP,Pix
1217,2025-03-16,106,Máquina de Lavar 12kg,Eletrodomésticos,1,2199.00,2199.00,São Paulo,SP,Boleto
1218,2025-03-16,112,Sofá 3 Lugares,Móveis,1,2159.10,2159.10,Rio de Janeiro,RJ,Cartão Crédito
1219,2025-03-16,106,Mouse Sem Fio,Informática,3,79.90,239.70,Brasília,DF,Cartão Crédito
1220,2025-03-16,113,Máquina de Lavar 12kg,Eletrodomésticos,1,2199.00,2199.00,Feira de Santana,BA,Boleto
1221,2025-03-16,119,Jogo de Aventura,Games,2,224.91,449.82,Goiânia,GO,Cartão Débito
1222,2025-03-16,113,Airfryer 5L,Eletrodomésticos,1,365.42,365.42,São Paulo,SP,Cartão Débito
1223,2025-03-16,120,Kit Halteres 20kg,Esporte e Lazer,2,259.90,519.80,Rio de Janeiro,RJ,Pix
1224,2025-03-16,112,Carregador Turbo USB-C,Celulares e Acessórios,3,89.90,269.70,Rio de Janeiro,RJ,Cartão Débito
1225,2025-03-16,101,Bicicleta Aro 29,Esporte e Lazer,2,1799.00,3598.00,Uberlândia,MG,Cartão Crédito
1226,2025-03-16,107,Mouse Sem Fio,Informática,2,71.91,143.82,Niterói,RJ,Pix
1227,2025-03-16,108,Mouse Sem Fio,Informática,2,79.90,159.80,Porto Alegre,RS,Cartão Crédito
1228,2025-03-16,105,Cadeira de Escritório,Móveis,3,629.91,1889.73,Recife,PE,Cartão Crédito
1229,2025-03-16,115,Carregador Turbo USB-C,Celulares e Acessórios,1,85.40,85.40,Fortaleza,CE,Pix
1230,2025-03-17,109,Geladeira Frost Free 400L,Eletrodomésticos,2,3149.10,6298.20,Santos,SP,Pix
1231,2025-03-17,109,Mesa de Jantar 6 Cadeiras,Móveis,2,1899.00,3798.00,Fortaleza,CE,Pix
1232,2025-03-17,117,Máquina de Lavar 12kg,Eletrodomésticos,1,2199.00,2199.00,Curitiba,PR,Pix
1233,2025-03-17,110,Console de Videogame,Games,2,2999.00,5998.00,São Paulo,SP,Pix
1234,2025-03-17,109,Jogo de Aventura,Games,2,249.90,499.80,São Paulo,SP,Cartão Crédito
1235,2025-03-17,116,Console de Videogame,Games,2,2699.10,5398.20,Salvador,BA,Cartão Crédito
1236,2025-03-17,110,Cadeira de Escritório,Móveis,3,594.92,1784.76,Vitória da Conquista,BA,Pix
1237,2025-03-17,108,Monitor Full HD 24pol,Informática,2,764.92,1529.84,Belo Horizonte,MG,Cartão Débito
1238,2025-03-17,112,Geladeira Frost Free 400L,Eletrodomésticos,2,3499.00,6998.00,Rio de Janeiro,RJ,Pix
1239,2025-03-17,113,Fone Bluetooth,Celulares e Acessórios,1,199.90,199.90,Santos,SP,Cartão Crédito
1240,2025-03-17,107,Jogo de Aventura,Games,3,249.90,749.70,Curitiba,PR,Pix
1241,2025-03-18,117,Controle Sem Fio,Games,2,314.91,629.82,Niterói,RJ,Cartão Débito
1242,2025-03-18,105,Smartphone 128GB,Celulares e Acessórios,3,1799.00,5397.00,Santos,SP,Cartão Crédito
1243,2025-03-18,108,Esteira Elétrica,Esporte e Lazer,1,2609.10,2609.10,Goiânia,GO,Pix
1244,2025-03-18,110,Máquina de Lavar 12kg,Eletrodomésticos,1,2199.00,2199.00,Uberlândia,MG,Cartão Crédito
1245,2025-03-18,105,Cadeira de Escritório,Móveis,3,699.90,2099.70,Niterói,RJ,Cartão Débito
1246,2025-03-18,112,Kit Halteres 20kg,Esporte e Lazer,3,259.90,779.70,Uberlândia,MG,Pix
1247,2025-03-18,105,Notebook Core i5,Informática,2,3299.90,6599.80,Vitória da Conquista,BA,Boleto
1248,2025-03-18,112,Mesa de Jantar 6 Cadeiras,Móveis,2,1614.15,3228.30,Fortaleza,CE,Cartão Débito
1249,2025-03-18,113,Monitor Full HD 24pol,Informática,1,899.90,899.90,Vitória da Conquista,BA,Boleto
1250,2025-03-18,107,Jogo de Aventura,Games,4,237.40,949.60,Campinas,SP,Cartão Débito
1251,2025-03-18,112,Fone Bluetooth,Celulares e Acessórios,1,199.90,199.90,Belo Horizonte,MG,Boleto
1252,2025-03-18,103,Cadeira de Escritório,Móveis,1,664.90,664.90,Feira de Santana,BA,Pix
1253,2025-03-18,101,Bicicleta Aro 29,Esporte e Lazer,2,1799.00,3598.00,Curitiba,PR,Boleto
1254,2025-03-18,105,Geladeira Frost Free 400L,Eletrodomésticos,2,3499.00,6998.00,Feira de Santana,BA,Cartão Crédito
1255,2025-03-18,107,Monitor Full HD 24pol,Informática,3,899.90,2699.70,Campinas,SP,Boleto
1256,2025-03-19,105,Teclado Mecânico,Informática,2,289.90,579.80,Goiânia,GO,Cartão Crédito
1257,2025-03-19,106,Airfryer 5L,Eletrodomésticos,1,429.90,429.90,Salvador,BA,Pix
1258,2025-03-19,104,Monitor Full HD 24pol,Informática,3,899.90,2699.70,Porto Alegre,RS,Cartão Débito
1259,2025-03-19,107,Bicicleta Aro 29,Esporte e Lazer,2,1529.15,3058.30,Campinas,SP,Cartão Crédito
1260,2025-03-19,105,Smartphone 128GB,Celulares e Acessórios,1,1799.00,1799.00,Belo Horizonte,MG,Cartão Crédito
1261,2025-03-19,104,Console de Videogame,Games,2,2999.00,5998.00,Feira de Santana,BA,Cartão Crédito
1262,2025-03-19,108,Controle Sem Fio,Games,1,349.90,349.90,Salvador,BA,Pix
1263,2025-03-19,107,Jogo de Aventura,Games,1,249.90,249.90,Rio de Janeiro,RJ,Pix
1264,2025-03-19,106,Carregador Turbo USB-C,Celulares e Acessórios,6,85.40,512.40,Rio de Janeiro,RJ,Cartão Crédito
1265,2025-03-19,105,Esteira Elétrica,Esporte e Lazer,1,2899.00,2899.00,Feira de Santana,BA,Pix
1266,2025-03-19,119,Mesa de Jantar 6 Cadeiras,Móveis,1,1899.00,1899.00,Goiânia,GO,Cartão Débito
1267,2025-03-19,101,Teclado Mecânico,Informática,3,289.90,869.70,Fortaleza,CE,Boleto
1268,2025-03-19,110,Controle Sem Fio,Games,1,349.90,349.90,Uberlândia,MG,Cartão Débito
1269,2025-03-19,105,Sofá 3 Lugares,Móveis,1,2279.05,2279.05,Porto Alegre,RS,Boleto
1270,2025-03-19,106,Jogo de Aventura,Games,4,249.90,999.60,Fortaleza,CE,Cartão Crédito
1271,2025-03-19,112,Teclado Mecânico,Informática,3,289.90,869.70,Belo Horizonte,MG,Cartão Débito
1272,2025-03-19,120,Sofá 3 Lugares,Móveis,2,2039.15,4078.30,Recife,PE,Pix
1273,2025-03-19,115,Bicicleta Aro 29,Esporte e Lazer,1,1799.00,1799.00,Salvador,BA,Cartão Crédito
1274,2025-03-19,104,Micro-ondas 30L,Eletrodomésticos,2,649.90,1299.80,Vitória da Conquista,BA,Cartão Débito
1275,2025-03-19,119,Máquina de Lavar 12kg,Eletrodomésticos,2,1979.10,3958.20,Brasília,DF,Pix
1276,2025-03-20,120,Esteira Elétrica,Esporte e Lazer,1,2609.10,2609.10,Uberlândia,MG,Cartão Débito
1277,2025-03-20,101,Jogo de Aventura,Games,3,212.42,637.26,São Paulo,SP,Cartão Crédito
1278,2025-03-20,104,Carregador Turbo USB-C,Celulares e Acessórios,5,89.90,449.50,Campinas,SP,Pix
1279,2025-03-20,105,Smartphone 128GB,Celulares e Acessórios,2,1799.00,3598.00,Belo Horizonte,MG,Boleto
1280,2025-03-20,109,Monitor Full HD 24pol,Informática,3,899.90,2699.70,Belo Horizonte,MG,Cartão Débito
1281,2025-03-20,109,Notebook Core i5,Informática,1,3299.90,3299.90,Brasília,DF,Pix
1282,2025-03-20,104,Jogo de Aventura,Games,2,249.90,499.80,Uberlândia,MG,Cartão Débito
1283,2025-03-20,119,Controle Sem Fio,Games,4,349.90,1399.60,Belo Horizonte,MG,Pix
1284,2025-03-20,119,Jogo de Aventura,Games,2,249.90,499.80,São Paulo,SP,Pix
1285,2025-03-20,108,Geladeira Frost Free 400L,Eletrodomésticos,1,3499.00,3499.00,Uberlândia,MG,Boleto
1286,2025-03-20,103,Jogo de Aventura,Games,4,224.91,899.64,Curitiba,PR,Boleto
1287,2025-03-21,101,Mouse Sem Fio,Informática,5,79.90,399.50,Belo Horizonte,MG,Pix
1288,2025-03-21,110,Console de Videogame,Games,2,2999.00,5998.00,Niterói,RJ,Cartão Débito
1289,2025-03-21,108,Fone Bluetooth,Celulares e Acessórios,2,199.90,399.80,Belo Horizonte,MG,Pix
1290,2025-03-21,106,Monitor Full HD 24pol,Informática,3,899.90,2699.70,Goiânia,GO,Cartão Crédito
1291,2025-03-21,115,Mouse Sem Fio,Informática,4,79.90,319.60,Porto Alegre,RS,Cartão Crédito
1292,2025-03-21,105,Bicicleta Aro 29,Esporte e Lazer,2,1799.00,3598.00,Porto Alegre,RS,Cartão Crédito
1293,2025-03-21,105,Kit Halteres 20kg,Esporte e Lazer,1,259.90,259.90,Recife,PE,Cartão Crédito
1294,2025-03-21,104,Máquina de Lavar 12kg,Eletrodomésticos,1,2199.00,2199.00,Curitiba,PR,Boleto
1295,2025-03-21,105,Mesa de Jantar 6 Cadeiras,Móveis,2,1804.05,3608.10,Recife,PE,Cartão Débito
1296,2025-03-21,101,Cadeira de Escritório,Móveis,3,699.90,2099.70,Fortaleza,CE,Boleto
1297,2025-03-21,119,Sofá 3 Lugares,Móveis,2,2039.15,4078.30,Curitiba,PR,Pix
1298,2025-03-21,112,Sofá 3 Lugares,Móveis,1,2399.00,2399.00,Uberlândia,MG,Pix
1299,2025-03-21,116,Jogo de Aventura,Games,5,249.90,1249.50,Belo Horizonte,MG,Cartão Débito
1300,2025-03-21,113,Jogo de Aventura,Games,5,249.90,1249.50,Curitiba,PR,Pix
1301,2025-03-21,115,Airfryer 5L,Eletrodomésticos,4,429.90,1719.60,Curitiba,PR,Pix
1302,2025-03-21,106,Airfryer 5L,Eletrodomésticos,1,408.40,408.40,Feira de Santana,BA,Boleto
1303,2025-03-21,104,Jogo de Aventura,Games,5,249.90,1249.50,Niterói,RJ,Pix
1304,2025-03-22,117,Bicicleta Aro 29,Esporte e Lazer,1,1709.05,1709.05,Belo Horizonte,MG,Cartão Crédito
1305,2025-03-22,110,Monitor Full HD 24pol,Informática,2,899.90,1799.80,Brasília,DF,Cartão Crédito
1306,2025-03-22,120,Sofá 3 Lugares,Móveis,2,2159.10,4318.20,Porto Alegre,RS,Pix
1307,2025-03-22,115,Controle Sem Fio,Games,4,314.91,1259.64,Uberlândia,MG,Pix
1308,2025-03-22,119,Smartphone 128GB,Celulares e Acessórios,3,1799.00,5397.00,Niterói,RJ,Cartão Crédito
1309,2025-03-22,108,Bicicleta Aro 29,Esporte e Lazer,2,1799.00,3598.00,Recife,PE,Cartão Débito
1310,2025-03-22,109,Sofá 3 Lugares,Móveis,1,2399.00,2399.00,Salvador,BA,Boleto
1311,2025-03-22,108,Cadeira de Escritório,Móveis,4,699.90,2799.60,Porto Alegre,RS,Pix
1312,2025-03-22,115,Monitor Full HD 24pol,Informática,1,854.90,854.90,Recife,PE,Cartão Crédito
1313,2025-03-22,101,Esteira Elétrica,Esporte e Lazer,1,2899.00,2899.00,Salvador,BA,Pix
1314,2025-03-22,117,Airfryer 5L,Eletrodomésticos,1,429.90,429.90,Belo Horizonte,MG,Boleto
1315,2025-03-22,117,Sofá 3 Lugares,Móveis,1,2399.00,2399.00,Vitória da Conquista,BA,Cartão Débito
1316,2025-03-22,115,Smartphone 128GB,Celulares e Acessórios,3,1799.00,5397.00,Fortaleza,CE,Cartão Crédito
1317,2025-03-22,115,Console de Videogame,Games,1,2849.05,2849.05,Salvador,BA,Pix
1318,2025-03-22,101,Esteira Elétrica,Esporte e Lazer,1,2899.00,2899.00,Fortaleza,CE,Cartão Crédito
1319,2025-03-22,109,Esteira Elétrica,Esporte e Lazer,1,2899.00,2899.00,Goiânia,GO,Cartão Crédito
1320,2025-03-23,109,Smartphone 128GB,Celulares e Acessórios,2,1799.00,3598.00,Santos,SP,Pix
1321,2025-03-23,113,Micro-ondas 30L,Eletrodomésticos,2,649.90,1299.80,Recife,PE,Cartão Débito
1322,2025-03-23,108,Teclado Mecânico,Informática,3,289.90,869.70,Niterói,RJ,Pix
1323,2025-03-23,107,Sofá 3 Lugares,Móveis,2,2159.10,4318.20,Rio de Janeiro,RJ,Cartão Crédito
1324,2025-03-23,104,Airfryer 5L,Eletrodomésticos,1,429.90,429.90,Santos,SP,Boleto
1325,2025-03-23,107,Airfryer 5L,Eletrodomésticos,3,429.90,1289.70,Belo Horizonte,MG,Pix
1326,2025-03-23,113,Esteira Elétrica,Esporte e Lazer,2,2899.00,5798.00,Brasília,DF,Cartão Crédito
1327,2025-03-23,117,Console de Videogame,Games,2,2999.00,5998.00,Fortaleza,CE,Pix
1328,2025-03-23,115,Geladeira Frost Free 400L,Eletrodomésticos,1,3499.00,3499.00,Curitiba,PR,Cartão Débito
1329,2025-03-23,120,Smartphone 128GB,Celulares e Acessórios,3,1799.00,5397.00,Porto Alegre,RS,Cartão Crédito
1330,2025-03-23,112,Cadeira de Escritório,Móveis,1,699.90,699.90,Salvador,BA,Pix
1331,2025-03-23,101,Jogo de Aventura,Games,3,249.90,749.70,Fortaleza,CE,Cartão Crédito
1332,2025-03-23,101,Smartphone 128GB,Celulares e Acessórios,1,1799.00,1799.00,Salvador,BA,Cartão Crédito
1333,2025-03-24,115,Sofá 3 Lugares,Móveis,2,2279.05,4558.10,Rio de Janeiro,RJ,Cartão Débito
1334,2025-03-24,103,Micro-ondas 30L,Eletrodomésticos,3,649.90,1949.70,São Paulo,SP,Pix
1335,2025-03-24,107,Smartphone 128GB,Celulares e Acessórios,3,1799.00,5397.00,Curitiba,PR,Boleto
1336,2025-03-24,119,Mesa de Jantar 6 Cadeiras,Móveis,2,1899.00,3798.00,Fortaleza,CE,Pix
1337,2025-03-24,117,Geladeira Frost Free 400L,Eletrodomésticos,2,3499.00,6998.00,Goiânia,GO,Cartão Crédito
1338,2025-03-24,115,Smartphone 128GB,Celulares e Acessórios,1,1799.00,1799.00,Salvador,BA,Cartão Débito
1339,2025-03-24,107,Bicicleta Aro 29,Esporte e Lazer,1,1799.00,1799.00,Vitória da Conquista,BA,Boleto
1340,2025-03-24,116,Geladeira Frost Free 400L,Eletrodomésticos,2,3324.05,6648.10,Belo Horizonte,MG,Pix
1341,2025-03-24,107,Notebook Core i5,Informática,1,3299.90,3299.90,Curitiba,PR,Pix
1342,2025-03-24,115,Sofá 3 Lugares,Móveis,1,2399.00,2399.00,São Paulo,SP,Cartão Crédito
1343,2025-03-24,115,Esteira Elétrica,Esporte e Lazer,1,2754.05,2754.05,Curitiba,PR,Boleto
1344,2025-03-24,109,Fone Bluetooth,Celulares e Acessórios,4,199.90,799.60,Vitória da Conquista,BA,Cartão Crédito
1345,2025-03-24,106,Fone Bluetooth,Celulares e Acessórios,4,169.92,679.68,Recife,PE,Cartão Crédito
1346,2025-03-24,101,Geladeira Frost Free 400L,Eletrodomésticos,2,3499.00,6998.00,Feira de Santana,BA,Pix
1347,2025-03-24,109,Sofá 3 Lugares,Móveis,1,2279.05,2279.05,Fortaleza,CE,Boleto
1348,2025-03-25,117,Controle Sem Fio,Games,2,349.90,699.80,São Paulo,SP,Cartão Crédito
1349,2025-03-25,117,Monitor Full HD 24pol,Informática,2,809.91,1619.82,Goiânia,GO,Boleto
1350,2025-03-25,117,Máquina de Lavar 12kg,Eletrodomésticos,1,2089.05,2089.05,Uberlândia,MG,Cartão Crédito
1351,2025-03-25,115,Monitor Full HD 24pol,Informática,2,854.90,1709.80,Niterói,RJ,Pix
1352,2025-03-25,105,Controle Sem Fio,Games,1,314.91,314.91,Salvador,BA,Boleto
1353,2025-03-25,117,Micro-ondas 30L,Eletrodomésticos,2,649.90,1299.80,Feira de Santana,BA,Cartão Crédito
1354,2025-03-25,117,Notebook Core i5,Informática,2,2804.92,5609.84,Feira de Santana,BA,Boleto
1355,2025-03-25,104,Mesa de Jantar 6 Cadeiras,Móveis,2,1899.00,3798.00,São Paulo,SP,Pix
1356,2025-03-25,109,Mesa de Jantar 6 Cadeiras,Móveis,1,1804.05,1804.05,Santos,SP,Pix
1357,2025-03-25,116,Micro-ondas 30L,Eletrodomésticos,1,552.42,552.42,Brasília,DF,Cartão Crédito
1358,2025-03-25,117,Máquina de Lavar 12kg,Eletrodomésticos,1,2199.00,2199.00,Recife,PE,Boleto
1359,2025-03-25,105,Máquina de Lavar 12kg,Eletrodomésticos,1,2089.05,2089.05,Curitiba,PR,Boleto
1360,2025-03-25,107,Cadeira de Escritório,Móveis,1,699.90,699.90,Brasília,DF,Cartão Débito
1361,2025-03-25,116,Monitor Full HD 24pol,Informática,1,899.90,899.90,Salvador,BA,Pix
1362,2025-03-25,120,Geladeira Frost Free 400L,Eletrodomésticos,2,3149.10,6298.20,Belo Horizonte,MG,Cartão Crédito
1363,2025-03-25,117,Carregador Turbo USB-C,Celulares e Acessórios,1,89.90,89.90,Goiânia,GO,Cartão Crédito
1364,2025-03-26,116,Monitor Full HD 24pol,Informática,3,899.90,2699.70,Fortaleza,CE,Boleto
1365,2025-03-26,120,Bicicleta Aro 29,Esporte e Lazer,2,1709.05,3418.10,Vitória da Conquista,BA,Pix
1366,2025-03-26,120,Mesa de Jantar 6 Cadeiras,Móveis,2,1899.00,3798.00,Uberlândia,MG,Cartão Crédito
1367,2025-03-26,108,Monitor Full HD 24pol,Informática,1,764.92,764.92,Brasília,DF,Cartão Crédito
1368,2025-03-26,106,Kit Halteres 20kg,Esporte e Lazer,4,246.90,987.60,Belo Horizonte,MG,Cartão Débito
1369,2025-03-26,101,Airfryer 5L,Eletrodomésticos,3,429.90,1289.70,Santos,SP,Cartão Crédito
1370,2025-03-26,106,Notebook Core i5,Informática,1,3299.90,3299.90,São Paulo,SP,Pix
1371,2025-03-26,116,Sofá 3 Lugares,Móveis,1,2399.00,2399.00,Salvador,BA,Cartão Débito
1372,2025-03-26,103,Jogo de Aventura,Games,4,249.90,999.60,Recife,PE,Cartão Crédito
1373,2025-03-26,119,Carregador Turbo USB-C,Celulares e Acessórios,2,89.90,179.80,Recife,PE,Boleto
1374,2025-03-26,108,Geladeira Frost Free 400L,Eletrodomésticos,2,3499.00,6998.00,Belo Horizonte,MG,Boleto
1375,2025-03-27,115,Smartphone 128GB,Celulares e Acessórios,1,1529.15,1529.15,Belo Horizonte,MG,Cartão Débito
1376,2025-03-27,103,Jogo de Aventura,Games,1,249.90,249.90,Niterói,RJ,Boleto
1377,2025-03-27,120,Esteira Elétrica,Esporte e Lazer,2,2609.10,5218.20,Porto Alegre,RS,Pix
1378,2025-03-27,109,Monitor Full HD 24pol,Informática,3,899.90,2699.70,Feira de Santana,BA,Cartão Crédito
1379,2025-03-27,119,Monitor Full HD 24pol,Informática,3,899.90,2699.70,Brasília,DF,Cartão Débito
1380,2025-03-27,109,Geladeira Frost Free 400L,Eletrodomésticos,1,3499.00,3499.00,Curitiba,PR,Cartão Crédito
1381,2025-03-27,101,Notebook Core i5,Informática,1,3299.90,3299.90,Uberlândia,MG,Cartão Crédito
1382,2025-03-27,117,Mouse Sem Fio,Informática,2,79.90,159.80,Brasília,DF,Boleto
1383,2025-03-27,104,Jogo de Aventura,Games,5,249.90,1249.50,Salvador,BA,Cartão Crédito
1384,2025-03-27,117,Console de Videogame,Games,2,2849.05,5698.10,Rio de Janeiro,RJ,Cartão Débito
1385,2025-03-27,120,Notebook Core i5,Informática,1,2969.91,2969.91,Uberlândia,MG,Cartão Débito
1386,2025-03-27,119,Smartphone 128GB,Celulares e Acessórios,3,1799.00,5397.00,Niterói,RJ,Cartão Débito
1387,2025-03-27,120,Carregador Turbo USB-C,Celulares e Acessórios,2,89.90,179.80,Rio de Janeiro,RJ,Cartão Crédito
1388,2025-03-27,110,Mesa de Jantar 6 Cadeiras,Móveis,2,1899.00,3798.00,Curitiba,PR,Cartão Débito
1389,2025-03-27,116,Teclado Mecânico,Informática,2,289.90,579.80,Salvador,BA,Boleto
1390,2025-03-28,107,Monitor Full HD 24pol,Informática,2,764.92,1529.84,Recife,PE,Pix
1391,2025-03-28,101,Jogo de Aventura,Games,1,249.90,249.90,Curitiba,PR,Pix
1392,2025-03-28,117,Smartphone 128GB,Celulares e Acessórios,3,1799.00,5397.00,Fortaleza,CE,Cartão Crédito
1393,2025-03-28,109,Sofá 3 Lugares,Móveis,1,2159.10,2159.10,Recife,PE,Cartão Crédito
1394,2025-03-28,101,Geladeira Frost Free 400L,Eletrodomésticos,1,3499.00,3499.00,Vitória da Conquista,BA,Boleto
1395,2025-03-28,107,Airfryer 5L,Eletrodomésticos,2,408.40,816.80,Fortaleza,CE,Pix
1396,2025-03-28,115,Carregador Turbo USB-C,Celulares e Acessórios,2,89.90,179.80,Recife,PE,Cartão Crédito
1397,2025-03-28,116,Kit Halteres 20kg,Esporte e Lazer,4,259.90,1039.60,Fortaleza,CE,Cartão Débito
1398,2025-03-28,113,Teclado Mecânico,Informática,4,275.40,1101.60,Campinas,SP,Cartão Crédito
1399,2025-03-28,117,Kit Halteres 20kg,Esporte e Lazer,4,259.90,1039.60,Curitiba,PR,Cartão Crédito
1400,2025-03-28,119,Console de Videogame,Games,1,2999.00,2999.00,Belo Horizonte,MG,Cartão Crédito
1401,2025-03-28,115,Monitor Full HD 24pol,Informática,2,899.90,1799.80,Uberlândia,MG,Cartão Débito
1402,2025-03-28,109,Sofá 3 Lugares,Móveis,1,2399.00,2399.00,Porto Alegre,RS,Pix
1403,2025-03-28,112,Bicicleta Aro 29,Esporte e Lazer,2,1799.00,3598.00,Niterói,RJ,Cartão Crédito
1404,2025-03-28,113,Micro-ondas 30L,Eletrodomésticos,1,617.40,617.40,São Paulo,SP,Cartão Crédito
1405,2025-03-28,107,Controle Sem Fio,Games,2,349.90,699.80,Porto Alegre,RS,Pix
1406,2025-03-28,117,Carregador Turbo USB-C,Celulares e Acessórios,6,89.90,539.40,Campinas,SP,Cartão Crédito
1407,2025-03-28,101,Bicicleta Aro 29,Esporte e Lazer,2,1709.05,3418.10,Brasília,DF,Pix
1408,2025-03-28,103,Jogo de Aventura,Games,5,249.90,1249.50,Brasília,DF,Cartão Débito
1409,2025-03-28,113,Teclado Mecânico,Informática,4,289.90,1159.60,Rio de Janeiro,RJ,Cartão Débito
1410,2025-03-29,120,Geladeira Frost Free 400L,Eletrodomésticos,2,3499.00,6998.00,Recife,PE,Boleto
1411,2025-03-29,107,Mouse Sem Fio,Informática,6,79.90,479.40,Salvador,BA,Cartão Crédito
1412,2025-03-29,106,Mouse Sem Fio,Informática,1,79.90,79.90,Niterói,RJ,Cartão Crédito
1413,2025-03-29,104,Notebook Core i5,Informática,1,3299.90,3299.90,Brasília,DF,Pix
1414,2025-03-29,106,Jogo de Aventura,Games,3,249.90,749.70,Rio de Janeiro,RJ,Cartão Débito
1415,2025-03-29,110,Notebook Core i5,Informática,2,3299.90,6599.80,Brasília,DF,Pix
1416,2025-03-29,101,Controle Sem Fio,Games,4,332.40,1329.60,Goiânia,GO,Cartão Débito
1417,2025-03-29,104,Monitor Full HD 24pol,Informática,1,899.90,899.90,Porto Alegre,RS,Cartão Crédito
1418,2025-03-29,103,Smartphone 128GB,Celulares e Acessórios,3,1619.10,4857.30,Brasília,DF,Cartão Crédito
1419,2025-03-29,101,Mesa de Jantar 6 Cadeiras,Móveis,1,1804.05,1804.05,Feira de Santana,BA,Cartão Crédito
1420,2025-03-29,101,Micro-ondas 30L,Eletrodomésticos,2,649.90,1299.80,Niterói,RJ,Cartão Crédito
1421,2025-03-29,117,Fone Bluetooth,Celulares e Acessórios,1,169.92,169.92,Santos,SP,Pix
1422,2025-03-29,110,Máquina de Lavar 12kg,Eletrodomésticos,2,2089.05,4178.10,São Paulo,SP,Cartão Débito
1423,2025-03-29,101,Bicicleta Aro 29,Esporte e Lazer,2,1799.00,3598.00,Salvador,BA,Pix
1424,2025-03-29,108,Smartphone 128GB,Celulares e Acessórios,2,1799.00,3598.00,Rio de Janeiro,RJ,Boleto
1425,2025-03-29,120,Mouse Sem Fio,Informática,6,71.91,431.46,Salvador,BA,Boleto
1426,2025-03-29,110,Mouse Sem Fio,Informática,1,71.91,71.91,Feira de Santana,BA,Boleto
1427,2025-03-29,119,Smartphone 128GB,Celulares e Acessórios,3,1799.00,5397.00,Salvador,BA,Cartão Débito
1428,2025-03-29,119,Controle Sem Fio,Games,3,349.90,1049.70,Campinas,SP,Cartão Crédito
1429,2025-03-30,115,Micro-ondas 30L,Eletrodomésticos,1,584.91,584.91,Curitiba,PR,Cartão Crédito
1430,2025-03-30,116,Console de Videogame,Games,2,2849.05,5698.10,Rio de Janeiro,RJ,Boleto
1431,2025-03-30,103,Monitor Full HD 24pol,Informática,2,899.90,1799.80,Brasília,DF,Cartão Crédito
1432,2025-03-30,119,Cadeira de Escritório,Móveis,2,629.91,1259.82,Goiânia,GO,Cartão Crédito
1433,2025-03-30,113,Jogo de Aventura,Games,3,237.40,712.20,Campinas,SP,Pix
1434,2025-03-30,113,Console de Videogame,Games,2,2549.15,5098.30,Feira de Santana,BA,Cartão Débito
1435,2025-03-30,104,Mouse Sem Fio,Informática,5,79.90,399.50,São Paulo,SP,Cartão Débito
1436,2025-03-30,109,Fone Bluetooth,Celulares e Acessórios,2,199.90,399.80,Curitiba,PR,Cartão Crédito
1437,2025-03-30,115,Fone Bluetooth,Celulares e Acessórios,2,199.90,399.80,Belo Horizonte,MG,Cartão Débito
1438,2025-03-30,105,Controle Sem Fio,Games,4,349.90,1399.60,Goiânia,GO,Cartão Crédito
1439,2025-03-30,120,Controle Sem Fio,Games,1,349.90,349.90,Belo Horizonte,MG,Boleto
1440,2025-03-30,120,Teclado Mecânico,Informática,4,289.90,1159.60,Feira de Santana,BA,Boleto
1441,2025-03-30,109,Notebook Core i5,Informática,2,3299.90,6599.80,Brasília,DF,Boleto
1442,2025-03-30,104,Smartphone 128GB,Celulares e Acessórios,1,1799.00,1799.00,Porto Alegre,RS,Cartão Débito
1443,2025-03-30,109,Monitor Full HD 24pol,Informática,2,899.90,1799.80,Vitória da Conquista,BA,Cartão Crédito
1444,2025-03-30,109,Airfryer 5L,Eletrodomésticos,2,429.90,859.80,Rio de Janeiro,RJ,Pix
1445,2025-03-31,116,Esteira Elétrica,Esporte e Lazer,1,2899.00,2899.00,Uberlândia,MG,Boleto
1446,2025-03-31,106,Bicicleta Aro 29,Esporte e Lazer,1,1799.00,1799.00,Porto Alegre,RS,Boleto
1447,2025-03-31,119,Mouse Sem Fio,Informática,3,79.90,239.70,Salvador,BA,Cartão Débito
1448,2025-03-31,107,Notebook Core i5,Informática,2,3299.90,6599.80,Rio de Janeiro,RJ,Cartão Débito
1449,2025-03-31,105,Smartphone 128GB,Celulares e Acessórios,1,1799.00,1799.00,Uberlândia,MG,Pix
1450,2025-03-31,116,Fone Bluetooth,Celulares e Acessórios,2,199.90,399.80,Fortaleza,CE,Cartão Crédito
1451,2025-03-31,120,Teclado Mecânico,Informática,2,289.90,579.80,Rio de Janeiro,RJ,Cartão Crédito
1452,2025-03-31,104,Micro-ondas 30L,Eletrodomésticos,3,649.90,1949.70,Fortaleza,CE,Pix
1453,2025-03-31,108,Cadeira de Escritório,Móveis,1,699.90,699.90,Feira de Santana,BA,Pix
1454,2025-03-31,110,Airfryer 5L,Eletrodomésticos,2,429.90,859.80,Santos,SP,Boleto
1455,2025-03-31,103,Monitor Full HD 24pol,Informática,2,854.90,1709.80,Feira de Santana,BA,Pix
1456,2025-03-31,119,Esteira Elétrica,Esporte e Lazer,1,2899.00,2899.00,Uberlândia,MG,Cartão Crédito
1457,2025-03-31,117,Sofá 3 Lugares,Móveis,1,2279.05,2279.05,Feira de Santana,BA,Pix
1458,2025-03-31,113,Monitor Full HD 24pol,Informática,3,854.90,2564.70,Belo Horizonte,MG,Boleto
1459,2025-03-31,105,Geladeira Frost Free 400L,Eletrodomésticos,2,3499.00,6998.00,Belo Horizonte,MG,Cartão Débito
1460,2025-03-31,109,Teclado Mecânico,Informática,4,289.90,1159.60,Feira de Santana,BA,Pix
1461,2025-03-31,104,Console de Videogame,Games,2,2999.00,5998.00,Rio de Janeiro,RJ,Boleto
1462,2025-04-01,116,Máquina de Lavar 12kg,Eletrodomésticos,2,2089.05,4178.10,Niterói,RJ,Cartão Crédito
1463,2025-04-01,107,Esteira Elétrica,Esporte e Lazer,2,2899.00,5798.00,Belo Horizonte,MG,Pix
1464,2025-04-01,116,Carregador Turbo USB-C,Celulares e Acessórios,6,80.91,485.46,São Paulo,SP,Pix
1465,2025-04-01,110,Notebook Core i5,Informática,1,3299.90,3299.90,Brasília,DF,Pix
1466,2025-04-01,103,Teclado Mecânico,Informática,1,289.90,289.90,Belo Horizonte,MG,Cartão Crédito
1467,2025-04-01,107,Monitor Full HD 24pol,Informática,1,899.90,899.90,Salvador,BA,Cartão Crédito
1468,2025-04-01,101,Smartphone 128GB,Celulares e Acessórios,3,1799.00,5397.00,Brasília,DF,Cartão Crédito
1469,2025-04-01,113,Carregador Turbo USB-C,Celulares e Acessórios,2,89.90,179.80,Niterói,RJ,Cartão Crédito
1470,2025-04-01,119,Cadeira de Escritório,Móveis,2,699.90,1399.80,Salvador,BA,Cartão Crédito
1471,2025-04-01,103,Carregador Turbo USB-C,Celulares e Acessórios,2,89.90,179.80,Brasília,DF,Cartão Crédito
1472,2025-04-01,105,Monitor Full HD 24pol,Informática,1,899.90,899.90,Feira de Santana,BA,Pix
1473,2025-04-02,120,Monitor Full HD 24pol,Informática,2,809.91,1619.82,Recife,PE,Boleto
1474,2025-04-02,113,Jogo de Aventura,Games,4,249.90,999.60,Rio de Janeiro,RJ,Boleto
1475,2025-04-02,117,Controle Sem Fio,Games,3,349.90,1049.70,Belo Horizonte,MG,Cartão Crédito
1476,2025-04-02,101,Geladeira Frost Free 400L,Eletrodomésticos,2,3499.00,6998.00,Curitiba,PR,Boleto
1477,2025-04-02,110,Mouse Sem Fio,Informática,3,79.90,239.70,Belo Horizonte,MG,Boleto
1478,2025-04-02,116,Teclado Mecânico,Informática,1,289.90,289.90,Campinas,SP,Cartão Débito
1479,2025-04-02,107,Console de Videogame,Games,2,2999.00,5998.00,Salvador,BA,Pix
1480,2025-04-02,105,Geladeira Frost Free 400L,Eletrodomésticos,1,3149.10,3149.10,Brasília,DF,Boleto
1481,2025-04-02,107,Controle Sem Fio,Games,4,349.90,1399.60,São Paulo,SP,Cartão Crédito
1482,2025-04-02,103,Fone Bluetooth,Celulares e Acessórios,3,169.92,509.76,Campinas,SP,Cartão Crédito
1483,2025-04-02,105,Mesa de Jantar 6 Cadeiras,Móveis,2,1709.10,3418.20,Fortaleza,CE,Cartão Crédito
1484,2025-04-02,109,Kit Halteres 20kg,Esporte e Lazer,4,259.90,1039.60,São Paulo,SP,Cartão Débito
1485,2025-04-02,107,Jogo de Aventura,Games,4,224.91,899.64,Feira de Santana,BA,Boleto
1486,2025-04-02,101,Airfryer 5L,Eletrodomésticos,4,429.90,1719.60,Fortaleza,CE,Cartão Crédito
1487,2025-04-02,101,Kit Halteres 20kg,Esporte e Lazer,3,259.90,779.70,Fortaleza,CE,Cartão Débito
1488,2025-04-02,106,Airfryer 5L,Eletrodomésticos,1,386.91,386.91,Campinas,SP,Boleto
1489,2025-04-02,110,Controle Sem Fio,Games,4,349.90,1399.60,Niterói,RJ,Cartão Débito
1490,2025-04-02,109,Máquina de Lavar 12kg,Eletrodomésticos,2,2089.05,4178.10,Rio de Janeiro,RJ,Boleto
1491,2025-04-02,109,Esteira Elétrica,Esporte e Lazer,2,2899.00,5798.00,Rio de Janeiro,RJ,Pix
1492,2025-04-02,116,Mesa de Jantar 6 Cadeiras,Móveis,1,1899.00,1899.00,Rio de Janeiro,RJ,Cartão Crédito
1493,2025-04-02,119,Jogo de Aventura,Games,4,249.90,999.60,Santos,SP,Cartão Crédito
1494,2025-04-02,103,Airfryer 5L,Eletrodomésticos,2,386.91,773.82,Uberlândia,MG,Cartão Crédito
1495,2025-04-02,101,Sofá 3 Lugares,Móveis,2,2399.00,4798.00,São Paulo,SP,Cartão Crédito
1496,2025-04-02,110,Controle Sem Fio,Games,1,332.40,332.40,São Paulo,SP,Cartão Débito
1497,2025-04-03,105,Monitor Full HD 24pol,Informática,3,899.90,2699.70,Niterói,RJ,Cartão Débito
1498,2025-04-03,109,Jogo de Aventura,Games,1,237.40,237.40,Curitiba,PR,Cartão Débito
1499,2025-04-03,106,Smartphone 128GB,Celulares e Acessórios,1,1529.15,1529.15,Fortaleza,CE,Cartão Crédito
1500,2025-04-03,120,Console de Videogame,Games,2,2549.15,5098.30,Campinas,SP,Cartão Crédito
1501,2025-04-03,101,Controle Sem Fio,Games,2,349.90,699.80,Salvador,BA,Pix
1502,2025-04-03,119,Smartphone 128GB,Celulares e Acessórios,1,1619.10,1619.10,Recife,PE,Cartão Débito
1503,2025-04-03,119,Mouse Sem Fio,Informática,3,79.90,239.70,Recife,PE,Pix
1504,2025-04-03,112,Monitor Full HD 24pol,Informática,3,899.90,2699.70,Vitória da Conquista,BA,Cartão Crédito
1505,2025-04-03,116,Controle Sem Fio,Games,4,332.40,1329.60,Salvador,BA,Pix
1506,2025-04-03,108,Geladeira Frost Free 400L,Eletrodomésticos,1,3499.00,3499.00,Salvador,BA,Pix
1507,2025-04-03,113,Micro-ondas 30L,Eletrodomésticos,3,617.40,1852.20,Campinas,SP,Cartão Crédito
1508,2025-04-03,107,Carregador Turbo USB-C,Celulares e Acessórios,5,89.90,449.50,Vitória da Conquista,BA,Pix
1509,2025-04-03,104,Sofá 3 Lugares,Móveis,1,2279.05,2279.05,Campinas,SP,Pix
1510,2025-04-03,120,Bicicleta Aro 29,Esporte e Lazer,1,1799.00,1799.00,Niterói,RJ,Pix
1511,2025-04-03,119,Notebook Core i5,Informática,2,3299.90,6599.80,Goiânia,GO,Pix
1512,2025-04-03,116,Mouse Sem Fio,Informática,6,71.91,431.46,Vitória da Conquista,BA,Cartão Crédito
1513,2025-04-03,101,Carregador Turbo USB-C,Celulares e Acessórios,5,89.90,449.50,Campinas,SP,Cartão Crédito
1514,2025-04-04,109,Fone Bluetooth,Celulares e Acessórios,3,199.90,599.70,Campinas,SP,Boleto
1515,2025-04-04,103,Carregador Turbo USB-C,Celulares e Acessórios,4,89.90,359.60,Campinas,SP,Cartão Crédito
1516,2025-04-04,107,Console de Videogame,Games,1,2999.00,2999.00,Salvador,BA,Cartão Débito
1517,2025-04-04,120,Carregador Turbo USB-C,Celulares e Acessórios,2,85.40,170.80,Salvador,BA,Cartão Crédito
1518,2025-04-04,109,Jogo de Aventura,Games,4,249.90,999.60,Feira de Santana,BA,Cartão Débito
1519,2025-04-04,110,Jogo de Aventura,Games,1,249.90,249.90,Salvador,BA,Cartão Crédito
1520,2025-04-04,107,Micro-ondas 30L,Eletrodomésticos,2,649.90,1299.80,Fortaleza,CE,Cartão Crédito
1521,2025-04-04,101,Máquina de Lavar 12kg,Eletrodomésticos,1,2199.00,2199.00,Vitória da Conquista,BA,Cartão Crédito
1522,2025-04-04,106,Máquina de Lavar 12kg,Eletrodomésticos,1,2199.00,2199.00,Santos,SP,Boleto
1523,2025-04-04,119,Fone Bluetooth,Celulares e Acessórios,1,189.90,189.90,Feira de Santana,BA,Cartão Débito
1524,2025-04-04,109,Fone Bluetooth,Celulares e Acessórios,1,189.90,189.90,Feira de Santana,BA,Cartão Crédito
1525,2025-04-04,103,Bicicleta Aro 29,Esporte e Lazer,1,1799.00,1799.00,Brasília,DF,Cartão Crédito
1526,2025-04-04,107,Bicicleta Aro 29,Esporte e Lazer,1,1799.00,1799.00,Brasília,DF,Cartão Crédito
1527,2025-04-04,103,Carregador Turbo USB-C,Celulares e Acessórios,2,85.40,170.80,Belo Horizonte,MG,Cartão Débito
1528,2025-04-04,105,Máquina de Lavar 12kg,Eletrodomésticos,1,2089.05,2089.05,Rio de Janeiro,RJ,Cartão Débito
1529,2025-04-04,103,Cadeira de Escritório,Móveis,2,699.90,1399.80,Porto Alegre,RS,Boleto
1530,2025-04-04,108,Monitor Full HD 24pol,Informática,3,899.90,2699.70,Porto Alegre,RS,Pix
1531,2025-04-04,116,Console de Videogame,Games,1,2699.10,2699.10,Curitiba,PR,Cartão Crédito
1532,2025-04-04,117,Sofá 3 Lugares,Móveis,1,2279.05,2279.05,Porto Alegre,RS,Pix
1533,2025-04-04,115,Cadeira de Escritório,Móveis,3,664.90,1994.70,Salvador,BA,Boleto
1534,2025-04-04,104,Mesa de Jantar 6 Cadeiras,Móveis,1,1899.00,1899.00,Brasília,DF,Cartão Débito
1535,2025-04-05,107,Console de Videogame,Games,2,2999.00,5998.00,Fortaleza,CE,Boleto
1536,2025-04-05,103,Notebook Core i5,Informática,2,3134.90,6269.80,Uberlândia,MG,Cartão Débito
1537,2025-04-05,115,Esteira Elétrica,Esporte e Lazer,2,2899.00,5798.00,Curitiba,PR,Boleto
1538,2025-04-05,104,Mesa de Jantar 6 Cadeiras,Móveis,2,1804.05,3608.10,Uberlândia,MG,Pix
1539,2025-04-05,115,Jogo de Aventura,Games,5,249.90,1249.50,Recife,PE,Pix
1540,2025-04-05,112,Controle Sem Fio,Games,2,349.90,699.80,São Paulo,SP,Pix
1541,2025-04-05,104,Geladeira Frost Free 400L,Eletrodomésticos,2,3499.00,6998.00,Niterói,RJ,Cartão Crédito
1542,2025-04-05,113,Controle Sem Fio,Games,2,349.90,699.80,Curitiba,PR,Cartão Débito
1543,2025-04-05,120,Cadeira de Escritório,Móveis,2,699.90,1399.80,Vitória da Conquista,BA,Pix
1544,2025-04-05,103,Monitor Full HD 24pol,Informática,1,899.90,899.90,São Paulo,SP,Boleto
1545,2025-04-05,107,Airfryer 5L,Eletrodomésticos,1,408.40,408.40,São Paulo,SP,Cartão Débito
1546,2025-04-05,116,Mouse Sem Fio,Informática,6,79.90,479.40,Goiânia,GO,Boleto
1547,2025-04-05,104,Sofá 3 Lugares,Móveis,1,2399.00,2399.00,Fortaleza,CE,Boleto
1548,2025-04-05,104,Monitor Full HD 24pol,Informática,3,854.90,2564.70,Goiânia,GO,Cartão Crédito
1549,2025-04-05,117,Smartphone 128GB,Celulares e Acessórios,2,1799.00,3598.00,Recife,PE,Pix
1550,2025-04-05,110,Mouse Sem Fio,Informática,6,75.90,455.40,São Paulo,SP,Pix
1551,2025-04-05,105,Geladeira Frost Free 400L,Eletrodomésticos,1,3499.00,3499.00,Fortaleza,CE,Cartão Crédito
1552,2025-04-05,108,Controle Sem Fio,Games,4,349.90,1399.60,São Paulo,SP,Boleto
1553,2025-04-06,117,Cadeira de Escritório,Móveis,3,699.90,2099.70,Feira de Santana,BA,Cartão Débito
1554,2025-04-06,109,Console de Videogame,Games,2,2549.15,5098.30,Feira de Santana,BA,Pix
1555,2025-04-06,113,Esteira Elétrica,Esporte e Lazer,1,2899.00,2899.00,Fortaleza,CE,Cartão Crédito
1556,2025-04-06,116,Mouse Sem Fio,Informática,2,79.90,159.80,Belo Horizonte,MG,Cartão Crédito
1557,2025-04-06,116,Controle Sem Fio,Games,2,349.90,699.80,Curitiba,PR,Pix
1558,2025-04-06,103,Esteira Elétrica,Esporte e Lazer,1,2754.05,2754.05,Salvador,BA,Cartão Crédito
1559,2025-04-06,106,Mouse Sem Fio,Informática,4,79.90,319.60,São Paulo,SP,Pix
1560,2025-04-06,105,Micro-ondas 30L,Eletrodomésticos,3,649.90,1949.70,Niterói,RJ,Pix
1561,2025-04-06,120,Controle Sem Fio,Games,2,297.42,594.84,São Paulo,SP,Cartão Débito
1562,2025-04-06,119,Monitor Full HD 24pol,Informática,1,899.90,899.90,São Paulo,SP,Cartão Débito
1563,2025-04-06,117,Notebook Core i5,Informática,2,3299.90,6599.80,Niterói,RJ,Cartão Débito
1564,2025-04-06,115,Controle Sem Fio,Games,1,349.90,349.90,Rio de Janeiro,RJ,Pix
1565,2025-04-06,113,Smartphone 128GB,Celulares e Acessórios,3,1619.10,4857.30,Vitória da Conquista,BA,Cartão Crédito
1566,2025-04-06,115,Mouse Sem Fio,Informática,3,79.90,239.70,Campinas,SP,Cartão Débito
1567,2025-04-06,117,Fone Bluetooth,Celulares e Acessórios,1,199.90,199.90,Niterói,RJ,Cartão Crédito
1568,2025-04-06,108,Cadeira de Escritório,Móveis,1,629.91,629.91,Fortaleza,CE,Cartão Crédito
1569,2025-04-06,113,Esteira Elétrica,Esporte e Lazer,2,2899.00,5798.00,Brasília,DF,Pix
1570,2025-04-06,107,Cadeira de Escritório,Móveis,1,699.90,699.90,Recife,PE,Pix
1571,2025-04-06,104,Jogo de Aventura,Games,5,249.90,1249.50,Salvador,BA,Boleto
1572,2025-04-06,109,Micro-ondas 30L,Eletrodomésticos,3,649.90,1949.70,Belo Horizonte,MG,Boleto
1573,2025-04-06,108,Jogo de Aventura,Games,3,249.90,749.70,Porto Alegre,RS,Cartão Crédito
1574,2025-04-07,106,Smartphone 128GB,Celulares e Acessórios,1,1619.10,1619.10,Rio de Janeiro,RJ,Cartão Débito
1575,2025-04-07,119,Bicicleta Aro 29,Esporte e Lazer,1,1799.00,1799.00,Rio de Janeiro,RJ,Cartão Crédito
1576,2025-04-07,117,Mesa de Jantar 6 Cadeiras,Móveis,1,1709.10,1709.10,Brasília,DF,Boleto
1577,2025-04-07,112,Fone Bluetooth,Celulares e Acessórios,1,199.90,199.90,Niterói,RJ,Pix
1578,2025-04-07,119,Jogo de Aventura,Games,1,249.90,249.90,Porto Alegre,RS,Pix
1579,2025-04-07,117,Console de Videogame,Games,2,2849.05,5698.10,São Paulo,SP,Cartão Crédito
1580,2025-04-07,116,Micro-ondas 30L,Eletrodomésticos,1,649.90,649.90,Goiânia,GO,Cartão Crédito
1581,2025-04-07,108,Mesa de Jantar 6 Cadeiras,Móveis,1,1899.00,1899.00,Curitiba,PR,Cartão Débito
1582,2025-04-07,109,Bicicleta Aro 29,Esporte e Lazer,1,1799.00,1799.00,Porto Alegre,RS,Cartão Débito
1583,2025-04-07,109,Jogo de Aventura,Games,3,212.42,637.26,Salvador,BA,Boleto
1584,2025-04-07,101,Sofá 3 Lugares,Móveis,1,2399.00,2399.00,São Paulo,SP,Boleto
1585,2025-04-07,112,Console de Videogame,Games,2,2699.10,5398.20,Salvador,BA,Pix
1586,2025-04-07,110,Smartphone 128GB,Celulares e Acessórios,3,1799.00,5397.00,Curitiba,PR,Cartão Crédito
1587,2025-04-07,115,Esteira Elétrica,Esporte e Lazer,2,2754.05,5508.10,Uberlândia,MG,Cartão Crédito
1588,2025-04-07,106,Bicicleta Aro 29,Esporte e Lazer,1,1799.00,1799.00,Campinas,SP,Cartão Débito
1589,2025-04-07,109,Kit Halteres 20kg,Esporte e Lazer,4,259.90,1039.60,Goiânia,GO,Cartão Crédito
1590,2025-04-07,105,Sofá 3 Lugares,Móveis,1,2399.00,2399.00,Salvador,BA,Pix
1591,2025-04-08,103,Mesa de Jantar 6 Cadeiras,Móveis,1,1709.10,1709.10,Santos,SP,Cartão Débito
1592,2025-04-08,112,Smartphone 128GB,Celulares e Acessórios,3,1799.00,5397.00,Belo Horizonte,MG,Cartão Crédito
1593,2025-04-08,107,Controle Sem Fio,Games,3,349.90,1049.70,Belo Horizonte,MG,Boleto
1594,2025-04-08,105,Mouse Sem Fio,Informática,1,79.90,79.90,Brasília,DF,Cartão Débito
1595,2025-04-08,106,Sofá 3 Lugares,Móveis,2,2159.10,4318.20,Uberlândia,MG,Cartão Crédito
1596,2025-04-08,110,Console de Videogame,Games,1,2999.00,2999.00,Porto Alegre,RS,Cartão Débito
1597,2025-04-08,116,Mouse Sem Fio,Informática,1,75.90,75.90,Curitiba,PR,Pix
1598,2025-04-08,120,Smartphone 128GB,Celulares e Acessórios,2,1619.10,3238.20,Rio de Janeiro,RJ,Boleto
1599,2025-04-08,104,Bicicleta Aro 29,Esporte e Lazer,2,1709.05,3418.10,Fortaleza,CE,Pix
1600,2025-04-08,117,Máquina de Lavar 12kg,Eletrodomésticos,2,2199.00,4398.00,Porto Alegre,RS,Cartão Débito
1601,2025-04-08,115,Esteira Elétrica,Esporte e Lazer,2,2609.10,5218.20,Uberlândia,MG,Boleto
1602,2025-04-08,106,Teclado Mecânico,Informática,1,289.90,289.90,Fortaleza,CE,Cartão Crédito
1603,2025-04-08,116,Airfryer 5L,Eletrodomésticos,4,429.90,1719.60,Rio de Janeiro,RJ,Boleto
1604,2025-04-08,110,Esteira Elétrica,Esporte e Lazer,1,2899.00,2899.00,Curitiba,PR,Pix
1605,2025-04-08,106,Smartphone 128GB,Celulares e Acessórios,1,1799.00,1799.00,São Paulo,SP,Cartão Crédito
1606,2025-04-08,117,Smartphone 128GB,Celulares e Acessórios,2,1799.00,3598.00,Recife,PE,Cartão Débito
1607,2025-04-09,101,Esteira Elétrica,Esporte e Lazer,1,2754.05,2754.05,Brasília,DF,Boleto
1608,2025-04-09,120,Console de Videogame,Games,1,2999.00,2999.00,Salvador,BA,Boleto
1609,2025-04-09,107,Micro-ondas 30L,Eletrodomésticos,2,649.90,1299.80,Goiânia,GO,Pix
1610,2025-04-09,105,Bicicleta Aro 29,Esporte e Lazer,2,1799.00,3598.00,Curitiba,PR,Cartão Crédito
1611,2025-04-09,107,Máquina de Lavar 12kg,Eletrodomésticos,2,1979.10,3958.20,Uberlândia,MG,Cartão Crédito
1612,2025-04-09,104,Controle Sem Fio,Games,2,349.90,699.80,Rio de Janeiro,RJ,Pix
1613,2025-04-09,110,Geladeira Frost Free 400L,Eletrodomésticos,2,3499.00,6998.00,Goiânia,GO,Pix
1614,2025-04-09,108,Geladeira Frost Free 400L,Eletrodomésticos,1,3499.00,3499.00,Curitiba,PR,Pix
1615,2025-04-09,112,Mesa de Jantar 6 Cadeiras,Móveis,1,1804.05,1804.05,Porto Alegre,RS,Cartão Crédito
1616,2025-04-09,101,Cadeira de Escritório,Móveis,1,699.90,699.90,Campinas,SP,Cartão Débito
1617,2025-04-09,117,Airfryer 5L,Eletrodomésticos,4,429.90,1719.60,São Paulo,SP,Cartão Débito
1618,2025-04-09,110,Máquina de Lavar 12kg,Eletrodomésticos,2,2199.00,4398.00,São Paulo,SP,Boleto
1619,2025-04-09,106,Airfryer 5L,Eletrodomésticos,2,429.90,859.80,Curitiba,PR,Pix
1620,2025-04-09,112,Geladeira Frost Free 400L,Eletrodomésticos,1,3499.00,3499.00,Campinas,SP,Cartão Crédito
1621,2025-04-09,110,Kit Halteres 20kg,Esporte e Lazer,2,233.91,467.82,Recife,PE,Cartão Crédito
1622,2025-04-09,110,Esteira Elétrica,Esporte e Lazer,1,2609.10,2609.10,Salvador,BA,Cartão Crédito
1623,2025-04-10,106,Cadeira de Escritório,Móveis,3,629.91,1889.73,Uberlândia,MG,Pix
1624,2025-04-10,106,Smartphone 128GB,Celulares e Acessórios,1,1799.00,1799.00,Feira de Santana,BA,Pix
1625,2025-04-10,110,Cadeira de Escritório,Móveis,2,699.90,1399.80,Fortaleza,CE,Pix
1626,2025-04-10,119,Kit Halteres 20kg,Esporte e Lazer,3,246.90,740.70,Brasília,DF,Cartão Débito
1627,2025-04-10,112,Smartphone 128GB,Celulares e Acessórios,3,1709.05,5127.15,Belo Horizonte,MG,Pix
1628,2025-04-10,119,Carregador Turbo USB-C,Celulares e Acessórios,2,89.90,179.80,Vitória da Conquista,BA,Pix
1629,2025-04-10,109,Teclado Mecânico,Informática,3,260.91,782.73,Goiânia,GO,Cartão Crédito
1630,2025-04-10,112,Airfryer 5L,Eletrodomésticos,1,429.90,429.90,Campinas,SP,Boleto
1631,2025-04-10,116,Máquina de Lavar 12kg,Eletrodomésticos,2,2199.00,4398.00,Santos,SP,Cartão Crédito
1632,2025-04-10,108,Fone Bluetooth,Celulares e Acessórios,4,189.90,759.60,São Paulo,SP,Pix
1633,2025-04-10,105,Máquina de Lavar 12kg,Eletrodomésticos,2,2089.05,4178.10,Curitiba,PR,Cartão Crédito
1634,2025-04-11,103,Teclado Mecânico,Informática,1,289.90,289.90,Curitiba,PR,Cartão Crédito
1635,2025-04-11,115,Esteira Elétrica,Esporte e Lazer,1,2754.05,2754.05,Belo Horizonte,MG,Cartão Crédito
1636,2025-04-11,119,Sofá 3 Lugares,Móveis,2,2159.10,4318.20,Campinas,SP,Pix
1637,2025-04-11,107,Controle Sem Fio,Games,2,349.90,699.80,Fortaleza,CE,Boleto
1638,2025-04-11,105,Kit Halteres 20kg,Esporte e Lazer,2,233.91,467.82,Belo Horizonte,MG,Boleto
1639,2025-04-11,108,Monitor Full HD 24pol,Informática,1,899.90,899.90,Santos,SP,Boleto
1640,2025-04-11,107,Mouse Sem Fio,Informática,1,79.90,79.90,Niterói,RJ,Cartão Débito
1641,2025-04-11,117,Smartphone 128GB,Celulares e Acessórios,1,1799.00,1799.00,Uberlândia,MG,Pix
1642,2025-04-11,108,Notebook Core i5,Informática,2,2969.91,5939.82,Curitiba,PR,Boleto
1643,2025-04-11,112,Máquina de Lavar 12kg,Eletrodomésticos,2,2199.00,4398.00,Fortaleza,CE,Pix
1644,2025-04-11,120,Airfryer 5L,Eletrodomésticos,2,386.91,773.82,Goiânia,GO,Cartão Crédito
1645,2025-04-11,115,Console de Videogame,Games,1,2999.00,2999.00,Salvador,BA,Cartão Crédito
1646,2025-04-11,110,Kit Halteres 20kg,Esporte e Lazer,1,233.91,233.91,Vitória da Conquista,BA,Boleto
1647,2025-04-11,117,Airfryer 5L,Eletrodomésticos,2,429.90,859.80,Campinas,SP,Boleto
1648,2025-04-11,104,Micro-ondas 30L,Eletrodomésticos,2,649.90,1299.80,Belo Horizonte,MG,Pix
1649,2025-04-11,107,Fone Bluetooth,Celulares e Acessórios,2,199.90,399.80,Feira de Santana,BA,Cartão Crédito
1650,2025-04-11,107,Carregador Turbo USB-C,Celulares e Acessórios,4,89.90,359.60,Curitiba,PR,Boleto
1651,2025-04-12,109,Geladeira Frost Free 400L,Eletrodomésticos,1,3324.05,3324.05,Curitiba,PR,Cartão Crédito
1652,2025-04-12,101,Mouse Sem Fio,Informática,4,79.90,319.60,Curitiba,PR,Cartão Crédito
1653,2025-04-12,110,Carregador Turbo USB-C,Celulares e Acessórios,2,89.90,179.80,Feira de Santana,BA,Pix
1654,2025-04-12,109,Máquina de Lavar 12kg,Eletrodomésticos,2,2089.05,4178.10,Recife,PE,Cartão Débito
1655,2025-04-12,117,Cadeira de Escritório,Móveis,1,699.90,699.90,Salvador,BA,Cartão Crédito
1656,2025-04-12,110,Mesa de Jantar 6 Cadeiras,Móveis,2,1899.00,3798.00,Belo Horizonte,MG,Cartão Débito
1657,2025-04-12,106,Notebook Core i5,Informática,1,3299.90,3299.90,Brasília,DF,Boleto
1658,2025-04-12,109,Jogo de Aventura,Games,2,249.90,499.80,Goiânia,GO,Pix
1659,2025-04-12,103,Notebook Core i5,Informática,1,3299.90,3299.90,Santos,SP,Pix
1660,2025-04-12,108,Teclado Mecânico,Informática,4,260.91,1043.64,Brasília,DF,Pix
1661,2025-04-12,107,Sofá 3 Lugares,Móveis,1,2399.00,2399.00,Feira de Santana,BA,Cartão Crédito
1662,2025-04-12,117,Cadeira de Escritório,Móveis,2,629.91,1259.82,Santos,SP,Pix
1663,2025-04-12,117,Fone Bluetooth,Celulares e Acessórios,3,199.90,599.70,Belo Horizonte,MG,Cartão Débito
1664,2025-04-12,119,Fone Bluetooth,Celulares e Acessórios,2,189.90,379.80,Goiânia,GO,Cartão Crédito
1665,2025-04-13,104,Micro-ondas 30L,Eletrodomésticos,3,649.90,1949.70,Feira de Santana,BA,Boleto
1666,2025-04-13,106,Bicicleta Aro 29,Esporte e Lazer,2,1799.00,3598.00,Vitória da Conquista,BA,Boleto
1667,2025-04-13,105,Monitor Full HD 24pol,Informática,1,899.90,899.90,São Paulo,SP,Cartão Crédito
1668,2025-04-13,120,Teclado Mecânico,Informática,3,289.90,869.70,São Paulo,SP,Boleto
1669,2025-04-13,119,Notebook Core i5,Informática,2,3299.90,6599.80,Belo Horizonte,MG,Pix
1670,2025-04-13,112,Controle Sem Fio,Games,4,349.90,1399.60,Goiânia,GO,Boleto
1671,2025-04-13,112,Carregador Turbo USB-C,Celulares e Acessórios,4,89.90,359.60,Rio de Janeiro,RJ,Cartão Crédito
1672,2025-04-13,106,Geladeira Frost Free 400L,Eletrodomésticos,1,3499.00,3499.00,Campinas,SP,Cartão Débito
1673,2025-04-13,116,Mesa de Jantar 6 Cadeiras,Móveis,2,1899.00,3798.00,Goiânia,GO,Cartão Crédito
1674,2025-04-13,107,Airfryer 5L,Eletrodomésticos,3,386.91,1160.73,Feira de Santana,BA,Cartão Crédito
1675,2025-04-13,109,Mouse Sem Fio,Informática,2,79.90,159.80,São Paulo,SP,Boleto
1676,2025-04-13,117,Carregador Turbo USB-C,Celulares e Acessórios,6,80.91,485.46,Salvador,BA,Cartão Débito
1677,2025-04-13,105,Notebook Core i5,Informática,1,3299.90,3299.90,Brasília,DF,Pix
1678,2025-04-13,115,Máquina de Lavar 12kg,Eletrodomésticos,1,1979.10,1979.10,Campinas,SP,Boleto
1679,2025-04-14,117,Monitor Full HD 24pol,Informática,1,899.90,899.90,Salvador,BA,Cartão Crédito
1680,2025-04-14,108,Esteira Elétrica,Esporte e Lazer,2,2899.00,5798.00,Salvador,BA,Cartão Crédito
1681,2025-04-14,101,Sofá 3 Lugares,Móveis,1,2399.00,2399.00,Goiânia,GO,Cartão Crédito
1682,2025-04-14,115,Teclado Mecânico,Informática,3,289.90,869.70,Vitória da Conquista,BA,Cartão Crédito
1683,2025-04-14,113,Mouse Sem Fio,Informática,1,79.90,79.90,Salvador,BA,Cartão Crédito
1684,2025-04-14,101,Sofá 3 Lugares,Móveis,1,2399.00,2399.00,Goiânia,GO,Pix
1685,2025-04-14,105,Geladeira Frost Free 400L,Eletrodomésticos,1,3149.10,3149.10,Uberlândia,MG,Cartão Crédito
1686,2025-04-14,116,Cadeira de Escritório,Móveis,1,699.90,699.90,Salvador,BA,Cartão Crédito
1687,2025-04-14,105,Notebook Core i5,Informática,2,3134.90,6269.80,Santos,SP,Boleto
1688,2025-04-14,109,Cadeira de Escritório,Móveis,1,664.90,664.90,Fortaleza,CE,Cartão Débito
1689,2025-04-14,113,Bicicleta Aro 29,Esporte e Lazer,2,1799.00,3598.00,Fortaleza,CE,Cartão Crédito
1690,2025-04-14,104,Monitor Full HD 24pol,Informática,1,899.90,899.90,Salvador,BA,Cartão Débito
1691,2025-04-14,113,Notebook Core i5,Informática,2,2969.91,5939.82,Goiânia,GO,Boleto
1692,2025-04-14,117,Cadeira de Escritório,Móveis,4,699.90,2799.60,Recife,PE,Pix
1693,2025-04-14,110,Kit Halteres 20kg,Esporte e Lazer,1,259.90,259.90,Campinas,SP,Cartão Débito
1694,2025-04-14,103,Esteira Elétrica,Esporte e Lazer,2,2899.00,5798.00,Curitiba,PR,Cartão Crédito
1695,2025-04-14,110,Teclado Mecânico,Informática,2,289.90,579.80,São Paulo,SP,Cartão Crédito
1696,2025-04-14,115,Mesa de Jantar 6 Cadeiras,Móveis,1,1899.00,1899.00,Campinas,SP,Cartão Crédito
1697,2025-04-15,113,Kit Halteres 20kg,Esporte e Lazer,2,233.91,467.82,Porto Alegre,RS,Cartão Crédito
1698,2025-04-15,109,Carregador Turbo USB-C,Celulares e Acessórios,3,76.42,229.26,Curitiba,PR,Cartão Débito
1699,2025-04-15,113,Micro-ondas 30L,Eletrodomésticos,2,584.91,1169.82,Recife,PE,Pix
1700,2025-04-15,103,Notebook Core i5,Informática,2,3299.90,6599.80,Curitiba,PR,Pix
1701,2025-04-15,106,Geladeira Frost Free 400L,Eletrodomésticos,1,3499.00,3499.00,Santos,SP,Cartão Débito
1702,2025-04-15,104,Airfryer 5L,Eletrodomésticos,2,408.40,816.80,Campinas,SP,Pix
1703,2025-04-15,117,Micro-ondas 30L,Eletrodomésticos,1,649.90,649.90,Belo Horizonte,MG,Pix
1704,2025-04-15,109,Teclado Mecânico,Informática,4,289.90,1159.60,Curitiba,PR,Cartão Débito
1705,2025-04-15,109,Cadeira de Escritório,Móveis,3,699.90,2099.70,Belo Horizonte,MG,Cartão Crédito
1706,2025-04-15,112,Jogo de Aventura,Games,3,249.90,749.70,Goiânia,GO,Cartão Crédito
1707,2025-04-15,119,Notebook Core i5,Informática,1,3299.90,3299.90,Niterói,RJ,Pix
1708,2025-04-15,107,Kit Halteres 20kg,Esporte e Lazer,2,233.91,467.82,Vitória da Conquista,BA,Cartão Débito
1709,2025-04-15,105,Controle Sem Fio,Games,4,349.90,1399.60,Uberlândia,MG,Boleto
1710,2025-04-15,119,Mesa de Jantar 6 Cadeiras,Móveis,2,1899.00,3798.00,Uberlândia,MG,Cartão Débito
1711,2025-04-15,113,Fone Bluetooth,Celulares e Acessórios,2,199.90,399.80,Brasília,DF,Cartão Crédito
1712,2025-04-15,112,Mesa de Jantar 6 Cadeiras,Móveis,2,1899.00,3798.00,Porto Alegre,RS,Cartão Débito
1713,2025-04-15,106,Notebook Core i5,Informática,1,2969.91,2969.91,Goiânia,GO,Pix
1714,2025-04-15,103,Smartphone 128GB,Celulares e Acessórios,3,1799.00,5397.00,Porto Alegre,RS,Cartão Crédito
1715,2025-04-15,101,Mesa de Jantar 6 Cadeiras,Móveis,1,1899.00,1899.00,Fortaleza,CE,Cartão Crédito
1716,2025-04-16,107,Notebook Core i5,Informática,2,3299.90,6599.80,Curitiba,PR,Cartão Crédito
1717,2025-04-16,104,Geladeira Frost Free 400L,Eletrodomésticos,2,3149.10,6298.20,Goiânia,GO,Cartão Crédito
1718,2025-04-16,113,Mesa de Jantar 6 Cadeiras,Móveis,2,1899.00,3798.00,Goiânia,GO,Boleto
1719,2025-04-16,108,Controle Sem Fio,Games,3,349.90,1049.70,Brasília,DF,Cartão Débito
1720,2025-04-16,101,Smartphone 128GB,Celulares e Acessórios,2,1709.05,3418.10,São Paulo,SP,Boleto
1721,2025-04-16,108,Airfryer 5L,Eletrodomésticos,4,429.90,1719.60,Niterói,RJ,Boleto
1722,2025-04-16,117,Sofá 3 Lugares,Móveis,2,2279.05,4558.10,Fortaleza,CE,Pix
1723,2025-04-16,109,Geladeira Frost Free 400L,Eletrodomésticos,2,3499.00,6998.00,Niterói,RJ,Boleto
1724,2025-04-16,117,Console de Videogame,Games,2,2999.00,5998.00,Rio de Janeiro,RJ,Cartão Crédito
1725,2025-04-16,104,Carregador Turbo USB-C,Celulares e Acessórios,6,85.40,512.40,Campinas,SP,Pix
1726,2025-04-16,105,Cadeira de Escritório,Móveis,1,629.91,629.91,Feira de Santana,BA,Cartão Débito
1727,2025-04-16,119,Jogo de Aventura,Games,4,249.90,999.60,São Paulo,SP,Pix
1728,2025-04-17,106,Monitor Full HD 24pol,Informática,2,899.90,1799.80,Santos,SP,Cartão Débito
1729,2025-04-17,117,Smartphone 128GB,Celulares e Acessórios,3,1799.00,5397.00,Feira de Santana,BA,Cartão Crédito
1730,2025-04-17,113,Mesa de Jantar 6 Cadeiras,Móveis,2,1899.00,3798.00,Recife,PE,Cartão Crédito
1731,2025-04-17,116,Mesa de Jantar 6 Cadeiras,Móveis,2,1899.00,3798.00,Belo Horizonte,MG,Pix
1732,2025-04-17,104,Console de Videogame,Games,2,2549.15,5098.30,Feira de Santana,BA,Pix
1733,2025-04-17,113,Mesa de Jantar 6 Cadeiras,Móveis,2,1899.00,3798.00,Curitiba,PR,Cartão Débito
1734,2025-04-17,103,Notebook Core i5,Informática,2,3299.90,6599.80,Belo Horizonte,MG,Pix
1735,2025-04-17,109,Smartphone 128GB,Celulares e Acessórios,3,1799.00,5397.00,Fortaleza,CE,Cartão Crédito
1736,2025-04-17,113,Bicicleta Aro 29,Esporte e Lazer,1,1799.00,1799.00,Rio de Janeiro,RJ,Pix
1737,2025-04-17,107,Esteira Elétrica,Esporte e Lazer,1,2899.00,2899.00,Salvador,BA,Boleto
1738,2025-04-17,110,Console de Videogame,Games,1,2849.05,2849.05,Rio de Janeiro,RJ,Cartão Crédito
1739,2025-04-18,103,Esteira Elétrica,Esporte e Lazer,1,2899.00,2899.00,São Paulo,SP,Cartão Débito
1740,2025-04-18,117,Teclado Mecânico,Informática,1,289.90,289.90,Belo Horizonte,MG,Boleto
1741,2025-04-18,108,Máquina de Lavar 12kg,Eletrodomésticos,2,2199.00,4398.00,Fortaleza,CE,Pix
1742,2025-04-18,104,Console de Videogame,Games,2,2999.00,5998.00,Recife,PE,Pix
1743,2025-04-18,101,Sofá 3 Lugares,Móveis,2,2399.00,4798.00,Fortaleza,CE,Boleto
1744,2025-04-18,120,Airfryer 5L,Eletrodomésticos,2,429.90,859.80,São Paulo,SP,Cartão Crédito
1745,2025-04-18,120,Máquina de Lavar 12kg,Eletrodomésticos,2,2199.00,4398.00,Campinas,SP,Cartão Débito
1746,2025-04-18,107,Teclado Mecânico,Informática,4,289.90,1159.60,Fortaleza,CE,Cartão Débito
1747,2025-04-18,115,Sofá 3 Lugares,Móveis,1,2399.00,2399.00,Curitiba,PR,Cartão Débito
1748,2025-04-18,101,Carregador Turbo USB-C,Celulares e Acessórios,2,89.90,179.80,Curitiba,PR,Cartão Débito
1749,2025-04-18,119,Mouse Sem Fio,Informática,4,79.90,319.60,Campinas,SP,Boleto
1750,2025-04-18,109,Esteira Elétrica,Esporte e Lazer,1,2899.00,2899.00,Salvador,BA,Boleto
1751,2025-04-18,116,Micro-ondas 30L,Eletrodomésticos,1,649.90,649.90,São Paulo,SP,Pix
1752,2025-04-18,107,Kit Halteres 20kg,Esporte e Lazer,1,259.90,259.90,Brasília,DF,Boleto
1753,2025-04-18,112,Teclado Mecânico,Informática,2,289.90,579.80,Brasília,DF,Boleto
1754,2025-04-18,103,Cadeira de Escritório,Móveis,4,699.90,2799.60,Salvador,BA,Cartão Crédito
1755,2025-04-18,116,Console de Videogame,Games,2,2699.10,5398.20,Vitória da Conquista,BA,Cartão Débito
1756,2025-04-18,109,Teclado Mecânico,Informática,4,289.90,1159.60,Uberlândia,MG,Pix
1757,2025-04-18,119,Smartphone 128GB,Celulares e Acessórios,3,1799.00,5397.00,Rio de Janeiro,RJ,Pix
1758,2025-04-18,104,Airfryer 5L,Eletrodomésticos,3,429.90,1289.70,Feira de Santana,BA,Cartão Crédito
1759,2025-04-18,104,Máquina de Lavar 12kg,Eletrodomésticos,2,2089.05,4178.10,São Paulo,SP,Pix
1760,2025-04-18,108,Micro-ondas 30L,Eletrodomésticos,2,649.90,1299.80,Salvador,BA,Pix
1761,2025-04-18,101,Mesa de Jantar 6 Cadeiras,Móveis,2,1899.00,3798.00,Salvador,BA,Pix
1762,2025-04-18,117,Carregador Turbo USB-C,Celulares e Acessórios,3,89.90,269.70,Porto Alegre,RS,Pix
1763,2025-04-18,112,Smartphone 128GB,Celulares e Acessórios,2,1619.10,3238.20,Salvador,BA,Cartão Débito
1764,2025-04-19,103,Kit Halteres 20kg,Esporte e Lazer,4,259.90,1039.60,São Paulo,SP,Pix
1765,2025-04-19,115,Monitor Full HD 24pol,Informática,1,899.90,899.90,Porto Alegre,RS,Boleto
1766,2025-04-19,107,Sofá 3 Lugares,Móveis,1,2399.00,2399.00,Brasília,DF,Cartão Crédito
1767,2025-04-19,112,Console de Videogame,Games,2,2999.00,5998.00,Rio de Janeiro,RJ,Boleto
1768,2025-04-19,106,Sofá 3 Lugares,Móveis,2,2399.00,4798.00,Feira de Santana,BA,Pix
1769,2025-04-19,119,Cadeira de Escritório,Móveis,4,594.92,2379.68,Campinas,SP,Boleto
1770,2025-04-19,105,Máquina de Lavar 12kg,Eletrodomésticos,1,2199.00,2199.00,Brasília,DF,Pix
1771,2025-04-19,120,Jogo de Aventura,Games,3,249.90,749.70,Niterói,RJ,Pix
1772,2025-04-19,101,Cadeira de Escritório,Móveis,2,699.90,1399.80,Belo Horizonte,MG,Cartão Débito
1773,2025-04-19,103,Mouse Sem Fio,Informática,3,79.90,239.70,Salvador,BA,Cartão Crédito
1774,2025-04-19,117,Fone Bluetooth,Celulares e Acessórios,2,179.91,359.82,São Paulo,SP,Cartão Crédito
1775,2025-04-19,104,Mouse Sem Fio,Informática,1,79.90,79.90,São Paulo,SP,Cartão Débito
1776,2025-04-19,109,Jogo de Aventura,Games,4,249.90,999.60,Fortaleza,CE,Cartão Débito
1777,2025-04-19,108,Geladeira Frost Free 400L,Eletrodomésticos,1,3324.05,3324.05,Santos,SP,Cartão Crédito
1778,2025-04-19,116,Cadeira de Escritório,Móveis,1,629.91,629.91,Brasília,DF,Pix
1779,2025-04-19,104,Kit Halteres 20kg,Esporte e Lazer,1,233.91,233.91,São Paulo,SP,Cartão Crédito
1780,2025-04-19,106,Console de Videogame,Games,1,2999.00,2999.00,Rio de Janeiro,RJ,Boleto
1781,2025-04-19,117,Mouse Sem Fio,Informática,6,79.90,479.40,Rio de Janeiro,RJ,Pix
1782,2025-04-19,109,Teclado Mecânico,Informática,2,289.90,579.80,Recife,PE,Pix
1783,2025-04-19,112,Notebook Core i5,Informática,1,3299.90,3299.90,Fortaleza,CE,Cartão Crédito
1784,2025-04-19,101,Kit Halteres 20kg,Esporte e Lazer,1,233.91,233.91,Fortaleza,CE,Boleto
1785,2025-04-20,105,Micro-ondas 30L,Eletrodomésticos,1,552.42,552.42,Rio de Janeiro,RJ,Cartão Crédito
1786,2025-04-20,106,Máquina de Lavar 12kg,Eletrodomésticos,1,2199.00,2199.00,Rio de Janeiro,RJ,Boleto
1787,2025-04-20,101,Monitor Full HD 24pol,Informática,1,899.90,899.90,Rio de Janeiro,RJ,Boleto
1788,2025-04-20,109,Sofá 3 Lugares,Móveis,1,2399.00,2399.00,Salvador,BA,Cartão Crédito
1789,2025-04-20,109,Máquina de Lavar 12kg,Eletrodomésticos,2,2199.00,4398.00,Campinas,SP,Cartão Débito
1790,2025-04-20,113,Fone Bluetooth,Celulares e Acessórios,3,199.90,599.70,Rio de Janeiro,RJ,Boleto
1791,2025-04-20,101,Jogo de Aventura,Games,1,249.90,249.90,Curitiba,PR,Cartão Crédito
1792,2025-04-20,112,Bicicleta Aro 29,Esporte e Lazer,2,1619.10,3238.20,Rio de Janeiro,RJ,Cartão Débito
1793,2025-04-20,104,Mesa de Jantar 6 Cadeiras,Móveis,2,1899.00,3798.00,Porto Alegre,RS,Pix
1794,2025-04-20,117,Micro-ondas 30L,Eletrodomésticos,3,649.90,1949.70,Rio de Janeiro,RJ,Boleto
1795,2025-04-20,115,Mesa de Jantar 6 Cadeiras,Móveis,1,1899.00,1899.00,Uberlândia,MG,Cartão Crédito
1796,2025-04-20,120,Mesa de Jantar 6 Cadeiras,Móveis,1,1899.00,1899.00,Salvador,BA,Cartão Débito
1797,2025-04-20,115,Monitor Full HD 24pol,Informática,2,899.90,1799.80,Vitória da Conquista,BA,Cartão Crédito
1798,2025-04-20,109,Notebook Core i5,Informática,2,3299.90,6599.80,Campinas,SP,Cartão Crédito
1799,2025-04-20,110,Mouse Sem Fio,Informática,5,79.90,399.50,Campinas,SP,Cartão Crédito
1800,2025-04-20,106,Mouse Sem Fio,Informática,3,79.90,239.70,Uberlândia,MG,Pix
1801,2025-04-20,117,Mesa de Jantar 6 Cadeiras,Móveis,1,1899.00,1899.00,Salvador,BA,Boleto
1802,2025-04-20,103,Monitor Full HD 24pol,Informática,1,899.90,899.90,Feira de Santana,BA,Pix
1803,2025-04-21,119,Mouse Sem Fio,Informática,2,75.90,151.80,Recife,PE,Cartão Crédito
1804,2025-04-21,101,Controle Sem Fio,Games,2,332.40,664.80,Curitiba,PR,Pix
1805,2025-04-21,105,Carregador Turbo USB-C,Celulares e Acessórios,4,89.90,359.60,Goiânia,GO,Pix
1806,2025-04-21,106,Cadeira de Escritório,Móveis,1,699.90,699.90,Recife,PE,Pix
1807,2025-04-21,103,Máquina de Lavar 12kg,Eletrodomésticos,2,2199.00,4398.00,Vitória da Conquista,BA,Cartão Débito
1808,2025-04-21,108,Monitor Full HD 24pol,Informática,2,854.90,1709.80,Curitiba,PR,Boleto
1809,2025-04-21,108,Kit Halteres 20kg,Esporte e Lazer,4,259.90,1039.60,Curitiba,PR,Pix
1810,2025-04-21,101,Controle Sem Fio,Games,2,314.91,629.82,Fortaleza,CE,Pix
1811,2025-04-21,113,Fone Bluetooth,Celulares e Acessórios,4,169.92,679.68,Brasília,DF,Cartão Débito
1812,2025-04-21,109,Máquina de Lavar 12kg,Eletrodomésticos,2,2199.00,4398.00,Niterói,RJ,Cartão Crédito
1813,2025-04-21,120,Carregador Turbo USB-C,Celulares e Acessórios,5,89.90,449.50,Salvador,BA,Cartão Débito
1814,2025-04-21,112,Bicicleta Aro 29,Esporte e Lazer,2,1799.00,3598.00,Vitória da Conquista,BA,Pix
1815,2025-04-21,113,Sofá 3 Lugares,Móveis,1,2399.00,2399.00,Campinas,SP,Cartão Crédito
1816,2025-04-21,105,Geladeira Frost Free 400L,Eletrodomésticos,2,3499.00,6998.00,Niterói,RJ,Boleto
1817,2025-04-21,103,Carregador Turbo USB-C,Celulares e Acessórios,4,89.90,359.60,Salvador,BA,Cartão Débito
1818,2025-04-21,115,Controle Sem Fio,Games,2,349.90,699.80,Salvador,BA,Cartão Crédito
1819,2025-04-21,117,Máquina de Lavar 12kg,Eletrodomésticos,2,2199.00,4398.00,Salvador,BA,Cartão Débito
1820,2025-04-21,115,Controle Sem Fio,Games,1,349.90,349.90,Campinas,SP,Pix
1821,2025-04-21,107,Geladeira Frost Free 400L,Eletrodomésticos,2,3499.00,6998.00,Porto Alegre,RS,Cartão Débito
1822,2025-04-21,120,Máquina de Lavar 12kg,Eletrodomésticos,1,1869.15,1869.15,São Paulo,SP,Boleto
1823,2025-04-21,107,Jogo de Aventura,Games,2,249.90,499.80,Salvador,BA,Boleto
1824,2025-04-22,120,Geladeira Frost Free 400L,Eletrodomésticos,1,3324.05,3324.05,Brasília,DF,Pix
1825,2025-04-22,108,Jogo de Aventura,Games,4,249.90,999.60,Feira de Santana,BA,Cartão Débito
1826,2025-04-22,103,Notebook Core i5,Informática,2,3299.90,6599.80,Salvador,BA,Cartão Crédito
1827,2025-04-22,108,Notebook Core i5,Informática,1,3299.90,3299.90,Fortaleza,CE,Pix
1828,2025-04-22,117,Sofá 3 Lugares,Móveis,2,2399.00,4798.00,Fortaleza,CE,Boleto
1829,2025-04-22,105,Airfryer 5L,Eletrodomésticos,4,429.90,1719.60,Rio de Janeiro,RJ,Boleto
1830,2025-04-22,108,Teclado Mecânico,Informática,4,289.90,1159.60,Niterói,RJ,Cartão Débito
1831,2025-04-22,109,Jogo de Aventura,Games,5,249.90,1249.50,Salvador,BA,Cartão Débito
1832,2025-04-22,116,Airfryer 5L,Eletrodomésticos,1,429.90,429.90,Santos,SP,Cartão Débito
1833,2025-04-22,108,Mesa de Jantar 6 Cadeiras,Móveis,1,1804.05,1804.05,Curitiba,PR,Cartão Débito
1834,2025-04-22,117,Mesa de Jantar 6 Cadeiras,Móveis,2,1899.00,3798.00,Fortaleza,CE,Pix
1835,2025-04-22,120,Mouse Sem Fio,Informática,2,79.90,159.80,Recife,PE,Boleto
1836,2025-04-22,119,Bicicleta Aro 29,Esporte e Lazer,1,1799.00,1799.00,Campinas,SP,Boleto
1837,2025-04-22,104,Bicicleta Aro 29,Esporte e Lazer,2,1799.00,3598.00,Belo Horizonte,MG,Cartão Débito
1838,2025-04-22,119,Jogo de Aventura,Games,2,249.90,499.80,Niterói,RJ,Cartão Débito
1839,2025-04-22,112,Esteira Elétrica,Esporte e Lazer,1,2899.00,2899.00,Niterói,RJ,Boleto
1840,2025-04-22,106,Máquina de Lavar 12kg,Eletrodomésticos,2,2199.00,4398.00,Salvador,BA,Pix
1841,2025-04-22,104,Mouse Sem Fio,Informática,2,79.90,159.80,Niterói,RJ,Pix
1842,2025-04-23,115,Console de Videogame,Games,2,2999.00,5998.00,Salvador,BA,Pix
1843,2025-04-23,107,Kit Halteres 20kg,Esporte e Lazer,2,246.90,493.80,Porto Alegre,RS,Cartão Crédito
1844,2025-04-23,109,Geladeira Frost Free 400L,Eletrodomésticos,2,3499.00,6998.00,Brasília,DF,Cartão Crédito
1845,2025-04-23,115,Fone Bluetooth,Celulares e Acessórios,5,199.90,999.50,Curitiba,PR,Pix
1846,2025-04-23,112,Cadeira de Escritório,Móveis,1,699.90,699.90,São Paulo,SP,Cartão Débito
1847,2025-04-23,110,Monitor Full HD 24pol,Informática,3,854.90,2564.70,Salvador,BA,Cartão Crédito
1848,2025-04-23,110,Teclado Mecânico,Informática,2,289.90,579.80,Feira de Santana,BA,Pix
1849,2025-04-23,120,Carregador Turbo USB-C,Celulares e Acessórios,2,85.40,170.80,Porto Alegre,RS,Cartão Crédito
1850,2025-04-23,115,Jogo de Aventura,Games,4,249.90,999.60,Rio de Janeiro,RJ,Pix
1851,2025-04-24,113,Bicicleta Aro 29,Esporte e Lazer,1,1709.05,1709.05,Uberlândia,MG,Cartão Crédito
1852,2025-04-24,107,Bicicleta Aro 29,Esporte e Lazer,2,1799.00,3598.00,Salvador,BA,Cartão Crédito
1853,2025-04-24,106,Carregador Turbo USB-C,Celulares e Acessórios,6,89.90,539.40,São Paulo,SP,Cartão Débito
1854,2025-04-24,110,Jogo de Aventura,Games,4,249.90,999.60,Niterói,RJ,Cartão Débito
1855,2025-04-24,119,Kit Halteres 20kg,Esporte e Lazer,3,246.90,740.70,Uberlândia,MG,Cartão Débito
1856,2025-04-24,101,Monitor Full HD 24pol,Informática,3,809.91,2429.73,Vitória da Conquista,BA,Cartão Crédito
1857,2025-04-24,115,Smartphone 128GB,Celulares e Acessórios,2,1799.00,3598.00,Brasília,DF,Boleto
1858,2025-04-24,103,Kit Halteres 20kg,Esporte e Lazer,3,259.90,779.70,Fortaleza,CE,Cartão Débito
1859,2025-04-24,112,Máquina de Lavar 12kg,Eletrodomésticos,1,2199.00,2199.00,São Paulo,SP,Pix
1860,2025-04-24,105,Fone Bluetooth,Celulares e Acessórios,5,179.91,899.55,Porto Alegre,RS,Cartão Crédito
1861,2025-04-24,110,Controle Sem Fio,Games,4,314.91,1259.64,Rio de Janeiro,RJ,Cartão Crédito
1862,2025-04-24,110,Máquina de Lavar 12kg,Eletrodomésticos,2,2199.00,4398.00,Santos,SP,Cartão Débito
1863,2025-04-24,120,Bicicleta Aro 29,Esporte e Lazer,1,1709.05,1709.05,Brasília,DF,Cartão Débito
1864,2025-04-24,115,Monitor Full HD 24pol,Informática,1,899.90,899.90,Recife,PE,Cartão Débito
1865,2025-04-24,120,Esteira Elétrica,Esporte e Lazer,1,2899.00,2899.00,Salvador,BA,Cartão Crédito
1866,2025-04-24,109,Fone Bluetooth,Celulares e Acessórios,3,199.90,599.70,Recife,PE,Pix
1867,2025-04-24,104,Notebook Core i5,Informática,1,3299.90,3299.90,Uberlândia,MG,Boleto
1868,2025-04-24,112,Jogo de Aventura,Games,3,249.90,749.70,São Paulo,SP,Cartão Crédito
1869,2025-04-24,119,Carregador Turbo USB-C,Celulares e Acessórios,1,89.90,89.90,Santos,SP,Cartão Crédito
1870,2025-04-24,103,Kit Halteres 20kg,Esporte e Lazer,3,233.91,701.73,Salvador,BA,Pix
1871,2025-04-25,112,Fone Bluetooth,Celulares e Acessórios,3,199.90,599.70,Recife,PE,Pix
1872,2025-04-25,120,Smartphone 128GB,Celulares e Acessórios,2,1799.00,3598.00,Fortaleza,CE,Cartão Débito
1873,2025-04-25,107,Máquina de Lavar 12kg,Eletrodomésticos,1,2199.00,2199.00,Salvador,BA,Boleto
1874,2025-04-25,115,Esteira Elétrica,Esporte e Lazer,2,2899.00,5798.00,Vitória da Conquista,BA,Cartão Crédito
1875,2025-04-25,106,Teclado Mecânico,Informática,3,289.90,869.70,Feira de Santana,BA,Pix
1876,2025-04-25,115,Fone Bluetooth,Celulares e Acessórios,4,199.90,799.60,Belo Horizonte,MG,Cartão Débito
1877,2025-04-25,117,Notebook Core i5,Informática,1,3299.90,3299.90,Rio de Janeiro,RJ,Boleto
1878,2025-04-25,113,Carregador Turbo USB-C,Celulares e Acessórios,2,89.90,179.80,São Paulo,SP,Cartão Crédito
1879,2025-04-26,103,Carregador Turbo USB-C,Celulares e Acessórios,3,89.90,269.70,Brasília,DF,Cartão Crédito
1880,2025-04-26,103,Smartphone 128GB,Celulares e Acessórios,1,1799.00,1799.00,Campinas,SP,Pix
1881,2025-04-26,108,Esteira Elétrica,Esporte e Lazer,1,2899.00,2899.00,Feira de Santana,BA,Boleto
1882,2025-04-26,120,Sofá 3 Lugares,Móveis,2,2279.05,4558.10,São Paulo,SP,Cartão Crédito
1883,2025-04-26,108,Kit Halteres 20kg,Esporte e Lazer,3,259.90,779.70,Goiânia,GO,Cartão Débito
1884,2025-04-26,112,Fone Bluetooth,Celulares e Acessórios,4,179.91,719.64,Rio de Janeiro,RJ,Pix
1885,2025-04-26,109,Geladeira Frost Free 400L,Eletrodomésticos,2,3499.00,6998.00,Feira de Santana,BA,Pix
1886,2025-04-26,112,Esteira Elétrica,Esporte e Lazer,1,2899.00,2899.00,Curitiba,PR,Cartão Débito
1887,2025-04-26,119,Fone Bluetooth,Celulares e Acessórios,3,189.90,569.70,Vitória da Conquista,BA,Boleto
1888,2025-04-26,112,Bicicleta Aro 29,Esporte e Lazer,2,1799.00,3598.00,Curitiba,PR,Boleto
1889,2025-04-26,112,Controle Sem Fio,Games,2,349.90,699.80,Curitiba,PR,Boleto
1890,2025-04-26,113,Esteira Elétrica,Esporte e Lazer,2,2899.00,5798.00,Niterói,RJ,Pix
1891,2025-04-26,116,Smartphone 128GB,Celulares e Acessórios,2,1799.00,3598.00,Goiânia,GO,Cartão Crédito
1892,2025-04-26,104,Console de Videogame,Games,2,2999.00,5998.00,Feira de Santana,BA,Cartão Crédito
1893,2025-04-26,110,Micro-ondas 30L,Eletrodomésticos,1,649.90,649.90,Uberlândia,MG,Pix
1894,2025-04-26,116,Kit Halteres 20kg,Esporte e Lazer,3,259.90,779.70,Niterói,RJ,Boleto
1895,2025-04-26,103,Esteira Elétrica,Esporte e Lazer,2,2464.15,4928.30,Belo Horizonte,MG,Cartão Crédito
1896,2025-04-26,108,Bicicleta Aro 29,Esporte e Lazer,1,1799.00,1799.00,Recife,PE,Boleto
1897,2025-04-26,108,Sofá 3 Lugares,Móveis,1,2399.00,2399.00,Santos,SP,Cartão Débito
1898,2025-04-26,110,Micro-ondas 30L,Eletrodomésticos,3,584.91,1754.73,Rio de Janeiro,RJ,Pix
1899,2025-04-26,115,Monitor Full HD 24pol,Informática,1,899.90,899.90,Uberlândia,MG,Pix
1900,2025-04-26,120,Geladeira Frost Free 400L,Eletrodomésticos,2,3499.00,6998.00,Feira de Santana,BA,Pix
1901,2025-04-26,108,Micro-ondas 30L,Eletrodomésticos,3,649.90,1949.70,Santos,SP,Pix
1902,2025-04-26,119,Micro-ondas 30L,Eletrodomésticos,3,584.91,1754.73,São Paulo,SP,Cartão Crédito
1903,2025-04-27,110,Bicicleta Aro 29,Esporte e Lazer,2,1799.00,3598.00,Recife,PE,Cartão Crédito
1904,2025-04-27,105,Geladeira Frost Free 400L,Eletrodomésticos,2,3149.10,6298.20,Uberlândia,MG,Pix
1905,2025-04-27,115,Sofá 3 Lugares,Móveis,1,2279.05,2279.05,São Paulo,SP,Cartão Crédito
1906,2025-04-27,110,Airfryer 5L,Eletrodomésticos,3,386.91,1160.73,Goiânia,GO,Pix
1907,2025-04-27,105,Carregador Turbo USB-C,Celulares e Acessórios,6,89.90,539.40,Vitória da Conquista,BA,Pix
1908,2025-04-27,108,Esteira Elétrica,Esporte e Lazer,2,2754.05,5508.10,Uberlândia,MG,Pix
1909,2025-04-27,116,Geladeira Frost Free 400L,Eletrodomésticos,1,3499.00,3499.00,Brasília,DF,Boleto
1910,2025-04-27,103,Jogo de Aventura,Games,1,224.91,224.91,Vitória da Conquista,BA,Cartão Crédito
1911,2025-04-27,113,Máquina de Lavar 12kg,Eletrodomésticos,1,2199.00,2199.00,Curitiba,PR,Pix
1912,2025-04-27,110,Console de Videogame,Games,2,2999.00,5998.00,Brasília,DF,Boleto
1913,2025-04-27,119,Máquina de Lavar 12kg,Eletrodomésticos,1,2199.00,2199.00,Salvador,BA,Boleto
1914,2025-04-27,112,Teclado Mecânico,Informática,1,260.91,260.91,Uberlândia,MG,Pix
1915,2025-04-27,109,Mouse Sem Fio,Informática,2,79.90,159.80,Rio de Janeiro,RJ,Pix
1916,2025-04-27,111,Bicicleta Aro 29,Esporte e Lazer,2,1799.00,3598.00,Feira de Santana,BA,Cartão Débito
1917,2025-04-27,106,Teclado Mecânico,Informática,2,289.90,579.80,Brasília,DF,Cartão Débito
1918,2025-04-27,117,Esteira Elétrica,Esporte e Lazer,1,2899.00,2899.00,Porto Alegre,RS,Boleto
1919,2025-04-28,107,Máquina de Lavar 12kg,Eletrodomésticos,1,2199.00,2199.00,Belo Horizonte,MG,Boleto
1920,2025-04-28,113,Fone Bluetooth,Celulares e Acessórios,4,189.90,759.60,Uberlândia,MG,Boleto
1921,2025-04-28,113,Carregador Turbo USB-C,Celulares e Acessórios,1,89.90,89.90,Santos,SP,Pix
1922,2025-04-28,110,Controle Sem Fio,Games,2,349.90,699.80,São Paulo,SP,Boleto
1923,2025-04-28,110,Carregador Turbo USB-C,Celulares e Acessórios,2,89.90,179.80,São Paulo,SP,Cartão Crédito
1924,2025-04-28,104,Airfryer 5L,Eletrodomésticos,2,429.90,859.80,Uberlândia,MG,Pix
1925,2025-04-28,106,Fone Bluetooth,Celulares e Acessórios,2,199.90,399.80,Belo Horizonte,MG,Cartão Crédito
1926,2025-04-28,106,Controle Sem Fio,Games,1,349.90,349.90,Feira de Santana,BA,Cartão Débito
1927,2025-04-28,113,Micro-ondas 30L,Eletrodomésticos,2,584.91,1169.82,São Paulo,SP,Cartão Débito
1928,2025-04-28,106,Console de Videogame,Games,2,2999.00,5998.00,Recife,PE,Cartão Crédito
1929,2025-04-28,110,Smartphone 128GB,Celulares e Acessórios,3,1619.10,4857.30,Uberlândia,MG,Boleto
1930,2025-04-28,104,Monitor Full HD 24pol,Informática,1,854.90,854.90,Santos,SP,Pix
1931,2025-04-28,105,Geladeira Frost Free 400L,Eletrodomésticos,2,3499.00,6998.00,Recife,PE,Cartão Crédito
1932,2025-04-28,112,Sofá 3 Lugares,Móveis,1,2399.00,2399.00,Rio de Janeiro,RJ,Cartão Débito
1933,2025-04-28,116,Geladeira Frost Free 400L,Eletrodomésticos,2,3499.00,6998.00,Salvador,BA,Cartão Débito
1934,2025-04-28,112,Console de Videogame,Games,1,2999.00,2999.00,São Paulo,SP,Cartão Crédito
1935,2025-04-28,116,Cadeira de Escritório,Móveis,1,699.90,699.90,Rio de Janeiro,RJ,Cartão Débito
1936,2025-04-28,113,Console de Videogame,Games,1,2999.00,2999.00,Niterói,RJ,Cartão Débito
1937,2025-04-28,107,Notebook Core i5,Informática,1,3299.90,3299.90,Santos,SP,Pix
1938,2025-04-28,113,Jogo de Aventura,Games,4,249.90,999.60,Fortaleza,CE,Pix
1939,2025-04-28,112,Sofá 3 Lugares,Móveis,1,2399.00,2399.00,Campinas,SP,Boleto
1940,2025-04-28,105,Console de Videogame,Games,1,2999.00,2999.00,Feira de Santana,BA,Cartão Crédito
1941,2025-04-28,113,Airfryer 5L,Eletrodomésticos,1,429.90,429.90,Uberlândia,MG,Cartão Débito
1942,2025-04-28,115,Monitor Full HD 24pol,Informática,3,899.90,2699.70,Recife,PE,Cartão Débito
1943,2025-04-28,116,Cadeira de Escritório,Móveis,4,594.92,2379.68,Salvador,BA,Cartão Crédito
1944,2025-04-28,115,Máquina de Lavar 12kg,Eletrodomésticos,1,2199.00,2199.00,Campinas,SP,Boleto
1945,2025-04-29,116,Fone Bluetooth,Celulares e Acessórios,2,199.90,399.80,Uberlândia,MG,Cartão Débito
1946,2025-04-29,116,Mesa de Jantar 6 Cadeiras,Móveis,2,1899.00,3798.00,Feira de Santana,BA,Cartão Crédito
1947,2025-04-29,117,Fone Bluetooth,Celulares e Acessórios,3,199.90,599.70,Salvador,BA,Cartão Crédito
1948,2025-04-29,109,Micro-ondas 30L,Eletrodomésticos,1,649.90,649.90,Curitiba,PR,Cartão Débito
1949,2025-04-29,106,Jogo de Aventura,Games,5,224.91,1124.55,Goiânia,GO,Cartão Crédito
1950,2025-04-29,117,Controle Sem Fio,Games,1,349.90,349.90,Rio de Janeiro,RJ,Cartão Débito
1951,2025-04-29,111,Monitor Full HD 24pol,Informática,3,899.90,2699.70,Santos,SP,Cartão Crédito
1952,2025-04-29,107,Carregador Turbo USB-C,Celulares e Acessórios,5,89.90,449.50,Curitiba,PR,Cartão Débito
1953,2025-04-29,109,Mouse Sem Fio,Informática,3,79.90,239.70,Vitória da Conquista,BA,Cartão Crédito
1954,2025-04-29,117,Carregador Turbo USB-C,Celulares e Acessórios,1,89.90,89.90,Salvador,BA,Cartão Débito
1955,2025-04-29,120,Sofá 3 Lugares,Móveis,1,2399.00,2399.00,São Paulo,SP,Cartão Débito
1956,2025-04-29,106,Smartphone 128GB,Celulares e Acessórios,1,1799.00,1799.00,São Paulo,SP,Pix
1957,2025-04-29,101,Teclado Mecânico,Informática,4,289.90,1159.60,Curitiba,PR,Cartão Crédito
1958,2025-04-29,104,Smartphone 128GB,Celulares e Acessórios,3,1799.00,5397.00,São Paulo,SP,Cartão Crédito
1959,2025-04-29,116,Fone Bluetooth,Celulares e Acessórios,3,199.90,599.70,Santos,SP,Pix
1960,2025-04-29,113,Bicicleta Aro 29,Esporte e Lazer,1,1709.05,1709.05,Salvador,BA,Pix
1961,2025-04-29,110,Máquina de Lavar 12kg,Eletrodomésticos,2,2199.00,4398.00,Salvador,BA,Cartão Crédito
1962,2025-04-30,104,Teclado Mecânico,Informática,1,289.90,289.90,Campinas,SP,Pix
1963,2025-04-30,112,Fone Bluetooth,Celulares e Acessórios,3,199.90,599.70,Vitória da Conquista,BA,Cartão Crédito
1964,2025-04-30,110,Jogo de Aventura,Games,4,249.90,999.60,São Paulo,SP,Boleto
1965,2025-04-30,113,Sofá 3 Lugares,Móveis,2,2399.00,4798.00,Feira de Santana,BA,Cartão Crédito
1966,2025-04-30,110,Fone Bluetooth,Celulares e Acessórios,3,199.90,599.70,Brasília,DF,Pix
1967,2025-04-30,101,Máquina de Lavar 12kg,Eletrodomésticos,2,1979.10,3958.20,Brasília,DF,Pix
1968,2025-04-30,120,Mesa de Jantar 6 Cadeiras,Móveis,2,1614.15,3228.30,Belo Horizonte,MG,Boleto
1969,2025-04-30,103,Console de Videogame,Games,1,2999.00,2999.00,Belo Horizonte,MG,Boleto
1970,2025-04-30,101,Bicicleta Aro 29,Esporte e Lazer,2,1799.00,3598.00,São Paulo,SP,Cartão Débito
1971,2025-04-30,120,Jogo de Aventura,Games,1,249.90,249.90,Salvador,BA,Cartão Crédito
1972,2025-04-30,103,Teclado Mecânico,Informática,4,289.90,1159.60,Salvador,BA,Cartão Crédito
1973,2025-04-30,119,Smartphone 128GB,Celulares e Acessórios,2,1799.00,3598.00,Fortaleza,CE,Boleto
1974,2025-04-30,101,Bicicleta Aro 29,Esporte e Lazer,1,1799.00,1799.00,Goiânia,GO,Cartão Crédito
1975,2025-04-30,108,Bicicleta Aro 29,Esporte e Lazer,2,1799.00,3598.00,Brasília,DF,Boleto
1976,2025-04-30,101,Monitor Full HD 24pol,Informática,1,899.90,899.90,Belo Horizonte,MG,Boleto
1977,2025-04-30,113,Geladeira Frost Free 400L,Eletrodomésticos,1,3499.00,3499.00,Belo Horizonte,MG,Cartão Débito
1978,2025-05-01,109,Bicicleta Aro 29,Esporte e Lazer,1,1799.00,1799.00,Belo Horizonte,MG,Cartão Débito
1979,2025-05-01,115,Mesa de Jantar 6 Cadeiras,Móveis,2,1899.00,3798.00,Vitória da Conquista,BA,Boleto
1980,2025-05-01,109,Micro-ondas 30L,Eletrodomésticos,1,649.90,649.90,Brasília,DF,Boleto
1981,2025-05-01,105,Sofá 3 Lugares,Móveis,1,2399.00,2399.00,Rio de Janeiro,RJ,Pix
1982,2025-05-01,107,Teclado Mecânico,Informática,4,289.90,1159.60,Recife,PE,Cartão Débito
1983,2025-05-01,105,Geladeira Frost Free 400L,Eletrodomésticos,2,3499.00,6998.00,Salvador,BA,Cartão Crédito
1984,2025-05-01,109,Jogo de Aventura,Games,2,249.90,499.80,Brasília,DF,Pix
1985,2025-05-01,120,Notebook Core i5,Informática,2,3299.90,6599.80,Salvador,BA,Pix
1986,2025-05-01,104,Controle Sem Fio,Games,1,349.90,349.90,Niterói,RJ,Cartão Crédito
1987,2025-05-01,115,Micro-ondas 30L,Eletrodomésticos,2,649.90,1299.80,Rio de Janeiro,RJ,Cartão Crédito
1988,2025-05-01,110,Smartphone 128GB,Celulares e Acessórios,2,1799.00,3598.00,Brasília,DF,Pix
1989,2025-05-01,105,Console de Videogame,Games,2,2699.10,5398.20,Porto Alegre,RS,Boleto
1990,2025-05-01,110,Mesa de Jantar 6 Cadeiras,Móveis,1,1899.00,1899.00,Campinas,SP,Cartão Débito
1991,2025-05-01,109,Geladeira Frost Free 400L,Eletrodomésticos,1,3499.00,3499.00,Goiânia,GO,Pix
1992,2025-05-01,117,Teclado Mecânico,Informática,2,275.40,550.80,Vitória da Conquista,BA,Pix
1993,2025-05-01,117,Monitor Full HD 24pol,Informática,1,899.90,899.90,Recife,PE,Pix
1994,2025-05-01,117,Fone Bluetooth,Celulares e Acessórios,2,179.91,359.82,São Paulo,SP,Cartão Débito
1995,2025-05-02,106,Monitor Full HD 24pol,Informática,3,899.90,2699.70,Brasília,DF,Cartão Crédito
1996,2025-05-02,115,Sofá 3 Lugares,Móveis,2,2399.00,4798.00,Uberlândia,MG,Pix
1997,2025-05-02,106,Console de Videogame,Games,2,2999.00,5998.00,Rio de Janeiro,RJ,Boleto
1998,2025-05-02,116,Carregador Turbo USB-C,Celulares e Acessórios,1,89.90,89.90,Curitiba,PR,Cartão Crédito
1999,2025-05-02,106,Jogo de Aventura,Games,1,249.90,249.90,Uberlândia,MG,Pix
2000,2025-05-02,117,Bicicleta Aro 29,Esporte e Lazer,2,1799.00,3598.00,Feira de Santana,BA,Pix
2001,2025-05-02,101,Cadeira de Escritório,Móveis,3,699.90,2099.70,Salvador,BA,Cartão Crédito
2002,2025-05-02,108,Monitor Full HD 24pol,Informática,3,899.90,2699.70,Rio de Janeiro,RJ,Cartão Crédito
2003,2025-05-02,110,Máquina de Lavar 12kg,Eletrodomésticos,2,2199.00,4398.00,Uberlândia,MG,Pix
2004,2025-05-02,117,Máquina de Lavar 12kg,Eletrodomésticos,1,2199.00,2199.00,Recife,PE,Boleto
2005,2025-05-02,109,Controle Sem Fio,Games,2,349.90,699.80,Rio de Janeiro,RJ,Boleto
2006,2025-05-02,103,Geladeira Frost Free 400L,Eletrodomésticos,1,3499.00,3499.00,Campinas,SP,Cartão Crédito
2007,2025-05-02,104,Carregador Turbo USB-C,Celulares e Acessórios,5,89.90,449.50,São Paulo,SP,Cartão Débito
2008,2025-05-02,120,Carregador Turbo USB-C,Celulares e Acessórios,1,80.91,80.91,Vitória da Conquista,BA,Cartão Crédito
2009,2025-05-02,106,Cadeira de Escritório,Móveis,1,664.90,664.90,Salvador,BA,Cartão Crédito
2010,2025-05-02,112,Mesa de Jantar 6 Cadeiras,Móveis,1,1804.05,1804.05,Salvador,BA,Pix
2011,2025-05-02,117,Carregador Turbo USB-C,Celulares e Acessórios,5,76.42,382.10,Campinas,SP,Pix
2012,2025-05-02,110,Carregador Turbo USB-C,Celulares e Acessórios,3,89.90,269.70,Santos,SP,Boleto
2013,2025-05-03,105,Controle Sem Fio,Games,1,349.90,349.90,São Paulo,SP,Boleto
2014,2025-05-03,106,Máquina de Lavar 12kg,Eletrodomésticos,2,2089.05,4178.10,Salvador,BA,Cartão Débito
2015,2025-05-03,108,Cadeira de Escritório,Móveis,1,699.90,699.90,Recife,PE,Pix
2016,2025-05-03,101,Mesa de Jantar 6 Cadeiras,Móveis,1,1899.00,1899.00,São Paulo,SP,Cartão Crédito
2017,2025-05-03,120,Sofá 3 Lugares,Móveis,1,2399.00,2399.00,São Paulo,SP,Cartão Crédito
2018,2025-05-03,112,Cadeira de Escritório,Móveis,2,699.90,1399.80,Recife,PE,Cartão Crédito
2019,2025-05-03,120,Sofá 3 Lugares,Móveis,2,2279.05,4558.10,Rio de Janeiro,RJ,Cartão Débito
2020,2025-05-03,117,Micro-ondas 30L,Eletrodomésticos,1,649.90,649.90,Rio de Janeiro,RJ,Cartão Crédito
2021,2025-05-03,105,Mesa de Jantar 6 Cadeiras,Móveis,2,1899.00,3798.00,Vitória da Conquista,BA,Cartão Crédito
2022,2025-05-03,116,Máquina de Lavar 12kg,Eletrodomésticos,1,2199.00,2199.00,Fortaleza,CE,Cartão Débito
2023,2025-05-03,115,Teclado Mecânico,Informática,3,260.91,782.73,Niterói,RJ,Cartão Crédito
2024,2025-05-03,112,Micro-ondas 30L,Eletrodomésticos,1,649.90,649.90,Belo Horizonte,MG,Boleto
2025,2025-05-03,119,Notebook Core i5,Informática,1,3299.90,3299.90,Brasília,DF,Boleto
2026,2025-05-03,113,Carregador Turbo USB-C,Celulares e Acessórios,2,89.90,179.80,Salvador,BA,Pix
2027,2025-05-03,105,Teclado Mecânico,Informática,4,260.91,1043.64,Feira de Santana,BA,Pix
2028,2025-05-03,112,Geladeira Frost Free 400L,Eletrodomésticos,2,3499.00,6998.00,São Paulo,SP,Cartão Débito
2029,2025-05-03,113,Cadeira de Escritório,Móveis,1,699.90,699.90,Fortaleza,CE,Cartão Débito
2030,2025-05-03,109,Esteira Elétrica,Esporte e Lazer,1,2899.00,2899.00,Fortaleza,CE,Cartão Crédito
2031,2025-05-03,111,Controle Sem Fio,Games,4,314.91,1259.64,Fortaleza,CE,Pix
2032,2025-05-03,106,Esteira Elétrica,Esporte e Lazer,2,2899.00,5798.00,Belo Horizonte,MG,Cartão Crédito
2033,2025-05-03,103,Console de Videogame,Games,2,2999.00,5998.00,Rio de Janeiro,RJ,Pix
2034,2025-05-03,107,Máquina de Lavar 12kg,Eletrodomésticos,1,2199.00,2199.00,Fortaleza,CE,Boleto
2035,2025-05-03,113,Cadeira de Escritório,Móveis,4,699.90,2799.60,Rio de Janeiro,RJ,Cartão Débito
2036,2025-05-03,104,Teclado Mecânico,Informática,4,289.90,1159.60,Campinas,SP,Cartão Crédito
2037,2025-05-04,119,Controle Sem Fio,Games,2,349.90,699.80,Rio de Janeiro,RJ,Pix
2038,2025-05-04,120,Kit Halteres 20kg,Esporte e Lazer,2,233.91,467.82,Goiânia,GO,Boleto
2039,2025-05-04,111,Mouse Sem Fio,Informática,5,79.90,399.50,Rio de Janeiro,RJ,Boleto
2040,2025-05-04,109,Micro-ondas 30L,Eletrodomésticos,1,649.90,649.90,Goiânia,GO,Cartão Débito
2041,2025-05-04,107,Kit Halteres 20kg,Esporte e Lazer,1,259.90,259.90,Uberlândia,MG,Cartão Crédito
2042,2025-05-04,109,Sofá 3 Lugares,Móveis,1,2399.00,2399.00,São Paulo,SP,Cartão Crédito
2043,2025-05-04,119,Monitor Full HD 24pol,Informática,2,899.90,1799.80,Goiânia,GO,Pix
2044,2025-05-04,117,Console de Videogame,Games,2,2999.00,5998.00,Uberlândia,MG,Cartão Crédito
2045,2025-05-04,111,Smartphone 128GB,Celulares e Acessórios,3,1709.05,5127.15,Porto Alegre,RS,Pix
2046,2025-05-04,101,Sofá 3 Lugares,Móveis,2,2399.00,4798.00,Vitória da Conquista,BA,Cartão Débito
2047,2025-05-04,110,Monitor Full HD 24pol,Informática,3,899.90,2699.70,Rio de Janeiro,RJ,Boleto
2048,2025-05-04,107,Cadeira de Escritório,Móveis,1,699.90,699.90,Rio de Janeiro,RJ,Pix
2049,2025-05-04,104,Notebook Core i5,Informática,1,3299.90,3299.90,Brasília,DF,Cartão Crédito
2050,2025-05-04,105,Mesa de Jantar 6 Cadeiras,Móveis,1,1899.00,1899.00,Feira de Santana,BA,Pix
2051,2025-05-04,109,Carregador Turbo USB-C,Celulares e Acessórios,4,89.90,359.60,Brasília,DF,Cartão Crédito
2052,2025-05-04,115,Jogo de Aventura,Games,2,212.42,424.84,Niterói,RJ,Cartão Crédito
2053,2025-05-04,110,Micro-ondas 30L,Eletrodomésticos,3,649.90,1949.70,Uberlândia,MG,Pix
2054,2025-05-04,108,Teclado Mecânico,Informática,2,260.91,521.82,Santos,SP,Cartão Crédito
2055,2025-05-04,109,Geladeira Frost Free 400L,Eletrodomésticos,2,3499.00,6998.00,Salvador,BA,Cartão Débito
2056,2025-05-04,104,Máquina de Lavar 12kg,Eletrodomésticos,1,1869.15,1869.15,Curitiba,PR,Boleto
2057,2025-05-04,105,Máquina de Lavar 12kg,Eletrodomésticos,2,2199.00,4398.00,Uberlândia,MG,Cartão Crédito
2058,2025-05-04,108,Smartphone 128GB,Celulares e Acessórios,3,1799.00,5397.00,Campinas,SP,Pix
2059,2025-05-04,107,Micro-ondas 30L,Eletrodomésticos,1,649.90,649.90,Goiânia,GO,Pix
2060,2025-05-05,110,Micro-ondas 30L,Eletrodomésticos,2,584.91,1169.82,Santos,SP,Pix
2061,2025-05-05,106,Controle Sem Fio,Games,4,349.90,1399.60,Salvador,BA,Cartão Débito
2062,2025-05-05,113,Airfryer 5L,Eletrodomésticos,4,408.40,1633.60,Belo Horizonte,MG,Cartão Crédito
2063,2025-05-05,111,Cadeira de Escritório,Móveis,2,699.90,1399.80,Fortaleza,CE,Boleto
2064,2025-05-05,119,Controle Sem Fio,Games,4,349.90,1399.60,Belo Horizonte,MG,Cartão Crédito
2065,2025-05-05,103,Monitor Full HD 24pol,Informática,2,899.90,1799.80,Goiânia,GO,Boleto
2066,2025-05-05,117,Bicicleta Aro 29,Esporte e Lazer,1,1799.00,1799.00,São Paulo,SP,Boleto
2067,2025-05-05,103,Carregador Turbo USB-C,Celulares e Acessórios,4,89.90,359.60,São Paulo,SP,Cartão Crédito
2068,2025-05-05,117,Carregador Turbo USB-C,Celulares e Acessórios,3,89.90,269.70,Recife,PE,Cartão Débito
2069,2025-05-05,116,Airfryer 5L,Eletrodomésticos,4,429.90,1719.60,Curitiba,PR,Cartão Débito
2070,2025-05-05,119,Fone Bluetooth,Celulares e Acessórios,3,199.90,599.70,Brasília,DF,Cartão Crédito
2071,2025-05-05,112,Bicicleta Aro 29,Esporte e Lazer,1,1709.05,1709.05,São Paulo,SP,Cartão Crédito
2072,2025-05-05,113,Geladeira Frost Free 400L,Eletrodomésticos,1,3499.00,3499.00,Fortaleza,CE,Pix
2073,2025-05-05,101,Sofá 3 Lugares,Móveis,1,2399.00,2399.00,Curitiba,PR,Cartão Crédito
2074,2025-05-05,117,Controle Sem Fio,Games,3,349.90,1049.70,Goiânia,GO,Pix
2075,2025-05-05,117,Bicicleta Aro 29,Esporte e Lazer,1,1799.00,1799.00,Curitiba,PR,Pix
2076,2025-05-05,104,Mouse Sem Fio,Informática,2,79.90,159.80,Vitória da Conquista,BA,Cartão Crédito
2077,2025-05-05,119,Console de Videogame,Games,2,2999.00,5998.00,Fortaleza,CE,Pix
2078,2025-05-05,107,Bicicleta Aro 29,Esporte e Lazer,2,1799.00,3598.00,Goiânia,GO,Boleto
2079,2025-05-05,108,Smartphone 128GB,Celulares e Acessórios,1,1709.05,1709.05,Campinas,SP,Pix
2080,2025-05-06,116,Esteira Elétrica,Esporte e Lazer,2,2609.10,5218.20,Porto Alegre,RS,Cartão Débito
2081,2025-05-06,101,Smartphone 128GB,Celulares e Acessórios,3,1799.00,5397.00,Campinas,SP,Boleto
2082,2025-05-06,120,Fone Bluetooth,Celulares e Acessórios,4,169.92,679.68,Santos,SP,Cartão Débito
2083,2025-05-06,107,Kit Halteres 20kg,Esporte e Lazer,2,259.90,519.80,Salvador,BA,Cartão Crédito
2084,2025-05-06,119,Jogo de Aventura,Games,3,224.91,674.73,Santos,SP,Cartão Crédito
2085,2025-05-06,116,Carregador Turbo USB-C,Celulares e Acessórios,5,89.90,449.50,Rio de Janeiro,RJ,Cartão Crédito
2086,2025-05-06,109,Smartphone 128GB,Celulares e Acessórios,3,1799.00,5397.00,Rio de Janeiro,RJ,Cartão Débito
2087,2025-05-06,120,Carregador Turbo USB-C,Celulares e Acessórios,6,80.91,485.46,Rio de Janeiro,RJ,Boleto
2088,2025-05-06,119,Micro-ondas 30L,Eletrodomésticos,3,649.90,1949.70,Vitória da Conquista,BA,Cartão Débito
2089,2025-05-06,108,Teclado Mecânico,Informática,3,260.91,782.73,Recife,PE,Cartão Crédito
2090,2025-05-06,104,Sofá 3 Lugares,Móveis,2,2159.10,4318.20,Recife,PE,Pix
2091,2025-05-06,120,Cadeira de Escritório,Móveis,2,699.90,1399.80,Feira de Santana,BA,Cartão Crédito
2092,2025-05-06,113,Notebook Core i5,Informática,1,3134.90,3134.90,Goiânia,GO,Cartão Crédito
2093,2025-05-06,104,Kit Halteres 20kg,Esporte e Lazer,4,246.90,987.60,Vitória da Conquista,BA,Cartão Crédito
2094,2025-05-06,113,Notebook Core i5,Informática,1,3299.90,3299.90,Recife,PE,Boleto
2095,2025-05-06,110,Teclado Mecânico,Informática,1,289.90,289.90,Porto Alegre,RS,Cartão Débito
2096,2025-05-06,108,Cadeira de Escritório,Móveis,4,699.90,2799.60,São Paulo,SP,Cartão Crédito
2097,2025-05-06,116,Fone Bluetooth,Celulares e Acessórios,5,199.90,999.50,Fortaleza,CE,Pix
2098,2025-05-06,105,Console de Videogame,Games,2,2999.00,5998.00,São Paulo,SP,Cartão Crédito
2099,2025-05-06,104,Controle Sem Fio,Games,1,332.40,332.40,Curitiba,PR,Pix
2100,2025-05-07,109,Smartphone 128GB,Celulares e Acessórios,1,1799.00,1799.00,Curitiba,PR,Pix
2101,2025-05-07,107,Controle Sem Fio,Games,4,314.91,1259.64,Curitiba,PR,Cartão Débito
2102,2025-05-07,120,Fone Bluetooth,Celulares e Acessórios,2,189.90,379.80,São Paulo,SP,Pix
2103,2025-05-07,106,Geladeira Frost Free 400L,Eletrodomésticos,1,3499.00,3499.00,Porto Alegre,RS,Cartão Crédito
2104,2025-05-07,117,Bicicleta Aro 29,Esporte e Lazer,1,1799.00,1799.00,Fortaleza,CE,Cartão Débito
2105,2025-05-07,104,Smartphone 128GB,Celulares e Acessórios,2,1709.05,3418.10,Belo Horizonte,MG,Pix
2106,2025-05-07,115,Mesa de Jantar 6 Cadeiras,Móveis,2,1899.00,3798.00,Campinas,SP,Pix
2107,2025-05-07,116,Máquina de Lavar 12kg,Eletrodomésticos,1,2199.00,2199.00,Salvador,BA,Pix
2108,2025-05-07,109,Geladeira Frost Free 400L,Eletrodomésticos,1,3324.05,3324.05,Uberlândia,MG,Cartão Crédito
2109,2025-05-07,107,Smartphone 128GB,Celulares e Acessórios,3,1799.00,5397.00,Rio de Janeiro,RJ,Cartão Débito
2110,2025-05-07,109,Airfryer 5L,Eletrodomésticos,1,429.90,429.90,Porto Alegre,RS,Cartão Crédito
2111,2025-05-07,107,Cadeira de Escritório,Móveis,1,699.90,699.90,Curitiba,PR,Pix
2112,2025-05-07,113,Carregador Turbo USB-C,Celulares e Acessórios,6,76.42,458.52,Brasília,DF,Pix
2113,2025-05-07,115,Controle Sem Fio,Games,2,349.90,699.80,Belo Horizonte,MG,Pix
2114,2025-05-07,110,Airfryer 5L,Eletrodomésticos,3,429.90,1289.70,Belo Horizonte,MG,Pix
2115,2025-05-07,103,Geladeira Frost Free 400L,Eletrodomésticos,2,3499.00,6998.00,Goiânia,GO,Boleto
2116,2025-05-07,110,Fone Bluetooth,Celulares e Acessórios,3,199.90,599.70,Niterói,RJ,Boleto
2117,2025-05-07,103,Carregador Turbo USB-C,Celulares e Acessórios,1,89.90,89.90,Curitiba,PR,Cartão Débito
2118,2025-05-07,120,Smartphone 128GB,Celulares e Acessórios,2,1709.05,3418.10,Rio de Janeiro,RJ,Cartão Crédito
2119,2025-05-07,110,Controle Sem Fio,Games,1,349.90,349.90,Curitiba,PR,Pix
2120,2025-05-07,108,Jogo de Aventura,Games,3,224.91,674.73,Recife,PE,Pix
2121,2025-05-07,113,Micro-ondas 30L,Eletrodomésticos,3,649.90,1949.70,Curitiba,PR,Pix
2122,2025-05-07,116,Geladeira Frost Free 400L,Eletrodomésticos,1,3499.00,3499.00,São Paulo,SP,Cartão Débito
2123,2025-05-08,103,Micro-ondas 30L,Eletrodomésticos,3,649.90,1949.70,Goiânia,GO,Pix
2124,2025-05-08,105,Fone Bluetooth,Celulares e Acessórios,1,189.90,189.90,Vitória da Conquista,BA,Cartão Crédito
2125,2025-05-08,104,Carregador Turbo USB-C,Celulares e Acessórios,3,89.90,269.70,Rio de Janeiro,RJ,Cartão Crédito
2126,2025-05-08,111,Airfryer 5L,Eletrodomésticos,4,408.40,1633.60,Uberlândia,MG,Cartão Débito
2127,2025-05-08,113,Controle Sem Fio,Games,1,332.40,332.40,Salvador,BA,Pix
2128,2025-05-08,110,Smartphone 128GB,Celulares e Acessórios,2,1799.00,3598.00,Rio de Janeiro,RJ,Cartão Crédito
2129,2025-05-08,119,Máquina de Lavar 12kg,Eletrodomésticos,1,1979.10,1979.10,Santos,SP,Cartão Crédito
2130,2025-05-08,109,Notebook Core i5,Informática,1,3299.90,3299.90,Rio de Janeiro,RJ,Boleto
2131,2025-05-08,120,Airfryer 5L,Eletrodomésticos,1,429.90,429.90,Vitória da Conquista,BA,Pix
2132,2025-05-08,116,Sofá 3 Lugares,Móveis,1,2399.00,2399.00,Belo Horizonte,MG,Pix
2133,2025-05-08,113,Bicicleta Aro 29,Esporte e Lazer,2,1799.00,3598.00,Uberlândia,MG,Cartão Débito
2134,2025-05-08,110,Smartphone 128GB,Celulares e Acessórios,3,1709.05,5127.15,Recife,PE,Pix
2135,2025-05-08,116,Sofá 3 Lugares,Móveis,2,2399.00,4798.00,Curitiba,PR,Cartão Crédito
2136,2025-05-08,115,Mesa de Jantar 6 Cadeiras,Móveis,1,1899.00,1899.00,Curitiba,PR,Cartão Crédito
2137,2025-05-09,105,Máquina de Lavar 12kg,Eletrodomésticos,2,2199.00,4398.00,Uberlândia,MG,Pix
2138,2025-05-09,101,Micro-ondas 30L,Eletrodomésticos,2,617.40,1234.80,Belo Horizonte,MG,Cartão Crédito
2139,2025-05-09,105,Smartphone 128GB,Celulares e Acessórios,3,1709.05,5127.15,Fortaleza,CE,Pix
2140,2025-05-09,116,Cadeira de Escritório,Móveis,2,664.90,1329.80,Santos,SP,Cartão Crédito
2141,2025-05-09,117,Smartphone 128GB,Celulares e Acessórios,3,1799.00,5397.00,Salvador,BA,Cartão Crédito
2142,2025-05-09,119,Carregador Turbo USB-C,Celulares e Acessórios,5,80.91,404.55,Recife,PE,Pix
2143,2025-05-09,111,Cadeira de Escritório,Móveis,2,699.90,1399.80,Belo Horizonte,MG,Cartão Crédito
2144,2025-05-09,103,Máquina de Lavar 12kg,Eletrodomésticos,1,2199.00,2199.00,Goiânia,GO,Cartão Débito
2145,2025-05-09,111,Mouse Sem Fio,Informática,6,79.90,479.40,Santos,SP,Cartão Crédito
2146,2025-05-09,109,Jogo de Aventura,Games,2,249.90,499.80,Rio de Janeiro,RJ,Boleto
2147,2025-05-09,109,Console de Videogame,Games,2,2999.00,5998.00,Uberlândia,MG,Cartão Crédito
2148,2025-05-10,113,Mouse Sem Fio,Informática,1,75.90,75.90,Fortaleza,CE,Boleto
2149,2025-05-10,110,Notebook Core i5,Informática,1,3299.90,3299.90,Santos,SP,Cartão Débito
2150,2025-05-10,120,Bicicleta Aro 29,Esporte e Lazer,2,1799.00,3598.00,Vitória da Conquista,BA,Boleto
2151,2025-05-10,115,Geladeira Frost Free 400L,Eletrodomésticos,1,3499.00,3499.00,Santos,SP,Pix
2152,2025-05-10,113,Smartphone 128GB,Celulares e Acessórios,3,1799.00,5397.00,São Paulo,SP,Cartão Crédito
2153,2025-05-10,116,Sofá 3 Lugares,Móveis,1,2279.05,2279.05,Porto Alegre,RS,Pix
2154,2025-05-10,119,Controle Sem Fio,Games,3,314.91,944.73,Fortaleza,CE,Cartão Crédito
2155,2025-05-10,116,Esteira Elétrica,Esporte e Lazer,1,2899.00,2899.00,Santos,SP,Boleto
2156,2025-05-10,101,Kit Halteres 20kg,Esporte e Lazer,2,259.90,519.80,São Paulo,SP,Pix
2157,2025-05-10,109,Esteira Elétrica,Esporte e Lazer,1,2609.10,2609.10,Recife,PE,Cartão Crédito
2158,2025-05-10,103,Jogo de Aventura,Games,2,249.90,499.80,Vitória da Conquista,BA,Boleto
2159,2025-05-10,117,Kit Halteres 20kg,Esporte e Lazer,2,259.90,519.80,Uberlândia,MG,Boleto
2160,2025-05-10,107,Mesa de Jantar 6 Cadeiras,Móveis,2,1899.00,3798.00,Fortaleza,CE,Cartão Débito
2161,2025-05-10,110,Fone Bluetooth,Celulares e Acessórios,2,189.90,379.80,Porto Alegre,RS,Pix
2162,2025-05-10,117,Sofá 3 Lugares,Móveis,1,2159.10,2159.10,Recife,PE,Boleto
2163,2025-05-10,115,Cadeira de Escritório,Móveis,3,699.90,2099.70,Vitória da Conquista,BA,Pix
2164,2025-05-10,109,Console de Videogame,Games,1,2849.05,2849.05,Brasília,DF,Cartão Débito
2165,2025-05-11,106,Monitor Full HD 24pol,Informática,3,899.90,2699.70,Fortaleza,CE,Pix
2166,2025-05-11,108,Bicicleta Aro 29,Esporte e Lazer,2,1709.05,3418.10,Uberlândia,MG,Cartão Débito
2167,2025-05-11,110,Airfryer 5L,Eletrodomésticos,2,429.90,859.80,Goiânia,GO,Boleto
2168,2025-05-11,113,Micro-ondas 30L,Eletrodomésticos,3,649.90,1949.70,Rio de Janeiro,RJ,Boleto
2169,2025-05-11,101,Sofá 3 Lugares,Móveis,2,2399.00,4798.00,Campinas,SP,Cartão Crédito
2170,2025-05-11,116,Carregador Turbo USB-C,Celulares e Acessórios,4,89.90,359.60,Brasília,DF,Pix
2171,2025-05-11,111,Micro-ondas 30L,Eletrodomésticos,2,649.90,1299.80,Fortaleza,CE,Boleto
2172,2025-05-11,108,Geladeira Frost Free 400L,Eletrodomésticos,2,3499.00,6998.00,Belo Horizonte,MG,Cartão Débito
2173,2025-05-11,119,Console de Videogame,Games,1,2999.00,2999.00,Recife,PE,Cartão Crédito
2174,2025-05-11,115,Máquina de Lavar 12kg,Eletrodomésticos,1,2199.00,2199.00,Feira de Santana,BA,Cartão Débito
2175,2025-05-11,115,Monitor Full HD 24pol,Informática,1,899.90,899.90,São Paulo,SP,Cartão Débito
2176,2025-05-11,104,Bicicleta Aro 29,Esporte e Lazer,1,1799.00,1799.00,Niterói,RJ,Cartão Débito
2177,2025-05-11,106,Esteira Elétrica,Esporte e Lazer,2,2899.00,5798.00,Porto Alegre,RS,Boleto
2178,2025-05-11,108,Carregador Turbo USB-C,Celulares e Acessórios,6,89.90,539.40,São Paulo,SP,Pix
2179,2025-05-11,105,Geladeira Frost Free 400L,Eletrodomésticos,1,3499.00,3499.00,Salvador,BA,Cartão Crédito
2180,2025-05-11,115,Esteira Elétrica,Esporte e Lazer,1,2899.00,2899.00,Brasília,DF,Pix
2181,2025-05-11,101,Mesa de Jantar 6 Cadeiras,Móveis,2,1709.10,3418.20,Brasília,DF,Cartão Débito
2182,2025-05-11,115,Notebook Core i5,Informática,1,3299.90,3299.90,Niterói,RJ,Pix
2183,2025-05-11,108,Monitor Full HD 24pol,Informática,3,899.90,2699.70,Campinas,SP,Boleto
2184,2025-05-11,106,Fone Bluetooth,Celulares e Acessórios,4,169.92,679.68,Rio de Janeiro,RJ,Pix
2185,2025-05-11,119,Esteira Elétrica,Esporte e Lazer,1,2609.10,2609.10,Rio de Janeiro,RJ,Pix
2186,2025-05-11,112,Console de Videogame,Games,2,2999.00,5998.00,Recife,PE,Boleto
2187,2025-05-11,105,Mesa de Jantar 6 Cadeiras,Móveis,2,1899.00,3798.00,Santos,SP,Cartão Débito
2188,2025-05-11,105,Máquina de Lavar 12kg,Eletrodomésticos,1,2199.00,2199.00,Uberlândia,MG,Cartão Crédito
2189,2025-05-11,109,Sofá 3 Lugares,Móveis,2,2159.10,4318.20,Porto Alegre,RS,Cartão Crédito
2190,2025-05-11,110,Esteira Elétrica,Esporte e Lazer,2,2899.00,5798.00,Feira de Santana,BA,Cartão Crédito
2191,2025-05-12,115,Micro-ondas 30L,Eletrodomésticos,1,649.90,649.90,Rio de Janeiro,RJ,Cartão Crédito
2192,2025-05-12,109,Bicicleta Aro 29,Esporte e Lazer,2,1799.00,3598.00,Belo Horizonte,MG,Cartão Crédito
2193,2025-05-12,116,Notebook Core i5,Informática,1,3299.90,3299.90,Belo Horizonte,MG,Cartão Crédito
2194,2025-05-12,120,Jogo de Aventura,Games,1,249.90,249.90,Santos,SP,Cartão Débito
2195,2025-05-12,108,Sofá 3 Lugares,Móveis,1,2279.05,2279.05,Porto Alegre,RS,Boleto
2196,2025-05-12,115,Fone Bluetooth,Celulares e Acessórios,4,169.92,679.68,Brasília,DF,Cartão Crédito
2197,2025-05-12,113,Carregador Turbo USB-C,Celulares e Acessórios,2,89.90,179.80,Rio de Janeiro,RJ,Pix
2198,2025-05-12,104,Cadeira de Escritório,Móveis,3,699.90,2099.70,Goiânia,GO,Pix
2199,2025-05-12,115,Mesa de Jantar 6 Cadeiras,Móveis,1,1614.15,1614.15,Brasília,DF,Pix
2200,2025-05-12,109,Monitor Full HD 24pol,Informática,3,899.90,2699.70,Brasília,DF,Pix
2201,2025-05-12,120,Console de Videogame,Games,2,2999.00,5998.00,São Paulo,SP,Boleto
2202,2025-05-12,108,Console de Videogame,Games,2,2699.10,5398.20,São Paulo,SP,Boleto
2203,2025-05-12,108,Bicicleta Aro 29,Esporte e Lazer,1,1709.05,1709.05,São Paulo,SP,Cartão Crédito
2204,2025-05-12,119,Mesa de Jantar 6 Cadeiras,Móveis,1,1899.00,1899.00,Goiânia,GO,Cartão Crédito
2205,2025-05-12,106,Mesa de Jantar 6 Cadeiras,Móveis,2,1709.10,3418.20,Recife,PE,Boleto
2206,2025-05-12,120,Teclado Mecânico,Informática,4,260.91,1043.64,Porto Alegre,RS,Boleto
2207,2025-05-12,119,Micro-ondas 30L,Eletrodomésticos,1,649.90,649.90,Niterói,RJ,Cartão Crédito
2208,2025-05-12,109,Controle Sem Fio,Games,4,349.90,1399.60,Feira de Santana,BA,Boleto
2209,2025-05-12,111,Sofá 3 Lugares,Móveis,1,2279.05,2279.05,Uberlândia,MG,Pix
2210,2025-05-12,104,Kit Halteres 20kg,Esporte e Lazer,4,259.90,1039.60,Uberlândia,MG,Pix
2211,2025-05-12,103,Mesa de Jantar 6 Cadeiras,Móveis,2,1614.15,3228.30,Campinas,SP,Cartão Crédito
2212,2025-05-12,113,Carregador Turbo USB-C,Celulares e Acessórios,3,89.90,269.70,São Paulo,SP,Pix
2213,2025-05-13,117,Console de Videogame,Games,1,2999.00,2999.00,Salvador,BA,Cartão Crédito
2214,2025-05-13,113,Esteira Elétrica,Esporte e Lazer,2,2899.00,5798.00,Fortaleza,CE,Cartão Débito
2215,2025-05-13,111,Controle Sem Fio,Games,2,332.40,664.80,Curitiba,PR,Cartão Crédito
2216,2025-05-13,117,Sofá 3 Lugares,Móveis,2,2399.00,4798.00,São Paulo,SP,Cartão Débito
2217,2025-05-13,113,Console de Videogame,Games,2,2999.00,5998.00,Campinas,SP,Pix
2218,2025-05-13,111,Fone Bluetooth,Celulares e Acessórios,5,169.92,849.60,Campinas,SP,Cartão Crédito
2219,2025-05-13,119,Geladeira Frost Free 400L,Eletrodomésticos,1,3499.00,3499.00,Feira de Santana,BA,Cartão Crédito
2220,2025-05-13,101,Sofá 3 Lugares,Móveis,1,2399.00,2399.00,Santos,SP,Cartão Débito
2221,2025-05-13,120,Teclado Mecânico,Informática,2,289.90,579.80,Brasília,DF,Pix
2222,2025-05-14,112,Teclado Mecânico,Informática,4,289.90,1159.60,Niterói,RJ,Cartão Débito
2223,2025-05-14,116,Console de Videogame,Games,1,2999.00,2999.00,Niterói,RJ,Cartão Crédito
2224,2025-05-14,106,Notebook Core i5,Informática,2,3134.90,6269.80,Belo Horizonte,MG,Cartão Débito
2225,2025-05-14,101,Carregador Turbo USB-C,Celulares e Acessórios,3,89.90,269.70,Belo Horizonte,MG,Pix
2226,2025-05-14,113,Smartphone 128GB,Celulares e Acessórios,2,1799.00,3598.00,Rio de Janeiro,RJ,Cartão Crédito
2227,2025-05-14,111,Controle Sem Fio,Games,4,349.90,1399.60,Recife,PE,Cartão Crédito
2228,2025-05-14,120,Máquina de Lavar 12kg,Eletrodomésticos,2,2089.05,4178.10,Niterói,RJ,Cartão Crédito
2229,2025-05-14,117,Teclado Mecânico,Informática,3,289.90,869.70,São Paulo,SP,Cartão Débito
2230,2025-05-14,109,Smartphone 128GB,Celulares e Acessórios,3,1799.00,5397.00,Curitiba,PR,Pix
2231,2025-05-15,103,Sofá 3 Lugares,Móveis,2,2159.10,4318.20,Salvador,BA,Pix
2232,2025-05-15,107,Monitor Full HD 24pol,Informática,2,899.90,1799.80,Goiânia,GO,Boleto
2233,2025-05-15,103,Teclado Mecânico,Informática,4,289.90,1159.60,Brasília,DF,Pix
2234,2025-05-15,110,Geladeira Frost Free 400L,Eletrodomésticos,2,3499.00,6998.00,Vitória da Conquista,BA,Cartão Crédito
2235,2025-05-15,120,Cadeira de Escritório,Móveis,3,699.90,2099.70,São Paulo,SP,Cartão Débito
2236,2025-05-15,109,Controle Sem Fio,Games,3,349.90,1049.70,Salvador,BA,Boleto
2237,2025-05-15,111,Micro-ondas 30L,Eletrodomésticos,1,617.40,617.40,Porto Alegre,RS,Cartão Crédito
2238,2025-05-15,117,Mesa de Jantar 6 Cadeiras,Móveis,2,1899.00,3798.00,Santos,SP,Cartão Crédito
2239,2025-05-15,101,Mesa de Jantar 6 Cadeiras,Móveis,1,1899.00,1899.00,Goiânia,GO,Pix
2240,2025-05-15,119,Fone Bluetooth,Celulares e Acessórios,4,199.90,799.60,Belo Horizonte,MG,Cartão Débito
2241,2025-05-15,103,Notebook Core i5,Informática,2,3299.90,6599.80,Santos,SP,Cartão Crédito
2242,2025-05-15,105,Máquina de Lavar 12kg,Eletrodomésticos,2,2199.00,4398.00,Vitória da Conquista,BA,Cartão Débito
2243,2025-05-15,111,Sofá 3 Lugares,Móveis,2,2399.00,4798.00,Recife,PE,Pix
2244,2025-05-15,110,Sofá 3 Lugares,Móveis,2,2399.00,4798.00,Campinas,SP,Cartão Crédito
2245,2025-05-15,103,Máquina de Lavar 12kg,Eletrodomésticos,1,2199.00,2199.00,Recife,PE,Boleto
2246,2025-05-15,119,Esteira Elétrica,Esporte e Lazer,1,2464.15,2464.15,Recife,PE,Pix
2247,2025-05-15,103,Smartphone 128GB,Celulares e Acessórios,2,1799.00,3598.00,Salvador,BA,Cartão Crédito
2248,2025-05-15,120,Bicicleta Aro 29,Esporte e Lazer,2,1799.00,3598.00,Feira de Santana,BA,Boleto
2249,2025-05-15,101,Fone Bluetooth,Celulares e Acessórios,1,169.92,169.92,Campinas,SP,Cartão Débito
2250,2025-05-15,106,Máquina de Lavar 12kg,Eletrodomésticos,1,1869.15,1869.15,Brasília,DF,Cartão Débito
2251,2025-05-15,112,Mesa de Jantar 6 Cadeiras,Móveis,1,1899.00,1899.00,Recife,PE,Cartão Débito
2252,2025-05-15,117,Monitor Full HD 24pol,Informática,2,854.90,1709.80,Recife,PE,Cartão Débito
2253,2025-05-15,101,Máquina de Lavar 12kg,Eletrodomésticos,1,2089.05,2089.05,Curitiba,PR,Pix
2254,2025-05-15,104,Controle Sem Fio,Games,2,314.91,629.82,Niterói,RJ,Cartão Crédito
2255,2025-05-16,109,Micro-ondas 30L,Eletrodomésticos,2,649.90,1299.80,Niterói,RJ,Pix
2256,2025-05-16,109,Kit Halteres 20kg,Esporte e Lazer,1,259.90,259.90,Belo Horizonte,MG,Pix
2257,2025-05-16,103,Smartphone 128GB,Celulares e Acessórios,1,1799.00,1799.00,Rio de Janeiro,RJ,Pix
2258,2025-05-16,105,Notebook Core i5,Informática,2,3299.90,6599.80,Goiânia,GO,Cartão Crédito
2259,2025-05-16,103,Fone Bluetooth,Celulares e Acessórios,3,199.90,599.70,Vitória da Conquista,BA,Boleto
2260,2025-05-16,119,Sofá 3 Lugares,Móveis,1,2399.00,2399.00,Fortaleza,CE,Pix
2261,2025-05-16,115,Controle Sem Fio,Games,1,314.91,314.91,Goiânia,GO,Cartão Débito
2262,2025-05-16,115,Jogo de Aventura,Games,4,249.90,999.60,Rio de Janeiro,RJ,Cartão Débito
2263,2025-05-16,106,Mesa de Jantar 6 Cadeiras,Móveis,2,1899.00,3798.00,Feira de Santana,BA,Pix
2264,2025-05-16,112,Controle Sem Fio,Games,2,349.90,699.80,São Paulo,SP,Pix
2265,2025-05-16,117,Teclado Mecânico,Informática,3,289.90,869.70,Recife,PE,Boleto
2266,2025-05-16,116,Carregador Turbo USB-C,Celulares e Acessórios,2,89.90,179.80,Belo Horizonte,MG,Cartão Crédito
2267,2025-05-16,109,Monitor Full HD 24pol,Informática,2,899.90,1799.80,Belo Horizonte,MG,Cartão Crédito
2268,2025-05-16,113,Smartphone 128GB,Celulares e Acessórios,3,1799.00,5397.00,Curitiba,PR,Pix
2269,2025-05-16,115,Máquina de Lavar 12kg,Eletrodomésticos,1,1979.10,1979.10,São Paulo,SP,Pix
2270,2025-05-17,104,Esteira Elétrica,Esporte e Lazer,1,2899.00,2899.00,Belo Horizonte,MG,Pix
2271,2025-05-17,116,Airfryer 5L,Eletrodomésticos,3,365.42,1096.26,São Paulo,SP,Cartão Débito
2272,2025-05-17,104,Jogo de Aventura,Games,5,212.42,1062.10,Campinas,SP,Pix
2273,2025-05-17,103,Jogo de Aventura,Games,4,249.90,999.60,Vitória da Conquista,BA,Pix
2274,2025-05-17,108,Console de Videogame,Games,1,2999.00,2999.00,Campinas,SP,Boleto
2275,2025-05-17,108,Sofá 3 Lugares,Móveis,2,2399.00,4798.00,Recife,PE,Pix
2276,2025-05-17,110,Sofá 3 Lugares,Móveis,2,2399.00,4798.00,Goiânia,GO,Cartão Crédito
2277,2025-05-17,105,Controle Sem Fio,Games,1,349.90,349.90,Feira de Santana,BA,Cartão Crédito
2278,2025-05-17,113,Geladeira Frost Free 400L,Eletrodomésticos,1,3499.00,3499.00,Rio de Janeiro,RJ,Cartão Débito
2279,2025-05-17,116,Mouse Sem Fio,Informática,3,79.90,239.70,Curitiba,PR,Pix
2280,2025-05-17,115,Teclado Mecânico,Informática,4,275.40,1101.60,Salvador,BA,Pix
2281,2025-05-17,111,Mouse Sem Fio,Informática,3,75.90,227.70,Porto Alegre,RS,Cartão Crédito
2282,2025-05-17,110,Geladeira Frost Free 400L,Eletrodomésticos,2,3324.05,6648.10,Niterói,RJ,Cartão Débito
2283,2025-05-17,120,Controle Sem Fio,Games,2,349.90,699.80,Recife,PE,Pix
2284,2025-05-17,110,Kit Halteres 20kg,Esporte e Lazer,1,259.90,259.90,São Paulo,SP,Pix
2285,2025-05-17,115,Máquina de Lavar 12kg,Eletrodomésticos,1,2199.00,2199.00,Uberlândia,MG,Cartão Crédito
2286,2025-05-17,105,Máquina de Lavar 12kg,Eletrodomésticos,2,2199.00,4398.00,Fortaleza,CE,Cartão Crédito
2287,2025-05-17,104,Fone Bluetooth,Celulares e Acessórios,2,189.90,379.80,Curitiba,PR,Pix
2288,2025-05-17,112,Máquina de Lavar 12kg,Eletrodomésticos,1,2199.00,2199.00,São Paulo,SP,Cartão Débito
2289,2025-05-17,104,Micro-ondas 30L,Eletrodomésticos,2,649.90,1299.80,Belo Horizonte,MG,Cartão Débito
2290,2025-05-18,113,Cadeira de Escritório,Móveis,4,699.90,2799.60,Niterói,RJ,Boleto
2291,2025-05-18,107,Kit Halteres 20kg,Esporte e Lazer,4,259.90,1039.60,Goiânia,GO,Pix
2292,2025-05-18,105,Bicicleta Aro 29,Esporte e Lazer,2,1799.00,3598.00,Curitiba,PR,Cartão Débito
2293,2025-05-18,107,Airfryer 5L,Eletrodomésticos,2,429.90,859.80,Goiânia,GO,Cartão Crédito
2294,2025-05-18,116,Cadeira de Escritório,Móveis,2,699.90,1399.80,Brasília,DF,Pix
2295,2025-05-18,120,Monitor Full HD 24pol,Informática,1,899.90,899.90,Niterói,RJ,Boleto
2296,2025-05-18,117,Mouse Sem Fio,Informática,2,79.90,159.80,Uberlândia,MG,Boleto
2297,2025-05-18,109,Mouse Sem Fio,Informática,5,79.90,399.50,Santos,SP,Boleto
2298,2025-05-18,112,Bicicleta Aro 29,Esporte e Lazer,2,1619.10,3238.20,Curitiba,PR,Pix
2299,2025-05-18,106,Mouse Sem Fio,Informática,1,79.90,79.90,Fortaleza,CE,Pix
2300,2025-05-18,112,Mouse Sem Fio,Informática,5,79.90,399.50,Uberlândia,MG,Pix
2301,2025-05-18,120,Monitor Full HD 24pol,Informática,3,854.90,2564.70,Niterói,RJ,Cartão Crédito
2302,2025-05-18,115,Carregador Turbo USB-C,Celulares e Acessórios,5,89.90,449.50,Fortaleza,CE,Boleto
2303,2025-05-18,106,Mouse Sem Fio,Informática,2,79.90,159.80,Belo Horizonte,MG,Cartão Crédito
2304,2025-05-18,103,Mesa de Jantar 6 Cadeiras,Móveis,1,1899.00,1899.00,Feira de Santana,BA,Pix
2305,2025-05-19,115,Carregador Turbo USB-C,Celulares e Acessórios,3,89.90,269.70,Belo Horizonte,MG,Cartão Crédito
2306,2025-05-19,104,Fone Bluetooth,Celulares e Acessórios,1,199.90,199.90,Porto Alegre,RS,Cartão Crédito
2307,2025-05-19,111,Geladeira Frost Free 400L,Eletrodomésticos,2,3499.00,6998.00,Brasília,DF,Pix
2308,2025-05-19,106,Esteira Elétrica,Esporte e Lazer,2,2464.15,4928.30,Belo Horizonte,MG,Cartão Débito
2309,2025-05-19,115,Console de Videogame,Games,2,2849.05,5698.10,São Paulo,SP,Cartão Crédito
2310,2025-05-19,117,Jogo de Aventura,Games,2,237.40,474.80,São Paulo,SP,Boleto
2311,2025-05-19,108,Fone Bluetooth,Celulares e Acessórios,3,199.90,599.70,Niterói,RJ,Cartão Crédito
2312,2025-05-19,117,Jogo de Aventura,Games,3,249.90,749.70,Feira de Santana,BA,Cartão Crédito
2313,2025-05-19,120,Monitor Full HD 24pol,Informática,3,899.90,2699.70,Niterói,RJ,Boleto
2314,2025-05-19,108,Sofá 3 Lugares,Móveis,2,2399.00,4798.00,São Paulo,SP,Cartão Crédito
2315,2025-05-19,106,Jogo de Aventura,Games,5,249.90,1249.50,Curitiba,PR,Pix
2316,2025-05-19,106,Jogo de Aventura,Games,4,249.90,999.60,Belo Horizonte,MG,Pix
2317,2025-05-19,101,Monitor Full HD 24pol,Informática,1,899.90,899.90,São Paulo,SP,Cartão Crédito
2318,2025-05-19,110,Micro-ondas 30L,Eletrodomésticos,2,617.40,1234.80,São Paulo,SP,Cartão Débito
2319,2025-05-20,119,Esteira Elétrica,Esporte e Lazer,2,2899.00,5798.00,Niterói,RJ,Cartão Débito
2320,2025-05-20,115,Controle Sem Fio,Games,3,332.40,997.20,Curitiba,PR,Cartão Crédito
2321,2025-05-20,108,Teclado Mecânico,Informática,1,289.90,289.90,Goiânia,GO,Cartão Crédito
2322,2025-05-20,103,Console de Videogame,Games,2,2999.00,5998.00,Feira de Santana,BA,Pix
2323,2025-05-20,115,Smartphone 128GB,Celulares e Acessórios,2,1619.10,3238.20,Niterói,RJ,Cartão Crédito
2324,2025-05-20,116,Mouse Sem Fio,Informática,2,79.90,159.80,Santos,SP,Pix
2325,2025-05-20,117,Notebook Core i5,Informática,1,3299.90,3299.90,Recife,PE,Cartão Crédito
2326,2025-05-20,109,Carregador Turbo USB-C,Celulares e Acessórios,5,89.90,449.50,Brasília,DF,Cartão Crédito
2327,2025-05-20,103,Mouse Sem Fio,Informática,1,79.90,79.90,Rio de Janeiro,RJ,Boleto
2328,2025-05-20,112,Carregador Turbo USB-C,Celulares e Acessórios,3,76.42,229.26,Salvador,BA,Pix
2329,2025-05-20,106,Monitor Full HD 24pol,Informática,1,854.90,854.90,Santos,SP,Boleto
2330,2025-05-20,107,Notebook Core i5,Informática,2,3299.90,6599.80,Goiânia,GO,Cartão Débito
2331,2025-05-20,108,Monitor Full HD 24pol,Informática,1,899.90,899.90,Salvador,BA,Cartão Crédito
2332,2025-05-20,104,Controle Sem Fio,Games,3,349.90,1049.70,Porto Alegre,RS,Cartão Crédito
2333,2025-05-20,113,Máquina de Lavar 12kg,Eletrodomésticos,1,2199.00,2199.00,Salvador,BA,Pix
2334,2025-05-20,117,Mouse Sem Fio,Informática,2,75.90,151.80,Salvador,BA,Pix
2335,2025-05-20,107,Teclado Mecânico,Informática,2,289.90,579.80,Recife,PE,Cartão Crédito
2336,2025-05-20,107,Esteira Elétrica,Esporte e Lazer,1,2899.00,2899.00,Salvador,BA,Pix
2337,2025-05-20,105,Teclado Mecânico,Informática,4,289.90,1159.60,Uberlândia,MG,Boleto
2338,2025-05-21,109,Kit Halteres 20kg,Esporte e Lazer,3,259.90,779.70,Rio de Janeiro,RJ,Cartão Crédito
2339,2025-05-21,113,Sofá 3 Lugares,Móveis,1,2399.00,2399.00,Salvador,BA,Boleto
2340,2025-05-21,111,Mouse Sem Fio,Informática,4,79.90,319.60,Brasília,DF,Cartão Crédito
2341,2025-05-21,103,Notebook Core i5,Informática,1,3299.90,3299.90,Santos,SP,Pix
2342,2025-05-21,105,Console de Videogame,Games,1,2999.00,2999.00,Recife,PE,Cartão Crédito
2343,2025-05-21,111,Teclado Mecânico,Informática,1,246.42,246.42,Niterói,RJ,Pix
2344,2025-05-21,109,Mouse Sem Fio,Informática,3,79.90,239.70,Salvador,BA,Boleto
2345,2025-05-21,120,Jogo de Aventura,Games,5,249.90,1249.50,Campinas,SP,Cartão Débito
2346,2025-05-21,109,Carregador Turbo USB-C,Celulares e Acessórios,3,89.90,269.70,Salvador,BA,Boleto
2347,2025-05-22,120,Geladeira Frost Free 400L,Eletrodomésticos,2,3499.00,6998.00,Belo Horizonte,MG,Pix
2348,2025-05-22,113,Teclado Mecânico,Informática,1,275.40,275.40,Fortaleza,CE,Cartão Crédito
2349,2025-05-22,108,Bicicleta Aro 29,Esporte e Lazer,2,1799.00,3598.00,São Paulo,SP,Cartão Débito
2350,2025-05-22,105,Controle Sem Fio,Games,4,349.90,1399.60,São Paulo,SP,Boleto
2351,2025-05-22,101,Monitor Full HD 24pol,Informática,1,764.92,764.92,Rio de Janeiro,RJ,Boleto
2352,2025-05-22,101,Controle Sem Fio,Games,1,349.90,349.90,Campinas,SP,Pix
2353,2025-05-22,101,Jogo de Aventura,Games,5,249.90,1249.50,Porto Alegre,RS,Cartão Crédito
2354,2025-05-22,104,Controle Sem Fio,Games,1,349.90,349.90,São Paulo,SP,Boleto
2355,2025-05-22,106,Notebook Core i5,Informática,2,3134.90,6269.80,Uberlândia,MG,Cartão Crédito
2356,2025-05-22,101,Máquina de Lavar 12kg,Eletrodomésticos,2,2199.00,4398.00,Belo Horizonte,MG,Pix
2357,2025-05-22,109,Sofá 3 Lugares,Móveis,1,2399.00,2399.00,Brasília,DF,Pix
2358,2025-05-22,106,Controle Sem Fio,Games,1,314.91,314.91,Rio de Janeiro,RJ,Cartão Débito
2359,2025-05-22,108,Máquina de Lavar 12kg,Eletrodomésticos,1,2089.05,2089.05,Fortaleza,CE,Cartão Crédito
2360,2025-05-22,109,Cadeira de Escritório,Móveis,1,699.90,699.90,Porto Alegre,RS,Pix
2361,2025-05-22,105,Geladeira Frost Free 400L,Eletrodomésticos,1,3499.00,3499.00,Brasília,DF,Boleto
2362,2025-05-22,105,Monitor Full HD 24pol,Informática,2,899.90,1799.80,Feira de Santana,BA,Pix
2363,2025-05-22,107,Cadeira de Escritório,Móveis,4,699.90,2799.60,Feira de Santana,BA,Pix
2364,2025-05-22,105,Teclado Mecânico,Informática,4,289.90,1159.60,São Paulo,SP,Pix
2365,2025-05-23,105,Kit Halteres 20kg,Esporte e Lazer,1,259.90,259.90,Rio de Janeiro,RJ,Boleto
2366,2025-05-23,103,Fone Bluetooth,Celulares e Acessórios,3,199.90,599.70,Fortaleza,CE,Cartão Crédito
2367,2025-05-23,111,Geladeira Frost Free 400L,Eletrodomésticos,2,3499.00,6998.00,Santos,SP,Pix
2368,2025-05-23,107,Smartphone 128GB,Celulares e Acessórios,3,1619.10,4857.30,Goiânia,GO,Cartão Crédito
2369,2025-05-23,117,Carregador Turbo USB-C,Celulares e Acessórios,4,85.40,341.60,Campinas,SP,Cartão Crédito
2370,2025-05-23,119,Mesa de Jantar 6 Cadeiras,Móveis,2,1899.00,3798.00,Curitiba,PR,Cartão Débito
2371,2025-05-23,111,Mesa de Jantar 6 Cadeiras,Móveis,1,1804.05,1804.05,Vitória da Conquista,BA,Pix
2372,2025-05-23,110,Monitor Full HD 24pol,Informática,3,899.90,2699.70,Vitória da Conquista,BA,Pix
2373,2025-05-23,105,Teclado Mecânico,Informática,4,260.91,1043.64,Vitória da Conquista,BA,Boleto
2374,2025-05-23,113,Airfryer 5L,Eletrodomésticos,2,408.40,816.80,Uberlândia,MG,Boleto
2375,2025-05-23,119,Smartphone 128GB,Celulares e Acessórios,3,1799.00,5397.00,São Paulo,SP,Pix
2376,2025-05-23,110,Controle Sem Fio,Games,1,349.90,349.90,Campinas,SP,Boleto
2377,2025-05-23,110,Console de Videogame,Games,2,2849.05,5698.10,São Paulo,SP,Boleto
2378,2025-05-23,113,Micro-ondas 30L,Eletrodomésticos,1,649.90,649.90,Recife,PE,Pix
2379,2025-05-23,111,Airfryer 5L,Eletrodomésticos,4,429.90,1719.60,Salvador,BA,Cartão Crédito
2380,2025-05-23,113,Sofá 3 Lugares,Móveis,1,2279.05,2279.05,Salvador,BA,Pix
2381,2025-05-23,110,Sofá 3 Lugares,Móveis,2,2399.00,4798.00,São Paulo,SP,Cartão Crédito
2382,2025-05-24,115,Geladeira Frost Free 400L,Eletrodomésticos,2,3499.00,6998.00,Campinas,SP,Cartão Crédito
2383,2025-05-24,104,Geladeira Frost Free 400L,Eletrodomésticos,1,3149.10,3149.10,Feira de Santana,BA,Cartão Crédito
2384,2025-05-24,112,Mesa de Jantar 6 Cadeiras,Móveis,1,1899.00,1899.00,Goiânia,GO,Cartão Débito
2385,2025-05-24,117,Mesa de Jantar 6 Cadeiras,Móveis,1,1804.05,1804.05,São Paulo,SP,Pix
2386,2025-05-24,108,Notebook Core i5,Informática,1,3299.90,3299.90,Rio de Janeiro,RJ,Cartão Crédito
2387,2025-05-24,119,Bicicleta Aro 29,Esporte e Lazer,2,1709.05,3418.10,Santos,SP,Cartão Crédito
2388,2025-05-24,109,Bicicleta Aro 29,Esporte e Lazer,1,1709.05,1709.05,Recife,PE,Cartão Crédito
2389,2025-05-24,117,Mesa de Jantar 6 Cadeiras,Móveis,1,1899.00,1899.00,Brasília,DF,Boleto
2390,2025-05-24,105,Monitor Full HD 24pol,Informática,2,899.90,1799.80,Salvador,BA,Cartão Crédito
2391,2025-05-24,120,Sofá 3 Lugares,Móveis,1,2399.00,2399.00,Feira de Santana,BA,Boleto
2392,2025-05-24,108,Fone Bluetooth,Celulares e Acessórios,5,189.90,949.50,Feira de Santana,BA,Boleto
2393,2025-05-24,111,Esteira Elétrica,Esporte e Lazer,1,2899.00,2899.00,Porto Alegre,RS,Pix
2394,2025-05-24,104,Geladeira Frost Free 400L,Eletrodomésticos,1,3499.00,3499.00,Rio de Janeiro,RJ,Pix
2395,2025-05-24,106,Notebook Core i5,Informática,1,3299.90,3299.90,Rio de Janeiro,RJ,Cartão Débito
2396,2025-05-24,119,Smartphone 128GB,Celulares e Acessórios,2,1799.00,3598.00,São Paulo,SP,Boleto
2397,2025-05-25,105,Sofá 3 Lugares,Móveis,2,2399.00,4798.00,Porto Alegre,RS,Boleto
2398,2025-05-25,109,Bicicleta Aro 29,Esporte e Lazer,2,1529.15,3058.30,Vitória da Conquista,BA,Cartão Crédito
2399,2025-05-25,117,Jogo de Aventura,Games,5,249.90,1249.50,Brasília,DF,Cartão Débito
2400,2025-05-25,101,Bicicleta Aro 29,Esporte e Lazer,1,1709.05,1709.05,Belo Horizonte,MG,Cartão Débito
2401,2025-05-25,108,Micro-ondas 30L,Eletrodomésticos,3,649.90,1949.70,São Paulo,SP,Pix
2402,2025-05-25,105,Smartphone 128GB,Celulares e Acessórios,1,1799.00,1799.00,Recife,PE,Boleto
2403,2025-05-25,117,Fone Bluetooth,Celulares e Acessórios,3,199.90,599.70,Recife,PE,Boleto
2404,2025-05-25,120,Monitor Full HD 24pol,Informática,2,899.90,1799.80,Campinas,SP,Pix
2405,2025-05-25,111,Controle Sem Fio,Games,2,297.42,594.84,Goiânia,GO,Cartão Débito
2406,2025-05-25,104,Mesa de Jantar 6 Cadeiras,Móveis,2,1899.00,3798.00,Salvador,BA,Cartão Débito
2407,2025-05-25,111,Controle Sem Fio,Games,1,349.90,349.90,Salvador,BA,Cartão Crédito
2408,2025-05-25,109,Mouse Sem Fio,Informática,1,79.90,79.90,São Paulo,SP,Boleto
2409,2025-05-25,106,Mesa de Jantar 6 Cadeiras,Móveis,1,1804.05,1804.05,Goiânia,GO,Cartão Crédito
2410,2025-05-25,107,Geladeira Frost Free 400L,Eletrodomésticos,2,3499.00,6998.00,Recife,PE,Cartão Crédito
2411,2025-05-25,112,Controle Sem Fio,Games,1,349.90,349.90,São Paulo,SP,Cartão Débito
2412,2025-05-26,109,Fone Bluetooth,Celulares e Acessórios,1,189.90,189.90,Rio de Janeiro,RJ,Cartão Crédito
2413,2025-05-26,104,Carregador Turbo USB-C,Celulares e Acessórios,2,89.90,179.80,Uberlândia,MG,Boleto
2414,2025-05-26,105,Airfryer 5L,Eletrodomésticos,2,386.91,773.82,Belo Horizonte,MG,Boleto
2415,2025-05-26,106,Micro-ondas 30L,Eletrodomésticos,1,649.90,649.90,Vitória da Conquista,BA,Boleto
2416,2025-05-26,112,Kit Halteres 20kg,Esporte e Lazer,1,246.90,246.90,Belo Horizonte,MG,Cartão Crédito
2417,2025-05-26,116,Notebook Core i5,Informática,2,3299.90,6599.80,São Paulo,SP,Pix
2418,2025-05-26,110,Geladeira Frost Free 400L,Eletrodomésticos,1,3499.00,3499.00,Vitória da Conquista,BA,Cartão Crédito
2419,2025-05-26,106,Máquina de Lavar 12kg,Eletrodomésticos,1,2199.00,2199.00,Uberlândia,MG,Cartão Crédito
2420,2025-05-26,108,Geladeira Frost Free 400L,Eletrodomésticos,1,3499.00,3499.00,Belo Horizonte,MG,Pix
2421,2025-05-26,120,Geladeira Frost Free 400L,Eletrodomésticos,2,3499.00,6998.00,Vitória da Conquista,BA,Boleto
2422,2025-05-26,105,Jogo de Aventura,Games,4,212.42,849.68,Salvador,BA,Cartão Débito
2423,2025-05-27,108,Monitor Full HD 24pol,Informática,3,899.90,2699.70,Rio de Janeiro,RJ,Cartão Crédito
2424,2025-05-27,113,Sofá 3 Lugares,Móveis,1,2279.05,2279.05,Curitiba,PR,Boleto
2425,2025-05-27,108,Monitor Full HD 24pol,Informática,3,899.90,2699.70,Fortaleza,CE,Boleto
2426,2025-05-27,112,Bicicleta Aro 29,Esporte e Lazer,2,1529.15,3058.30,Porto Alegre,RS,Cartão Crédito
2427,2025-05-27,106,Monitor Full HD 24pol,Informática,3,809.91,2429.73,Brasília,DF,Cartão Crédito
2428,2025-05-27,117,Airfryer 5L,Eletrodomésticos,4,429.90,1719.60,Salvador,BA,Pix
2429,2025-05-27,119,Kit Halteres 20kg,Esporte e Lazer,2,246.90,493.80,Campinas,SP,Pix
2430,2025-05-27,109,Console de Videogame,Games,1,2699.10,2699.10,Niterói,RJ,Cartão Crédito
2431,2025-05-27,104,Monitor Full HD 24pol,Informática,3,854.90,2564.70,Campinas,SP,Cartão Débito
2432,2025-05-27,108,Kit Halteres 20kg,Esporte e Lazer,2,259.90,519.80,Recife,PE,Pix
2433,2025-05-27,111,Máquina de Lavar 12kg,Eletrodomésticos,2,2199.00,4398.00,São Paulo,SP,Boleto
2434,2025-05-27,109,Controle Sem Fio,Games,4,349.90,1399.60,Porto Alegre,RS,Pix
2435,2025-05-27,110,Controle Sem Fio,Games,2,349.90,699.80,Niterói,RJ,Cartão Débito
2436,2025-05-27,107,Sofá 3 Lugares,Móveis,1,2399.00,2399.00,Goiânia,GO,Pix
2437,2025-05-27,103,Esteira Elétrica,Esporte e Lazer,2,2899.00,5798.00,Goiânia,GO,Pix
2438,2025-05-27,119,Sofá 3 Lugares,Móveis,1,2279.05,2279.05,Recife,PE,Cartão Crédito
2439,2025-05-27,103,Esteira Elétrica,Esporte e Lazer,1,2899.00,2899.00,Recife,PE,Pix
2440,2025-05-27,117,Kit Halteres 20kg,Esporte e Lazer,4,259.90,1039.60,Brasília,DF,Boleto
2441,2025-05-27,112,Máquina de Lavar 12kg,Eletrodomésticos,2,2199.00,4398.00,Curitiba,PR,Boleto
2442,2025-05-27,112,Máquina de Lavar 12kg,Eletrodomésticos,2,2199.00,4398.00,Fortaleza,CE,Pix
2443,2025-05-27,105,Máquina de Lavar 12kg,Eletrodomésticos,2,2089.05,4178.10,Uberlândia,MG,Pix
2444,2025-05-27,119,Teclado Mecânico,Informática,3,289.90,869.70,Brasília,DF,Cartão Crédito
2445,2025-05-27,115,Geladeira Frost Free 400L,Eletrodomésticos,2,3499.00,6998.00,Rio de Janeiro,RJ,Cartão Débito
2446,2025-05-27,104,Micro-ondas 30L,Eletrodomésticos,1,649.90,649.90,Vitória da Conquista,BA,Boleto
2447,2025-05-28,103,Carregador Turbo USB-C,Celulares e Acessórios,3,89.90,269.70,Salvador,BA,Pix
2448,2025-05-28,105,Mesa de Jantar 6 Cadeiras,Móveis,1,1899.00,1899.00,Vitória da Conquista,BA,Pix
2449,2025-05-28,117,Notebook Core i5,Informática,1,3299.90,3299.90,Curitiba,PR,Cartão Crédito
2450,2025-05-28,106,Airfryer 5L,Eletrodomésticos,1,429.90,429.90,Salvador,BA,Cartão Crédito
2451,2025-05-28,111,Bicicleta Aro 29,Esporte e Lazer,1,1799.00,1799.00,São Paulo,SP,Cartão Crédito
2452,2025-05-28,105,Carregador Turbo USB-C,Celulares e Acessórios,5,89.90,449.50,Fortaleza,CE,Boleto
2453,2025-05-28,117,Geladeira Frost Free 400L,Eletrodomésticos,1,3149.10,3149.10,Goiânia,GO,Boleto
2454,2025-05-28,104,Geladeira Frost Free 400L,Eletrodomésticos,1,3499.00,3499.00,Belo Horizonte,MG,Cartão Crédito
2455,2025-05-28,104,Jogo de Aventura,Games,5,224.91,1124.55,Uberlândia,MG,Pix
2456,2025-05-28,109,Notebook Core i5,Informática,1,3299.90,3299.90,Feira de Santana,BA,Boleto
2457,2025-05-28,111,Micro-ondas 30L,Eletrodomésticos,3,649.90,1949.70,Curitiba,PR,Pix
2458,2025-05-28,113,Notebook Core i5,Informática,1,2969.91,2969.91,Belo Horizonte,MG,Cartão Débito
2459,2025-05-28,109,Bicicleta Aro 29,Esporte e Lazer,2,1799.00,3598.00,Belo Horizonte,MG,Cartão Débito
2460,2025-05-28,116,Notebook Core i5,Informática,1,3299.90,3299.90,Rio de Janeiro,RJ,Cartão Crédito
2461,2025-05-29,108,Fone Bluetooth,Celulares e Acessórios,5,199.90,999.50,Feira de Santana,BA,Pix
2462,2025-05-29,111,Esteira Elétrica,Esporte e Lazer,1,2899.00,2899.00,Niterói,RJ,Cartão Crédito
2463,2025-05-29,109,Kit Halteres 20kg,Esporte e Lazer,3,259.90,779.70,Curitiba,PR,Pix
2464,2025-05-29,120,Monitor Full HD 24pol,Informática,3,899.90,2699.70,Santos,SP,Cartão Crédito
2465,2025-05-29,106,Carregador Turbo USB-C,Celulares e Acessórios,6,89.90,539.40,Vitória da Conquista,BA,Pix
2466,2025-05-29,110,Esteira Elétrica,Esporte e Lazer,1,2899.00,2899.00,Porto Alegre,RS,Pix
2467,2025-05-29,113,Carregador Turbo USB-C,Celulares e Acessórios,5,89.90,449.50,São Paulo,SP,Pix
2468,2025-05-29,103,Máquina de Lavar 12kg,Eletrodomésticos,1,1869.15,1869.15,Goiânia,GO,Boleto
2469,2025-05-29,119,Micro-ondas 30L,Eletrodomésticos,3,617.40,1852.20,Feira de Santana,BA,Cartão Crédito
2470,2025-05-29,119,Controle Sem Fio,Games,1,349.90,349.90,Curitiba,PR,Cartão Crédito
2471,2025-05-29,108,Console de Videogame,Games,2,2699.10,5398.20,Curitiba,PR,Boleto
2472,2025-05-29,103,Geladeira Frost Free 400L,Eletrodomésticos,2,3499.00,6998.00,São Paulo,SP,Cartão Débito
2473,2025-05-29,116,Smartphone 128GB,Celulares e Acessórios,2,1799.00,3598.00,Salvador,BA,Cartão Débito
2474,2025-05-29,105,Jogo de Aventura,Games,3,237.40,712.20,Porto Alegre,RS,Cartão Crédito
2475,2025-05-29,117,Controle Sem Fio,Games,2,349.90,699.80,Curitiba,PR,Cartão Crédito
2476,2025-05-29,120,Monitor Full HD 24pol,Informática,1,899.90,899.90,Campinas,SP,Cartão Débito
2477,2025-05-29,113,Cadeira de Escritório,Móveis,3,699.90,2099.70,Rio de Janeiro,RJ,Cartão Débito
2478,2025-05-29,111,Cadeira de Escritório,Móveis,1,629.91,629.91,Belo Horizonte,MG,Boleto
2479,2025-05-29,106,Teclado Mecânico,Informática,1,275.40,275.40,Brasília,DF,Pix
2480,2025-05-29,112,Bicicleta Aro 29,Esporte e Lazer,1,1619.10,1619.10,Niterói,RJ,Cartão Débito
2481,2025-05-30,105,Mouse Sem Fio,Informática,2,79.90,159.80,Salvador,BA,Pix
2482,2025-05-30,115,Monitor Full HD 24pol,Informática,2,809.91,1619.82,Fortaleza,CE,Cartão Crédito
2483,2025-05-30,119,Máquina de Lavar 12kg,Eletrodomésticos,2,2199.00,4398.00,Curitiba,PR,Cartão Crédito
2484,2025-05-30,111,Sofá 3 Lugares,Móveis,1,2159.10,2159.10,Campinas,SP,Cartão Débito
2485,2025-05-30,119,Carregador Turbo USB-C,Celulares e Acessórios,6,89.90,539.40,Recife,PE,Cartão Crédito
2486,2025-05-30,105,Bicicleta Aro 29,Esporte e Lazer,2,1619.10,3238.20,Fortaleza,CE,Cartão Débito
2487,2025-05-30,110,Bicicleta Aro 29,Esporte e Lazer,2,1709.05,3418.10,Belo Horizonte,MG,Boleto
2488,2025-05-30,103,Kit Halteres 20kg,Esporte e Lazer,2,259.90,519.80,Rio de Janeiro,RJ,Pix
2489,2025-05-30,119,Jogo de Aventura,Games,2,249.90,499.80,Niterói,RJ,Cartão Débito
2490,2025-05-30,113,Bicicleta Aro 29,Esporte e Lazer,2,1799.00,3598.00,Belo Horizonte,MG,Pix
2491,2025-05-30,120,Mouse Sem Fio,Informática,5,79.90,399.50,Salvador,BA,Boleto
2492,2025-05-30,104,Mesa de Jantar 6 Cadeiras,Móveis,2,1804.05,3608.10,São Paulo,SP,Pix
2493,2025-05-30,116,Teclado Mecânico,Informática,3,289.90,869.70,Fortaleza,CE,Pix
2494,2025-05-30,117,Monitor Full HD 24pol,Informática,1,899.90,899.90,São Paulo,SP,Boleto
2495,2025-05-30,109,Jogo de Aventura,Games,5,249.90,1249.50,Feira de Santana,BA,Cartão Débito
2496,2025-05-31,117,Smartphone 128GB,Celulares e Acessórios,2,1799.00,3598.00,Salvador,BA,Cartão Débito
2497,2025-05-31,116,Smartphone 128GB,Celulares e Acessórios,1,1709.05,1709.05,Salvador,BA,Pix
2498,2025-05-31,103,Monitor Full HD 24pol,Informática,3,899.90,2699.70,Feira de Santana,BA,Cartão Débito
2499,2025-05-31,116,Fone Bluetooth,Celulares e Acessórios,5,199.90,999.50,Recife,PE,Pix
2500,2025-05-31,103,Jogo de Aventura,Games,2,249.90,499.80,Goiânia,GO,Pix
2501,2025-05-31,107,Airfryer 5L,Eletrodomésticos,2,429.90,859.80,Curitiba,PR,Boleto
2502,2025-05-31,108,Geladeira Frost Free 400L,Eletrodomésticos,1,3499.00,3499.00,São Paulo,SP,Pix
2503,2025-05-31,110,Teclado Mecânico,Informática,3,275.40,826.20,Uberlândia,MG,Pix
2504,2025-05-31,104,Carregador Turbo USB-C,Celulares e Acessórios,4,80.91,323.64,Uberlândia,MG,Boleto
2505,2025-05-31,108,Sofá 3 Lugares,Móveis,2,2039.15,4078.30,Rio de Janeiro,RJ,Cartão Débito
2506,2025-05-31,105,Mesa de Jantar 6 Cadeiras,Móveis,1,1899.00,1899.00,São Paulo,SP,Cartão Crédito
2507,2025-05-31,120,Console de Videogame,Games,1,2849.05,2849.05,Porto Alegre,RS,Boleto
2508,2025-05-31,112,Esteira Elétrica,Esporte e Lazer,2,2754.05,5508.10,São Paulo,SP,Cartão Crédito
2509,2025-05-31,101,Carregador Turbo USB-C,Celulares e Acessórios,2,89.90,179.80,Curitiba,PR,Pix
2510,2025-05-31,107,Micro-ondas 30L,Eletrodomésticos,3,617.40,1852.20,Brasília,DF,Cartão Crédito
2511,2025-05-31,115,Carregador Turbo USB-C,Celulares e Acessórios,1,89.90,89.90,Curitiba,PR,Boleto
2512,2025-05-31,117,Máquina de Lavar 12kg,Eletrodomésticos,1,2199.00,2199.00,São Paulo,SP,Boleto
2513,2025-05-31,116,Monitor Full HD 24pol,Informática,2,899.90,1799.80,São Paulo,SP,Cartão Crédito
2514,2025-05-31,111,Cadeira de Escritório,Móveis,2,699.90,1399.80,Niterói,RJ,Pix
2515,2025-06-01,115,Console de Videogame,Games,2,2999.00,5998.00,Vitória da Conquista,BA,Boleto
2516,2025-06-01,113,Teclado Mecânico,Informática,1,275.40,275.40,Uberlândia,MG,Boleto
2517,2025-06-01,104,Sofá 3 Lugares,Móveis,1,2159.10,2159.10,Vitória da Conquista,BA,Cartão Crédito
2518,2025-06-01,112,Fone Bluetooth,Celulares e Acessórios,3,199.90,599.70,Vitória da Conquista,BA,Pix
2519,2025-06-01,116,Kit Halteres 20kg,Esporte e Lazer,1,259.90,259.90,Rio de Janeiro,RJ,Pix
2520,2025-06-01,104,Fone Bluetooth,Celulares e Acessórios,4,199.90,799.60,Uberlândia,MG,Cartão Débito
2521,2025-06-01,111,Mouse Sem Fio,Informática,3,79.90,239.70,Uberlândia,MG,Cartão Crédito
2522,2025-06-01,101,Notebook Core i5,Informática,1,3299.90,3299.90,Goiânia,GO,Cartão Crédito
2523,2025-06-01,104,Monitor Full HD 24pol,Informática,1,899.90,899.90,Curitiba,PR,Cartão Crédito
2524,2025-06-01,112,Smartphone 128GB,Celulares e Acessórios,1,1619.10,1619.10,Feira de Santana,BA,Cartão Crédito
2525,2025-06-01,108,Smartphone 128GB,Celulares e Acessórios,2,1799.00,3598.00,Fortaleza,CE,Cartão Débito
2526,2025-06-01,103,Console de Videogame,Games,1,2999.00,2999.00,Salvador,BA,Boleto
2527,2025-06-01,120,Jogo de Aventura,Games,5,249.90,1249.50,Goiânia,GO,Pix
2528,2025-06-01,112,Controle Sem Fio,Games,1,332.40,332.40,Belo Horizonte,MG,Boleto
2529,2025-06-01,105,Carregador Turbo USB-C,Celulares e Acessórios,5,89.90,449.50,Recife,PE,Pix
2530,2025-06-02,108,Bicicleta Aro 29,Esporte e Lazer,1,1799.00,1799.00,Belo Horizonte,MG,Boleto
2531,2025-06-02,115,Micro-ondas 30L,Eletrodomésticos,2,649.90,1299.80,Belo Horizonte,MG,Cartão Crédito
2532,2025-06-02,107,Geladeira Frost Free 400L,Eletrodomésticos,2,3149.10,6298.20,Salvador,BA,Boleto
2533,2025-06-02,110,Monitor Full HD 24pol,Informática,2,899.90,1799.80,Campinas,SP,Pix
2534,2025-06-02,117,Geladeira Frost Free 400L,Eletrodomésticos,2,3499.00,6998.00,Santos,SP,Cartão Crédito
2535,2025-06-02,110,Fone Bluetooth,Celulares e Acessórios,4,199.90,799.60,Campinas,SP,Cartão Crédito
2536,2025-06-02,105,Fone Bluetooth,Celulares e Acessórios,1,199.90,199.90,Fortaleza,CE,Boleto
2537,2025-06-02,113,Carregador Turbo USB-C,Celulares e Acessórios,4,85.40,341.60,Fortaleza,CE,Cartão Crédito
2538,2025-06-02,111,Esteira Elétrica,Esporte e Lazer,2,2899.00,5798.00,Goiânia,GO,Boleto
2539,2025-06-02,119,Mesa de Jantar 6 Cadeiras,Móveis,2,1899.00,3798.00,Rio de Janeiro,RJ,Cartão Débito
2540,2025-06-02,115,Monitor Full HD 24pol,Informática,2,764.92,1529.84,Campinas,SP,Cartão Crédito
2541,2025-06-02,120,Smartphone 128GB,Celulares e Acessórios,2,1619.10,3238.20,Vitória da Conquista,BA,Cartão Débito
2542,2025-06-02,109,Smartphone 128GB,Celulares e Acessórios,3,1619.10,4857.30,Vitória da Conquista,BA,Boleto
2543,2025-06-02,104,Monitor Full HD 24pol,Informática,2,764.92,1529.84,Belo Horizonte,MG,Boleto
2544,2025-06-02,112,Console de Videogame,Games,1,2549.15,2549.15,Fortaleza,CE,Cartão Débito
2545,2025-06-02,105,Jogo de Aventura,Games,3,237.40,712.20,Rio de Janeiro,RJ,Pix
2546,2025-06-02,110,Geladeira Frost Free 400L,Eletrodomésticos,1,3149.10,3149.10,Recife,PE,Pix
2547,2025-06-02,109,Notebook Core i5,Informática,1,2804.92,2804.92,Goiânia,GO,Pix
2548,2025-06-02,106,Bicicleta Aro 29,Esporte e Lazer,2,1799.00,3598.00,Rio de Janeiro,RJ,Boleto
2549,2025-06-03,107,Airfryer 5L,Eletrodomésticos,3,429.90,1289.70,Goiânia,GO,Cartão Crédito
2550,2025-06-03,113,Mesa de Jantar 6 Cadeiras,Móveis,1,1899.00,1899.00,Belo Horizonte,MG,Boleto
2551,2025-06-03,119,Máquina de Lavar 12kg,Eletrodomésticos,2,2199.00,4398.00,Goiânia,GO,Cartão Débito
2552,2025-06-03,110,Monitor Full HD 24pol,Informática,2,854.90,1709.80,Salvador,BA,Cartão Débito
2553,2025-06-03,109,Geladeira Frost Free 400L,Eletrodomésticos,1,3499.00,3499.00,Brasília,DF,Pix
2554,2025-06-03,106,Notebook Core i5,Informática,2,3299.90,6599.80,Recife,PE,Pix
2555,2025-06-03,113,Fone Bluetooth,Celulares e Acessórios,5,199.90,999.50,Curitiba,PR,Cartão Crédito
2556,2025-06-03,111,Mesa de Jantar 6 Cadeiras,Móveis,1,1804.05,1804.05,Santos,SP,Cartão Crédito
2557,2025-06-03,101,Mouse Sem Fio,Informática,1,71.91,71.91,Rio de Janeiro,RJ,Boleto
2558,2025-06-03,112,Console de Videogame,Games,1,2999.00,2999.00,Porto Alegre,RS,Pix
2559,2025-06-03,116,Micro-ondas 30L,Eletrodomésticos,1,617.40,617.40,Fortaleza,CE,Cartão Débito
2560,2025-06-03,120,Cadeira de Escritório,Móveis,4,699.90,2799.60,Salvador,BA,Cartão Crédito
2561,2025-06-03,120,Jogo de Aventura,Games,1,249.90,249.90,Rio de Janeiro,RJ,Boleto
2562,2025-06-03,112,Monitor Full HD 24pol,Informática,1,899.90,899.90,Porto Alegre,RS,Pix
2563,2025-06-03,115,Kit Halteres 20kg,Esporte e Lazer,4,259.90,1039.60,Curitiba,PR,Cartão Crédito
2564,2025-06-03,103,Esteira Elétrica,Esporte e Lazer,2,2899.00,5798.00,Feira de Santana,BA,Boleto
2565,2025-06-03,109,Airfryer 5L,Eletrodomésticos,3,429.90,1289.70,Feira de Santana,BA,Cartão Crédito
2566,2025-06-03,104,Kit Halteres 20kg,Esporte e Lazer,1,259.90,259.90,Goiânia,GO,Pix
2567,2025-06-03,120,Airfryer 5L,Eletrodomésticos,1,429.90,429.90,Feira de Santana,BA,Pix
2568,2025-06-03,113,Máquina de Lavar 12kg,Eletrodomésticos,1,2089.05,2089.05,Salvador,BA,Pix
2569,2025-06-04,109,Micro-ondas 30L,Eletrodomésticos,2,649.90,1299.80,São Paulo,SP,Cartão Crédito
2570,2025-06-04,104,Jogo de Aventura,Games,1,249.90,249.90,Niterói,RJ,Boleto
2571,2025-06-04,119,Cadeira de Escritório,Móveis,1,699.90,699.90,São Paulo,SP,Cartão Débito
2572,2025-06-04,119,Geladeira Frost Free 400L,Eletrodomésticos,1,3499.00,3499.00,Belo Horizonte,MG,Cartão Crédito
2573,2025-06-04,111,Esteira Elétrica,Esporte e Lazer,1,2464.15,2464.15,Campinas,SP,Cartão Crédito
2574,2025-06-04,101,Mesa de Jantar 6 Cadeiras,Móveis,1,1614.15,1614.15,Brasília,DF,Boleto
2575,2025-06-04,117,Jogo de Aventura,Games,5,237.40,1187.00,Porto Alegre,RS,Cartão Débito
2576,2025-06-04,108,Máquina de Lavar 12kg,Eletrodomésticos,1,2089.05,2089.05,Belo Horizonte,MG,Cartão Crédito
2577,2025-06-04,105,Cadeira de Escritório,Móveis,1,664.90,664.90,Vitória da Conquista,BA,Pix
2578,2025-06-04,112,Fone Bluetooth,Celulares e Acessórios,4,179.91,719.64,Recife,PE,Pix
2579,2025-06-04,120,Geladeira Frost Free 400L,Eletrodomésticos,2,3499.00,6998.00,Uberlândia,MG,Pix
2580,2025-06-04,105,Smartphone 128GB,Celulares e Acessórios,1,1799.00,1799.00,Goiânia,GO,Cartão Débito
2581,2025-06-04,101,Micro-ondas 30L,Eletrodomésticos,3,649.90,1949.70,Campinas,SP,Pix
2582,2025-06-04,117,Bicicleta Aro 29,Esporte e Lazer,1,1799.00,1799.00,Fortaleza,CE,Boleto
2583,2025-06-04,109,Teclado Mecânico,Informática,4,275.40,1101.60,Santos,SP,Cartão Crédito
2584,2025-06-04,104,Jogo de Aventura,Games,3,249.90,749.70,Brasília,DF,Boleto
2585,2025-06-04,104,Esteira Elétrica,Esporte e Lazer,1,2609.10,2609.10,Rio de Janeiro,RJ,Cartão Débito
2586,2025-06-04,108,Airfryer 5L,Eletrodomésticos,3,408.40,1225.20,Belo Horizonte,MG,Pix
2587,2025-06-04,112,Fone Bluetooth,Celulares e Acessórios,5,189.90,949.50,Recife,PE,Pix
2588,2025-06-05,106,Airfryer 5L,Eletrodomésticos,1,429.90,429.90,Belo Horizonte,MG,Pix
2589,2025-06-05,103,Controle Sem Fio,Games,4,349.90,1399.60,Rio de Janeiro,RJ,Pix
2590,2025-06-05,115,Teclado Mecânico,Informática,3,289.90,869.70,Rio de Janeiro,RJ,Pix
2591,2025-06-05,113,Máquina de Lavar 12kg,Eletrodomésticos,2,2199.00,4398.00,Rio de Janeiro,RJ,Boleto
2592,2025-06-05,105,Teclado Mecânico,Informática,4,289.90,1159.60,Goiânia,GO,Cartão Débito
2593,2025-06-05,101,Fone Bluetooth,Celulares e Acessórios,5,169.92,849.60,Uberlândia,MG,Cartão Débito
2594,2025-06-05,106,Máquina de Lavar 12kg,Eletrodomésticos,1,2089.05,2089.05,Fortaleza,CE,Boleto
2595,2025-06-05,119,Máquina de Lavar 12kg,Eletrodomésticos,2,2089.05,4178.10,Feira de Santana,BA,Boleto
2596,2025-06-05,119,Console de Videogame,Games,2,2999.00,5998.00,Niterói,RJ,Cartão Crédito
2597,2025-06-05,109,Máquina de Lavar 12kg,Eletrodomésticos,2,2199.00,4398.00,Campinas,SP,Cartão Crédito
2598,2025-06-05,106,Micro-ondas 30L,Eletrodomésticos,1,649.90,649.90,Campinas,SP,Boleto
2599,2025-06-05,119,Geladeira Frost Free 400L,Eletrodomésticos,1,3149.10,3149.10,Rio de Janeiro,RJ,Cartão Crédito
2600,2025-06-05,113,Carregador Turbo USB-C,Celulares e Acessórios,4,89.90,359.60,Recife,PE,Cartão Crédito
2601,2025-06-05,107,Bicicleta Aro 29,Esporte e Lazer,1,1529.15,1529.15,Fortaleza,CE,Cartão Débito
2602,2025-06-05,107,Console de Videogame,Games,2,2999.00,5998.00,Brasília,DF,Cartão Débito
2603,2025-06-05,109,Carregador Turbo USB-C,Celulares e Acessórios,4,85.40,341.60,Salvador,BA,Boleto
2604,2025-06-06,108,Notebook Core i5,Informática,1,3299.90,3299.90,Salvador,BA,Cartão Crédito
2605,2025-06-06,109,Jogo de Aventura,Games,1,237.40,237.40,Recife,PE,Pix
2606,2025-06-06,106,Geladeira Frost Free 400L,Eletrodomésticos,2,3499.00,6998.00,Brasília,DF,Cartão Crédito
2607,2025-06-06,101,Jogo de Aventura,Games,4,249.90,999.60,Niterói,RJ,Cartão Crédito
2608,2025-06-06,112,Notebook Core i5,Informática,1,3299.90,3299.90,Uberlândia,MG,Pix
2609,2025-06-06,109,Teclado Mecânico,Informática,3,246.42,739.26,Brasília,DF,Pix
2610,2025-06-06,120,Geladeira Frost Free 400L,Eletrodomésticos,1,3149.10,3149.10,Goiânia,GO,Pix
2611,2025-06-06,104,Controle Sem Fio,Games,2,349.90,699.80,Goiânia,GO,Pix
2612,2025-06-06,109,Micro-ondas 30L,Eletrodomésticos,3,649.90,1949.70,Porto Alegre,RS,Cartão Crédito
2613,2025-06-06,115,Kit Halteres 20kg,Esporte e Lazer,1,259.90,259.90,Recife,PE,Cartão Crédito
2614,2025-06-06,103,Esteira Elétrica,Esporte e Lazer,1,2899.00,2899.00,Fortaleza,CE,Cartão Débito
2615,2025-06-06,120,Jogo de Aventura,Games,4,212.42,849.68,Belo Horizonte,MG,Pix
2616,2025-06-06,107,Controle Sem Fio,Games,4,349.90,1399.60,Curitiba,PR,Boleto
2617,2025-06-06,119,Bicicleta Aro 29,Esporte e Lazer,2,1799.00,3598.00,Feira de Santana,BA,Cartão Crédito
2618,2025-06-06,116,Controle Sem Fio,Games,4,349.90,1399.60,Belo Horizonte,MG,Boleto
2619,2025-06-06,106,Esteira Elétrica,Esporte e Lazer,2,2899.00,5798.00,Niterói,RJ,Pix
2620,2025-06-06,104,Jogo de Aventura,Games,2,249.90,499.80,Niterói,RJ,Pix
2621,2025-06-07,107,Carregador Turbo USB-C,Celulares e Acessórios,3,89.90,269.70,Recife,PE,Pix
2622,2025-06-07,120,Fone Bluetooth,Celulares e Acessórios,2,189.90,379.80,Santos,SP,Boleto
2623,2025-06-07,101,Mesa de Jantar 6 Cadeiras,Móveis,1,1899.00,1899.00,Salvador,BA,Cartão Débito
2624,2025-06-07,113,Teclado Mecânico,Informática,3,289.90,869.70,Salvador,BA,Cartão Crédito
2625,2025-06-07,119,Máquina de Lavar 12kg,Eletrodomésticos,1,2199.00,2199.00,Uberlândia,MG,Boleto
2626,2025-06-07,113,Esteira Elétrica,Esporte e Lazer,1,2899.00,2899.00,Fortaleza,CE,Pix
2627,2025-06-07,104,Fone Bluetooth,Celulares e Acessórios,5,199.90,999.50,Santos,SP,Cartão Crédito
2628,2025-06-07,112,Cadeira de Escritório,Móveis,4,699.90,2799.60,São Paulo,SP,Boleto
2629,2025-06-07,117,Kit Halteres 20kg,Esporte e Lazer,2,259.90,519.80,Rio de Janeiro,RJ,Cartão Débito
2630,2025-06-07,107,Bicicleta Aro 29,Esporte e Lazer,2,1799.00,3598.00,Fortaleza,CE,Pix
2631,2025-06-07,116,Sofá 3 Lugares,Móveis,1,2399.00,2399.00,Campinas,SP,Cartão Débito
2632,2025-06-07,120,Monitor Full HD 24pol,Informática,3,809.91,2429.73,Campinas,SP,Cartão Crédito
2633,2025-06-07,115,Teclado Mecânico,Informática,3,260.91,782.73,Feira de Santana,BA,Pix
2634,2025-06-08,103,Carregador Turbo USB-C,Celulares e Acessórios,5,89.90,449.50,Salvador,BA,Cartão Crédito
2635,2025-06-08,112,Mouse Sem Fio,Informática,2,71.91,143.82,Brasília,DF,Pix
2636,2025-06-08,117,Fone Bluetooth,Celulares e Acessórios,5,179.91,899.55,Rio de Janeiro,RJ,Cartão Crédito
2637,2025-06-08,116,Console de Videogame,Games,1,2999.00,2999.00,Curitiba,PR,Cartão Crédito
2638,2025-06-08,119,Jogo de Aventura,Games,1,249.90,249.90,Feira de Santana,BA,Pix
2639,2025-06-08,101,Teclado Mecânico,Informática,3,260.91,782.73,Porto Alegre,RS,Cartão Débito
2640,2025-06-08,115,Teclado Mecânico,Informática,3,289.90,869.70,Feira de Santana,BA,Cartão Crédito
2641,2025-06-08,101,Jogo de Aventura,Games,5,249.90,1249.50,Niterói,RJ,Boleto
2642,2025-06-08,109,Bicicleta Aro 29,Esporte e Lazer,2,1799.00,3598.00,Brasília,DF,Pix
2643,2025-06-08,119,Cadeira de Escritório,Móveis,3,699.90,2099.70,São Paulo,SP,Cartão Débito
2644,2025-06-08,101,Mouse Sem Fio,Informática,1,79.90,79.90,Niterói,RJ,Cartão Crédito
2645,2025-06-08,112,Console de Videogame,Games,2,2999.00,5998.00,Uberlândia,MG,Cartão Débito
2646,2025-06-08,106,Carregador Turbo USB-C,Celulares e Acessórios,4,89.90,359.60,Curitiba,PR,Cartão Crédito
2647,2025-06-08,104,Kit Halteres 20kg,Esporte e Lazer,3,259.90,779.70,Fortaleza,CE,Cartão Crédito
2648,2025-06-09,109,Geladeira Frost Free 400L,Eletrodomésticos,1,3499.00,3499.00,Salvador,BA,Pix
2649,2025-06-09,105,Fone Bluetooth,Celulares e Acessórios,5,199.90,999.50,Porto Alegre,RS,Cartão Crédito
2650,2025-06-09,106,Carregador Turbo USB-C,Celulares e Acessórios,6,89.90,539.40,Recife,PE,Cartão Débito
2651,2025-06-09,111,Jogo de Aventura,Games,4,249.90,999.60,Uberlândia,MG,Boleto
2652,2025-06-09,115,Carregador Turbo USB-C,Celulares e Acessórios,2,89.90,179.80,Porto Alegre,RS,Cartão Crédito
2653,2025-06-09,116,Jogo de Aventura,Games,4,249.90,999.60,São Paulo,SP,Boleto
2654,2025-06-09,103,Airfryer 5L,Eletrodomésticos,4,429.90,1719.60,Vitória da Conquista,BA,Boleto
2655,2025-06-09,111,Console de Videogame,Games,2,2999.00,5998.00,São Paulo,SP,Pix
2656,2025-06-09,101,Teclado Mecânico,Informática,4,289.90,1159.60,Campinas,SP,Boleto
2657,2025-06-09,120,Máquina de Lavar 12kg,Eletrodomésticos,2,1979.10,3958.20,Recife,PE,Cartão Crédito
2658,2025-06-09,120,Mouse Sem Fio,Informática,1,75.90,75.90,Fortaleza,CE,Pix
2659,2025-06-09,109,Micro-ondas 30L,Eletrodomésticos,3,649.90,1949.70,Salvador,BA,Pix
2660,2025-06-09,112,Geladeira Frost Free 400L,Eletrodomésticos,2,3499.00,6998.00,São Paulo,SP,Pix
2661,2025-06-09,112,Geladeira Frost Free 400L,Eletrodomésticos,2,3499.00,6998.00,Porto Alegre,RS,Cartão Débito
2662,2025-06-10,106,Sofá 3 Lugares,Móveis,2,2159.10,4318.20,Recife,PE,Cartão Débito
2663,2025-06-10,108,Cadeira de Escritório,Móveis,2,699.90,1399.80,Goiânia,GO,Pix
2664,2025-06-10,108,Console de Videogame,Games,2,2849.05,5698.10,Niterói,RJ,Cartão Crédito
2665,2025-06-10,101,Mouse Sem Fio,Informática,5,79.90,399.50,Recife,PE,Cartão Débito
2666,2025-06-10,111,Cadeira de Escritório,Móveis,1,699.90,699.90,Feira de Santana,BA,Pix
2667,2025-06-10,115,Smartphone 128GB,Celulares e Acessórios,2,1709.05,3418.10,Fortaleza,CE,Pix
2668,2025-06-10,111,Micro-ondas 30L,Eletrodomésticos,2,649.90,1299.80,Rio de Janeiro,RJ,Cartão Débito
2669,2025-06-10,104,Carregador Turbo USB-C,Celulares e Acessórios,5,85.40,427.00,Feira de Santana,BA,Pix
2670,2025-06-10,112,Controle Sem Fio,Games,1,349.90,349.90,Curitiba,PR,Boleto
2671,2025-06-10,107,Notebook Core i5,Informática,1,3299.90,3299.90,Campinas,SP,Cartão Crédito
2672,2025-06-10,106,Teclado Mecânico,Informática,4,246.42,985.68,Recife,PE,Cartão Crédito
2673,2025-06-10,107,Monitor Full HD 24pol,Informática,1,854.90,854.90,Belo Horizonte,MG,Cartão Débito
2674,2025-06-10,111,Kit Halteres 20kg,Esporte e Lazer,2,259.90,519.80,São Paulo,SP,Pix
2675,2025-06-10,116,Bicicleta Aro 29,Esporte e Lazer,1,1799.00,1799.00,Rio de Janeiro,RJ,Cartão Crédito
2676,2025-06-10,107,Console de Videogame,Games,2,2999.00,5998.00,São Paulo,SP,Cartão Débito
2677,2025-06-10,111,Esteira Elétrica,Esporte e Lazer,2,2899.00,5798.00,Brasília,DF,Boleto
2678,2025-06-10,110,Console de Videogame,Games,2,2999.00,5998.00,Recife,PE,Cartão Crédito
2679,2025-06-10,108,Fone Bluetooth,Celulares e Acessórios,4,199.90,799.60,Niterói,RJ,Boleto
2680,2025-06-10,106,Mouse Sem Fio,Informática,4,79.90,319.60,Feira de Santana,BA,Pix
2681,2025-06-10,113,Geladeira Frost Free 400L,Eletrodomésticos,2,3499.00,6998.00,Brasília,DF,Pix
2682,2025-06-10,106,Controle Sem Fio,Games,4,349.90,1399.60,Niterói,RJ,Boleto
2683,2025-06-11,106,Bicicleta Aro 29,Esporte e Lazer,1,1799.00,1799.00,Feira de Santana,BA,Cartão Crédito
2684,2025-06-11,105,Micro-ondas 30L,Eletrodomésticos,2,649.90,1299.80,Goiânia,GO,Boleto
2685,2025-06-11,112,Monitor Full HD 24pol,Informática,2,899.90,1799.80,Feira de Santana,BA,Pix
2686,2025-06-11,106,Teclado Mecânico,Informática,2,289.90,579.80,Campinas,SP,Cartão Crédito
2687,2025-06-11,117,Esteira Elétrica,Esporte e Lazer,2,2899.00,5798.00,Santos,SP,Boleto
2688,2025-06-11,107,Controle Sem Fio,Games,2,297.42,594.84,Rio de Janeiro,RJ,Cartão Débito
2689,2025-06-11,109,Cadeira de Escritório,Móveis,3,699.90,2099.70,Brasília,DF,Boleto
2690,2025-06-11,110,Sofá 3 Lugares,Móveis,2,2399.00,4798.00,Rio de Janeiro,RJ,Pix
2691,2025-06-11,108,Smartphone 128GB,Celulares e Acessórios,1,1709.05,1709.05,São Paulo,SP,Boleto
2692,2025-06-11,108,Geladeira Frost Free 400L,Eletrodomésticos,2,3149.10,6298.20,Salvador,BA,Cartão Débito
2693,2025-06-11,109,Geladeira Frost Free 400L,Eletrodomésticos,2,3499.00,6998.00,Salvador,BA,Cartão Débito
2694,2025-06-11,103,Notebook Core i5,Informática,1,3299.90,3299.90,Niterói,RJ,Boleto
2695,2025-06-11,116,Fone Bluetooth,Celulares e Acessórios,1,199.90,199.90,São Paulo,SP,Cartão Crédito
2696,2025-06-11,119,Esteira Elétrica,Esporte e Lazer,1,2754.05,2754.05,São Paulo,SP,Pix
2697,2025-06-11,107,Jogo de Aventura,Games,4,249.90,999.60,Goiânia,GO,Pix
2698,2025-06-12,101,Jogo de Aventura,Games,5,249.90,1249.50,Rio de Janeiro,RJ,Boleto
2699,2025-06-12,104,Jogo de Aventura,Games,5,249.90,1249.50,Uberlândia,MG,Boleto
2700,2025-06-12,117,Máquina de Lavar 12kg,Eletrodomésticos,1,2089.05,2089.05,Uberlândia,MG,Pix
2701,2025-06-12,103,Teclado Mecânico,Informática,2,289.90,579.80,São Paulo,SP,Pix
2702,2025-06-12,107,Smartphone 128GB,Celulares e Acessórios,3,1709.05,5127.15,Brasília,DF,Pix
2703,2025-06-12,105,Controle Sem Fio,Games,3,349.90,1049.70,Campinas,SP,Cartão Crédito
2704,2025-06-12,115,Carregador Turbo USB-C,Celulares e Acessórios,6,89.90,539.40,Curitiba,PR,Cartão Crédito
2705,2025-06-12,105,Geladeira Frost Free 400L,Eletrodomésticos,1,3499.00,3499.00,Rio de Janeiro,RJ,Pix
2706,2025-06-12,104,Teclado Mecânico,Informática,4,275.40,1101.60,Recife,PE,Boleto
2707,2025-06-12,105,Mesa de Jantar 6 Cadeiras,Móveis,1,1709.10,1709.10,Brasília,DF,Cartão Débito
2708,2025-06-12,104,Airfryer 5L,Eletrodomésticos,2,429.90,859.80,Uberlândia,MG,Cartão Débito
2709,2025-06-12,117,Monitor Full HD 24pol,Informática,3,899.90,2699.70,Rio de Janeiro,RJ,Pix
2710,2025-06-12,103,Mesa de Jantar 6 Cadeiras,Móveis,2,1709.10,3418.20,Salvador,BA,Cartão Crédito
2711,2025-06-12,111,Console de Videogame,Games,1,2999.00,2999.00,Porto Alegre,RS,Cartão Crédito
2712,2025-06-12,116,Kit Halteres 20kg,Esporte e Lazer,2,259.90,519.80,Salvador,BA,Pix
2713,2025-06-12,117,Micro-ondas 30L,Eletrodomésticos,3,617.40,1852.20,Santos,SP,Cartão Crédito
2714,2025-06-13,107,Notebook Core i5,Informática,2,3299.90,6599.80,Santos,SP,Boleto
2715,2025-06-13,101,Mouse Sem Fio,Informática,4,79.90,319.60,Santos,SP,Cartão Débito
2716,2025-06-13,111,Fone Bluetooth,Celulares e Acessórios,1,199.90,199.90,Fortaleza,CE,Cartão Crédito
2717,2025-06-13,119,Airfryer 5L,Eletrodomésticos,2,429.90,859.80,Santos,SP,Pix
2718,2025-06-13,103,Mouse Sem Fio,Informática,4,79.90,319.60,Brasília,DF,Cartão Crédito
2719,2025-06-13,107,Controle Sem Fio,Games,4,349.90,1399.60,Curitiba,PR,Boleto
2720,2025-06-13,112,Console de Videogame,Games,1,2999.00,2999.00,Feira de Santana,BA,Boleto
2721,2025-06-13,117,Smartphone 128GB,Celulares e Acessórios,3,1799.00,5397.00,Recife,PE,Cartão Débito
2722,2025-06-13,115,Sofá 3 Lugares,Móveis,1,2399.00,2399.00,Belo Horizonte,MG,Boleto
2723,2025-06-13,120,Monitor Full HD 24pol,Informática,1,899.90,899.90,Niterói,RJ,Cartão Débito
2724,2025-06-13,115,Geladeira Frost Free 400L,Eletrodomésticos,2,3324.05,6648.10,Porto Alegre,RS,Cartão Débito
2725,2025-06-13,116,Mesa de Jantar 6 Cadeiras,Móveis,1,1804.05,1804.05,Vitória da Conquista,BA,Cartão Crédito
2726,2025-06-13,116,Monitor Full HD 24pol,Informática,3,899.90,2699.70,Goiânia,GO,Cartão Crédito
2727,2025-06-13,120,Smartphone 128GB,Celulares e Acessórios,1,1529.15,1529.15,Rio de Janeiro,RJ,Pix
2728,2025-06-13,112,Cadeira de Escritório,Móveis,3,699.90,2099.70,Belo Horizonte,MG,Pix
2729,2025-06-13,113,Kit Halteres 20kg,Esporte e Lazer,2,246.90,493.80,Vitória da Conquista,BA,Boleto
2730,2025-06-13,113,Smartphone 128GB,Celulares e Acessórios,3,1799.00,5397.00,Brasília,DF,Cartão Débito
2731,2025-06-13,109,Smartphone 128GB,Celulares e Acessórios,2,1799.00,3598.00,Niterói,RJ,Pix
2732,2025-06-14,104,Sofá 3 Lugares,Móveis,2,2399.00,4798.00,Porto Alegre,RS,Boleto
2733,2025-06-14,107,Monitor Full HD 24pol,Informática,3,899.90,2699.70,São Paulo,SP,Cartão Débito
2734,2025-06-14,103,Máquina de Lavar 12kg,Eletrodomésticos,1,2089.05,2089.05,Fortaleza,CE,Cartão Crédito
2735,2025-06-14,116,Airfryer 5L,Eletrodomésticos,3,429.90,1289.70,Salvador,BA,Pix
2736,2025-06-14,113,Cadeira de Escritório,Móveis,3,629.91,1889.73,Campinas,SP,Pix
2737,2025-06-14,104,Smartphone 128GB,Celulares e Acessórios,2,1799.00,3598.00,Brasília,DF,Pix
2738,2025-06-14,111,Teclado Mecânico,Informática,3,289.90,869.70,Vitória da Conquista,BA,Cartão Crédito
2739,2025-06-14,105,Fone Bluetooth,Celulares e Acessórios,4,179.91,719.64,Campinas,SP,Cartão Crédito
2740,2025-06-14,105,Mouse Sem Fio,Informática,3,79.90,239.70,Curitiba,PR,Boleto
2741,2025-06-14,104,Console de Videogame,Games,1,2999.00,2999.00,Uberlândia,MG,Cartão Débito
2742,2025-06-15,104,Mouse Sem Fio,Informática,4,79.90,319.60,Curitiba,PR,Pix
2743,2025-06-15,109,Monitor Full HD 24pol,Informática,1,899.90,899.90,Recife,PE,Cartão Débito
2744,2025-06-15,120,Console de Videogame,Games,1,2849.05,2849.05,Fortaleza,CE,Pix
2745,2025-06-15,111,Console de Videogame,Games,2,2999.00,5998.00,Belo Horizonte,MG,Boleto
2746,2025-06-15,112,Notebook Core i5,Informática,1,3299.90,3299.90,Recife,PE,Pix
2747,2025-06-15,101,Cadeira de Escritório,Móveis,4,699.90,2799.60,São Paulo,SP,Cartão Crédito
2748,2025-06-15,119,Console de Videogame,Games,2,2699.10,5398.20,Fortaleza,CE,Boleto
2749,2025-06-15,108,Mouse Sem Fio,Informática,2,79.90,159.80,Belo Horizonte,MG,Cartão Débito
2750,2025-06-15,101,Máquina de Lavar 12kg,Eletrodomésticos,1,2199.00,2199.00,Campinas,SP,Cartão Crédito
2751,2025-06-15,101,Fone Bluetooth,Celulares e Acessórios,1,189.90,189.90,Salvador,BA,Pix
2752,2025-06-15,107,Teclado Mecânico,Informática,4,289.90,1159.60,Belo Horizonte,MG,Cartão Débito
2753,2025-06-15,109,Esteira Elétrica,Esporte e Lazer,2,2899.00,5798.00,Recife,PE,Pix
2754,2025-06-15,111,Teclado Mecânico,Informática,3,289.90,869.70,Rio de Janeiro,RJ,Pix
2755,2025-06-15,113,Sofá 3 Lugares,Móveis,1,2399.00,2399.00,Rio de Janeiro,RJ,Cartão Crédito
2756,2025-06-16,108,Mouse Sem Fio,Informática,3,79.90,239.70,Porto Alegre,RS,Cartão Débito
2757,2025-06-16,115,Mesa de Jantar 6 Cadeiras,Móveis,1,1804.05,1804.05,Salvador,BA,Cartão Crédito
2758,2025-06-16,107,Esteira Elétrica,Esporte e Lazer,2,2464.15,4928.30,Fortaleza,CE,Cartão Débito
2759,2025-06-16,101,Smartphone 128GB,Celulares e Acessórios,1,1709.05,1709.05,Recife,PE,Boleto
2760,2025-06-16,115,Teclado Mecânico,Informática,3,289.90,869.70,Belo Horizonte,MG,Boleto
2761,2025-06-16,109,Geladeira Frost Free 400L,Eletrodomésticos,1,3149.10,3149.10,Salvador,BA,Cartão Crédito
2762,2025-06-16,112,Notebook Core i5,Informática,1,3299.90,3299.90,São Paulo,SP,Cartão Crédito
2763,2025-06-16,116,Teclado Mecânico,Informática,1,289.90,289.90,Campinas,SP,Cartão Débito
2764,2025-06-16,103,Console de Videogame,Games,1,2999.00,2999.00,Belo Horizonte,MG,Cartão Débito
2765,2025-06-16,116,Máquina de Lavar 12kg,Eletrodomésticos,2,2199.00,4398.00,Recife,PE,Cartão Crédito
2766,2025-06-16,112,Geladeira Frost Free 400L,Eletrodomésticos,2,2974.15,5948.30,Brasília,DF,Pix
2767,2025-06-16,117,Sofá 3 Lugares,Móveis,1,2159.10,2159.10,Santos,SP,Boleto
2768,2025-06-16,101,Máquina de Lavar 12kg,Eletrodomésticos,1,2199.00,2199.00,Belo Horizonte,MG,Pix
2769,2025-06-16,105,Mouse Sem Fio,Informática,1,75.90,75.90,Porto Alegre,RS,Pix
2770,2025-06-17,117,Teclado Mecânico,Informática,4,289.90,1159.60,Belo Horizonte,MG,Boleto
2771,2025-06-17,105,Carregador Turbo USB-C,Celulares e Acessórios,6,89.90,539.40,Rio de Janeiro,RJ,Cartão Crédito
2772,2025-06-17,101,Teclado Mecânico,Informática,2,275.40,550.80,Salvador,BA,Boleto
2773,2025-06-17,104,Console de Videogame,Games,1,2999.00,2999.00,Goiânia,GO,Pix
2774,2025-06-17,109,Jogo de Aventura,Games,3,249.90,749.70,Curitiba,PR,Cartão Débito
2775,2025-06-17,113,Monitor Full HD 24pol,Informática,1,854.90,854.90,Rio de Janeiro,RJ,Pix
2776,2025-06-17,105,Esteira Elétrica,Esporte e Lazer,2,2899.00,5798.00,Campinas,SP,Pix
2777,2025-06-17,119,Kit Halteres 20kg,Esporte e Lazer,1,259.90,259.90,Fortaleza,CE,Boleto
2778,2025-06-17,119,Máquina de Lavar 12kg,Eletrodomésticos,2,2199.00,4398.00,Rio de Janeiro,RJ,Pix
2779,2025-06-17,110,Cadeira de Escritório,Móveis,2,699.90,1399.80,Santos,SP,Boleto
2780,2025-06-17,107,Sofá 3 Lugares,Móveis,1,2279.05,2279.05,Uberlândia,MG,Pix
2781,2025-06-17,105,Console de Videogame,Games,2,2999.00,5998.00,Goiânia,GO,Cartão Crédito
2782,2025-06-18,106,Carregador Turbo USB-C,Celulares e Acessórios,2,89.90,179.80,São Paulo,SP,Boleto
2783,2025-06-18,101,Esteira Elétrica,Esporte e Lazer,1,2754.05,2754.05,Fortaleza,CE,Pix
2784,2025-06-18,106,Console de Videogame,Games,1,2849.05,2849.05,Campinas,SP,Cartão Crédito
2785,2025-06-18,103,Controle Sem Fio,Games,1,349.90,349.90,Salvador,BA,Pix
2786,2025-06-18,113,Geladeira Frost Free 400L,Eletrodomésticos,1,2974.15,2974.15,Curitiba,PR,Pix
2787,2025-06-18,105,Teclado Mecânico,Informática,1,289.90,289.90,Rio de Janeiro,RJ,Cartão Crédito
2788,2025-06-18,107,Monitor Full HD 24pol,Informática,3,899.90,2699.70,Brasília,DF,Cartão Crédito
2789,2025-06-18,112,Airfryer 5L,Eletrodomésticos,2,429.90,859.80,Recife,PE,Cartão Crédito
2790,2025-06-18,116,Mouse Sem Fio,Informática,3,79.90,239.70,Porto Alegre,RS,Cartão Débito
2791,2025-06-18,112,Sofá 3 Lugares,Móveis,1,2279.05,2279.05,Rio de Janeiro,RJ,Cartão Débito
2792,2025-06-18,112,Mouse Sem Fio,Informática,6,79.90,479.40,Brasília,DF,Cartão Débito
2793,2025-06-18,113,Smartphone 128GB,Celulares e Acessórios,3,1799.00,5397.00,Recife,PE,Cartão Débito
2794,2025-06-18,105,Mesa de Jantar 6 Cadeiras,Móveis,1,1709.10,1709.10,Brasília,DF,Pix
2795,2025-06-18,113,Geladeira Frost Free 400L,Eletrodomésticos,1,3499.00,3499.00,Niterói,RJ,Cartão Débito
2796,2025-06-18,113,Teclado Mecânico,Informática,4,260.91,1043.64,Goiânia,GO,Boleto
2797,2025-06-18,111,Micro-ondas 30L,Eletrodomésticos,2,649.90,1299.80,Recife,PE,Boleto
2798,2025-06-18,117,Smartphone 128GB,Celulares e Acessórios,1,1799.00,1799.00,Vitória da Conquista,BA,Cartão Débito
2799,2025-06-18,111,Jogo de Aventura,Games,5,249.90,1249.50,Goiânia,GO,Cartão Débito
2800,2025-06-18,116,Airfryer 5L,Eletrodomésticos,4,429.90,1719.60,Porto Alegre,RS,Cartão Débito
2801,2025-06-18,113,Controle Sem Fio,Games,2,349.90,699.80,Salvador,BA,Boleto
2802,2025-06-19,107,Fone Bluetooth,Celulares e Acessórios,2,199.90,399.80,Feira de Santana,BA,Boleto
2803,2025-06-19,104,Teclado Mecânico,Informática,1,289.90,289.90,Brasília,DF,Cartão Débito
2804,2025-06-19,108,Airfryer 5L,Eletrodomésticos,2,429.90,859.80,Vitória da Conquista,BA,Cartão Débito
2805,2025-06-19,115,Carregador Turbo USB-C,Celulares e Acessórios,2,89.90,179.80,Fortaleza,CE,Cartão Débito
2806,2025-06-19,109,Mouse Sem Fio,Informática,6,79.90,479.40,Salvador,BA,Pix
2807,2025-06-19,103,Micro-ondas 30L,Eletrodomésticos,3,649.90,1949.70,Recife,PE,Boleto
2808,2025-06-19,101,Console de Videogame,Games,1,2999.00,2999.00,Uberlândia,MG,Cartão Crédito
2809,2025-06-19,104,Kit Halteres 20kg,Esporte e Lazer,3,233.91,701.73,Feira de Santana,BA,Cartão Débito
2810,2025-06-19,103,Kit Halteres 20kg,Esporte e Lazer,4,246.90,987.60,Salvador,BA,Boleto
2811,2025-06-19,103,Kit Halteres 20kg,Esporte e Lazer,3,259.90,779.70,São Paulo,SP,Pix
2812,2025-06-19,103,Console de Videogame,Games,1,2999.00,2999.00,São Paulo,SP,Boleto
2813,2025-06-19,103,Cadeira de Escritório,Móveis,1,664.90,664.90,Niterói,RJ,Cartão Débito
2814,2025-06-19,111,Mesa de Jantar 6 Cadeiras,Móveis,1,1804.05,1804.05,São Paulo,SP,Cartão Crédito
2815,2025-06-19,110,Geladeira Frost Free 400L,Eletrodomésticos,2,3499.00,6998.00,São Paulo,SP,Pix
2816,2025-06-20,116,Bicicleta Aro 29,Esporte e Lazer,2,1529.15,3058.30,Campinas,SP,Boleto
2817,2025-06-20,115,Airfryer 5L,Eletrodomésticos,2,429.90,859.80,Vitória da Conquista,BA,Pix
2818,2025-06-20,112,Máquina de Lavar 12kg,Eletrodomésticos,1,2199.00,2199.00,Curitiba,PR,Pix
2819,2025-06-20,110,Controle Sem Fio,Games,1,349.90,349.90,Campinas,SP,Cartão Crédito
2820,2025-06-20,105,Teclado Mecânico,Informática,1,289.90,289.90,Rio de Janeiro,RJ,Cartão Débito
2821,2025-06-20,110,Mesa de Jantar 6 Cadeiras,Móveis,1,1899.00,1899.00,Recife,PE,Cartão Crédito
2822,2025-06-20,109,Máquina de Lavar 12kg,Eletrodomésticos,2,2199.00,4398.00,Porto Alegre,RS,Pix
2823,2025-06-20,101,Mouse Sem Fio,Informática,5,79.90,399.50,Salvador,BA,Boleto
2824,2025-06-20,111,Cadeira de Escritório,Móveis,1,699.90,699.90,Curitiba,PR,Pix
2825,2025-06-20,110,Teclado Mecânico,Informática,1,260.91,260.91,Salvador,BA,Cartão Crédito
2826,2025-06-20,115,Notebook Core i5,Informática,1,3299.90,3299.90,Santos,SP,Pix
2827,2025-06-20,104,Fone Bluetooth,Celulares e Acessórios,3,189.90,569.70,Curitiba,PR,Cartão Crédito
2828,2025-06-20,107,Geladeira Frost Free 400L,Eletrodomésticos,1,3499.00,3499.00,Vitória da Conquista,BA,Cartão Crédito
2829,2025-06-20,106,Sofá 3 Lugares,Móveis,2,2399.00,4798.00,Porto Alegre,RS,Pix
2830,2025-06-20,106,Sofá 3 Lugares,Móveis,1,2399.00,2399.00,São Paulo,SP,Boleto
2831,2025-06-20,116,Console de Videogame,Games,2,2999.00,5998.00,Fortaleza,CE,Cartão Débito
2832,2025-06-20,106,Monitor Full HD 24pol,Informática,2,899.90,1799.80,Salvador,BA,Cartão Débito
2833,2025-06-20,112,Controle Sem Fio,Games,2,349.90,699.80,Campinas,SP,Cartão Crédito
2834,2025-06-21,120,Bicicleta Aro 29,Esporte e Lazer,1,1799.00,1799.00,Niterói,RJ,Boleto
2835,2025-06-21,108,Jogo de Aventura,Games,4,249.90,999.60,Campinas,SP,Cartão Débito
2836,2025-06-21,108,Notebook Core i5,Informática,2,2969.91,5939.82,Rio de Janeiro,RJ,Cartão Crédito
2837,2025-06-21,111,Máquina de Lavar 12kg,Eletrodomésticos,2,2199.00,4398.00,Fortaleza,CE,Boleto
2838,2025-06-21,103,Jogo de Aventura,Games,3,249.90,749.70,Fortaleza,CE,Cartão Débito
2839,2025-06-21,105,Jogo de Aventura,Games,2,249.90,499.80,Recife,PE,Cartão Débito
2840,2025-06-21,105,Mesa de Jantar 6 Cadeiras,Móveis,1,1614.15,1614.15,Vitória da Conquista,BA,Boleto
2841,2025-06-21,119,Console de Videogame,Games,2,2999.00,5998.00,São Paulo,SP,Cartão Crédito
2842,2025-06-21,117,Geladeira Frost Free 400L,Eletrodomésticos,1,3499.00,3499.00,Campinas,SP,Boleto
2843,2025-06-21,104,Mesa de Jantar 6 Cadeiras,Móveis,2,1804.05,3608.10,Rio de Janeiro,RJ,Cartão Crédito
2844,2025-06-21,103,Mouse Sem Fio,Informática,4,79.90,319.60,Campinas,SP,Cartão Débito
2845,2025-06-22,105,Monitor Full HD 24pol,Informática,2,899.90,1799.80,Vitória da Conquista,BA,Cartão Crédito
2846,2025-06-22,111,Monitor Full HD 24pol,Informática,2,899.90,1799.80,Niterói,RJ,Cartão Débito
2847,2025-06-22,115,Geladeira Frost Free 400L,Eletrodomésticos,2,3499.00,6998.00,Fortaleza,CE,Pix
2848,2025-06-22,112,Bicicleta Aro 29,Esporte e Lazer,2,1799.00,3598.00,Vitória da Conquista,BA,Cartão Crédito
2849,2025-06-22,120,Sofá 3 Lugares,Móveis,2,2279.05,4558.10,Belo Horizonte,MG,Cartão Crédito
2850,2025-06-22,115,Carregador Turbo USB-C,Celulares e Acessórios,4,89.90,359.60,Recife,PE,Cartão Crédito
2851,2025-06-22,119,Carregador Turbo USB-C,Celulares e Acessórios,6,89.90,539.40,Feira de Santana,BA,Pix
2852,2025-06-22,105,Jogo de Aventura,Games,5,237.40,1187.00,Campinas,SP,Cartão Crédito
2853,2025-06-22,105,Smartphone 128GB,Celulares e Acessórios,3,1709.05,5127.15,Fortaleza,CE,Boleto
2854,2025-06-22,120,Mesa de Jantar 6 Cadeiras,Móveis,2,1804.05,3608.10,Uberlândia,MG,Cartão Crédito
2855,2025-06-22,119,Controle Sem Fio,Games,2,349.90,699.80,Recife,PE,Boleto
2856,2025-06-22,115,Notebook Core i5,Informática,2,3299.90,6599.80,Salvador,BA,Boleto
2857,2025-06-22,109,Mesa de Jantar 6 Cadeiras,Móveis,2,1899.00,3798.00,Rio de Janeiro,RJ,Pix
2858,2025-06-22,109,Controle Sem Fio,Games,1,314.91,314.91,Porto Alegre,RS,Boleto
2859,2025-06-22,106,Mesa de Jantar 6 Cadeiras,Móveis,1,1899.00,1899.00,Rio de Janeiro,RJ,Cartão Débito
2860,2025-06-22,106,Micro-ondas 30L,Eletrodomésticos,1,617.40,617.40,Porto Alegre,RS,Cartão Débito
2861,2025-06-22,110,Jogo de Aventura,Games,3,249.90,749.70,Curitiba,PR,Cartão Débito
2862,2025-06-22,115,Kit Halteres 20kg,Esporte e Lazer,3,259.90,779.70,Uberlândia,MG,Cartão Crédito
2863,2025-06-22,112,Smartphone 128GB,Celulares e Acessórios,3,1799.00,5397.00,Curitiba,PR,Boleto
2864,2025-06-22,107,Bicicleta Aro 29,Esporte e Lazer,1,1709.05,1709.05,Porto Alegre,RS,Pix
2865,2025-06-22,119,Teclado Mecânico,Informática,4,289.90,1159.60,Vitória da Conquista,BA,Boleto
2866,2025-06-22,109,Esteira Elétrica,Esporte e Lazer,2,2899.00,5798.00,Recife,PE,Cartão Crédito
2867,2025-06-23,110,Controle Sem Fio,Games,1,349.90,349.90,Brasília,DF,Cartão Crédito
2868,2025-06-23,110,Sofá 3 Lugares,Móveis,1,2399.00,2399.00,Feira de Santana,BA,Cartão Débito
2869,2025-06-23,110,Mouse Sem Fio,Informática,1,79.90,79.90,Curitiba,PR,Cartão Débito
2870,2025-06-23,112,Máquina de Lavar 12kg,Eletrodomésticos,1,2199.00,2199.00,São Paulo,SP,Pix
2871,2025-06-23,106,Notebook Core i5,Informática,2,3134.90,6269.80,Vitória da Conquista,BA,Pix
2872,2025-06-23,120,Geladeira Frost Free 400L,Eletrodomésticos,1,3499.00,3499.00,Niterói,RJ,Pix
2873,2025-06-23,108,Cadeira de Escritório,Móveis,3,699.90,2099.70,Rio de Janeiro,RJ,Pix
2874,2025-06-23,107,Mesa de Jantar 6 Cadeiras,Móveis,2,1899.00,3798.00,Feira de Santana,BA,Cartão Crédito
2875,2025-06-23,103,Mesa de Jantar 6 Cadeiras,Móveis,2,1804.05,3608.10,Porto Alegre,RS,Cartão Crédito
2876,2025-06-23,103,Mesa de Jantar 6 Cadeiras,Móveis,1,1899.00,1899.00,Salvador,BA,Boleto
2877,2025-06-23,119,Teclado Mecânico,Informática,3,289.90,869.70,São Paulo,SP,Pix
2878,2025-06-23,110,Sofá 3 Lugares,Móveis,2,2279.05,4558.10,Rio de Janeiro,RJ,Boleto
2879,2025-06-23,116,Fone Bluetooth,Celulares e Acessórios,4,189.90,759.60,Vitória da Conquista,BA,Pix
2880,2025-06-23,120,Geladeira Frost Free 400L,Eletrodomésticos,1,3499.00,3499.00,Goiânia,GO,Cartão Crédito
2881,2025-06-23,115,Mouse Sem Fio,Informática,1,75.90,75.90,Rio de Janeiro,RJ,Boleto
2882,2025-06-23,110,Notebook Core i5,Informática,2,3299.90,6599.80,Curitiba,PR,Cartão Débito
2883,2025-06-23,103,Airfryer 5L,Eletrodomésticos,4,429.90,1719.60,Campinas,SP,Pix
2884,2025-06-23,113,Geladeira Frost Free 400L,Eletrodomésticos,1,3499.00,3499.00,Rio de Janeiro,RJ,Boleto
2885,2025-06-23,107,Bicicleta Aro 29,Esporte e Lazer,2,1799.00,3598.00,Recife,PE,Cartão Crédito
2886,2025-06-23,106,Airfryer 5L,Eletrodomésticos,1,408.40,408.40,Salvador,BA,Cartão Crédito
2887,2025-06-24,110,Bicicleta Aro 29,Esporte e Lazer,2,1709.05,3418.10,Goiânia,GO,Cartão Crédito
2888,2025-06-24,106,Teclado Mecânico,Informática,3,275.40,826.20,Goiânia,GO,Boleto
2889,2025-06-24,112,Mouse Sem Fio,Informática,3,79.90,239.70,Goiânia,GO,Cartão Débito
2890,2025-06-24,104,Console de Videogame,Games,1,2999.00,2999.00,Belo Horizonte,MG,Cartão Crédito
2891,2025-06-24,111,Controle Sem Fio,Games,1,332.40,332.40,Curitiba,PR,Pix
2892,2025-06-24,117,Cadeira de Escritório,Móveis,2,699.90,1399.80,Goiânia,GO,Cartão Crédito
2893,2025-06-24,113,Bicicleta Aro 29,Esporte e Lazer,2,1799.00,3598.00,Salvador,BA,Pix
2894,2025-06-24,116,Monitor Full HD 24pol,Informática,3,854.90,2564.70,Brasília,DF,Cartão Crédito
2895,2025-06-24,104,Cadeira de Escritório,Móveis,3,629.91,1889.73,São Paulo,SP,Boleto
2896,2025-06-24,109,Máquina de Lavar 12kg,Eletrodomésticos,2,2199.00,4398.00,Goiânia,GO,Cartão Débito
2897,2025-06-24,104,Jogo de Aventura,Games,5,249.90,1249.50,Campinas,SP,Pix
2898,2025-06-24,119,Cadeira de Escritório,Móveis,2,699.90,1399.80,Salvador,BA,Boleto
2899,2025-06-24,106,Cadeira de Escritório,Móveis,4,699.90,2799.60,São Paulo,SP,Cartão Débito
2900,2025-06-24,113,Máquina de Lavar 12kg,Eletrodomésticos,1,2199.00,2199.00,São Paulo,SP,Pix
2901,2025-06-24,103,Mouse Sem Fio,Informática,5,79.90,399.50,Salvador,BA,Boleto
2902,2025-06-24,119,Controle Sem Fio,Games,4,349.90,1399.60,Feira de Santana,BA,Pix
2903,2025-06-24,116,Teclado Mecânico,Informática,2,289.90,579.80,Feira de Santana,BA,Pix
2904,2025-06-24,116,Monitor Full HD 24pol,Informática,1,899.90,899.90,Porto Alegre,RS,Cartão Crédito
2905,2025-06-24,108,Jogo de Aventura,Games,4,224.91,899.64,Belo Horizonte,MG,Pix
2906,2025-06-24,120,Geladeira Frost Free 400L,Eletrodomésticos,1,3499.00,3499.00,Recife,PE,Pix
2907,2025-06-24,109,Monitor Full HD 24pol,Informática,3,764.92,2294.76,Salvador,BA,Pix
2908,2025-06-24,101,Airfryer 5L,Eletrodomésticos,4,429.90,1719.60,Uberlândia,MG,Pix
2909,2025-06-24,104,Carregador Turbo USB-C,Celulares e Acessórios,2,89.90,179.80,Uberlândia,MG,Cartão Crédito
2910,2025-06-24,119,Carregador Turbo USB-C,Celulares e Acessórios,3,89.90,269.70,Curitiba,PR,Cartão Débito
2911,2025-06-24,103,Controle Sem Fio,Games,1,349.90,349.90,São Paulo,SP,Cartão Crédito
2912,2025-06-24,101,Controle Sem Fio,Games,4,349.90,1399.60,São Paulo,SP,Cartão Crédito
2913,2025-06-24,106,Cadeira de Escritório,Móveis,1,699.90,699.90,Rio de Janeiro,RJ,Boleto
2914,2025-06-24,104,Kit Halteres 20kg,Esporte e Lazer,1,259.90,259.90,Recife,PE,Cartão Débito
2915,2025-06-24,119,Bicicleta Aro 29,Esporte e Lazer,1,1799.00,1799.00,Recife,PE,Cartão Débito
2916,2025-06-24,110,Geladeira Frost Free 400L,Eletrodomésticos,1,3499.00,3499.00,Niterói,RJ,Pix
2917,2025-06-24,103,Smartphone 128GB,Celulares e Acessórios,3,1799.00,5397.00,Brasília,DF,Pix
2918,2025-06-25,110,Geladeira Frost Free 400L,Eletrodomésticos,2,3499.00,6998.00,Rio de Janeiro,RJ,Cartão Crédito
2919,2025-06-25,108,Sofá 3 Lugares,Móveis,1,2399.00,2399.00,Belo Horizonte,MG,Boleto
2920,2025-06-25,105,Smartphone 128GB,Celulares e Acessórios,3,1799.00,5397.00,Campinas,SP,Cartão Débito
2921,2025-06-25,119,Smartphone 128GB,Celulares e Acessórios,3,1709.05,5127.15,Salvador,BA,Cartão Débito
2922,2025-06-25,101,Notebook Core i5,Informática,2,3299.90,6599.80,Brasília,DF,Cartão Débito
2923,2025-06-25,109,Teclado Mecânico,Informática,1,289.90,289.90,Curitiba,PR,Cartão Débito
2924,2025-06-25,120,Notebook Core i5,Informática,1,2969.91,2969.91,Goiânia,GO,Cartão Crédito
2925,2025-06-25,113,Máquina de Lavar 12kg,Eletrodomésticos,2,1979.10,3958.20,Uberlândia,MG,Cartão Crédito
2926,2025-06-25,101,Fone Bluetooth,Celulares e Acessórios,2,199.90,399.80,Curitiba,PR,Cartão Débito
2927,2025-06-25,115,Teclado Mecânico,Informática,2,289.90,579.80,Fortaleza,CE,Cartão Débito
2928,2025-06-25,113,Máquina de Lavar 12kg,Eletrodomésticos,2,2199.00,4398.00,Rio de Janeiro,RJ,Cartão Crédito
2929,2025-06-25,108,Sofá 3 Lugares,Móveis,2,2399.00,4798.00,Uberlândia,MG,Boleto
2930,2025-06-25,107,Smartphone 128GB,Celulares e Acessórios,1,1799.00,1799.00,Recife,PE,Cartão Débito
2931,2025-06-25,110,Mouse Sem Fio,Informática,1,79.90,79.90,Brasília,DF,Cartão Crédito
2932,2025-06-26,117,Bicicleta Aro 29,Esporte e Lazer,1,1799.00,1799.00,Uberlândia,MG,Cartão Crédito
2933,2025-06-26,108,Mouse Sem Fio,Informática,5,75.90,379.50,Rio de Janeiro,RJ,Cartão Débito
2934,2025-06-26,119,Bicicleta Aro 29,Esporte e Lazer,2,1799.00,3598.00,Goiânia,GO,Pix
2935,2025-06-26,105,Bicicleta Aro 29,Esporte e Lazer,2,1709.05,3418.10,Fortaleza,CE,Boleto
2936,2025-06-26,111,Teclado Mecânico,Informática,2,289.90,579.80,Campinas,SP,Cartão Débito
2937,2025-06-26,111,Mouse Sem Fio,Informática,2,79.90,159.80,Recife,PE,Pix
2938,2025-06-26,120,Console de Videogame,Games,2,2849.05,5698.10,São Paulo,SP,Cartão Crédito
2939,2025-06-26,117,Monitor Full HD 24pol,Informática,1,809.91,809.91,Belo Horizonte,MG,Cartão Débito
2940,2025-06-26,120,Smartphone 128GB,Celulares e Acessórios,3,1799.00,5397.00,Salvador,BA,Cartão Crédito
2941,2025-06-26,116,Cadeira de Escritório,Móveis,1,699.90,699.90,São Paulo,SP,Cartão Crédito
2942,2025-06-26,110,Sofá 3 Lugares,Móveis,1,2399.00,2399.00,Goiânia,GO,Cartão Crédito
2943,2025-06-26,110,Cadeira de Escritório,Móveis,1,629.91,629.91,São Paulo,SP,Pix
2944,2025-06-26,104,Carregador Turbo USB-C,Celulares e Acessórios,1,85.40,85.40,Niterói,RJ,Pix
2945,2025-06-26,107,Fone Bluetooth,Celulares e Acessórios,1,179.91,179.91,Campinas,SP,Pix
2946,2025-06-26,113,Console de Videogame,Games,1,2999.00,2999.00,Curitiba,PR,Cartão Crédito
2947,2025-06-27,115,Notebook Core i5,Informática,2,2969.91,5939.82,Fortaleza,CE,Pix
2948,2025-06-27,101,Smartphone 128GB,Celulares e Acessórios,3,1529.15,4587.45,Recife,PE,Cartão Débito
2949,2025-06-27,106,Geladeira Frost Free 400L,Eletrodomésticos,2,3499.00,6998.00,Brasília,DF,Pix
2950,2025-06-27,111,Máquina de Lavar 12kg,Eletrodomésticos,2,2199.00,4398.00,Recife,PE,Pix
2951,2025-06-27,103,Notebook Core i5,Informática,1,3299.90,3299.90,Rio de Janeiro,RJ,Cartão Crédito
2952,2025-06-27,105,Smartphone 128GB,Celulares e Acessórios,2,1709.05,3418.10,Curitiba,PR,Cartão Crédito
2953,2025-06-27,110,Máquina de Lavar 12kg,Eletrodomésticos,1,2199.00,2199.00,Curitiba,PR,Pix
2954,2025-06-27,109,Fone Bluetooth,Celulares e Acessórios,3,199.90,599.70,Belo Horizonte,MG,Cartão Débito
2955,2025-06-27,112,Cadeira de Escritório,Móveis,2,699.90,1399.80,Santos,SP,Boleto
2956,2025-06-27,105,Fone Bluetooth,Celulares e Acessórios,4,199.90,799.60,Niterói,RJ,Pix
2957,2025-06-27,104,Bicicleta Aro 29,Esporte e Lazer,2,1709.05,3418.10,Rio de Janeiro,RJ,Cartão Crédito
2958,2025-06-27,116,Teclado Mecânico,Informática,2,275.40,550.80,Goiânia,GO,Pix
2959,2025-06-27,107,Fone Bluetooth,Celulares e Acessórios,3,199.90,599.70,Salvador,BA,Pix
2960,2025-06-27,115,Fone Bluetooth,Celulares e Acessórios,5,199.90,999.50,Belo Horizonte,MG,Cartão Débito
2961,2025-06-27,101,Mesa de Jantar 6 Cadeiras,Móveis,2,1899.00,3798.00,Uberlândia,MG,Pix
2962,2025-06-27,106,Notebook Core i5,Informática,2,3134.90,6269.80,Porto Alegre,RS,Cartão Crédito
2963,2025-06-28,101,Mesa de Jantar 6 Cadeiras,Móveis,2,1899.00,3798.00,Santos,SP,Pix
2964,2025-06-28,106,Jogo de Aventura,Games,1,224.91,224.91,Campinas,SP,Cartão Crédito
2965,2025-06-28,111,Cadeira de Escritório,Móveis,2,594.92,1189.84,Recife,PE,Cartão Crédito
2966,2025-06-28,116,Sofá 3 Lugares,Móveis,1,2399.00,2399.00,Belo Horizonte,MG,Cartão Débito
2967,2025-06-28,111,Monitor Full HD 24pol,Informática,2,854.90,1709.80,Salvador,BA,Cartão Crédito
2968,2025-06-28,103,Carregador Turbo USB-C,Celulares e Acessórios,6,85.40,512.40,Uberlândia,MG,Pix
2969,2025-06-28,104,Console de Videogame,Games,2,2999.00,5998.00,Belo Horizonte,MG,Cartão Crédito
2970,2025-06-28,117,Micro-ondas 30L,Eletrodomésticos,1,584.91,584.91,Curitiba,PR,Cartão Crédito
2971,2025-06-28,103,Mesa de Jantar 6 Cadeiras,Móveis,1,1899.00,1899.00,Recife,PE,Cartão Crédito
2972,2025-06-28,110,Esteira Elétrica,Esporte e Lazer,2,2464.15,4928.30,Brasília,DF,Cartão Débito
2973,2025-06-28,120,Smartphone 128GB,Celulares e Acessórios,3,1799.00,5397.00,São Paulo,SP,Pix
2974,2025-06-28,104,Esteira Elétrica,Esporte e Lazer,2,2899.00,5798.00,Porto Alegre,RS,Pix
2975,2025-06-28,108,Cadeira de Escritório,Móveis,3,664.90,1994.70,Rio de Janeiro,RJ,Cartão Crédito
2976,2025-06-28,115,Bicicleta Aro 29,Esporte e Lazer,1,1799.00,1799.00,Uberlândia,MG,Boleto
2977,2025-06-28,117,Bicicleta Aro 29,Esporte e Lazer,2,1799.00,3598.00,Brasília,DF,Pix
2978,2025-06-28,104,Jogo de Aventura,Games,1,249.90,249.90,Rio de Janeiro,RJ,Cartão Crédito
2979,2025-06-28,116,Máquina de Lavar 12kg,Eletrodomésticos,1,2089.05,2089.05,Salvador,BA,Cartão Débito
2980,2025-06-29,111,Smartphone 128GB,Celulares e Acessórios,1,1799.00,1799.00,Vitória da Conquista,BA,Boleto
2981,2025-06-29,116,Jogo de Aventura,Games,3,249.90,749.70,Curitiba,PR,Pix
2982,2025-06-29,111,Airfryer 5L,Eletrodomésticos,1,429.90,429.90,Belo Horizonte,MG,Boleto
2983,2025-06-29,106,Console de Videogame,Games,1,2999.00,2999.00,Feira de Santana,BA,Cartão Débito
2984,2025-06-29,115,Mesa de Jantar 6 Cadeiras,Móveis,2,1804.05,3608.10,Santos,SP,Cartão Crédito
2985,2025-06-29,111,Notebook Core i5,Informática,1,3299.90,3299.90,Uberlândia,MG,Cartão Crédito
2986,2025-06-29,109,Carregador Turbo USB-C,Celulares e Acessórios,1,89.90,89.90,Goiânia,GO,Pix
2987,2025-06-29,104,Máquina de Lavar 12kg,Eletrodomésticos,2,1979.10,3958.20,Niterói,RJ,Boleto
2988,2025-06-29,108,Kit Halteres 20kg,Esporte e Lazer,1,259.90,259.90,Recife,PE,Pix
2989,2025-06-29,106,Sofá 3 Lugares,Móveis,2,2399.00,4798.00,Brasília,DF,Cartão Débito
2990,2025-06-29,117,Smartphone 128GB,Celulares e Acessórios,3,1709.05,5127.15,Santos,SP,Boleto
2991,2025-06-29,103,Esteira Elétrica,Esporte e Lazer,2,2899.00,5798.00,Santos,SP,Cartão Crédito
2992,2025-06-29,111,Controle Sem Fio,Games,4,349.90,1399.60,Feira de Santana,BA,Pix
2993,2025-06-29,120,Mesa de Jantar 6 Cadeiras,Móveis,1,1804.05,1804.05,Porto Alegre,RS,Pix
2994,2025-06-29,115,Carregador Turbo USB-C,Celulares e Acessórios,1,89.90,89.90,Belo Horizonte,MG,Pix
2995,2025-06-29,104,Console de Videogame,Games,2,2999.00,5998.00,Porto Alegre,RS,Boleto
2996,2025-06-29,112,Jogo de Aventura,Games,4,237.40,949.60,Goiânia,GO,Boleto
2997,2025-06-29,119,Carregador Turbo USB-C,Celulares e Acessórios,4,89.90,359.60,Porto Alegre,RS,Cartão Crédito
2998,2025-06-29,107,Bicicleta Aro 29,Esporte e Lazer,1,1799.00,1799.00,Recife,PE,Pix
2999,2025-06-29,120,Notebook Core i5,Informática,2,3134.90,6269.80,Uberlândia,MG,Boleto
3000,2025-06-29,105,Geladeira Frost Free 400L,Eletrodomésticos,1,3499.00,3499.00,Goiânia,GO,Pix
3001,2025-06-29,116,Smartphone 128GB,Celulares e Acessórios,3,1799.00,5397.00,Porto Alegre,RS,Cartão Crédito
3002,2025-06-30,113,Esteira Elétrica,Esporte e Lazer,1,2899.00,2899.00,Uberlândia,MG,Pix
3003,2025-06-30,117,Cadeira de Escritório,Móveis,2,594.92,1189.84,Rio de Janeiro,RJ,Pix
3004,2025-06-30,109,Controle Sem Fio,Games,1,349.90,349.90,Curitiba,PR,Cartão Crédito
3005,2025-06-30,105,Kit Halteres 20kg,Esporte e Lazer,4,259.90,1039.60,Vitória da Conquista,BA,Boleto
3006,2025-06-30,108,Teclado Mecânico,Informática,1,289.90,289.90,Brasília,DF,Cartão Crédito
3007,2025-06-30,108,Bicicleta Aro 29,Esporte e Lazer,2,1799.00,3598.00,São Paulo,SP,Cartão Crédito
3008,2025-06-30,115,Esteira Elétrica,Esporte e Lazer,2,2609.10,5218.20,Salvador,BA,Pix
3009,2025-06-30,109,Controle Sem Fio,Games,1,332.40,332.40,Santos,SP,Pix
3010,2025-06-30,120,Airfryer 5L,Eletrodomésticos,4,429.90,1719.60,Niterói,RJ,Cartão Crédito
3011,2025-06-30,105,Máquina de Lavar 12kg,Eletrodomésticos,1,2199.00,2199.00,Brasília,DF,Cartão Crédito
3012,2025-06-30,103,Geladeira Frost Free 400L,Eletrodomésticos,2,3499.00,6998.00,Fortaleza,CE,Cartão Débito
3013,2025-06-30,105,Geladeira Frost Free 400L,Eletrodomésticos,2,3499.00,6998.00,São Paulo,SP,Pix
3014,2025-06-30,103,Carregador Turbo USB-C,Celulares e Acessórios,3,89.90,269.70,Brasília,DF,Cartão Crédito
3015,2025-06-30,113,Geladeira Frost Free 400L,Eletrodomésticos,2,3499.00,6998.00,Campinas,SP,Cartão Crédito
3016,2025-06-30,115,Esteira Elétrica,Esporte e Lazer,2,2609.10,5218.20,Brasília,DF,Pix
3017,2025-07-01,104,Máquina de Lavar 12kg,Eletrodomésticos,2,2199.00,4398.00,Uberlândia,MG,Pix
3018,2025-07-01,105,Monitor Full HD 24pol,Informática,2,899.90,1799.80,São Paulo,SP,Pix
3019,2025-07-01,105,Cadeira de Escritório,Móveis,1,699.90,699.90,Brasília,DF,Cartão Débito
3020,2025-07-01,109,Carregador Turbo USB-C,Celulares e Acessórios,6,85.40,512.40,Curitiba,PR,Cartão Crédito
3021,2025-07-01,112,Mesa de Jantar 6 Cadeiras,Móveis,2,1899.00,3798.00,São Paulo,SP,Boleto
3022,2025-07-01,119,Teclado Mecânico,Informática,3,289.90,869.70,Campinas,SP,Boleto
3023,2025-07-01,107,Airfryer 5L,Eletrodomésticos,2,429.90,859.80,Santos,SP,Cartão Crédito
3024,2025-07-01,112,Mesa de Jantar 6 Cadeiras,Móveis,2,1709.10,3418.20,Uberlândia,MG,Boleto
3025,2025-07-01,111,Sofá 3 Lugares,Móveis,2,2399.00,4798.00,Feira de Santana,BA,Cartão Crédito
3026,2025-07-01,103,Geladeira Frost Free 400L,Eletrodomésticos,1,2974.15,2974.15,São Paulo,SP,Pix
3027,2025-07-01,120,Controle Sem Fio,Games,4,349.90,1399.60,Belo Horizonte,MG,Boleto
3028,2025-07-01,116,Kit Halteres 20kg,Esporte e Lazer,2,259.90,519.80,Rio de Janeiro,RJ,Cartão Crédito
3029,2025-07-01,107,Esteira Elétrica,Esporte e Lazer,1,2609.10,2609.10,Brasília,DF,Cartão Débito
3030,2025-07-01,110,Sofá 3 Lugares,Móveis,2,2399.00,4798.00,Feira de Santana,BA,Cartão Crédito
3031,2025-07-01,116,Esteira Elétrica,Esporte e Lazer,1,2899.00,2899.00,Salvador,BA,Cartão Débito
3032,2025-07-02,115,Sofá 3 Lugares,Móveis,1,2399.00,2399.00,Rio de Janeiro,RJ,Boleto
3033,2025-07-02,112,Jogo de Aventura,Games,3,249.90,749.70,Niterói,RJ,Pix
3034,2025-07-02,106,Máquina de Lavar 12kg,Eletrodomésticos,1,2199.00,2199.00,Belo Horizonte,MG,Boleto
3035,2025-07-02,105,Bicicleta Aro 29,Esporte e Lazer,2,1799.00,3598.00,São Paulo,SP,Pix
3036,2025-07-02,113,Micro-ondas 30L,Eletrodomésticos,2,552.42,1104.84,Brasília,DF,Boleto
3037,2025-07-02,105,Airfryer 5L,Eletrodomésticos,4,429.90,1719.60,São Paulo,SP,Pix
3038,2025-07-02,115,Cadeira de Escritório,Móveis,1,699.90,699.90,Rio de Janeiro,RJ,Pix
3039,2025-07-02,112,Sofá 3 Lugares,Móveis,2,2279.05,4558.10,Goiânia,GO,Boleto
3040,2025-07-02,109,Máquina de Lavar 12kg,Eletrodomésticos,2,2199.00,4398.00,São Paulo,SP,Cartão Crédito
3041,2025-07-02,107,Kit Halteres 20kg,Esporte e Lazer,1,233.91,233.91,Rio de Janeiro,RJ,Cartão Crédito
3042,2025-07-02,110,Bicicleta Aro 29,Esporte e Lazer,2,1799.00,3598.00,Salvador,BA,Cartão Crédito
3043,2025-07-02,104,Jogo de Aventura,Games,1,212.42,212.42,Goiânia,GO,Cartão Débito
3044,2025-07-02,116,Carregador Turbo USB-C,Celulares e Acessórios,3,89.90,269.70,Curitiba,PR,Boleto
3045,2025-07-02,105,Bicicleta Aro 29,Esporte e Lazer,2,1709.05,3418.10,Campinas,SP,Cartão Crédito
3046,2025-07-02,113,Monitor Full HD 24pol,Informática,2,854.90,1709.80,Campinas,SP,Cartão Crédito
3047,2025-07-03,110,Teclado Mecânico,Informática,2,289.90,579.80,Recife,PE,Cartão Débito
3048,2025-07-03,107,Mesa de Jantar 6 Cadeiras,Móveis,1,1804.05,1804.05,Uberlândia,MG,Cartão Débito
3049,2025-07-03,113,Fone Bluetooth,Celulares e Acessórios,3,199.90,599.70,Fortaleza,CE,Cartão Débito
3050,2025-07-03,109,Esteira Elétrica,Esporte e Lazer,1,2609.10,2609.10,Rio de Janeiro,RJ,Cartão Crédito
3051,2025-07-03,116,Jogo de Aventura,Games,4,249.90,999.60,Uberlândia,MG,Boleto
3052,2025-07-03,105,Fone Bluetooth,Celulares e Acessórios,4,199.90,799.60,Fortaleza,CE,Boleto
3053,2025-07-03,119,Teclado Mecânico,Informática,2,289.90,579.80,Salvador,BA,Cartão Crédito
3054,2025-07-03,104,Airfryer 5L,Eletrodomésticos,4,429.90,1719.60,Curitiba,PR,Cartão Crédito
3055,2025-07-03,117,Máquina de Lavar 12kg,Eletrodomésticos,1,2199.00,2199.00,Feira de Santana,BA,Pix
3056,2025-07-03,109,Jogo de Aventura,Games,3,224.91,674.73,Feira de Santana,BA,Cartão Crédito
3057,2025-07-03,112,Controle Sem Fio,Games,3,349.90,1049.70,Recife,PE,Cartão Crédito
3058,2025-07-03,113,Smartphone 128GB,Celulares e Acessórios,3,1799.00,5397.00,Salvador,BA,Pix
3059,2025-07-03,113,Mesa de Jantar 6 Cadeiras,Móveis,1,1899.00,1899.00,Goiânia,GO,Cartão Débito
3060,2025-07-03,120,Esteira Elétrica,Esporte e Lazer,2,2899.00,5798.00,Brasília,DF,Cartão Crédito
3061,2025-07-03,110,Jogo de Aventura,Games,3,249.90,749.70,São Paulo,SP,Pix
3062,2025-07-03,109,Console de Videogame,Games,2,2849.05,5698.10,Santos,SP,Pix
3063,2025-07-03,116,Sofá 3 Lugares,Móveis,1,2279.05,2279.05,Belo Horizonte,MG,Pix
3064,2025-07-03,119,Máquina de Lavar 12kg,Eletrodomésticos,1,2199.00,2199.00,Feira de Santana,BA,Cartão Débito
3065,2025-07-03,105,Console de Videogame,Games,2,2549.15,5098.30,Feira de Santana,BA,Pix
3066,2025-07-04,120,Geladeira Frost Free 400L,Eletrodomésticos,2,3499.00,6998.00,Uberlândia,MG,Boleto
3067,2025-07-04,120,Geladeira Frost Free 400L,Eletrodomésticos,2,3499.00,6998.00,Feira de Santana,BA,Cartão Débito
3068,2025-07-04,105,Teclado Mecânico,Informática,1,260.91,260.91,Recife,PE,Cartão Débito
3069,2025-07-04,117,Jogo de Aventura,Games,4,237.40,949.60,São Paulo,SP,Pix
3070,2025-07-04,119,Geladeira Frost Free 400L,Eletrodomésticos,2,3324.05,6648.10,São Paulo,SP,Cartão Crédito
3071,2025-07-04,112,Micro-ondas 30L,Eletrodomésticos,1,649.90,649.90,São Paulo,SP,Cartão Débito
3072,2025-07-04,105,Máquina de Lavar 12kg,Eletrodomésticos,1,2199.00,2199.00,Salvador,BA,Cartão Crédito
3073,2025-07-04,113,Monitor Full HD 24pol,Informática,2,899.90,1799.80,Santos,SP,Boleto
3074,2025-07-04,120,Bicicleta Aro 29,Esporte e Lazer,2,1799.00,3598.00,Fortaleza,CE,Pix
3075,2025-07-04,115,Carregador Turbo USB-C,Celulares e Acessórios,1,89.90,89.90,Campinas,SP,Cartão Crédito
3076,2025-07-04,109,Notebook Core i5,Informática,1,3299.90,3299.90,Rio de Janeiro,RJ,Cartão Crédito
3077,2025-07-04,108,Monitor Full HD 24pol,Informática,1,899.90,899.90,Rio de Janeiro,RJ,Pix
3078,2025-07-04,106,Console de Videogame,Games,2,2549.15,5098.30,Salvador,BA,Cartão Débito
3079,2025-07-04,106,Mesa de Jantar 6 Cadeiras,Móveis,1,1899.00,1899.00,Feira de Santana,BA,Pix
3080,2025-07-04,116,Geladeira Frost Free 400L,Eletrodomésticos,2,3499.00,6998.00,Curitiba,PR,Cartão Débito
3081,2025-07-04,113,Mesa de Jantar 6 Cadeiras,Móveis,1,1804.05,1804.05,Recife,PE,Cartão Débito
3082,2025-07-04,103,Teclado Mecânico,Informática,2,289.90,579.80,Goiânia,GO,Cartão Débito
3083,2025-07-04,119,Máquina de Lavar 12kg,Eletrodomésticos,2,2199.00,4398.00,São Paulo,SP,Boleto
3084,2025-07-04,108,Kit Halteres 20kg,Esporte e Lazer,1,259.90,259.90,Brasília,DF,Boleto
3085,2025-07-05,107,Esteira Elétrica,Esporte e Lazer,1,2899.00,2899.00,Niterói,RJ,Boleto
3086,2025-07-05,108,Mesa de Jantar 6 Cadeiras,Móveis,2,1899.00,3798.00,Belo Horizonte,MG,Cartão Crédito
3087,2025-07-05,116,Sofá 3 Lugares,Móveis,2,2039.15,4078.30,Goiânia,GO,Cartão Crédito
3088,2025-07-05,117,Smartphone 128GB,Celulares e Acessórios,2,1619.10,3238.20,Salvador,BA,Pix
3089,2025-07-05,104,Jogo de Aventura,Games,2,249.90,499.80,Recife,PE,Cartão Crédito
3090,2025-07-05,113,Kit Halteres 20kg,Esporte e Lazer,3,259.90,779.70,Uberlândia,MG,Pix
3091,2025-07-05,107,Mesa de Jantar 6 Cadeiras,Móveis,2,1899.00,3798.00,Salvador,BA,Cartão Crédito
3092,2025-07-05,101,Airfryer 5L,Eletrodomésticos,3,429.90,1289.70,São Paulo,SP,Pix
3093,2025-07-05,116,Monitor Full HD 24pol,Informática,2,899.90,1799.80,Porto Alegre,RS,Pix
3094,2025-07-05,103,Carregador Turbo USB-C,Celulares e Acessórios,2,80.91,161.82,Recife,PE,Boleto
3095,2025-07-05,110,Teclado Mecânico,Informática,4,275.40,1101.60,Recife,PE,Cartão Débito
3096,2025-07-05,103,Cadeira de Escritório,Móveis,2,629.91,1259.82,Feira de Santana,BA,Boleto
3097,2025-07-05,108,Kit Halteres 20kg,Esporte e Lazer,3,259.90,779.70,Brasília,DF,Pix
3098,2025-07-05,104,Mesa de Jantar 6 Cadeiras,Móveis,1,1614.15,1614.15,Recife,PE,Pix
3099,2025-07-05,111,Controle Sem Fio,Games,2,349.90,699.80,Salvador,BA,Boleto
3100,2025-07-05,112,Notebook Core i5,Informática,1,3299.90,3299.90,Santos,SP,Pix
3101,2025-07-05,108,Mesa de Jantar 6 Cadeiras,Móveis,2,1899.00,3798.00,Recife,PE,Pix
3102,2025-07-05,106,Controle Sem Fio,Games,4,349.90,1399.60,Brasília,DF,Pix
3103,2025-07-05,104,Geladeira Frost Free 400L,Eletrodomésticos,2,3324.05,6648.10,Brasília,DF,Pix
3104,2025-07-05,117,Console de Videogame,Games,2,2999.00,5998.00,São Paulo,SP,Pix
3105,2025-07-05,106,Esteira Elétrica,Esporte e Lazer,2,2899.00,5798.00,Rio de Janeiro,RJ,Cartão Débito
3106,2025-07-05,101,Airfryer 5L,Eletrodomésticos,2,429.90,859.80,Fortaleza,CE,Cartão Débito
3107,2025-07-06,120,Sofá 3 Lugares,Móveis,2,2399.00,4798.00,Salvador,BA,Pix
3108,2025-07-06,106,Jogo de Aventura,Games,3,224.91,674.73,Campinas,SP,Pix
3109,2025-07-06,107,Micro-ondas 30L,Eletrodomésticos,1,584.91,584.91,São Paulo,SP,Cartão Crédito
3110,2025-07-06,117,Airfryer 5L,Eletrodomésticos,4,429.90,1719.60,Fortaleza,CE,Cartão Crédito
3111,2025-07-06,111,Kit Halteres 20kg,Esporte e Lazer,3,259.90,779.70,Porto Alegre,RS,Cartão Crédito
3112,2025-07-06,111,Esteira Elétrica,Esporte e Lazer,2,2899.00,5798.00,Fortaleza,CE,Boleto
3113,2025-07-06,111,Jogo de Aventura,Games,2,249.90,499.80,Santos,SP,Boleto
3114,2025-07-06,116,Monitor Full HD 24pol,Informática,2,854.90,1709.80,Belo Horizonte,MG,Cartão Crédito
3115,2025-07-06,110,Mesa de Jantar 6 Cadeiras,Móveis,1,1899.00,1899.00,Brasília,DF,Cartão Débito
3116,2025-07-07,107,Airfryer 5L,Eletrodomésticos,1,365.42,365.42,Campinas,SP,Pix
3117,2025-07-07,104,Fone Bluetooth,Celulares e Acessórios,3,199.90,599.70,Salvador,BA,Cartão Crédito
3118,2025-07-07,110,Monitor Full HD 24pol,Informática,2,899.90,1799.80,Salvador,BA,Cartão Crédito
3119,2025-07-07,104,Kit Halteres 20kg,Esporte e Lazer,4,259.90,1039.60,Uberlândia,MG,Cartão Débito
3120,2025-07-07,116,Carregador Turbo USB-C,Celulares e Acessórios,5,89.90,449.50,Brasília,DF,Cartão Crédito
3121,2025-07-07,119,Mesa de Jantar 6 Cadeiras,Móveis,2,1899.00,3798.00,Feira de Santana,BA,Boleto
3122,2025-07-07,116,Geladeira Frost Free 400L,Eletrodomésticos,1,3149.10,3149.10,Rio de Janeiro,RJ,Pix
3123,2025-07-07,104,Fone Bluetooth,Celulares e Acessórios,2,199.90,399.80,São Paulo,SP,Pix
3124,2025-07-07,110,Mouse Sem Fio,Informática,6,79.90,479.40,São Paulo,SP,Boleto
3125,2025-07-07,106,Sofá 3 Lugares,Móveis,2,2159.10,4318.20,Salvador,BA,Pix
3126,2025-07-07,119,Esteira Elétrica,Esporte e Lazer,2,2464.15,4928.30,São Paulo,SP,Pix
3127,2025-07-07,113,Console de Videogame,Games,2,2999.00,5998.00,Fortaleza,CE,Cartão Crédito
3128,2025-07-07,116,Jogo de Aventura,Games,5,249.90,1249.50,Uberlândia,MG,Cartão Crédito
3129,2025-07-08,117,Monitor Full HD 24pol,Informática,2,899.90,1799.80,Salvador,BA,Cartão Débito
3130,2025-07-08,101,Cadeira de Escritório,Móveis,4,699.90,2799.60,São Paulo,SP,Cartão Débito
3131,2025-07-08,117,Airfryer 5L,Eletrodomésticos,2,386.91,773.82,Fortaleza,CE,Pix
3132,2025-07-08,119,Smartphone 128GB,Celulares e Acessórios,1,1799.00,1799.00,Feira de Santana,BA,Boleto
3133,2025-07-08,107,Fone Bluetooth,Celulares e Acessórios,1,199.90,199.90,Brasília,DF,Cartão Crédito
3134,2025-07-08,116,Sofá 3 Lugares,Móveis,2,2399.00,4798.00,Goiânia,GO,Cartão Débito
3135,2025-07-08,120,Esteira Elétrica,Esporte e Lazer,2,2899.00,5798.00,Santos,SP,Cartão Crédito
3136,2025-07-08,115,Airfryer 5L,Eletrodomésticos,2,386.91,773.82,Goiânia,GO,Pix
3137,2025-07-08,117,Micro-ondas 30L,Eletrodomésticos,2,552.42,1104.84,Rio de Janeiro,RJ,Boleto
3138,2025-07-08,108,Sofá 3 Lugares,Móveis,1,2399.00,2399.00,Recife,PE,Boleto
3139,2025-07-08,116,Bicicleta Aro 29,Esporte e Lazer,2,1619.10,3238.20,Vitória da Conquista,BA,Cartão Crédito
3140,2025-07-08,111,Monitor Full HD 24pol,Informática,3,899.90,2699.70,Porto Alegre,RS,Cartão Crédito
3141,2025-07-08,115,Carregador Turbo USB-C,Celulares e Acessórios,2,85.40,170.80,Santos,SP,Cartão Débito
3142,2025-07-08,113,Teclado Mecânico,Informática,4,289.90,1159.60,Porto Alegre,RS,Cartão Crédito
3143,2025-07-08,108,Jogo de Aventura,Games,5,249.90,1249.50,Vitória da Conquista,BA,Cartão Crédito
3144,2025-07-09,110,Micro-ondas 30L,Eletrodomésticos,3,649.90,1949.70,Feira de Santana,BA,Boleto
3145,2025-07-09,117,Mouse Sem Fio,Informática,3,79.90,239.70,Feira de Santana,BA,Cartão Débito
3146,2025-07-09,107,Fone Bluetooth,Celulares e Acessórios,2,199.90,399.80,Belo Horizonte,MG,Boleto
3147,2025-07-09,107,Esteira Elétrica,Esporte e Lazer,2,2754.05,5508.10,Recife,PE,Cartão Débito
3148,2025-07-09,106,Cadeira de Escritório,Móveis,3,699.90,2099.70,Rio de Janeiro,RJ,Boleto
3149,2025-07-09,107,Controle Sem Fio,Games,2,349.90,699.80,Belo Horizonte,MG,Boleto
3150,2025-07-09,111,Geladeira Frost Free 400L,Eletrodomésticos,2,3499.00,6998.00,Santos,SP,Pix
3151,2025-07-09,108,Fone Bluetooth,Celulares e Acessórios,4,199.90,799.60,Salvador,BA,Cartão Crédito
3152,2025-07-09,101,Jogo de Aventura,Games,5,249.90,1249.50,Belo Horizonte,MG,Cartão Crédito
3153,2025-07-09,107,Carregador Turbo USB-C,Celulares e Acessórios,4,89.90,359.60,Rio de Janeiro,RJ,Boleto
3154,2025-07-09,110,Cadeira de Escritório,Móveis,1,664.90,664.90,Salvador,BA,Cartão Crédito
3155,2025-07-09,110,Controle Sem Fio,Games,2,349.90,699.80,Rio de Janeiro,RJ,Cartão Débito
3156,2025-07-09,119,Monitor Full HD 24pol,Informática,1,854.90,854.90,Curitiba,PR,Boleto
3157,2025-07-09,111,Teclado Mecânico,Informática,4,289.90,1159.60,São Paulo,SP,Cartão Crédito
3158,2025-07-09,111,Controle Sem Fio,Games,4,349.90,1399.60,Uberlândia,MG,Boleto
3159,2025-07-09,120,Controle Sem Fio,Games,2,349.90,699.80,Feira de Santana,BA,Cartão Débito
3160,2025-07-09,111,Geladeira Frost Free 400L,Eletrodomésticos,1,3499.00,3499.00,São Paulo,SP,Cartão Débito
3161,2025-07-10,117,Console de Videogame,Games,1,2999.00,2999.00,Belo Horizonte,MG,Cartão Crédito
3162,2025-07-10,116,Cadeira de Escritório,Móveis,3,699.90,2099.70,Belo Horizonte,MG,Pix
3163,2025-07-10,110,Cadeira de Escritório,Móveis,2,699.90,1399.80,Santos,SP,Cartão Débito
3164,2025-07-10,112,Jogo de Aventura,Games,2,249.90,499.80,São Paulo,SP,Pix
3165,2025-07-10,109,Console de Videogame,Games,2,2999.00,5998.00,Recife,PE,Pix
3166,2025-07-10,101,Teclado Mecânico,Informática,3,289.90,869.70,Recife,PE,Cartão Débito
3167,2025-07-10,108,Bicicleta Aro 29,Esporte e Lazer,2,1799.00,3598.00,Belo Horizonte,MG,Pix
3168,2025-07-10,101,Carregador Turbo USB-C,Celulares e Acessórios,4,89.90,359.60,Goiânia,GO,Pix
3169,2025-07-10,120,Bicicleta Aro 29,Esporte e Lazer,2,1799.00,3598.00,Rio de Janeiro,RJ,Pix
3170,2025-07-10,112,Jogo de Aventura,Games,5,249.90,1249.50,Fortaleza,CE,Cartão Débito
3171,2025-07-10,112,Smartphone 128GB,Celulares e Acessórios,1,1799.00,1799.00,Santos,SP,Pix
3172,2025-07-10,112,Mouse Sem Fio,Informática,6,79.90,479.40,Curitiba,PR,Cartão Crédito
3173,2025-07-10,111,Geladeira Frost Free 400L,Eletrodomésticos,2,3499.00,6998.00,Feira de Santana,BA,Pix
3174,2025-07-10,110,Airfryer 5L,Eletrodomésticos,3,408.40,1225.20,Fortaleza,CE,Cartão Crédito
3175,2025-07-11,101,Fone Bluetooth,Celulares e Acessórios,5,199.90,999.50,Recife,PE,Cartão Crédito
3176,2025-07-11,107,Controle Sem Fio,Games,3,349.90,1049.70,Goiânia,GO,Cartão Débito
3177,2025-07-11,116,Bicicleta Aro 29,Esporte e Lazer,2,1799.00,3598.00,Brasília,DF,Cartão Débito
3178,2025-07-11,113,Jogo de Aventura,Games,2,249.90,499.80,Fortaleza,CE,Boleto
3179,2025-07-11,105,Console de Videogame,Games,1,2849.05,2849.05,Campinas,SP,Pix
3180,2025-07-11,113,Controle Sem Fio,Games,4,349.90,1399.60,Brasília,DF,Boleto
3181,2025-07-11,113,Smartphone 128GB,Celulares e Acessórios,2,1799.00,3598.00,Salvador,BA,Pix
3182,2025-07-11,109,Notebook Core i5,Informática,1,3299.90,3299.90,Brasília,DF,Cartão Crédito
3183,2025-07-11,119,Bicicleta Aro 29,Esporte e Lazer,2,1709.05,3418.10,Fortaleza,CE,Pix
3184,2025-07-11,113,Monitor Full HD 24pol,Informática,3,899.90,2699.70,Santos,SP,Cartão Débito
3185,2025-07-11,101,Mesa de Jantar 6 Cadeiras,Móveis,2,1614.15,3228.30,Niterói,RJ,Pix
3186,2025-07-11,111,Airfryer 5L,Eletrodomésticos,2,429.90,859.80,Rio de Janeiro,RJ,Cartão Crédito
3187,2025-07-11,117,Mesa de Jantar 6 Cadeiras,Móveis,1,1899.00,1899.00,Recife,PE,Cartão Crédito
3188,2025-07-11,111,Console de Videogame,Games,2,2999.00,5998.00,Rio de Janeiro,RJ,Pix
3189,2025-07-11,113,Geladeira Frost Free 400L,Eletrodomésticos,1,3324.05,3324.05,Uberlândia,MG,Cartão Débito
3190,2025-07-11,103,Controle Sem Fio,Games,3,349.90,1049.70,Salvador,BA,Cartão Crédito
3191,2025-07-11,112,Airfryer 5L,Eletrodomésticos,3,365.42,1096.26,Campinas,SP,Boleto
3192,2025-07-11,105,Carregador Turbo USB-C,Celulares e Acessórios,3,85.40,256.20,Uberlândia,MG,Cartão Crédito
3193,2025-07-12,111,Geladeira Frost Free 400L,Eletrodomésticos,2,3149.10,6298.20,Santos,SP,Cartão Débito
3194,2025-07-12,101,Geladeira Frost Free 400L,Eletrodomésticos,1,3499.00,3499.00,Goiânia,GO,Boleto
3195,2025-07-12,117,Fone Bluetooth,Celulares e Acessórios,5,199.90,999.50,Santos,SP,Cartão Débito
3196,2025-07-12,120,Smartphone 128GB,Celulares e Acessórios,2,1799.00,3598.00,Belo Horizonte,MG,Boleto
3197,2025-07-12,105,Airfryer 5L,Eletrodomésticos,1,429.90,429.90,São Paulo,SP,Boleto
3198,2025-07-12,119,Máquina de Lavar 12kg,Eletrodomésticos,2,1979.10,3958.20,Curitiba,PR,Cartão Crédito
3199,2025-07-12,115,Controle Sem Fio,Games,3,349.90,1049.70,Belo Horizonte,MG,Pix
3200,2025-07-12,103,Controle Sem Fio,Games,3,332.40,997.20,Recife,PE,Cartão Débito
3201,2025-07-12,103,Controle Sem Fio,Games,3,349.90,1049.70,Santos,SP,Boleto
3202,2025-07-12,109,Controle Sem Fio,Games,3,332.40,997.20,Niterói,RJ,Cartão Crédito
3203,2025-07-12,104,Airfryer 5L,Eletrodomésticos,3,408.40,1225.20,Santos,SP,Pix
3204,2025-07-12,105,Console de Videogame,Games,1,2849.05,2849.05,Porto Alegre,RS,Pix
3205,2025-07-12,107,Fone Bluetooth,Celulares e Acessórios,1,199.90,199.90,São Paulo,SP,Pix
3206,2025-07-12,115,Airfryer 5L,Eletrodomésticos,2,365.42,730.84,São Paulo,SP,Cartão Débito
3207,2025-07-12,116,Notebook Core i5,Informática,2,3299.90,6599.80,São Paulo,SP,Pix
3208,2025-07-12,106,Airfryer 5L,Eletrodomésticos,3,429.90,1289.70,Belo Horizonte,MG,Boleto
3209,2025-07-12,112,Teclado Mecânico,Informática,4,260.91,1043.64,Feira de Santana,BA,Pix
3210,2025-07-12,119,Teclado Mecânico,Informática,1,289.90,289.90,Niterói,RJ,Pix
3211,2025-07-13,103,Mouse Sem Fio,Informática,5,79.90,399.50,Rio de Janeiro,RJ,Cartão Crédito
3212,2025-07-13,104,Jogo de Aventura,Games,3,249.90,749.70,Rio de Janeiro,RJ,Cartão Crédito
3213,2025-07-13,107,Console de Videogame,Games,1,2849.05,2849.05,Porto Alegre,RS,Pix
3214,2025-07-13,115,Esteira Elétrica,Esporte e Lazer,2,2899.00,5798.00,Campinas,SP,Pix
3215,2025-07-13,104,Fone Bluetooth,Celulares e Acessórios,3,199.90,599.70,Brasília,DF,Cartão Crédito
3216,2025-07-13,104,Console de Videogame,Games,1,2999.00,2999.00,Porto Alegre,RS,Pix
3217,2025-07-13,119,Esteira Elétrica,Esporte e Lazer,1,2899.00,2899.00,Niterói,RJ,Cartão Crédito
3218,2025-07-13,120,Kit Halteres 20kg,Esporte e Lazer,4,233.91,935.64,Santos,SP,Boleto
3219,2025-07-13,101,Esteira Elétrica,Esporte e Lazer,2,2899.00,5798.00,Curitiba,PR,Cartão Débito
3220,2025-07-13,106,Micro-ondas 30L,Eletrodomésticos,2,584.91,1169.82,Belo Horizonte,MG,Cartão Crédito
3221,2025-07-13,107,Máquina de Lavar 12kg,Eletrodomésticos,2,2199.00,4398.00,Belo Horizonte,MG,Boleto
3222,2025-07-13,110,Cadeira de Escritório,Móveis,3,699.90,2099.70,Feira de Santana,BA,Cartão Débito
3223,2025-07-13,107,Geladeira Frost Free 400L,Eletrodomésticos,2,3499.00,6998.00,Santos,SP,Pix
3224,2025-07-13,117,Controle Sem Fio,Games,1,314.91,314.91,São Paulo,SP,Cartão Crédito
3225,2025-07-13,115,Cadeira de Escritório,Móveis,4,699.90,2799.60,Porto Alegre,RS,Boleto
3226,2025-07-13,108,Mouse Sem Fio,Informática,5,79.90,399.50,Campinas,SP,Cartão Débito
3227,2025-07-13,104,Fone Bluetooth,Celulares e Acessórios,4,179.91,719.64,Campinas,SP,Cartão Crédito
3228,2025-07-13,115,Controle Sem Fio,Games,1,349.90,349.90,São Paulo,SP,Cartão Crédito
3229,2025-07-13,107,Smartphone 128GB,Celulares e Acessórios,2,1799.00,3598.00,Salvador,BA,Boleto
3230,2025-07-14,113,Fone Bluetooth,Celulares e Acessórios,4,199.90,799.60,Recife,PE,Boleto
3231,2025-07-14,109,Máquina de Lavar 12kg,Eletrodomésticos,1,2199.00,2199.00,Feira de Santana,BA,Pix
3232,2025-07-14,120,Mesa de Jantar 6 Cadeiras,Móveis,1,1804.05,1804.05,Vitória da Conquista,BA,Cartão Débito
3233,2025-07-14,110,Bicicleta Aro 29,Esporte e Lazer,2,1709.05,3418.10,Niterói,RJ,Pix
3234,2025-07-14,116,Esteira Elétrica,Esporte e Lazer,1,2899.00,2899.00,Rio de Janeiro,RJ,Pix
3235,2025-07-14,107,Kit Halteres 20kg,Esporte e Lazer,4,259.90,1039.60,Recife,PE,Pix
3236,2025-07-14,115,Geladeira Frost Free 400L,Eletrodomésticos,2,2974.15,5948.30,São Paulo,SP,Boleto
3237,2025-07-14,104,Kit Halteres 20kg,Esporte e Lazer,1,246.90,246.90,Salvador,BA,Cartão Crédito
3238,2025-07-14,105,Smartphone 128GB,Celulares e Acessórios,2,1709.05,3418.10,São Paulo,SP,Cartão Débito
3239,2025-07-14,105,Kit Halteres 20kg,Esporte e Lazer,4,233.91,935.64,Porto Alegre,RS,Pix
3240,2025-07-14,105,Mesa de Jantar 6 Cadeiras,Móveis,2,1899.00,3798.00,Recife,PE,Pix
3241,2025-07-14,115,Máquina de Lavar 12kg,Eletrodomésticos,1,2199.00,2199.00,Santos,SP,Cartão Crédito
3242,2025-07-14,109,Jogo de Aventura,Games,1,237.40,237.40,Rio de Janeiro,RJ,Pix
3243,2025-07-14,112,Carregador Turbo USB-C,Celulares e Acessórios,5,80.91,404.55,Brasília,DF,Cartão Crédito
3244,2025-07-14,116,Geladeira Frost Free 400L,Eletrodomésticos,1,3324.05,3324.05,Belo Horizonte,MG,Cartão Crédito
3245,2025-07-14,120,Geladeira Frost Free 400L,Eletrodomésticos,1,3499.00,3499.00,Recife,PE,Boleto
3246,2025-07-14,103,Kit Halteres 20kg,Esporte e Lazer,2,259.90,519.80,Fortaleza,CE,Cartão Crédito
3247,2025-07-14,113,Sofá 3 Lugares,Móveis,2,2399.00,4798.00,Feira de Santana,BA,Pix
3248,2025-07-15,103,Mouse Sem Fio,Informática,3,79.90,239.70,Belo Horizonte,MG,Cartão Crédito
3249,2025-07-15,109,Mesa de Jantar 6 Cadeiras,Móveis,1,1709.10,1709.10,Fortaleza,CE,Cartão Crédito
3250,2025-07-15,107,Mesa de Jantar 6 Cadeiras,Móveis,2,1899.00,3798.00,São Paulo,SP,Boleto
3251,2025-07-15,110,Mouse Sem Fio,Informática,6,75.90,455.40,Porto Alegre,RS,Pix
3252,2025-07-15,103,Bicicleta Aro 29,Esporte e Lazer,1,1799.00,1799.00,Campinas,SP,Cartão Débito
3253,2025-07-15,103,Cadeira de Escritório,Móveis,3,699.90,2099.70,Niterói,RJ,Boleto
3254,2025-07-15,105,Monitor Full HD 24pol,Informática,3,899.90,2699.70,Porto Alegre,RS,Pix
3255,2025-07-15,113,Cadeira de Escritório,Móveis,1,699.90,699.90,Campinas,SP,Cartão Débito
3256,2025-07-15,120,Teclado Mecânico,Informática,4,289.90,1159.60,Rio de Janeiro,RJ,Pix
3257,2025-07-15,117,Smartphone 128GB,Celulares e Acessórios,2,1799.00,3598.00,Niterói,RJ,Cartão Crédito
3258,2025-07-15,105,Monitor Full HD 24pol,Informática,3,809.91,2429.73,Salvador,BA,Cartão Crédito
3259,2025-07-15,110,Jogo de Aventura,Games,1,224.91,224.91,Belo Horizonte,MG,Cartão Crédito
3260,2025-07-15,110,Geladeira Frost Free 400L,Eletrodomésticos,2,3324.05,6648.10,Rio de Janeiro,RJ,Pix
3261,2025-07-15,112,Esteira Elétrica,Esporte e Lazer,2,2609.10,5218.20,Rio de Janeiro,RJ,Cartão Crédito
3262,2025-07-15,101,Carregador Turbo USB-C,Celulares e Acessórios,4,89.90,359.60,Belo Horizonte,MG,Boleto
3263,2025-07-15,107,Smartphone 128GB,Celulares e Acessórios,1,1709.05,1709.05,Vitória da Conquista,BA,Pix
3264,2025-07-16,107,Kit Halteres 20kg,Esporte e Lazer,2,259.90,519.80,Salvador,BA,Cartão Crédito
3265,2025-07-16,104,Geladeira Frost Free 400L,Eletrodomésticos,1,3324.05,3324.05,Curitiba,PR,Pix
3266,2025-07-16,108,Monitor Full HD 24pol,Informática,1,899.90,899.90,Uberlândia,MG,Pix
3267,2025-07-16,120,Mesa de Jantar 6 Cadeiras,Móveis,1,1899.00,1899.00,São Paulo,SP,Cartão Débito
3268,2025-07-16,115,Smartphone 128GB,Celulares e Acessórios,3,1799.00,5397.00,Recife,PE,Cartão Crédito
3269,2025-07-16,112,Kit Halteres 20kg,Esporte e Lazer,2,233.91,467.82,Brasília,DF,Cartão Crédito
3270,2025-07-16,115,Sofá 3 Lugares,Móveis,1,2399.00,2399.00,Rio de Janeiro,RJ,Cartão Crédito
3271,2025-07-16,117,Mesa de Jantar 6 Cadeiras,Móveis,2,1899.00,3798.00,Rio de Janeiro,RJ,Boleto
3272,2025-07-16,113,Kit Halteres 20kg,Esporte e Lazer,2,259.90,519.80,Recife,PE,Boleto
3273,2025-07-16,115,Smartphone 128GB,Celulares e Acessórios,1,1799.00,1799.00,Curitiba,PR,Cartão Débito
3274,2025-07-16,120,Máquina de Lavar 12kg,Eletrodomésticos,1,2199.00,2199.00,Goiânia,GO,Cartão Crédito
3275,2025-07-17,104,Notebook Core i5,Informática,2,3134.90,6269.80,Uberlândia,MG,Cartão Crédito
3276,2025-07-17,119,Sofá 3 Lugares,Móveis,1,2399.00,2399.00,Brasília,DF,Pix
3277,2025-07-17,109,Kit Halteres 20kg,Esporte e Lazer,2,246.90,493.80,Salvador,BA,Pix
3278,2025-07-17,116,Teclado Mecânico,Informática,4,289.90,1159.60,Rio de Janeiro,RJ,Pix
3279,2025-07-17,110,Máquina de Lavar 12kg,Eletrodomésticos,1,2199.00,2199.00,São Paulo,SP,Cartão Crédito
3280,2025-07-17,101,Sofá 3 Lugares,Móveis,1,2399.00,2399.00,Salvador,BA,Cartão Crédito
3281,2025-07-17,109,Fone Bluetooth,Celulares e Acessórios,4,199.90,799.60,Salvador,BA,Cartão Débito
3282,2025-07-17,117,Máquina de Lavar 12kg,Eletrodomésticos,1,2199.00,2199.00,Niterói,RJ,Pix
3283,2025-07-17,104,Mesa de Jantar 6 Cadeiras,Móveis,1,1804.05,1804.05,Porto Alegre,RS,Cartão Débito
3284,2025-07-17,119,Carregador Turbo USB-C,Celulares e Acessórios,5,89.90,449.50,Fortaleza,CE,Cartão Crédito
3285,2025-07-17,107,Mouse Sem Fio,Informática,4,79.90,319.60,Salvador,BA,Boleto
3286,2025-07-17,117,Console de Videogame,Games,1,2999.00,2999.00,São Paulo,SP,Pix
3287,2025-07-18,108,Controle Sem Fio,Games,1,349.90,349.90,Campinas,SP,Boleto
3288,2025-07-18,116,Sofá 3 Lugares,Móveis,2,2399.00,4798.00,Curitiba,PR,Boleto
3289,2025-07-18,107,Mouse Sem Fio,Informática,2,75.90,151.80,Fortaleza,CE,Cartão Crédito
3290,2025-07-18,116,Geladeira Frost Free 400L,Eletrodomésticos,1,3149.10,3149.10,Salvador,BA,Boleto
3291,2025-07-18,116,Geladeira Frost Free 400L,Eletrodomésticos,1,2974.15,2974.15,Belo Horizonte,MG,Cartão Débito
3292,2025-07-18,106,Fone Bluetooth,Celulares e Acessórios,3,199.90,599.70,Porto Alegre,RS,Pix
3293,2025-07-18,110,Notebook Core i5,Informática,2,3299.90,6599.80,Feira de Santana,BA,Boleto
3294,2025-07-18,113,Airfryer 5L,Eletrodomésticos,4,408.40,1633.60,Recife,PE,Cartão Débito
3295,2025-07-18,112,Mesa de Jantar 6 Cadeiras,Móveis,1,1804.05,1804.05,Brasília,DF,Pix
3296,2025-07-18,103,Geladeira Frost Free 400L,Eletrodomésticos,1,3499.00,3499.00,Curitiba,PR,Boleto
3297,2025-07-18,113,Jogo de Aventura,Games,3,249.90,749.70,São Paulo,SP,Pix
3298,2025-07-18,109,Console de Videogame,Games,2,2999.00,5998.00,Rio de Janeiro,RJ,Pix
3299,2025-07-18,120,Controle Sem Fio,Games,2,349.90,699.80,Uberlândia,MG,Cartão Crédito
3300,2025-07-18,110,Mesa de Jantar 6 Cadeiras,Móveis,2,1899.00,3798.00,Brasília,DF,Cartão Crédito
3301,2025-07-18,115,Jogo de Aventura,Games,1,249.90,249.90,São Paulo,SP,Boleto
3302,2025-07-18,101,Carregador Turbo USB-C,Celulares e Acessórios,1,89.90,89.90,Feira de Santana,BA,Pix
3303,2025-07-18,116,Controle Sem Fio,Games,1,349.90,349.90,Fortaleza,CE,Cartão Crédito
3304,2025-07-18,116,Geladeira Frost Free 400L,Eletrodomésticos,1,3324.05,3324.05,Brasília,DF,Cartão Crédito
3305,2025-07-18,120,Bicicleta Aro 29,Esporte e Lazer,1,1799.00,1799.00,Rio de Janeiro,RJ,Pix
3306,2025-07-19,113,Monitor Full HD 24pol,Informática,2,899.90,1799.80,Vitória da Conquista,BA,Boleto
3307,2025-07-19,112,Jogo de Aventura,Games,4,249.90,999.60,Feira de Santana,BA,Cartão Débito
3308,2025-07-19,110,Jogo de Aventura,Games,3,249.90,749.70,Fortaleza,CE,Cartão Crédito
3309,2025-07-19,109,Máquina de Lavar 12kg,Eletrodomésticos,1,2199.00,2199.00,Curitiba,PR,Cartão Crédito
3310,2025-07-19,108,Sofá 3 Lugares,Móveis,2,2399.00,4798.00,Brasília,DF,Boleto
3311,2025-07-19,116,Máquina de Lavar 12kg,Eletrodomésticos,2,2199.00,4398.00,Santos,SP,Cartão Crédito
3312,2025-07-19,101,Sofá 3 Lugares,Móveis,2,2279.05,4558.10,São Paulo,SP,Cartão Débito
3313,2025-07-19,115,Fone Bluetooth,Celulares e Acessórios,3,199.90,599.70,Uberlândia,MG,Cartão Crédito
3314,2025-07-19,117,Esteira Elétrica,Esporte e Lazer,1,2899.00,2899.00,Rio de Janeiro,RJ,Pix
3315,2025-07-19,104,Notebook Core i5,Informática,2,3299.90,6599.80,Belo Horizonte,MG,Boleto
3316,2025-07-19,117,Monitor Full HD 24pol,Informática,1,899.90,899.90,Recife,PE,Pix
3317,2025-07-19,105,Máquina de Lavar 12kg,Eletrodomésticos,2,2199.00,4398.00,Recife,PE,Cartão Crédito
3318,2025-07-19,120,Bicicleta Aro 29,Esporte e Lazer,1,1799.00,1799.00,Niterói,RJ,Pix
3319,2025-07-19,111,Monitor Full HD 24pol,Informática,1,854.90,854.90,Salvador,BA,Cartão Crédito
3320,2025-07-19,120,Teclado Mecânico,Informática,2,275.40,550.80,São Paulo,SP,Pix
3321,2025-07-19,103,Airfryer 5L,Eletrodomésticos,2,429.90,859.80,Brasília,DF,Cartão Crédito
3322,2025-07-19,109,Smartphone 128GB,Celulares e Acessórios,2,1799.00,3598.00,Santos,SP,Cartão Crédito
3323,2025-07-20,110,Geladeira Frost Free 400L,Eletrodomésticos,2,3499.00,6998.00,São Paulo,SP,Pix
3324,2025-07-20,110,Sofá 3 Lugares,Móveis,2,2399.00,4798.00,Santos,SP,Pix
3325,2025-07-20,120,Sofá 3 Lugares,Móveis,2,2399.00,4798.00,Brasília,DF,Pix
3326,2025-07-20,109,Notebook Core i5,Informática,2,3299.90,6599.80,Rio de Janeiro,RJ,Boleto
3327,2025-07-20,112,Smartphone 128GB,Celulares e Acessórios,2,1709.05,3418.10,São Paulo,SP,Boleto
3328,2025-07-20,119,Teclado Mecânico,Informática,4,260.91,1043.64,Porto Alegre,RS,Boleto
3329,2025-07-20,109,Máquina de Lavar 12kg,Eletrodomésticos,1,2199.00,2199.00,Fortaleza,CE,Pix
3330,2025-07-20,109,Smartphone 128GB,Celulares e Acessórios,3,1799.00,5397.00,Santos,SP,Pix
3331,2025-07-20,115,Mouse Sem Fio,Informática,5,79.90,399.50,Belo Horizonte,MG,Cartão Crédito
3332,2025-07-20,115,Fone Bluetooth,Celulares e Acessórios,3,189.90,569.70,Recife,PE,Cartão Crédito
3333,2025-07-20,111,Monitor Full HD 24pol,Informática,2,899.90,1799.80,Uberlândia,MG,Pix
3334,2025-07-20,103,Fone Bluetooth,Celulares e Acessórios,4,179.91,719.64,São Paulo,SP,Pix
3335,2025-07-20,113,Bicicleta Aro 29,Esporte e Lazer,1,1619.10,1619.10,Goiânia,GO,Cartão Crédito
3336,2025-07-20,115,Console de Videogame,Games,2,2999.00,5998.00,Curitiba,PR,Boleto
3337,2025-07-20,120,Bicicleta Aro 29,Esporte e Lazer,2,1619.10,3238.20,Rio de Janeiro,RJ,Cartão Crédito
3338,2025-07-20,116,Console de Videogame,Games,1,2999.00,2999.00,Fortaleza,CE,Pix
3339,2025-07-21,120,Controle Sem Fio,Games,2,349.90,699.80,Porto Alegre,RS,Pix
3340,2025-07-21,111,Fone Bluetooth,Celulares e Acessórios,3,199.90,599.70,Belo Horizonte,MG,Cartão Crédito
3341,2025-07-21,113,Airfryer 5L,Eletrodomésticos,2,408.40,816.80,Rio de Janeiro,RJ,Cartão Crédito
3342,2025-07-21,101,Mouse Sem Fio,Informática,1,71.91,71.91,Belo Horizonte,MG,Cartão Crédito
3343,2025-07-21,116,Cadeira de Escritório,Móveis,2,699.90,1399.80,Salvador,BA,Pix
3344,2025-07-21,108,Sofá 3 Lugares,Móveis,2,2279.05,4558.10,São Paulo,SP,Cartão Débito
3345,2025-07-21,116,Esteira Elétrica,Esporte e Lazer,2,2754.05,5508.10,Belo Horizonte,MG,Cartão Crédito
3346,2025-07-21,110,Notebook Core i5,Informática,1,3299.90,3299.90,Salvador,BA,Pix
3347,2025-07-21,109,Console de Videogame,Games,1,2999.00,2999.00,Belo Horizonte,MG,Boleto
3348,2025-07-21,119,Smartphone 128GB,Celulares e Acessórios,3,1799.00,5397.00,Uberlândia,MG,Cartão Débito
3349,2025-07-21,119,Geladeira Frost Free 400L,Eletrodomésticos,1,3499.00,3499.00,Porto Alegre,RS,Boleto
3350,2025-07-21,107,Controle Sem Fio,Games,1,349.90,349.90,Belo Horizonte,MG,Cartão Débito
3351,2025-07-21,107,Teclado Mecânico,Informática,4,289.90,1159.60,Porto Alegre,RS,Boleto
3352,2025-07-21,104,Monitor Full HD 24pol,Informática,1,899.90,899.90,Rio de Janeiro,RJ,Pix
3353,2025-07-21,112,Teclado Mecânico,Informática,2,289.90,579.80,Porto Alegre,RS,Cartão Crédito
3354,2025-07-21,104,Mesa de Jantar 6 Cadeiras,Móveis,1,1804.05,1804.05,Feira de Santana,BA,Pix
3355,2025-07-21,112,Mouse Sem Fio,Informática,3,79.90,239.70,Brasília,DF,Boleto
3356,2025-07-21,110,Micro-ondas 30L,Eletrodomésticos,2,617.40,1234.80,Recife,PE,Cartão Crédito
3357,2025-07-21,112,Console de Videogame,Games,1,2849.05,2849.05,Brasília,DF,Cartão Crédito
3358,2025-07-21,106,Mesa de Jantar 6 Cadeiras,Móveis,2,1899.00,3798.00,Belo Horizonte,MG,Pix
3359,2025-07-22,106,Esteira Elétrica,Esporte e Lazer,2,2899.00,5798.00,Niterói,RJ,Boleto
3360,2025-07-22,105,Sofá 3 Lugares,Móveis,1,2399.00,2399.00,Porto Alegre,RS,Pix
3361,2025-07-22,103,Mesa de Jantar 6 Cadeiras,Móveis,2,1899.00,3798.00,Fortaleza,CE,Boleto
3362,2025-07-22,112,Geladeira Frost Free 400L,Eletrodomésticos,1,3149.10,3149.10,São Paulo,SP,Pix
3363,2025-07-22,108,Console de Videogame,Games,1,2549.15,2549.15,Recife,PE,Boleto
3364,2025-07-22,112,Micro-ondas 30L,Eletrodomésticos,1,649.90,649.90,Goiânia,GO,Boleto
3365,2025-07-22,101,Fone Bluetooth,Celulares e Acessórios,1,189.90,189.90,Rio de Janeiro,RJ,Boleto
3366,2025-07-22,119,Cadeira de Escritório,Móveis,1,664.90,664.90,Fortaleza,CE,Boleto
3367,2025-07-22,115,Máquina de Lavar 12kg,Eletrodomésticos,2,2199.00,4398.00,Salvador,BA,Pix
3368,2025-07-22,108,Mouse Sem Fio,Informática,4,79.90,319.60,Recife,PE,Pix
3369,2025-07-22,116,Monitor Full HD 24pol,Informática,1,809.91,809.91,Curitiba,PR,Pix
3370,2025-07-22,108,Monitor Full HD 24pol,Informática,1,854.90,854.90,Salvador,BA,Cartão Crédito
3371,2025-07-22,113,Monitor Full HD 24pol,Informática,2,899.90,1799.80,Curitiba,PR,Pix
3372,2025-07-22,113,Teclado Mecânico,Informática,4,289.90,1159.60,Goiânia,GO,Boleto
3373,2025-07-22,117,Controle Sem Fio,Games,2,349.90,699.80,Rio de Janeiro,RJ,Cartão Débito
3374,2025-07-22,116,Kit Halteres 20kg,Esporte e Lazer,4,246.90,987.60,Curitiba,PR,Cartão Crédito
3375,2025-07-22,107,Bicicleta Aro 29,Esporte e Lazer,2,1709.05,3418.10,Salvador,BA,Cartão Débito
3376,2025-07-22,115,Airfryer 5L,Eletrodomésticos,3,429.90,1289.70,Fortaleza,CE,Cartão Débito
3377,2025-07-23,107,Monitor Full HD 24pol,Informática,2,854.90,1709.80,Porto Alegre,RS,Pix
3378,2025-07-23,109,Carregador Turbo USB-C,Celulares e Acessórios,3,89.90,269.70,Recife,PE,Boleto
3379,2025-07-23,110,Máquina de Lavar 12kg,Eletrodomésticos,2,2089.05,4178.10,Brasília,DF,Pix
3380,2025-07-23,105,Mouse Sem Fio,Informática,4,67.92,271.68,Feira de Santana,BA,Pix
3381,2025-07-23,115,Micro-ondas 30L,Eletrodomésticos,2,649.90,1299.80,São Paulo,SP,Boleto
3382,2025-07-23,120,Controle Sem Fio,Games,2,349.90,699.80,Rio de Janeiro,RJ,Cartão Crédito
3383,2025-07-23,101,Controle Sem Fio,Games,2,349.90,699.80,Feira de Santana,BA,Pix
3384,2025-07-23,104,Máquina de Lavar 12kg,Eletrodomésticos,2,2089.05,4178.10,Fortaleza,CE,Cartão Crédito
3385,2025-07-23,104,Geladeira Frost Free 400L,Eletrodomésticos,2,3324.05,6648.10,Porto Alegre,RS,Pix
3386,2025-07-23,106,Monitor Full HD 24pol,Informática,2,899.90,1799.80,Rio de Janeiro,RJ,Cartão Crédito
3387,2025-07-23,108,Kit Halteres 20kg,Esporte e Lazer,3,259.90,779.70,Feira de Santana,BA,Cartão Crédito
3388,2025-07-23,107,Sofá 3 Lugares,Móveis,1,2399.00,2399.00,Goiânia,GO,Cartão Débito
3389,2025-07-23,105,Cadeira de Escritório,Móveis,3,699.90,2099.70,Campinas,SP,Boleto
3390,2025-07-23,106,Carregador Turbo USB-C,Celulares e Acessórios,2,89.90,179.80,Belo Horizonte,MG,Boleto
3391,2025-07-23,107,Teclado Mecânico,Informática,3,289.90,869.70,Brasília,DF,Pix
3392,2025-07-23,110,Jogo de Aventura,Games,3,249.90,749.70,Recife,PE,Pix
3393,2025-07-23,112,Esteira Elétrica,Esporte e Lazer,1,2609.10,2609.10,Campinas,SP,Boleto
3394,2025-07-23,120,Airfryer 5L,Eletrodomésticos,4,408.40,1633.60,São Paulo,SP,Cartão Crédito
3395,2025-07-24,103,Máquina de Lavar 12kg,Eletrodomésticos,1,1979.10,1979.10,Salvador,BA,Cartão Crédito
3396,2025-07-24,112,Geladeira Frost Free 400L,Eletrodomésticos,1,3324.05,3324.05,Niterói,RJ,Pix
3397,2025-07-24,111,Esteira Elétrica,Esporte e Lazer,2,2899.00,5798.00,Curitiba,PR,Cartão Crédito
3398,2025-07-24,115,Jogo de Aventura,Games,1,249.90,249.90,Niterói,RJ,Pix
3399,2025-07-24,112,Mesa de Jantar 6 Cadeiras,Móveis,1,1899.00,1899.00,Brasília,DF,Pix
3400,2025-07-24,106,Mesa de Jantar 6 Cadeiras,Móveis,2,1899.00,3798.00,Curitiba,PR,Cartão Débito
3401,2025-07-24,105,Jogo de Aventura,Games,4,224.91,899.64,Santos,SP,Cartão Débito
3402,2025-07-24,101,Sofá 3 Lugares,Móveis,2,2399.00,4798.00,Uberlândia,MG,Pix
3403,2025-07-24,109,Bicicleta Aro 29,Esporte e Lazer,1,1799.00,1799.00,Santos,SP,Cartão Crédito
3404,2025-07-24,105,Sofá 3 Lugares,Móveis,1,2399.00,2399.00,Niterói,RJ,Pix
3405,2025-07-24,110,Micro-ondas 30L,Eletrodomésticos,3,617.40,1852.20,Brasília,DF,Cartão Crédito
3406,2025-07-24,103,Console de Videogame,Games,2,2999.00,5998.00,Porto Alegre,RS,Cartão Débito
3407,2025-07-24,108,Esteira Elétrica,Esporte e Lazer,1,2899.00,2899.00,Rio de Janeiro,RJ,Cartão Crédito
3408,2025-07-24,116,Mouse Sem Fio,Informática,3,79.90,239.70,Campinas,SP,Cartão Crédito
3409,2025-07-24,104,Monitor Full HD 24pol,Informática,2,899.90,1799.80,São Paulo,SP,Cartão Crédito
3410,2025-07-25,108,Esteira Elétrica,Esporte e Lazer,2,2754.05,5508.10,São Paulo,SP,Boleto
3411,2025-07-25,107,Kit Halteres 20kg,Esporte e Lazer,1,259.90,259.90,Rio de Janeiro,RJ,Cartão Crédito
3412,2025-07-25,115,Console de Videogame,Games,1,2999.00,2999.00,Fortaleza,CE,Cartão Crédito
3413,2025-07-25,104,Carregador Turbo USB-C,Celulares e Acessórios,1,89.90,89.90,Curitiba,PR,Cartão Débito
3414,2025-07-25,106,Fone Bluetooth,Celulares e Acessórios,4,199.90,799.60,Goiânia,GO,Pix
3415,2025-07-25,108,Smartphone 128GB,Celulares e Acessórios,1,1709.05,1709.05,Porto Alegre,RS,Cartão Crédito
3416,2025-07-25,111,Kit Halteres 20kg,Esporte e Lazer,3,259.90,779.70,Porto Alegre,RS,Cartão Crédito
3417,2025-07-25,104,Micro-ondas 30L,Eletrodomésticos,1,649.90,649.90,Goiânia,GO,Pix
3418,2025-07-25,104,Esteira Elétrica,Esporte e Lazer,2,2609.10,5218.20,Vitória da Conquista,BA,Cartão Crédito
3419,2025-07-25,107,Notebook Core i5,Informática,2,2969.91,5939.82,Feira de Santana,BA,Cartão Crédito
3420,2025-07-25,119,Carregador Turbo USB-C,Celulares e Acessórios,6,85.40,512.40,Belo Horizonte,MG,Cartão Crédito
3421,2025-07-25,117,Monitor Full HD 24pol,Informática,3,899.90,2699.70,Curitiba,PR,Cartão Crédito
3422,2025-07-25,112,Sofá 3 Lugares,Móveis,1,2399.00,2399.00,Santos,SP,Pix
3423,2025-07-26,101,Bicicleta Aro 29,Esporte e Lazer,2,1799.00,3598.00,Salvador,BA,Pix
3424,2025-07-26,107,Bicicleta Aro 29,Esporte e Lazer,2,1529.15,3058.30,Recife,PE,Cartão Crédito
3425,2025-07-26,105,Micro-ondas 30L,Eletrodomésticos,1,649.90,649.90,Salvador,BA,Pix
3426,2025-07-26,117,Micro-ondas 30L,Eletrodomésticos,2,649.90,1299.80,Santos,SP,Pix
3427,2025-07-26,107,Controle Sem Fio,Games,4,349.90,1399.60,Santos,SP,Cartão Débito
3428,2025-07-26,106,Máquina de Lavar 12kg,Eletrodomésticos,1,2089.05,2089.05,Campinas,SP,Pix
3429,2025-07-26,116,Kit Halteres 20kg,Esporte e Lazer,3,259.90,779.70,Curitiba,PR,Cartão Débito
3430,2025-07-26,107,Geladeira Frost Free 400L,Eletrodomésticos,2,3499.00,6998.00,Salvador,BA,Cartão Crédito
3431,2025-07-26,106,Airfryer 5L,Eletrodomésticos,2,429.90,859.80,Brasília,DF,Pix
3432,2025-07-26,113,Controle Sem Fio,Games,2,349.90,699.80,Rio de Janeiro,RJ,Cartão Crédito
3433,2025-07-26,111,Console de Videogame,Games,1,2999.00,2999.00,Fortaleza,CE,Cartão Crédito
3434,2025-07-26,116,Sofá 3 Lugares,Móveis,1,2399.00,2399.00,Rio de Janeiro,RJ,Boleto
3435,2025-07-26,106,Notebook Core i5,Informática,2,3299.90,6599.80,Belo Horizonte,MG,Cartão Débito
3436,2025-07-26,101,Máquina de Lavar 12kg,Eletrodomésticos,2,1979.10,3958.20,Feira de Santana,BA,Boleto
3437,2025-07-26,101,Smartphone 128GB,Celulares e Acessórios,1,1619.10,1619.10,Recife,PE,Pix
3438,2025-07-27,106,Bicicleta Aro 29,Esporte e Lazer,2,1799.00,3598.00,Rio de Janeiro,RJ,Pix
3439,2025-07-27,116,Bicicleta Aro 29,Esporte e Lazer,2,1799.00,3598.00,Vitória da Conquista,BA,Boleto
3440,2025-07-27,111,Jogo de Aventura,Games,3,224.91,674.73,Feira de Santana,BA,Cartão Débito
3441,2025-07-27,105,Carregador Turbo USB-C,Celulares e Acessórios,3,89.90,269.70,Feira de Santana,BA,Cartão Crédito
3442,2025-07-27,119,Airfryer 5L,Eletrodomésticos,4,408.40,1633.60,Porto Alegre,RS,Boleto
3443,2025-07-27,111,Airfryer 5L,Eletrodomésticos,2,386.91,773.82,São Paulo,SP,Cartão Crédito
3444,2025-07-27,104,Máquina de Lavar 12kg,Eletrodomésticos,1,2199.00,2199.00,Curitiba,PR,Boleto
3445,2025-07-28,109,Teclado Mecânico,Informática,3,275.40,826.20,São Paulo,SP,Pix
3446,2025-07-28,110,Kit Halteres 20kg,Esporte e Lazer,1,259.90,259.90,Curitiba,PR,Cartão Crédito
3447,2025-07-28,115,Notebook Core i5,Informática,1,3299.90,3299.90,São Paulo,SP,Cartão Crédito
3448,2025-07-28,112,Teclado Mecânico,Informática,3,260.91,782.73,Vitória da Conquista,BA,Pix
3449,2025-07-28,104,Mouse Sem Fio,Informática,4,79.90,319.60,Rio de Janeiro,RJ,Pix
3450,2025-07-28,112,Mesa de Jantar 6 Cadeiras,Móveis,2,1804.05,3608.10,Belo Horizonte,MG,Pix
3451,2025-07-28,117,Kit Halteres 20kg,Esporte e Lazer,4,259.90,1039.60,Uberlândia,MG,Boleto
3452,2025-07-28,112,Máquina de Lavar 12kg,Eletrodomésticos,1,2199.00,2199.00,Fortaleza,CE,Pix
3453,2025-07-28,104,Máquina de Lavar 12kg,Eletrodomésticos,1,2199.00,2199.00,Salvador,BA,Pix
3454,2025-07-28,116,Máquina de Lavar 12kg,Eletrodomésticos,2,2199.00,4398.00,Belo Horizonte,MG,Cartão Crédito
3455,2025-07-28,111,Carregador Turbo USB-C,Celulares e Acessórios,1,89.90,89.90,Rio de Janeiro,RJ,Pix
3456,2025-07-28,112,Máquina de Lavar 12kg,Eletrodomésticos,1,2199.00,2199.00,Santos,SP,Boleto
3457,2025-07-28,107,Cadeira de Escritório,Móveis,2,699.90,1399.80,Feira de Santana,BA,Cartão Crédito
3458,2025-07-28,106,Jogo de Aventura,Games,2,212.42,424.84,Campinas,SP,Cartão Crédito
3459,2025-07-28,116,Notebook Core i5,Informática,1,3299.90,3299.90,Brasília,DF,Pix
3460,2025-07-28,104,Controle Sem Fio,Games,4,314.91,1259.64,Goiânia,GO,Pix
3461,2025-07-28,107,Esteira Elétrica,Esporte e Lazer,2,2899.00,5798.00,Santos,SP,Cartão Débito
3462,2025-07-28,111,Fone Bluetooth,Celulares e Acessórios,5,199.90,999.50,Salvador,BA,Pix
3463,2025-07-28,107,Cadeira de Escritório,Móveis,4,699.90,2799.60,Rio de Janeiro,RJ,Pix
3464,2025-07-29,115,Console de Videogame,Games,2,2849.05,5698.10,Feira de Santana,BA,Cartão Débito
3465,2025-07-29,120,Controle Sem Fio,Games,1,349.90,349.90,Recife,PE,Cartão Débito
3466,2025-07-29,109,Monitor Full HD 24pol,Informática,2,899.90,1799.80,Uberlândia,MG,Cartão Crédito
3467,2025-07-29,110,Console de Videogame,Games,2,2999.00,5998.00,Porto Alegre,RS,Pix
3468,2025-07-29,113,Sofá 3 Lugares,Móveis,2,2399.00,4798.00,Niterói,RJ,Cartão Débito
3469,2025-07-29,111,Máquina de Lavar 12kg,Eletrodomésticos,1,1979.10,1979.10,Rio de Janeiro,RJ,Cartão Débito
3470,2025-07-29,101,Micro-ondas 30L,Eletrodomésticos,1,552.42,552.42,Salvador,BA,Pix
3471,2025-07-29,119,Jogo de Aventura,Games,1,237.40,237.40,Rio de Janeiro,RJ,Boleto
3472,2025-07-29,111,Airfryer 5L,Eletrodomésticos,1,408.40,408.40,Uberlândia,MG,Cartão Crédito
3473,2025-07-29,106,Sofá 3 Lugares,Móveis,1,2399.00,2399.00,Salvador,BA,Pix
3474,2025-07-29,104,Controle Sem Fio,Games,2,349.90,699.80,Curitiba,PR,Cartão Crédito
3475,2025-07-29,106,Smartphone 128GB,Celulares e Acessórios,3,1709.05,5127.15,Curitiba,PR,Pix
3476,2025-07-29,111,Console de Videogame,Games,1,2999.00,2999.00,Rio de Janeiro,RJ,Cartão Débito
3477,2025-07-29,116,Sofá 3 Lugares,Móveis,1,2279.05,2279.05,Recife,PE,Cartão Débito
3478,2025-07-29,106,Sofá 3 Lugares,Móveis,1,2399.00,2399.00,Fortaleza,CE,Cartão Crédito
3479,2025-07-29,110,Cadeira de Escritório,Móveis,3,664.90,1994.70,Niterói,RJ,Boleto
3480,2025-07-29,105,Console de Videogame,Games,2,2999.00,5998.00,Curitiba,PR,Pix
3481,2025-07-29,115,Console de Videogame,Games,2,2999.00,5998.00,Campinas,SP,Cartão Débito
3482,2025-07-29,104,Notebook Core i5,Informática,2,3299.90,6599.80,Recife,PE,Cartão Crédito
3483,2025-07-30,120,Cadeira de Escritório,Móveis,1,664.90,664.90,Rio de Janeiro,RJ,Boleto
3484,2025-07-30,105,Jogo de Aventura,Games,2,249.90,499.80,Rio de Janeiro,RJ,Pix
3485,2025-07-30,117,Teclado Mecânico,Informática,1,275.40,275.40,Porto Alegre,RS,Pix
3486,2025-07-30,104,Kit Halteres 20kg,Esporte e Lazer,1,259.90,259.90,Uberlândia,MG,Cartão Crédito
3487,2025-07-30,104,Geladeira Frost Free 400L,Eletrodomésticos,2,3499.00,6998.00,Porto Alegre,RS,Pix
3488,2025-07-30,110,Console de Videogame,Games,1,2999.00,2999.00,Belo Horizonte,MG,Cartão Débito
3489,2025-07-30,115,Micro-ondas 30L,Eletrodomésticos,3,649.90,1949.70,Salvador,BA,Cartão Débito
3490,2025-07-30,104,Controle Sem Fio,Games,3,349.90,1049.70,Rio de Janeiro,RJ,Boleto
3491,2025-07-30,103,Teclado Mecânico,Informática,3,275.40,826.20,Rio de Janeiro,RJ,Cartão Débito
3492,2025-07-30,101,Micro-ondas 30L,Eletrodomésticos,3,649.90,1949.70,São Paulo,SP,Cartão Crédito
3493,2025-07-30,117,Mouse Sem Fio,Informática,1,79.90,79.90,Salvador,BA,Cartão Crédito
3494,2025-07-30,115,Kit Halteres 20kg,Esporte e Lazer,2,259.90,519.80,São Paulo,SP,Boleto
3495,2025-07-30,113,Controle Sem Fio,Games,2,349.90,699.80,Feira de Santana,BA,Cartão Crédito
3496,2025-07-30,111,Console de Videogame,Games,1,2999.00,2999.00,Rio de Janeiro,RJ,Boleto
3497,2025-07-30,108,Mesa de Jantar 6 Cadeiras,Móveis,2,1899.00,3798.00,Fortaleza,CE,Cartão Crédito
3498,2025-07-30,120,Fone Bluetooth,Celulares e Acessórios,5,199.90,999.50,Uberlândia,MG,Cartão Débito
3499,2025-07-30,103,Cadeira de Escritório,Móveis,3,664.90,1994.70,Niterói,RJ,Boleto
3500,2025-07-30,106,Bicicleta Aro 29,Esporte e Lazer,1,1799.00,1799.00,São Paulo,SP,Pix
3501,2025-07-30,117,Airfryer 5L,Eletrodomésticos,2,429.90,859.80,Brasília,DF,Boleto
3502,2025-07-30,101,Console de Videogame,Games,2,2999.00,5998.00,Fortaleza,CE,Pix
3503,2025-07-31,116,Mouse Sem Fio,Informática,4,75.90,303.60,Vitória da Conquista,BA,Pix
3504,2025-07-31,117,Geladeira Frost Free 400L,Eletrodomésticos,2,3499.00,6998.00,Campinas,SP,Pix
3505,2025-07-31,112,Carregador Turbo USB-C,Celulares e Acessórios,3,89.90,269.70,Niterói,RJ,Boleto
3506,2025-07-31,104,Airfryer 5L,Eletrodomésticos,1,429.90,429.90,Salvador,BA,Pix
3507,2025-07-31,101,Esteira Elétrica,Esporte e Lazer,1,2754.05,2754.05,Brasília,DF,Boleto
3508,2025-07-31,107,Jogo de Aventura,Games,2,249.90,499.80,Vitória da Conquista,BA,Cartão Débito
3509,2025-07-31,101,Controle Sem Fio,Games,1,349.90,349.90,Goiânia,GO,Pix
3510,2025-07-31,101,Console de Videogame,Games,2,2999.00,5998.00,Porto Alegre,RS,Pix
3511,2025-07-31,105,Cadeira de Escritório,Móveis,1,699.90,699.90,Belo Horizonte,MG,Boleto
3512,2025-07-31,120,Controle Sem Fio,Games,1,349.90,349.90,Salvador,BA,Cartão Débito
3513,2025-07-31,112,Sofá 3 Lugares,Móveis,1,2159.10,2159.10,São Paulo,SP,Cartão Débito
3514,2025-07-31,111,Kit Halteres 20kg,Esporte e Lazer,3,259.90,779.70,Rio de Janeiro,RJ,Pix
3515,2025-07-31,108,Kit Halteres 20kg,Esporte e Lazer,3,246.90,740.70,Salvador,BA,Cartão Débito
3516,2025-08-01,112,Geladeira Frost Free 400L,Eletrodomésticos,2,3499.00,6998.00,Brasília,DF,Boleto
3517,2025-08-01,120,Carregador Turbo USB-C,Celulares e Acessórios,1,89.90,89.90,Salvador,BA,Pix
3518,2025-08-01,119,Fone Bluetooth,Celulares e Acessórios,3,179.91,539.73,Feira de Santana,BA,Boleto
3519,2025-08-01,115,Máquina de Lavar 12kg,Eletrodomésticos,2,2199.00,4398.00,Belo Horizonte,MG,Pix
3520,2025-08-01,117,Console de Videogame,Games,1,2849.05,2849.05,Recife,PE,Boleto
3521,2025-08-01,109,Sofá 3 Lugares,Móveis,2,2399.00,4798.00,Goiânia,GO,Cartão Débito
3522,2025-08-01,106,Jogo de Aventura,Games,4,249.90,999.60,Campinas,SP,Cartão Crédito
3523,2025-08-01,108,Sofá 3 Lugares,Móveis,1,2399.00,2399.00,Fortaleza,CE,Pix
3524,2025-08-01,106,Fone Bluetooth,Celulares e Acessórios,1,199.90,199.90,Goiânia,GO,Cartão Débito
3525,2025-08-01,104,Sofá 3 Lugares,Móveis,2,2399.00,4798.00,Rio de Janeiro,RJ,Cartão Crédito
3526,2025-08-01,115,Teclado Mecânico,Informática,2,289.90,579.80,Santos,SP,Cartão Crédito
3527,2025-08-01,107,Cadeira de Escritório,Móveis,4,664.90,2659.60,Vitória da Conquista,BA,Cartão Débito
3528,2025-08-01,101,Jogo de Aventura,Games,1,237.40,237.40,Feira de Santana,BA,Boleto
3529,2025-08-01,101,Smartphone 128GB,Celulares e Acessórios,3,1799.00,5397.00,Fortaleza,CE,Cartão Crédito
3530,2025-08-01,104,Fone Bluetooth,Celulares e Acessórios,1,199.90,199.90,Santos,SP,Cartão Crédito
3531,2025-08-01,117,Máquina de Lavar 12kg,Eletrodomésticos,2,2199.00,4398.00,Rio de Janeiro,RJ,Cartão Débito
3532,2025-08-01,117,Airfryer 5L,Eletrodomésticos,4,429.90,1719.60,Niterói,RJ,Cartão Crédito
3533,2025-08-01,104,Cadeira de Escritório,Móveis,3,699.90,2099.70,Campinas,SP,Pix
3534,2025-08-01,112,Mesa de Jantar 6 Cadeiras,Móveis,2,1899.00,3798.00,Salvador,BA,Boleto
3535,2025-08-02,106,Console de Videogame,Games,2,2999.00,5998.00,São Paulo,SP,Cartão Débito
3536,2025-08-02,111,Máquina de Lavar 12kg,Eletrodomésticos,1,2199.00,2199.00,Uberlândia,MG,Cartão Crédito
3537,2025-08-02,107,Monitor Full HD 24pol,Informática,1,899.90,899.90,Porto Alegre,RS,Cartão Débito
3538,2025-08-02,110,Máquina de Lavar 12kg,Eletrodomésticos,1,2199.00,2199.00,Brasília,DF,Pix
3539,2025-08-02,109,Sofá 3 Lugares,Móveis,2,2279.05,4558.10,Curitiba,PR,Cartão Crédito
3540,2025-08-02,120,Fone Bluetooth,Celulares e Acessórios,2,199.90,399.80,Brasília,DF,Cartão Crédito
3541,2025-08-02,119,Console de Videogame,Games,1,2999.00,2999.00,Rio de Janeiro,RJ,Cartão Crédito
3542,2025-08-02,110,Console de Videogame,Games,1,2999.00,2999.00,Vitória da Conquista,BA,Cartão Débito
3543,2025-08-02,119,Airfryer 5L,Eletrodomésticos,2,408.40,816.80,Curitiba,PR,Pix
3544,2025-08-02,105,Geladeira Frost Free 400L,Eletrodomésticos,2,3499.00,6998.00,Niterói,RJ,Pix
3545,2025-08-02,116,Geladeira Frost Free 400L,Eletrodomésticos,1,3499.00,3499.00,Recife,PE,Boleto
3546,2025-08-02,119,Esteira Elétrica,Esporte e Lazer,2,2899.00,5798.00,Curitiba,PR,Pix
3547,2025-08-02,120,Carregador Turbo USB-C,Celulares e Acessórios,3,89.90,269.70,Recife,PE,Cartão Débito
3548,2025-08-02,113,Console de Videogame,Games,2,2999.00,5998.00,Porto Alegre,RS,Boleto
3549,2025-08-02,105,Notebook Core i5,Informática,2,3134.90,6269.80,Vitória da Conquista,BA,Cartão Débito
3550,2025-08-02,104,Mouse Sem Fio,Informática,2,79.90,159.80,Uberlândia,MG,Cartão Crédito
3551,2025-08-03,109,Carregador Turbo USB-C,Celulares e Acessórios,4,89.90,359.60,Rio de Janeiro,RJ,Cartão Débito
3552,2025-08-03,115,Micro-ondas 30L,Eletrodomésticos,3,617.40,1852.20,Vitória da Conquista,BA,Cartão Débito
3553,2025-08-03,105,Controle Sem Fio,Games,3,314.91,944.73,Curitiba,PR,Cartão Crédito
3554,2025-08-03,106,Console de Videogame,Games,2,2999.00,5998.00,Brasília,DF,Cartão Débito
3555,2025-08-03,117,Micro-ondas 30L,Eletrodomésticos,2,552.42,1104.84,Rio de Janeiro,RJ,Pix
3556,2025-08-03,112,Notebook Core i5,Informática,2,3299.90,6599.80,Goiânia,GO,Pix
3557,2025-08-03,117,Jogo de Aventura,Games,1,237.40,237.40,Feira de Santana,BA,Cartão Crédito
3558,2025-08-03,110,Cadeira de Escritório,Móveis,1,699.90,699.90,Recife,PE,Cartão Débito
3559,2025-08-03,113,Carregador Turbo USB-C,Celulares e Acessórios,6,80.91,485.46,Niterói,RJ,Pix
3560,2025-08-03,109,Sofá 3 Lugares,Móveis,2,2399.00,4798.00,Santos,SP,Cartão Crédito
3561,2025-08-03,101,Geladeira Frost Free 400L,Eletrodomésticos,2,3324.05,6648.10,Santos,SP,Cartão Crédito
3562,2025-08-03,105,Fone Bluetooth,Celulares e Acessórios,3,189.90,569.70,Salvador,BA,Cartão Débito
3563,2025-08-03,103,Console de Videogame,Games,2,2999.00,5998.00,Vitória da Conquista,BA,Boleto
3564,2025-08-03,101,Cadeira de Escritório,Móveis,4,664.90,2659.60,Recife,PE,Cartão Débito
3565,2025-08-03,105,Smartphone 128GB,Celulares e Acessórios,3,1799.00,5397.00,Belo Horizonte,MG,Cartão Débito
3566,2025-08-03,112,Máquina de Lavar 12kg,Eletrodomésticos,1,2199.00,2199.00,Uberlândia,MG,Pix
3567,2025-08-03,108,Console de Videogame,Games,2,2699.10,5398.20,Feira de Santana,BA,Cartão Débito
3568,2025-08-04,113,Cadeira de Escritório,Móveis,1,594.92,594.92,Salvador,BA,Boleto
3569,2025-08-04,119,Teclado Mecânico,Informática,3,275.40,826.20,Salvador,BA,Pix
3570,2025-08-04,110,Máquina de Lavar 12kg,Eletrodomésticos,1,2089.05,2089.05,Curitiba,PR,Cartão Crédito
3571,2025-08-04,116,Esteira Elétrica,Esporte e Lazer,2,2754.05,5508.10,Campinas,SP,Cartão Crédito
3572,2025-08-04,107,Geladeira Frost Free 400L,Eletrodomésticos,2,3499.00,6998.00,Campinas,SP,Pix
3573,2025-08-04,104,Jogo de Aventura,Games,4,249.90,999.60,Goiânia,GO,Pix
3574,2025-08-04,112,Geladeira Frost Free 400L,Eletrodomésticos,2,3499.00,6998.00,Rio de Janeiro,RJ,Cartão Crédito
3575,2025-08-04,112,Sofá 3 Lugares,Móveis,1,2399.00,2399.00,Uberlândia,MG,Boleto
3576,2025-08-04,101,Fone Bluetooth,Celulares e Acessórios,4,199.90,799.60,Recife,PE,Cartão Débito
3577,2025-08-04,111,Geladeira Frost Free 400L,Eletrodomésticos,2,3499.00,6998.00,Feira de Santana,BA,Pix
3578,2025-08-04,110,Teclado Mecânico,Informática,2,289.90,579.80,Vitória da Conquista,BA,Pix
3579,2025-08-04,106,Carregador Turbo USB-C,Celulares e Acessórios,6,89.90,539.40,Rio de Janeiro,RJ,Boleto
3580,2025-08-04,119,Monitor Full HD 24pol,Informática,2,899.90,1799.80,Santos,SP,Boleto
3581,2025-08-05,117,Sofá 3 Lugares,Móveis,2,2399.00,4798.00,Fortaleza,CE,Pix
3582,2025-08-05,106,Notebook Core i5,Informática,1,3299.90,3299.90,Santos,SP,Cartão Débito
3583,2025-08-05,115,Esteira Elétrica,Esporte e Lazer,1,2899.00,2899.00,Brasília,DF,Boleto
3584,2025-08-05,117,Smartphone 128GB,Celulares e Acessórios,3,1799.00,5397.00,Feira de Santana,BA,Boleto
3585,2025-08-05,104,Geladeira Frost Free 400L,Eletrodomésticos,1,3499.00,3499.00,Salvador,BA,Pix
3586,2025-08-05,119,Micro-ondas 30L,Eletrodomésticos,1,649.90,649.90,Belo Horizonte,MG,Cartão Débito
3587,2025-08-05,110,Esteira Elétrica,Esporte e Lazer,1,2899.00,2899.00,Feira de Santana,BA,Pix
3588,2025-08-05,108,Airfryer 5L,Eletrodomésticos,3,429.90,1289.70,Brasília,DF,Boleto
3589,2025-08-05,105,Micro-ondas 30L,Eletrodomésticos,3,617.40,1852.20,Brasília,DF,Pix
3590,2025-08-05,106,Bicicleta Aro 29,Esporte e Lazer,2,1799.00,3598.00,Belo Horizonte,MG,Cartão Débito
3591,2025-08-05,119,Notebook Core i5,Informática,2,3299.90,6599.80,Feira de Santana,BA,Boleto
3592,2025-08-05,101,Esteira Elétrica,Esporte e Lazer,2,2899.00,5798.00,Feira de Santana,BA,Pix
3593,2025-08-05,117,Mouse Sem Fio,Informática,6,75.90,455.40,Recife,PE,Pix
3594,2025-08-05,105,Cadeira de Escritório,Móveis,2,664.90,1329.80,São Paulo,SP,Cartão Débito
3595,2025-08-05,109,Smartphone 128GB,Celulares e Acessórios,1,1709.05,1709.05,Rio de Janeiro,RJ,Pix
3596,2025-08-05,106,Carregador Turbo USB-C,Celulares e Acessórios,4,89.90,359.60,Campinas,SP,Cartão Débito
3597,2025-08-05,111,Micro-ondas 30L,Eletrodomésticos,1,649.90,649.90,Brasília,DF,Cartão Crédito
3598,2025-08-05,111,Controle Sem Fio,Games,1,349.90,349.90,Porto Alegre,RS,Cartão Crédito
3599,2025-08-05,115,Sofá 3 Lugares,Móveis,2,2399.00,4798.00,Recife,PE,Cartão Crédito
3600,2025-08-05,116,Airfryer 5L,Eletrodomésticos,4,429.90,1719.60,São Paulo,SP,Pix
3601,2025-08-06,109,Sofá 3 Lugares,Móveis,2,2399.00,4798.00,Santos,SP,Pix
3602,2025-08-06,105,Sofá 3 Lugares,Móveis,1,2399.00,2399.00,São Paulo,SP,Pix
3603,2025-08-06,120,Mesa de Jantar 6 Cadeiras,Móveis,1,1804.05,1804.05,Feira de Santana,BA,Pix
3604,2025-08-06,107,Notebook Core i5,Informática,2,3299.90,6599.80,Salvador,BA,Pix
3605,2025-08-06,117,Máquina de Lavar 12kg,Eletrodomésticos,2,2199.00,4398.00,Salvador,BA,Boleto
3606,2025-08-06,112,Smartphone 128GB,Celulares e Acessórios,1,1709.05,1709.05,Campinas,SP,Boleto
3607,2025-08-06,115,Esteira Elétrica,Esporte e Lazer,1,2899.00,2899.00,Niterói,RJ,Pix
3608,2025-08-06,101,Jogo de Aventura,Games,2,237.40,474.80,Feira de Santana,BA,Pix
3609,2025-08-06,109,Kit Halteres 20kg,Esporte e Lazer,2,246.90,493.80,Salvador,BA,Pix
3610,2025-08-06,120,Controle Sem Fio,Games,4,349.90,1399.60,Santos,SP,Boleto
3611,2025-08-07,111,Fone Bluetooth,Celulares e Acessórios,4,199.90,799.60,Salvador,BA,Pix
3612,2025-08-07,120,Mouse Sem Fio,Informática,5,79.90,399.50,Rio de Janeiro,RJ,Pix
3613,2025-08-07,112,Console de Videogame,Games,2,2999.00,5998.00,Rio de Janeiro,RJ,Cartão Crédito
3614,2025-08-07,109,Teclado Mecânico,Informática,1,289.90,289.90,Recife,PE,Cartão Débito
3615,2025-08-07,113,Mouse Sem Fio,Informática,2,79.90,159.80,Curitiba,PR,Cartão Crédito
3616,2025-08-07,104,Mesa de Jantar 6 Cadeiras,Móveis,2,1899.00,3798.00,Fortaleza,CE,Pix
3617,2025-08-07,105,Kit Halteres 20kg,Esporte e Lazer,1,259.90,259.90,Belo Horizonte,MG,Cartão Crédito
3618,2025-08-07,105,Smartphone 128GB,Celulares e Acessórios,2,1619.10,3238.20,Salvador,BA,Boleto
3619,2025-08-07,120,Micro-ondas 30L,Eletrodomésticos,2,649.90,1299.80,Salvador,BA,Cartão Crédito
3620,2025-08-07,112,Fone Bluetooth,Celulares e Acessórios,5,199.90,999.50,São Paulo,SP,Cartão Crédito
3621,2025-08-07,101,Jogo de Aventura,Games,1,249.90,249.90,Porto Alegre,RS,Cartão Débito
3622,2025-08-07,110,Teclado Mecânico,Informática,3,289.90,869.70,Vitória da Conquista,BA,Cartão Débito
3623,2025-08-07,116,Teclado Mecânico,Informática,4,289.90,1159.60,Santos,SP,Boleto
3624,2025-08-07,106,Carregador Turbo USB-C,Celulares e Acessórios,4,89.90,359.60,São Paulo,SP,Cartão Crédito
3625,2025-08-07,116,Mouse Sem Fio,Informática,1,79.90,79.90,Feira de Santana,BA,Cartão Crédito
3626,2025-08-08,120,Mouse Sem Fio,Informática,1,79.90,79.90,Salvador,BA,Boleto
3627,2025-08-08,117,Teclado Mecânico,Informática,4,289.90,1159.60,São Paulo,SP,Cartão Crédito
3628,2025-08-08,117,Monitor Full HD 24pol,Informática,2,899.90,1799.80,Salvador,BA,Pix
3629,2025-08-08,110,Jogo de Aventura,Games,4,249.90,999.60,Santos,SP,Cartão Débito
3630,2025-08-08,104,Carregador Turbo USB-C,Celulares e Acessórios,3,89.90,269.70,Uberlândia,MG,Cartão Crédito
3631,2025-08-08,112,Teclado Mecânico,Informática,2,289.90,579.80,Goiânia,GO,Cartão Crédito
3632,2025-08-08,110,Máquina de Lavar 12kg,Eletrodomésticos,2,2089.05,4178.10,Brasília,DF,Pix
3633,2025-08-08,105,Teclado Mecânico,Informática,3,289.90,869.70,Belo Horizonte,MG,Boleto
3634,2025-08-08,111,Mesa de Jantar 6 Cadeiras,Móveis,2,1709.10,3418.20,Niterói,RJ,Boleto
3635,2025-08-08,117,Notebook Core i5,Informática,1,3299.90,3299.90,Santos,SP,Cartão Crédito
3636,2025-08-08,107,Cadeira de Escritório,Móveis,2,699.90,1399.80,Salvador,BA,Cartão Crédito
3637,2025-08-08,105,Sofá 3 Lugares,Móveis,1,2279.05,2279.05,Belo Horizonte,MG,Cartão Débito
3638,2025-08-08,107,Notebook Core i5,Informática,1,3299.90,3299.90,São Paulo,SP,Pix
3639,2025-08-08,101,Controle Sem Fio,Games,4,314.91,1259.64,Belo Horizonte,MG,Cartão Débito
3640,2025-08-08,106,Teclado Mecânico,Informática,1,246.42,246.42,Campinas,SP,Pix
3641,2025-08-08,116,Jogo de Aventura,Games,4,249.90,999.60,Salvador,BA,Pix
3642,2025-08-08,109,Airfryer 5L,Eletrodomésticos,4,429.90,1719.60,São Paulo,SP,Boleto
3643,2025-08-08,120,Carregador Turbo USB-C,Celulares e Acessórios,6,80.91,485.46,Salvador,BA,Boleto
3644,2025-08-08,115,Geladeira Frost Free 400L,Eletrodomésticos,1,3499.00,3499.00,Goiânia,GO,Cartão Crédito
3645,2025-08-08,117,Jogo de Aventura,Games,4,249.90,999.60,Curitiba,PR,Boleto
3646,2025-08-08,116,Sofá 3 Lugares,Móveis,2,2279.05,4558.10,Recife,PE,Boleto
3647,2025-08-08,104,Controle Sem Fio,Games,1,349.90,349.90,Fortaleza,CE,Cartão Crédito
3648,2025-08-09,103,Mesa de Jantar 6 Cadeiras,Móveis,2,1899.00,3798.00,Feira de Santana,BA,Pix
3649,2025-08-09,115,Mouse Sem Fio,Informática,1,79.90,79.90,Porto Alegre,RS,Pix
3650,2025-08-09,119,Jogo de Aventura,Games,1,249.90,249.90,Brasília,DF,Cartão Crédito
3651,2025-08-09,113,Smartphone 128GB,Celulares e Acessórios,1,1799.00,1799.00,São Paulo,SP,Cartão Crédito
3652,2025-08-09,104,Mouse Sem Fio,Informática,6,71.91,431.46,Santos,SP,Pix
3653,2025-08-09,103,Mouse Sem Fio,Informática,4,79.90,319.60,Rio de Janeiro,RJ,Pix
3654,2025-08-09,101,Micro-ondas 30L,Eletrodomésticos,1,584.91,584.91,Rio de Janeiro,RJ,Cartão Crédito
3655,2025-08-09,104,Sofá 3 Lugares,Móveis,1,2159.10,2159.10,Fortaleza,CE,Cartão Crédito
3656,2025-08-09,109,Esteira Elétrica,Esporte e Lazer,2,2899.00,5798.00,Santos,SP,Cartão Crédito
3657,2025-08-09,103,Cadeira de Escritório,Móveis,3,699.90,2099.70,Goiânia,GO,Cartão Crédito
3658,2025-08-09,116,Máquina de Lavar 12kg,Eletrodomésticos,2,2199.00,4398.00,Feira de Santana,BA,Cartão Crédito
3659,2025-08-09,112,Mouse Sem Fio,Informática,2,75.90,151.80,Recife,PE,Cartão Crédito
3660,2025-08-09,116,Carregador Turbo USB-C,Celulares e Acessórios,6,85.40,512.40,Belo Horizonte,MG,Boleto
3661,2025-08-09,104,Máquina de Lavar 12kg,Eletrodomésticos,1,1979.10,1979.10,Salvador,BA,Pix
3662,2025-08-09,101,Máquina de Lavar 12kg,Eletrodomésticos,1,2199.00,2199.00,Belo Horizonte,MG,Cartão Crédito
3663,2025-08-09,108,Mesa de Jantar 6 Cadeiras,Móveis,1,1899.00,1899.00,Recife,PE,Boleto
3664,2025-08-09,117,Controle Sem Fio,Games,3,349.90,1049.70,Recife,PE,Pix
3665,2025-08-09,103,Carregador Turbo USB-C,Celulares e Acessórios,4,89.90,359.60,Rio de Janeiro,RJ,Boleto
3666,2025-08-10,104,Smartphone 128GB,Celulares e Acessórios,3,1529.15,4587.45,Recife,PE,Cartão Crédito
3667,2025-08-10,116,Carregador Turbo USB-C,Celulares e Acessórios,2,80.91,161.82,Niterói,RJ,Pix
3668,2025-08-10,105,Smartphone 128GB,Celulares e Acessórios,1,1709.05,1709.05,Belo Horizonte,MG,Pix
3669,2025-08-10,106,Fone Bluetooth,Celulares e Acessórios,3,199.90,599.70,Belo Horizonte,MG,Cartão Débito
3670,2025-08-10,101,Máquina de Lavar 12kg,Eletrodomésticos,1,2199.00,2199.00,Goiânia,GO,Boleto
3671,2025-08-10,109,Teclado Mecânico,Informática,4,289.90,1159.60,Belo Horizonte,MG,Cartão Crédito
3672,2025-08-10,117,Notebook Core i5,Informática,1,2969.91,2969.91,Feira de Santana,BA,Cartão Débito
3673,2025-08-10,116,Geladeira Frost Free 400L,Eletrodomésticos,1,3499.00,3499.00,Vitória da Conquista,BA,Pix
3674,2025-08-10,101,Mesa de Jantar 6 Cadeiras,Móveis,2,1899.00,3798.00,Curitiba,PR,Cartão Crédito
3675,2025-08-10,105,Monitor Full HD 24pol,Informática,2,899.90,1799.80,Goiânia,GO,Cartão Débito
3676,2025-08-10,104,Fone Bluetooth,Celulares e Acessórios,5,199.90,999.50,Fortaleza,CE,Pix
3677,2025-08-10,120,Sofá 3 Lugares,Móveis,2,2399.00,4798.00,Recife,PE,Cartão Crédito
3678,2025-08-10,112,Controle Sem Fio,Games,4,349.90,1399.60,Goiânia,GO,Cartão Crédito
3679,2025-08-10,101,Mouse Sem Fio,Informática,3,75.90,227.70,Brasília,DF,Pix
3680,2025-08-10,104,Mouse Sem Fio,Informática,3,79.90,239.70,Recife,PE,Pix
3681,2025-08-10,103,Teclado Mecânico,Informática,4,275.40,1101.60,Feira de Santana,BA,Cartão Débito
3682,2025-08-10,112,Smartphone 128GB,Celulares e Acessórios,3,1799.00,5397.00,Salvador,BA,Boleto
3683,2025-08-10,103,Máquina de Lavar 12kg,Eletrodomésticos,2,2199.00,4398.00,Vitória da Conquista,BA,Pix
3684,2025-08-11,112,Micro-ondas 30L,Eletrodomésticos,3,649.90,1949.70,Santos,SP,Pix
3685,2025-08-11,111,Carregador Turbo USB-C,Celulares e Acessórios,2,85.40,170.80,Recife,PE,Cartão Crédito
3686,2025-08-11,119,Notebook Core i5,Informática,1,3299.90,3299.90,Curitiba,PR,Cartão Crédito
3687,2025-08-11,108,Esteira Elétrica,Esporte e Lazer,1,2899.00,2899.00,Belo Horizonte,MG,Pix
3688,2025-08-11,112,Bicicleta Aro 29,Esporte e Lazer,2,1709.05,3418.10,Rio de Janeiro,RJ,Pix
3689,2025-08-11,116,Airfryer 5L,Eletrodomésticos,2,429.90,859.80,Belo Horizonte,MG,Pix
3690,2025-08-11,111,Sofá 3 Lugares,Móveis,2,2399.00,4798.00,Salvador,BA,Boleto
3691,2025-08-11,104,Jogo de Aventura,Games,3,249.90,749.70,Uberlândia,MG,Pix
3692,2025-08-11,120,Monitor Full HD 24pol,Informática,2,899.90,1799.80,Vitória da Conquista,BA,Cartão Débito
3693,2025-08-11,103,Kit Halteres 20kg,Esporte e Lazer,3,259.90,779.70,Recife,PE,Cartão Débito
3694,2025-08-11,117,Smartphone 128GB,Celulares e Acessórios,2,1799.00,3598.00,Recife,PE,Pix
3695,2025-08-11,108,Monitor Full HD 24pol,Informática,2,809.91,1619.82,São Paulo,SP,Cartão Débito
3696,2025-08-11,109,Fone Bluetooth,Celulares e Acessórios,4,189.90,759.60,São Paulo,SP,Pix
3697,2025-08-11,108,Máquina de Lavar 12kg,Eletrodomésticos,1,2089.05,2089.05,Rio de Janeiro,RJ,Cartão Crédito
3698,2025-08-11,108,Mouse Sem Fio,Informática,6,75.90,455.40,Campinas,SP,Pix
3699,2025-08-11,111,Bicicleta Aro 29,Esporte e Lazer,1,1799.00,1799.00,Curitiba,PR,Cartão Débito
3700,2025-08-11,108,Micro-ondas 30L,Eletrodomésticos,2,584.91,1169.82,Campinas,SP,Pix
3701,2025-08-11,106,Jogo de Aventura,Games,2,249.90,499.80,Campinas,SP,Cartão Crédito
3702,2025-08-11,111,Notebook Core i5,Informática,1,3299.90,3299.90,Curitiba,PR,Cartão Débito
3703,2025-08-11,115,Kit Halteres 20kg,Esporte e Lazer,3,259.90,779.70,Feira de Santana,BA,Cartão Crédito
3704,2025-08-11,113,Bicicleta Aro 29,Esporte e Lazer,2,1619.10,3238.20,Brasília,DF,Pix
3705,2025-08-11,103,Notebook Core i5,Informática,1,3299.90,3299.90,Curitiba,PR,Cartão Débito
3706,2025-08-12,120,Notebook Core i5,Informática,2,3299.90,6599.80,Fortaleza,CE,Cartão Crédito
3707,2025-08-12,103,Cadeira de Escritório,Móveis,1,664.90,664.90,Curitiba,PR,Cartão Crédito
3708,2025-08-12,103,Geladeira Frost Free 400L,Eletrodomésticos,1,3499.00,3499.00,Santos,SP,Boleto
3709,2025-08-12,113,Kit Halteres 20kg,Esporte e Lazer,3,259.90,779.70,Curitiba,PR,Pix
3710,2025-08-12,101,Controle Sem Fio,Games,3,349.90,1049.70,Curitiba,PR,Cartão Crédito
3711,2025-08-12,113,Smartphone 128GB,Celulares e Acessórios,1,1709.05,1709.05,Feira de Santana,BA,Cartão Crédito
3712,2025-08-12,115,Console de Videogame,Games,2,2999.00,5998.00,Porto Alegre,RS,Pix
3713,2025-08-12,101,Carregador Turbo USB-C,Celulares e Acessórios,6,89.90,539.40,Campinas,SP,Pix
3714,2025-08-12,110,Mesa de Jantar 6 Cadeiras,Móveis,1,1899.00,1899.00,Salvador,BA,Pix
3715,2025-08-12,105,Monitor Full HD 24pol,Informática,3,899.90,2699.70,Salvador,BA,Pix
3716,2025-08-12,112,Máquina de Lavar 12kg,Eletrodomésticos,1,2199.00,2199.00,Niterói,RJ,Cartão Crédito
3717,2025-08-12,110,Jogo de Aventura,Games,5,249.90,1249.50,Fortaleza,CE,Boleto
3718,2025-08-12,117,Geladeira Frost Free 400L,Eletrodomésticos,2,3499.00,6998.00,Curitiba,PR,Boleto
3719,2025-08-12,105,Fone Bluetooth,Celulares e Acessórios,1,199.90,199.90,Campinas,SP,Boleto
3720,2025-08-12,119,Sofá 3 Lugares,Móveis,2,2399.00,4798.00,Salvador,BA,Cartão Crédito
3721,2025-08-12,106,Teclado Mecânico,Informática,2,289.90,579.80,Curitiba,PR,Boleto
3722,2025-08-12,107,Fone Bluetooth,Celulares e Acessórios,1,199.90,199.90,São Paulo,SP,Cartão Débito
3723,2025-08-12,104,Cadeira de Escritório,Móveis,1,664.90,664.90,Niterói,RJ,Pix
3724,2025-08-13,110,Console de Videogame,Games,2,2999.00,5998.00,Rio de Janeiro,RJ,Boleto
3725,2025-08-13,108,Mesa de Jantar 6 Cadeiras,Móveis,2,1614.15,3228.30,Feira de Santana,BA,Cartão Crédito
3726,2025-08-13,107,Máquina de Lavar 12kg,Eletrodomésticos,2,2199.00,4398.00,Belo Horizonte,MG,Pix
3727,2025-08-13,111,Máquina de Lavar 12kg,Eletrodomésticos,1,2199.00,2199.00,Salvador,BA,Pix
3728,2025-08-13,120,Bicicleta Aro 29,Esporte e Lazer,1,1709.05,1709.05,Rio de Janeiro,RJ,Boleto
3729,2025-08-13,119,Sofá 3 Lugares,Móveis,1,2399.00,2399.00,Brasília,DF,Pix
3730,2025-08-13,119,Sofá 3 Lugares,Móveis,2,2399.00,4798.00,Porto Alegre,RS,Cartão Crédito
3731,2025-08-13,120,Notebook Core i5,Informática,1,3299.90,3299.90,Goiânia,GO,Cartão Crédito
3732,2025-08-13,112,Kit Halteres 20kg,Esporte e Lazer,2,259.90,519.80,Rio de Janeiro,RJ,Pix
3733,2025-08-13,120,Fone Bluetooth,Celulares e Acessórios,5,199.90,999.50,Belo Horizonte,MG,Cartão Crédito
3734,2025-08-13,120,Mesa de Jantar 6 Cadeiras,Móveis,1,1804.05,1804.05,Porto Alegre,RS,Cartão Débito
3735,2025-08-13,115,Carregador Turbo USB-C,Celulares e Acessórios,1,89.90,89.90,Rio de Janeiro,RJ,Boleto
3736,2025-08-13,110,Teclado Mecânico,Informática,3,275.40,826.20,Fortaleza,CE,Pix
3737,2025-08-13,105,Sofá 3 Lugares,Móveis,2,2399.00,4798.00,Curitiba,PR,Cartão Crédito
3738,2025-08-13,105,Teclado Mecânico,Informática,2,289.90,579.80,Rio de Janeiro,RJ,Boleto
3739,2025-08-13,116,Micro-ondas 30L,Eletrodomésticos,2,649.90,1299.80,Porto Alegre,RS,Cartão Crédito
3740,2025-08-13,104,Máquina de Lavar 12kg,Eletrodomésticos,1,2199.00,2199.00,São Paulo,SP,Boleto
3741,2025-08-13,111,Esteira Elétrica,Esporte e Lazer,2,2754.05,5508.10,Brasília,DF,Cartão Crédito
3742,2025-08-13,111,Jogo de Aventura,Games,2,224.91,449.82,Belo Horizonte,MG,Pix
3743,2025-08-13,105,Airfryer 5L,Eletrodomésticos,2,386.91,773.82,Goiânia,GO,Boleto
3744,2025-08-14,105,Controle Sem Fio,Games,2,349.90,699.80,Recife,PE,Pix
3745,2025-08-14,106,Teclado Mecânico,Informática,4,289.90,1159.60,Rio de Janeiro,RJ,Cartão Crédito
3746,2025-08-14,106,Mesa de Jantar 6 Cadeiras,Móveis,1,1804.05,1804.05,Salvador,BA,Cartão Débito
3747,2025-08-14,106,Monitor Full HD 24pol,Informática,3,899.90,2699.70,Vitória da Conquista,BA,Cartão Débito
3748,2025-08-14,109,Bicicleta Aro 29,Esporte e Lazer,2,1799.00,3598.00,Curitiba,PR,Boleto
3749,2025-08-14,111,Console de Videogame,Games,2,2999.00,5998.00,São Paulo,SP,Cartão Crédito
3750,2025-08-14,112,Teclado Mecânico,Informática,3,289.90,869.70,Goiânia,GO,Cartão Crédito
3751,2025-08-14,105,Jogo de Aventura,Games,4,224.91,899.64,São Paulo,SP,Boleto
3752,2025-08-14,105,Fone Bluetooth,Celulares e Acessórios,3,199.90,599.70,Vitória da Conquista,BA,Cartão Crédito
3753,2025-08-14,115,Mesa de Jantar 6 Cadeiras,Móveis,2,1899.00,3798.00,Curitiba,PR,Cartão Crédito
3754,2025-08-14,104,Controle Sem Fio,Games,2,349.90,699.80,Uberlândia,MG,Pix
3755,2025-08-14,113,Controle Sem Fio,Games,4,332.40,1329.60,Belo Horizonte,MG,Pix
3756,2025-08-14,113,Carregador Turbo USB-C,Celulares e Acessórios,4,89.90,359.60,São Paulo,SP,Pix
3757,2025-08-14,120,Micro-ondas 30L,Eletrodomésticos,3,649.90,1949.70,Brasília,DF,Pix
3758,2025-08-14,117,Carregador Turbo USB-C,Celulares e Acessórios,5,89.90,449.50,Campinas,SP,Cartão Crédito
3759,2025-08-14,103,Máquina de Lavar 12kg,Eletrodomésticos,2,2199.00,4398.00,Goiânia,GO,Pix
3760,2025-08-14,108,Micro-ondas 30L,Eletrodomésticos,2,649.90,1299.80,Vitória da Conquista,BA,Pix
3761,2025-08-14,105,Airfryer 5L,Eletrodomésticos,1,429.90,429.90,Campinas,SP,Cartão Crédito
3762,2025-08-15,111,Cadeira de Escritório,Móveis,2,699.90,1399.80,São Paulo,SP,Pix
3763,2025-08-15,107,Teclado Mecânico,Informática,1,275.40,275.40,Fortaleza,CE,Cartão Débito
3764,2025-08-15,120,Máquina de Lavar 12kg,Eletrodomésticos,1,2089.05,2089.05,Fortaleza,CE,Boleto
3765,2025-08-15,117,Esteira Elétrica,Esporte e Lazer,1,2899.00,2899.00,São Paulo,SP,Boleto
3766,2025-08-15,101,Fone Bluetooth,Celulares e Acessórios,2,199.90,399.80,Rio de Janeiro,RJ,Boleto
3767,2025-08-15,107,Kit Halteres 20kg,Esporte e Lazer,3,259.90,779.70,São Paulo,SP,Cartão Crédito
3768,2025-08-15,106,Smartphone 128GB,Celulares e Acessórios,1,1799.00,1799.00,Niterói,RJ,Pix
3769,2025-08-15,105,Fone Bluetooth,Celulares e Acessórios,2,199.90,399.80,São Paulo,SP,Cartão Crédito
3770,2025-08-15,113,Smartphone 128GB,Celulares e Acessórios,3,1799.00,5397.00,Curitiba,PR,Boleto
3771,2025-08-15,116,Esteira Elétrica,Esporte e Lazer,2,2899.00,5798.00,Rio de Janeiro,RJ,Cartão Débito
3772,2025-08-15,111,Carregador Turbo USB-C,Celulares e Acessórios,1,80.91,80.91,Rio de Janeiro,RJ,Cartão Crédito
3773,2025-08-15,103,Kit Halteres 20kg,Esporte e Lazer,3,246.90,740.70,São Paulo,SP,Pix
3774,2025-08-15,101,Fone Bluetooth,Celulares e Acessórios,1,199.90,199.90,Rio de Janeiro,RJ,Cartão Crédito
3775,2025-08-16,101,Monitor Full HD 24pol,Informática,3,899.90,2699.70,São Paulo,SP,Boleto
3776,2025-08-16,120,Cadeira de Escritório,Móveis,2,699.90,1399.80,Curitiba,PR,Pix
3777,2025-08-16,101,Fone Bluetooth,Celulares e Acessórios,4,199.90,799.60,Fortaleza,CE,Pix
3778,2025-08-16,116,Sofá 3 Lugares,Móveis,1,2159.10,2159.10,Curitiba,PR,Pix
3779,2025-08-16,105,Esteira Elétrica,Esporte e Lazer,2,2609.10,5218.20,Feira de Santana,BA,Boleto
3780,2025-08-16,108,Fone Bluetooth,Celulares e Acessórios,5,169.92,849.60,Recife,PE,Pix
3781,2025-08-16,116,Mouse Sem Fio,Informática,5,79.90,399.50,Niterói,RJ,Cartão Débito
3782,2025-08-16,116,Airfryer 5L,Eletrodomésticos,3,429.90,1289.70,Curitiba,PR,Cartão Crédito
3783,2025-08-16,112,Micro-ondas 30L,Eletrodomésticos,1,649.90,649.90,Salvador,BA,Cartão Crédito
3784,2025-08-16,115,Sofá 3 Lugares,Móveis,2,2399.00,4798.00,Curitiba,PR,Cartão Débito
3785,2025-08-16,115,Airfryer 5L,Eletrodomésticos,3,429.90,1289.70,Belo Horizonte,MG,Cartão Crédito
3786,2025-08-16,104,Máquina de Lavar 12kg,Eletrodomésticos,1,2199.00,2199.00,Campinas,SP,Cartão Crédito
3787,2025-08-17,116,Controle Sem Fio,Games,2,349.90,699.80,Porto Alegre,RS,Pix
3788,2025-08-17,105,Kit Halteres 20kg,Esporte e Lazer,2,246.90,493.80,Salvador,BA,Cartão Débito
3789,2025-08-17,120,Monitor Full HD 24pol,Informática,3,899.90,2699.70,Uberlândia,MG,Boleto
3790,2025-08-17,116,Monitor Full HD 24pol,Informática,1,899.90,899.90,Belo Horizonte,MG,Pix
3791,2025-08-17,110,Carregador Turbo USB-C,Celulares e Acessórios,4,89.90,359.60,Brasília,DF,Boleto
3792,2025-08-17,112,Controle Sem Fio,Games,3,349.90,1049.70,Salvador,BA,Cartão Débito
3793,2025-08-17,107,Controle Sem Fio,Games,1,332.40,332.40,Goiânia,GO,Cartão Crédito
3794,2025-08-17,120,Monitor Full HD 24pol,Informática,3,899.90,2699.70,Uberlândia,MG,Pix
3795,2025-08-17,107,Fone Bluetooth,Celulares e Acessórios,5,199.90,999.50,Fortaleza,CE,Cartão Débito
3796,2025-08-17,116,Geladeira Frost Free 400L,Eletrodomésticos,2,3324.05,6648.10,Porto Alegre,RS,Cartão Débito
3797,2025-08-17,105,Fone Bluetooth,Celulares e Acessórios,2,199.90,399.80,São Paulo,SP,Cartão Crédito
3798,2025-08-17,119,Cadeira de Escritório,Móveis,1,664.90,664.90,Feira de Santana,BA,Cartão Débito
3799,2025-08-18,112,Cadeira de Escritório,Móveis,1,699.90,699.90,São Paulo,SP,Cartão Crédito
3800,2025-08-18,104,Smartphone 128GB,Celulares e Acessórios,2,1529.15,3058.30,Goiânia,GO,Pix
3801,2025-08-18,106,Jogo de Aventura,Games,1,224.91,224.91,Brasília,DF,Cartão Débito
3802,2025-08-18,107,Monitor Full HD 24pol,Informática,2,899.90,1799.80,Porto Alegre,RS,Boleto
3803,2025-08-18,107,Geladeira Frost Free 400L,Eletrodomésticos,2,3499.00,6998.00,Porto Alegre,RS,Boleto
3804,2025-08-18,113,Esteira Elétrica,Esporte e Lazer,2,2899.00,5798.00,Santos,SP,Cartão Crédito
3805,2025-08-18,117,Micro-ondas 30L,Eletrodomésticos,3,649.90,1949.70,São Paulo,SP,Pix
3806,2025-08-18,106,Bicicleta Aro 29,Esporte e Lazer,2,1799.00,3598.00,Recife,PE,Pix
3807,2025-08-18,110,Fone Bluetooth,Celulares e Acessórios,5,199.90,999.50,Feira de Santana,BA,Pix
3808,2025-08-18,110,Fone Bluetooth,Celulares e Acessórios,1,199.90,199.90,Belo Horizonte,MG,Cartão Crédito
3809,2025-08-18,111,Carregador Turbo USB-C,Celulares e Acessórios,2,89.90,179.80,Rio de Janeiro,RJ,Cartão Débito
3810,2025-08-18,105,Bicicleta Aro 29,Esporte e Lazer,1,1799.00,1799.00,Curitiba,PR,Cartão Crédito
3811,2025-08-18,120,Teclado Mecânico,Informática,3,289.90,869.70,Belo Horizonte,MG,Boleto
3812,2025-08-18,117,Mouse Sem Fio,Informática,5,67.92,339.60,Porto Alegre,RS,Boleto
3813,2025-08-18,105,Mouse Sem Fio,Informática,1,79.90,79.90,São Paulo,SP,Boleto
3814,2025-08-18,101,Kit Halteres 20kg,Esporte e Lazer,1,259.90,259.90,Campinas,SP,Pix
3815,2025-08-18,111,Bicicleta Aro 29,Esporte e Lazer,2,1799.00,3598.00,Niterói,RJ,Pix
3816,2025-08-18,116,Notebook Core i5,Informática,2,3299.90,6599.80,Goiânia,GO,Pix
3817,2025-08-18,112,Controle Sem Fio,Games,1,349.90,349.90,Recife,PE,Pix
3818,2025-08-19,111,Teclado Mecânico,Informática,4,289.90,1159.60,Feira de Santana,BA,Cartão Crédito
3819,2025-08-19,115,Jogo de Aventura,Games,4,249.90,999.60,Belo Horizonte,MG,Pix
3820,2025-08-19,104,Micro-ondas 30L,Eletrodomésticos,2,649.90,1299.80,Porto Alegre,RS,Cartão Crédito
3821,2025-08-19,115,Monitor Full HD 24pol,Informática,1,899.90,899.90,Fortaleza,CE,Cartão Débito
3822,2025-08-19,101,Fone Bluetooth,Celulares e Acessórios,1,199.90,199.90,Salvador,BA,Cartão Crédito
3823,2025-08-19,106,Carregador Turbo USB-C,Celulares e Acessórios,3,85.40,256.20,Fortaleza,CE,Cartão Crédito
3824,2025-08-19,108,Notebook Core i5,Informática,1,3134.90,3134.90,Fortaleza,CE,Boleto
3825,2025-08-19,112,Carregador Turbo USB-C,Celulares e Acessórios,2,89.90,179.80,Belo Horizonte,MG,Boleto
3826,2025-08-19,107,Micro-ondas 30L,Eletrodomésticos,1,617.40,617.40,Rio de Janeiro,RJ,Cartão Débito
3827,2025-08-19,105,Kit Halteres 20kg,Esporte e Lazer,4,259.90,1039.60,Feira de Santana,BA,Cartão Débito
3828,2025-08-19,119,Mouse Sem Fio,Informática,1,71.91,71.91,São Paulo,SP,Pix
3829,2025-08-19,103,Sofá 3 Lugares,Móveis,2,2399.00,4798.00,Brasília,DF,Pix
3830,2025-08-19,105,Notebook Core i5,Informática,1,3134.90,3134.90,Uberlândia,MG,Boleto
3831,2025-08-19,116,Sofá 3 Lugares,Móveis,2,2399.00,4798.00,Recife,PE,Cartão Débito
3832,2025-08-19,107,Monitor Full HD 24pol,Informática,1,899.90,899.90,Belo Horizonte,MG,Boleto
3833,2025-08-19,117,Mouse Sem Fio,Informática,1,79.90,79.90,Rio de Janeiro,RJ,Boleto
3834,2025-08-19,116,Geladeira Frost Free 400L,Eletrodomésticos,2,3499.00,6998.00,Salvador,BA,Cartão Débito
3835,2025-08-19,119,Micro-ondas 30L,Eletrodomésticos,2,649.90,1299.80,Fortaleza,CE,Pix
3836,2025-08-20,110,Controle Sem Fio,Games,4,349.90,1399.60,Santos,SP,Cartão Crédito
3837,2025-08-20,116,Sofá 3 Lugares,Móveis,1,2399.00,2399.00,Feira de Santana,BA,Pix
3838,2025-08-20,115,Jogo de Aventura,Games,3,249.90,749.70,Curitiba,PR,Cartão Crédito
3839,2025-08-20,108,Notebook Core i5,Informática,2,3299.90,6599.80,Santos,SP,Cartão Débito
3840,2025-08-20,116,Cadeira de Escritório,Móveis,1,699.90,699.90,Recife,PE,Pix
3841,2025-08-20,106,Micro-ondas 30L,Eletrodomésticos,1,649.90,649.90,Salvador,BA,Pix
3842,2025-08-20,105,Teclado Mecânico,Informática,4,289.90,1159.60,Belo Horizonte,MG,Cartão Crédito
3843,2025-08-20,101,Bicicleta Aro 29,Esporte e Lazer,2,1799.00,3598.00,Santos,SP,Pix
3844,2025-08-20,111,Máquina de Lavar 12kg,Eletrodomésticos,2,2089.05,4178.10,Curitiba,PR,Cartão Crédito
3845,2025-08-20,103,Notebook Core i5,Informática,1,3299.90,3299.90,Curitiba,PR,Cartão Crédito
3846,2025-08-20,113,Notebook Core i5,Informática,2,3299.90,6599.80,Curitiba,PR,Boleto
3847,2025-08-20,101,Geladeira Frost Free 400L,Eletrodomésticos,2,3499.00,6998.00,Campinas,SP,Cartão Débito
3848,2025-08-20,119,Controle Sem Fio,Games,2,314.91,629.82,Curitiba,PR,Boleto
3849,2025-08-20,113,Console de Videogame,Games,2,2999.00,5998.00,São Paulo,SP,Pix
3850,2025-08-20,107,Airfryer 5L,Eletrodomésticos,1,429.90,429.90,Campinas,SP,Cartão Crédito
3851,2025-08-20,111,Notebook Core i5,Informática,1,3299.90,3299.90,Brasília,DF,Cartão Débito
3852,2025-08-20,110,Máquina de Lavar 12kg,Eletrodomésticos,2,1979.10,3958.20,Recife,PE,Pix
3853,2025-08-20,101,Bicicleta Aro 29,Esporte e Lazer,2,1799.00,3598.00,Curitiba,PR,Cartão Débito
3854,2025-08-20,111,Airfryer 5L,Eletrodomésticos,1,429.90,429.90,Salvador,BA,Cartão Crédito
3855,2025-08-20,116,Airfryer 5L,Eletrodomésticos,1,429.90,429.90,Brasília,DF,Cartão Crédito
3856,2025-08-21,106,Fone Bluetooth,Celulares e Acessórios,3,179.91,539.73,Porto Alegre,RS,Pix
3857,2025-08-21,108,Sofá 3 Lugares,Móveis,1,2399.00,2399.00,Goiânia,GO,Boleto
3858,2025-08-21,107,Mesa de Jantar 6 Cadeiras,Móveis,2,1804.05,3608.10,Fortaleza,CE,Pix
3859,2025-08-21,111,Airfryer 5L,Eletrodomésticos,4,429.90,1719.60,Salvador,BA,Cartão Crédito
3860,2025-08-21,115,Fone Bluetooth,Celulares e Acessórios,5,189.90,949.50,Curitiba,PR,Boleto
3861,2025-08-21,110,Console de Videogame,Games,2,2999.00,5998.00,Salvador,BA,Boleto
3862,2025-08-21,120,Cadeira de Escritório,Móveis,2,699.90,1399.80,Campinas,SP,Pix
3863,2025-08-21,119,Console de Videogame,Games,2,2549.15,5098.30,Rio de Janeiro,RJ,Boleto
3864,2025-08-21,112,Notebook Core i5,Informática,1,3299.90,3299.90,Uberlândia,MG,Cartão Crédito
3865,2025-08-21,107,Carregador Turbo USB-C,Celulares e Acessórios,4,89.90,359.60,Rio de Janeiro,RJ,Cartão Débito
3866,2025-08-21,113,Console de Videogame,Games,1,2999.00,2999.00,Fortaleza,CE,Cartão Crédito
3867,2025-08-21,105,Sofá 3 Lugares,Móveis,1,2399.00,2399.00,Curitiba,PR,Cartão Débito
3868,2025-08-21,106,Airfryer 5L,Eletrodomésticos,3,429.90,1289.70,Brasília,DF,Pix
3869,2025-08-22,112,Sofá 3 Lugares,Móveis,2,2399.00,4798.00,Recife,PE,Cartão Crédito
3870,2025-08-22,104,Console de Videogame,Games,1,2999.00,2999.00,São Paulo,SP,Cartão Crédito
3871,2025-08-22,108,Cadeira de Escritório,Móveis,3,664.90,1994.70,Rio de Janeiro,RJ,Cartão Crédito
3872,2025-08-22,104,Smartphone 128GB,Celulares e Acessórios,3,1799.00,5397.00,Rio de Janeiro,RJ,Pix
3873,2025-08-22,110,Sofá 3 Lugares,Móveis,1,2399.00,2399.00,Curitiba,PR,Cartão Débito
3874,2025-08-22,110,Jogo de Aventura,Games,4,224.91,899.64,Recife,PE,Cartão Débito
3875,2025-08-22,116,Teclado Mecânico,Informática,2,275.40,550.80,Goiânia,GO,Pix
3876,2025-08-22,104,Cadeira de Escritório,Móveis,2,699.90,1399.80,Curitiba,PR,Cartão Débito
3877,2025-08-22,119,Console de Videogame,Games,1,2699.10,2699.10,Brasília,DF,Cartão Crédito
3878,2025-08-22,115,Sofá 3 Lugares,Móveis,1,2399.00,2399.00,Fortaleza,CE,Pix
3879,2025-08-22,105,Sofá 3 Lugares,Móveis,1,2159.10,2159.10,São Paulo,SP,Boleto
3880,2025-08-22,113,Sofá 3 Lugares,Móveis,2,2399.00,4798.00,Belo Horizonte,MG,Pix
3881,2025-08-22,103,Máquina de Lavar 12kg,Eletrodomésticos,2,2199.00,4398.00,Feira de Santana,BA,Cartão Crédito
3882,2025-08-22,111,Bicicleta Aro 29,Esporte e Lazer,2,1799.00,3598.00,Salvador,BA,Cartão Crédito
3883,2025-08-22,105,Esteira Elétrica,Esporte e Lazer,1,2899.00,2899.00,Salvador,BA,Cartão Débito
3884,2025-08-23,108,Monitor Full HD 24pol,Informática,2,854.90,1709.80,Curitiba,PR,Pix
3885,2025-08-23,103,Máquina de Lavar 12kg,Eletrodomésticos,2,2199.00,4398.00,Santos,SP,Cartão Crédito
3886,2025-08-23,113,Airfryer 5L,Eletrodomésticos,3,429.90,1289.70,Belo Horizonte,MG,Pix
3887,2025-08-23,113,Carregador Turbo USB-C,Celulares e Acessórios,3,89.90,269.70,Recife,PE,Boleto
3888,2025-08-23,117,Console de Videogame,Games,1,2549.15,2549.15,Fortaleza,CE,Pix
3889,2025-08-23,106,Máquina de Lavar 12kg,Eletrodomésticos,1,2199.00,2199.00,Brasília,DF,Pix
3890,2025-08-23,112,Cadeira de Escritório,Móveis,1,699.90,699.90,Salvador,BA,Boleto
3891,2025-08-23,119,Mesa de Jantar 6 Cadeiras,Móveis,1,1899.00,1899.00,Belo Horizonte,MG,Pix
3892,2025-08-23,111,Mesa de Jantar 6 Cadeiras,Móveis,1,1899.00,1899.00,Goiânia,GO,Pix
3893,2025-08-23,108,Teclado Mecânico,Informática,3,289.90,869.70,Brasília,DF,Boleto
3894,2025-08-23,116,Kit Halteres 20kg,Esporte e Lazer,2,220.92,441.84,São Paulo,SP,Cartão Crédito
3895,2025-08-24,116,Mesa de Jantar 6 Cadeiras,Móveis,1,1899.00,1899.00,Curitiba,PR,Cartão Crédito
3896,2025-08-24,120,Bicicleta Aro 29,Esporte e Lazer,1,1799.00,1799.00,Belo Horizonte,MG,Pix
3897,2025-08-24,101,Sofá 3 Lugares,Móveis,1,2399.00,2399.00,São Paulo,SP,Boleto
3898,2025-08-24,119,Micro-ondas 30L,Eletrodomésticos,1,584.91,584.91,Recife,PE,Cartão Crédito
3899,2025-08-24,107,Controle Sem Fio,Games,3,314.91,944.73,Salvador,BA,Cartão Débito
3900,2025-08-24,110,Smartphone 128GB,Celulares e Acessórios,3,1799.00,5397.00,Vitória da Conquista,BA,Pix
3901,2025-08-24,106,Teclado Mecânico,Informática,2,289.90,579.80,Santos,SP,Boleto
3902,2025-08-24,117,Smartphone 128GB,Celulares e Acessórios,1,1799.00,1799.00,Rio de Janeiro,RJ,Pix
3903,2025-08-24,116,Micro-ondas 30L,Eletrodomésticos,2,584.91,1169.82,Campinas,SP,Boleto
3904,2025-08-24,117,Kit Halteres 20kg,Esporte e Lazer,1,259.90,259.90,Niterói,RJ,Pix
3905,2025-08-24,119,Smartphone 128GB,Celulares e Acessórios,3,1619.10,4857.30,Fortaleza,CE,Pix
3906,2025-08-24,111,Fone Bluetooth,Celulares e Acessórios,1,199.90,199.90,Campinas,SP,Pix
3907,2025-08-25,111,Sofá 3 Lugares,Móveis,2,2399.00,4798.00,Uberlândia,MG,Cartão Débito
3908,2025-08-25,106,Monitor Full HD 24pol,Informática,2,899.90,1799.80,Porto Alegre,RS,Pix
3909,2025-08-25,116,Controle Sem Fio,Games,1,297.42,297.42,Brasília,DF,Boleto
3910,2025-08-25,112,Kit Halteres 20kg,Esporte e Lazer,2,246.90,493.80,Niterói,RJ,Cartão Débito
3911,2025-08-25,101,Mouse Sem Fio,Informática,1,71.91,71.91,Feira de Santana,BA,Cartão Crédito
3912,2025-08-25,104,Kit Halteres 20kg,Esporte e Lazer,4,233.91,935.64,Recife,PE,Pix
3913,2025-08-25,117,Fone Bluetooth,Celulares e Acessórios,2,199.90,399.80,Uberlândia,MG,Cartão Crédito
3914,2025-08-25,106,Geladeira Frost Free 400L,Eletrodomésticos,1,3499.00,3499.00,Rio de Janeiro,RJ,Cartão Crédito
3915,2025-08-25,109,Mouse Sem Fio,Informática,5,79.90,399.50,Curitiba,PR,Pix
3916,2025-08-25,119,Mesa de Jantar 6 Cadeiras,Móveis,2,1899.00,3798.00,Santos,SP,Boleto
3917,2025-08-25,116,Mesa de Jantar 6 Cadeiras,Móveis,2,1899.00,3798.00,São Paulo,SP,Pix
3918,2025-08-25,120,Console de Videogame,Games,1,2999.00,2999.00,Santos,SP,Cartão Crédito
3919,2025-08-25,113,Micro-ondas 30L,Eletrodomésticos,1,649.90,649.90,Curitiba,PR,Boleto
3920,2025-08-25,117,Carregador Turbo USB-C,Celulares e Acessórios,4,89.90,359.60,São Paulo,SP,Cartão Débito
3921,2025-08-25,104,Notebook Core i5,Informática,1,3299.90,3299.90,Goiânia,GO,Pix
3922,2025-08-25,108,Jogo de Aventura,Games,5,249.90,1249.50,Salvador,BA,Cartão Débito
3923,2025-08-25,108,Smartphone 128GB,Celulares e Acessórios,3,1799.00,5397.00,São Paulo,SP,Boleto
3924,2025-08-25,105,Controle Sem Fio,Games,2,349.90,699.80,Uberlândia,MG,Cartão Crédito
3925,2025-08-25,107,Micro-ondas 30L,Eletrodomésticos,2,649.90,1299.80,Uberlândia,MG,Cartão Débito
3926,2025-08-25,120,Airfryer 5L,Eletrodomésticos,3,429.90,1289.70,São Paulo,SP,Cartão Débito
3927,2025-08-25,117,Mouse Sem Fio,Informática,1,79.90,79.90,Porto Alegre,RS,Cartão Crédito
3928,2025-08-25,103,Carregador Turbo USB-C,Celulares e Acessórios,3,89.90,269.70,Campinas,SP,Boleto
3929,2025-08-25,104,Mesa de Jantar 6 Cadeiras,Móveis,1,1899.00,1899.00,Santos,SP,Pix
3930,2025-08-26,106,Sofá 3 Lugares,Móveis,1,2279.05,2279.05,Salvador,BA,Pix
3931,2025-08-26,117,Sofá 3 Lugares,Móveis,2,2399.00,4798.00,Uberlândia,MG,Cartão Débito
3932,2025-08-26,104,Jogo de Aventura,Games,2,237.40,474.80,Feira de Santana,BA,Pix
3933,2025-08-26,104,Jogo de Aventura,Games,3,249.90,749.70,Curitiba,PR,Cartão Crédito
3934,2025-08-26,117,Teclado Mecânico,Informática,3,289.90,869.70,Fortaleza,CE,Cartão Crédito
3935,2025-08-26,104,Cadeira de Escritório,Móveis,2,699.90,1399.80,Belo Horizonte,MG,Cartão Crédito
3936,2025-08-26,109,Carregador Turbo USB-C,Celulares e Acessórios,5,89.90,449.50,Recife,PE,Pix
3937,2025-08-26,119,Smartphone 128GB,Celulares e Acessórios,3,1709.05,5127.15,Brasília,DF,Pix
3938,2025-08-26,119,Sofá 3 Lugares,Móveis,2,2399.00,4798.00,Curitiba,PR,Cartão Crédito
3939,2025-08-26,112,Cadeira de Escritório,Móveis,3,699.90,2099.70,Goiânia,GO,Cartão Débito
3940,2025-08-26,111,Mouse Sem Fio,Informática,4,79.90,319.60,Brasília,DF,Cartão Débito
3941,2025-08-26,117,Controle Sem Fio,Games,4,314.91,1259.64,São Paulo,SP,Cartão Crédito
3942,2025-08-26,115,Esteira Elétrica,Esporte e Lazer,1,2899.00,2899.00,Rio de Janeiro,RJ,Pix
3943,2025-08-26,108,Esteira Elétrica,Esporte e Lazer,2,2464.15,4928.30,Belo Horizonte,MG,Pix
3944,2025-08-26,111,Micro-ondas 30L,Eletrodomésticos,1,617.40,617.40,Fortaleza,CE,Boleto
3945,2025-08-26,119,Esteira Elétrica,Esporte e Lazer,2,2899.00,5798.00,Rio de Janeiro,RJ,Pix
3946,2025-08-27,107,Carregador Turbo USB-C,Celulares e Acessórios,6,89.90,539.40,Salvador,BA,Boleto
3947,2025-08-27,101,Teclado Mecânico,Informática,2,275.40,550.80,Vitória da Conquista,BA,Cartão Crédito
3948,2025-08-27,103,Máquina de Lavar 12kg,Eletrodomésticos,1,1979.10,1979.10,Brasília,DF,Cartão Crédito
3949,2025-08-27,105,Fone Bluetooth,Celulares e Acessórios,2,199.90,399.80,Porto Alegre,RS,Cartão Crédito
3950,2025-08-27,107,Console de Videogame,Games,2,2999.00,5998.00,Recife,PE,Pix
3951,2025-08-27,116,Kit Halteres 20kg,Esporte e Lazer,2,259.90,519.80,Belo Horizonte,MG,Boleto
3952,2025-08-27,104,Sofá 3 Lugares,Móveis,1,2159.10,2159.10,Belo Horizonte,MG,Boleto
3953,2025-08-27,104,Mesa de Jantar 6 Cadeiras,Móveis,1,1899.00,1899.00,Niterói,RJ,Pix
3954,2025-08-27,101,Micro-ondas 30L,Eletrodomésticos,3,649.90,1949.70,São Paulo,SP,Cartão Crédito
3955,2025-08-27,101,Sofá 3 Lugares,Móveis,2,2279.05,4558.10,Vitória da Conquista,BA,Pix
3956,2025-08-27,115,Controle Sem Fio,Games,2,349.90,699.80,Goiânia,GO,Cartão Débito
3957,2025-08-27,106,Esteira Elétrica,Esporte e Lazer,2,2609.10,5218.20,Vitória da Conquista,BA,Boleto
3958,2025-08-27,106,Monitor Full HD 24pol,Informática,2,899.90,1799.80,Brasília,DF,Cartão Crédito
3959,2025-08-27,105,Cadeira de Escritório,Móveis,2,699.90,1399.80,Rio de Janeiro,RJ,Cartão Crédito
3960,2025-08-27,113,Jogo de Aventura,Games,3,224.91,674.73,São Paulo,SP,Cartão Crédito
3961,2025-08-27,108,Fone Bluetooth,Celulares e Acessórios,5,199.90,999.50,Niterói,RJ,Pix
3962,2025-08-27,116,Airfryer 5L,Eletrodomésticos,3,408.40,1225.20,São Paulo,SP,Boleto
3963,2025-08-27,105,Notebook Core i5,Informática,2,2804.92,5609.84,Niterói,RJ,Cartão Crédito
3964,2025-08-28,112,Notebook Core i5,Informática,2,3134.90,6269.80,Fortaleza,CE,Pix
3965,2025-08-28,119,Kit Halteres 20kg,Esporte e Lazer,3,233.91,701.73,Rio de Janeiro,RJ,Cartão Débito
3966,2025-08-28,108,Geladeira Frost Free 400L,Eletrodomésticos,1,3499.00,3499.00,Uberlândia,MG,Pix
3967,2025-08-28,119,Micro-ondas 30L,Eletrodomésticos,2,649.90,1299.80,Uberlândia,MG,Boleto
3968,2025-08-28,109,Sofá 3 Lugares,Móveis,1,2399.00,2399.00,Recife,PE,Cartão Débito
3969,2025-08-28,101,Micro-ondas 30L,Eletrodomésticos,2,649.90,1299.80,Brasília,DF,Cartão Débito
3970,2025-08-28,106,Esteira Elétrica,Esporte e Lazer,2,2464.15,4928.30,Santos,SP,Pix
3971,2025-08-28,108,Geladeira Frost Free 400L,Eletrodomésticos,2,3324.05,6648.10,Campinas,SP,Cartão Crédito
3972,2025-08-28,108,Fone Bluetooth,Celulares e Acessórios,2,199.90,399.80,Santos,SP,Pix
3973,2025-08-28,110,Kit Halteres 20kg,Esporte e Lazer,2,246.90,493.80,Feira de Santana,BA,Cartão Crédito
3974,2025-08-28,107,Mesa de Jantar 6 Cadeiras,Móveis,1,1899.00,1899.00,Vitória da Conquista,BA,Cartão Crédito
3975,2025-08-28,120,Fone Bluetooth,Celulares e Acessórios,4,199.90,799.60,Curitiba,PR,Pix
3976,2025-08-28,108,Notebook Core i5,Informática,1,3299.90,3299.90,Rio de Janeiro,RJ,Boleto
3977,2025-08-28,103,Console de Videogame,Games,2,2999.00,5998.00,Feira de Santana,BA,Cartão Débito
3978,2025-08-29,105,Micro-ondas 30L,Eletrodomésticos,3,649.90,1949.70,Salvador,BA,Boleto
3979,2025-08-29,110,Controle Sem Fio,Games,1,349.90,349.90,Santos,SP,Pix
3980,2025-08-29,110,Controle Sem Fio,Games,3,349.90,1049.70,Santos,SP,Cartão Crédito
3981,2025-08-29,117,Máquina de Lavar 12kg,Eletrodomésticos,2,1979.10,3958.20,Santos,SP,Cartão Crédito
3982,2025-08-29,106,Teclado Mecânico,Informática,2,246.42,492.84,Brasília,DF,Cartão Débito
3983,2025-08-29,106,Sofá 3 Lugares,Móveis,2,2399.00,4798.00,Feira de Santana,BA,Cartão Débito
3984,2025-08-29,103,Teclado Mecânico,Informática,4,289.90,1159.60,Salvador,BA,Boleto
3985,2025-08-29,101,Carregador Turbo USB-C,Celulares e Acessórios,1,80.91,80.91,Campinas,SP,Boleto
3986,2025-08-29,110,Airfryer 5L,Eletrodomésticos,1,408.40,408.40,São Paulo,SP,Boleto
3987,2025-08-29,107,Fone Bluetooth,Celulares e Acessórios,1,189.90,189.90,Rio de Janeiro,RJ,Cartão Débito
3988,2025-08-29,111,Teclado Mecânico,Informática,1,289.90,289.90,Rio de Janeiro,RJ,Cartão Crédito
3989,2025-08-29,113,Teclado Mecânico,Informática,3,260.91,782.73,Goiânia,GO,Cartão Débito
3990,2025-08-29,108,Máquina de Lavar 12kg,Eletrodomésticos,2,2199.00,4398.00,Brasília,DF,Pix
3991,2025-08-29,104,Mesa de Jantar 6 Cadeiras,Móveis,1,1899.00,1899.00,Brasília,DF,Pix
3992,2025-08-29,113,Kit Halteres 20kg,Esporte e Lazer,3,246.90,740.70,Salvador,BA,Cartão Crédito
3993,2025-08-29,119,Mouse Sem Fio,Informática,2,79.90,159.80,São Paulo,SP,Cartão Crédito
3994,2025-08-29,117,Jogo de Aventura,Games,2,212.42,424.84,Porto Alegre,RS,Cartão Débito
3995,2025-08-30,105,Notebook Core i5,Informática,2,3134.90,6269.80,Fortaleza,CE,Boleto
3996,2025-08-30,110,Fone Bluetooth,Celulares e Acessórios,4,199.90,799.60,Uberlândia,MG,Cartão Crédito
3997,2025-08-30,117,Jogo de Aventura,Games,2,249.90,499.80,Curitiba,PR,Cartão Crédito
3998,2025-08-30,111,Controle Sem Fio,Games,1,332.40,332.40,Vitória da Conquista,BA,Pix
3999,2025-08-30,101,Smartphone 128GB,Celulares e Acessórios,2,1799.00,3598.00,Rio de Janeiro,RJ,Pix
4000,2025-08-30,113,Controle Sem Fio,Games,4,332.40,1329.60,Curitiba,PR,Cartão Crédito
4001,2025-08-30,116,Micro-ondas 30L,Eletrodomésticos,1,617.40,617.40,Porto Alegre,RS,Cartão Crédito
4002,2025-08-30,120,Sofá 3 Lugares,Móveis,1,2279.05,2279.05,Niterói,RJ,Cartão Crédito
4003,2025-08-30,111,Notebook Core i5,Informática,1,3299.90,3299.90,Brasília,DF,Cartão Crédito
4004,2025-08-30,108,Smartphone 128GB,Celulares e Acessórios,3,1799.00,5397.00,Fortaleza,CE,Boleto
4005,2025-08-30,111,Carregador Turbo USB-C,Celulares e Acessórios,4,85.40,341.60,São Paulo,SP,Cartão Crédito
4006,2025-08-30,103,Bicicleta Aro 29,Esporte e Lazer,2,1619.10,3238.20,Fortaleza,CE,Cartão Débito
4007,2025-08-30,107,Carregador Turbo USB-C,Celulares e Acessórios,2,89.90,179.80,Fortaleza,CE,Cartão Débito
4008,2025-08-30,119,Bicicleta Aro 29,Esporte e Lazer,1,1799.00,1799.00,Uberlândia,MG,Cartão Crédito
4009,2025-08-30,119,Carregador Turbo USB-C,Celulares e Acessórios,4,80.91,323.64,Goiânia,GO,Boleto
4010,2025-08-30,103,Micro-ondas 30L,Eletrodomésticos,1,649.90,649.90,São Paulo,SP,Cartão Débito
4011,2025-08-30,115,Fone Bluetooth,Celulares e Acessórios,5,199.90,999.50,Salvador,BA,Boleto
4012,2025-08-30,112,Geladeira Frost Free 400L,Eletrodomésticos,2,3499.00,6998.00,Niterói,RJ,Pix
4013,2025-08-30,111,Console de Videogame,Games,1,2849.05,2849.05,Rio de Janeiro,RJ,Boleto
4014,2025-08-30,111,Mesa de Jantar 6 Cadeiras,Móveis,1,1899.00,1899.00,São Paulo,SP,Pix
4015,2025-08-30,110,Esteira Elétrica,Esporte e Lazer,2,2899.00,5798.00,Niterói,RJ,Boleto
4016,2025-08-30,112,Mesa de Jantar 6 Cadeiras,Móveis,1,1899.00,1899.00,São Paulo,SP,Cartão Débito
4017,2025-08-30,109,Console de Videogame,Games,1,2999.00,2999.00,Brasília,DF,Boleto
4018,2025-08-30,117,Kit Halteres 20kg,Esporte e Lazer,4,259.90,1039.60,Campinas,SP,Cartão Crédito
4019,2025-08-31,110,Mesa de Jantar 6 Cadeiras,Móveis,1,1899.00,1899.00,Campinas,SP,Cartão Crédito
4020,2025-08-31,116,Sofá 3 Lugares,Móveis,2,2399.00,4798.00,Belo Horizonte,MG,Cartão Crédito
4021,2025-08-31,105,Carregador Turbo USB-C,Celulares e Acessórios,6,89.90,539.40,Brasília,DF,Pix
4022,2025-08-31,101,Geladeira Frost Free 400L,Eletrodomésticos,2,3499.00,6998.00,Belo Horizonte,MG,Cartão Crédito
4023,2025-08-31,120,Monitor Full HD 24pol,Informática,2,854.90,1709.80,Salvador,BA,Cartão Crédito
4024,2025-08-31,103,Esteira Elétrica,Esporte e Lazer,2,2754.05,5508.10,São Paulo,SP,Cartão Crédito
4025,2025-08-31,120,Kit Halteres 20kg,Esporte e Lazer,2,259.90,519.80,Recife,PE,Pix
4026,2025-08-31,104,Monitor Full HD 24pol,Informática,2,899.90,1799.80,Recife,PE,Cartão Crédito
4027,2025-08-31,117,Monitor Full HD 24pol,Informática,2,809.91,1619.82,São Paulo,SP,Cartão Crédito
4028,2025-08-31,112,Carregador Turbo USB-C,Celulares e Acessórios,5,89.90,449.50,São Paulo,SP,Pix
4029,2025-08-31,109,Monitor Full HD 24pol,Informática,3,854.90,2564.70,Belo Horizonte,MG,Pix
4030,2025-08-31,105,Geladeira Frost Free 400L,Eletrodomésticos,1,3499.00,3499.00,Niterói,RJ,Cartão Débito
4031,2025-08-31,101,Monitor Full HD 24pol,Informática,2,809.91,1619.82,São Paulo,SP,Boleto
4032,2025-08-31,106,Bicicleta Aro 29,Esporte e Lazer,2,1799.00,3598.00,São Paulo,SP,Cartão Crédito
4033,2025-08-31,101,Smartphone 128GB,Celulares e Acessórios,2,1799.00,3598.00,Feira de Santana,BA,Pix
4034,2025-09-01,117,Notebook Core i5,Informática,1,2969.91,2969.91,Vitória da Conquista,BA,Cartão Débito
4035,2025-09-01,105,Geladeira Frost Free 400L,Eletrodomésticos,2,3324.05,6648.10,Curitiba,PR,Cartão Crédito
4036,2025-09-01,120,Sofá 3 Lugares,Móveis,1,2399.00,2399.00,Feira de Santana,BA,Cartão Crédito
4037,2025-09-01,120,Controle Sem Fio,Games,4,332.40,1329.60,Salvador,BA,Cartão Débito
4038,2025-09-01,103,Console de Videogame,Games,2,2999.00,5998.00,Goiânia,GO,Pix
4039,2025-09-01,101,Esteira Elétrica,Esporte e Lazer,2,2754.05,5508.10,Campinas,SP,Cartão Crédito
4040,2025-09-01,108,Mouse Sem Fio,Informática,2,79.90,159.80,Niterói,RJ,Cartão Crédito
4041,2025-09-01,101,Jogo de Aventura,Games,1,249.90,249.90,Campinas,SP,Cartão Débito
4042,2025-09-01,107,Bicicleta Aro 29,Esporte e Lazer,1,1799.00,1799.00,Porto Alegre,RS,Pix
4043,2025-09-01,115,Mouse Sem Fio,Informática,5,79.90,399.50,Salvador,BA,Pix
4044,2025-09-01,105,Máquina de Lavar 12kg,Eletrodomésticos,2,2089.05,4178.10,São Paulo,SP,Cartão Débito
4045,2025-09-02,107,Controle Sem Fio,Games,1,297.42,297.42,Rio de Janeiro,RJ,Pix
4046,2025-09-02,116,Máquina de Lavar 12kg,Eletrodomésticos,1,2199.00,2199.00,Niterói,RJ,Cartão Crédito
4047,2025-09-02,119,Console de Videogame,Games,2,2999.00,5998.00,São Paulo,SP,Cartão Crédito
4048,2025-09-02,101,Carregador Turbo USB-C,Celulares e Acessórios,1,89.90,89.90,Recife,PE,Boleto
4049,2025-09-02,108,Fone Bluetooth,Celulares e Acessórios,3,199.90,599.70,Campinas,SP,Pix
4050,2025-09-02,117,Jogo de Aventura,Games,3,212.42,637.26,Belo Horizonte,MG,Pix
4051,2025-09-02,112,Monitor Full HD 24pol,Informática,2,899.90,1799.80,Vitória da Conquista,BA,Pix
4052,2025-09-02,105,Micro-ondas 30L,Eletrodomésticos,3,649.90,1949.70,Porto Alegre,RS,Pix
4053,2025-09-02,115,Carregador Turbo USB-C,Celulares e Acessórios,3,89.90,269.70,Fortaleza,CE,Cartão Débito
4054,2025-09-02,120,Jogo de Aventura,Games,2,249.90,499.80,Campinas,SP,Pix
4055,2025-09-02,101,Esteira Elétrica,Esporte e Lazer,1,2609.10,2609.10,Uberlândia,MG,Cartão Débito
4056,2025-09-02,112,Controle Sem Fio,Games,3,349.90,1049.70,Goiânia,GO,Pix
4057,2025-09-02,106,Monitor Full HD 24pol,Informática,3,764.92,2294.76,Porto Alegre,RS,Cartão Débito
4058,2025-09-02,104,Airfryer 5L,Eletrodomésticos,4,429.90,1719.60,Campinas,SP,Cartão Crédito
4059,2025-09-02,103,Fone Bluetooth,Celulares e Acessórios,4,199.90,799.60,Santos,SP,Pix
4060,2025-09-03,109,Teclado Mecânico,Informática,4,275.40,1101.60,Niterói,RJ,Cartão Crédito
4061,2025-09-03,103,Mouse Sem Fio,Informática,6,79.90,479.40,Brasília,DF,Cartão Débito
4062,2025-09-03,106,Airfryer 5L,Eletrodomésticos,3,429.90,1289.70,Salvador,BA,Boleto
4063,2025-09-03,105,Máquina de Lavar 12kg,Eletrodomésticos,2,2199.00,4398.00,Niterói,RJ,Cartão Crédito
4064,2025-09-03,108,Teclado Mecânico,Informática,1,289.90,289.90,Fortaleza,CE,Boleto
4065,2025-09-03,110,Jogo de Aventura,Games,3,249.90,749.70,Curitiba,PR,Boleto
4066,2025-09-03,109,Micro-ondas 30L,Eletrodomésticos,1,649.90,649.90,Santos,SP,Cartão Crédito
4067,2025-09-03,104,Geladeira Frost Free 400L,Eletrodomésticos,1,3499.00,3499.00,Porto Alegre,RS,Cartão Débito
4068,2025-09-03,113,Airfryer 5L,Eletrodomésticos,2,408.40,816.80,Santos,SP,Pix
4069,2025-09-03,107,Controle Sem Fio,Games,4,332.40,1329.60,Niterói,RJ,Cartão Crédito
4070,2025-09-03,108,Smartphone 128GB,Celulares e Acessórios,1,1799.00,1799.00,São Paulo,SP,Cartão Crédito
4071,2025-09-03,106,Teclado Mecânico,Informática,4,275.40,1101.60,São Paulo,SP,Boleto
4072,2025-09-03,101,Mesa de Jantar 6 Cadeiras,Móveis,2,1804.05,3608.10,Fortaleza,CE,Cartão Crédito
4073,2025-09-03,104,Fone Bluetooth,Celulares e Acessórios,1,179.91,179.91,Niterói,RJ,Pix
4074,2025-09-03,120,Geladeira Frost Free 400L,Eletrodomésticos,1,3499.00,3499.00,Porto Alegre,RS,Boleto
4075,2025-09-04,109,Smartphone 128GB,Celulares e Acessórios,3,1799.00,5397.00,Porto Alegre,RS,Boleto
4076,2025-09-04,111,Smartphone 128GB,Celulares e Acessórios,1,1709.05,1709.05,Vitória da Conquista,BA,Cartão Crédito
4077,2025-09-04,104,Máquina de Lavar 12kg,Eletrodomésticos,1,2199.00,2199.00,Rio de Janeiro,RJ,Boleto
4078,2025-09-04,115,Smartphone 128GB,Celulares e Acessórios,1,1799.00,1799.00,Campinas,SP,Pix
4079,2025-09-04,104,Carregador Turbo USB-C,Celulares e Acessórios,2,89.90,179.80,Santos,SP,Pix
4080,2025-09-04,110,Geladeira Frost Free 400L,Eletrodomésticos,1,3499.00,3499.00,Fortaleza,CE,Boleto
4081,2025-09-04,107,Notebook Core i5,Informática,2,3299.90,6599.80,Belo Horizonte,MG,Cartão Débito
4082,2025-09-04,109,Carregador Turbo USB-C,Celulares e Acessórios,4,89.90,359.60,São Paulo,SP,Cartão Crédito
4083,2025-09-04,115,Mesa de Jantar 6 Cadeiras,Móveis,1,1899.00,1899.00,Recife,PE,Pix
4084,2025-09-04,109,Bicicleta Aro 29,Esporte e Lazer,2,1799.00,3598.00,São Paulo,SP,Pix
4085,2025-09-04,104,Esteira Elétrica,Esporte e Lazer,1,2609.10,2609.10,Curitiba,PR,Pix
4086,2025-09-04,116,Notebook Core i5,Informática,2,3134.90,6269.80,Fortaleza,CE,Cartão Crédito
4087,2025-09-04,111,Geladeira Frost Free 400L,Eletrodomésticos,2,3499.00,6998.00,Salvador,BA,Pix
4088,2025-09-04,116,Esteira Elétrica,Esporte e Lazer,1,2899.00,2899.00,Recife,PE,Pix
4089,2025-09-04,108,Kit Halteres 20kg,Esporte e Lazer,3,246.90,740.70,Salvador,BA,Pix
4090,2025-09-04,101,Geladeira Frost Free 400L,Eletrodomésticos,1,3324.05,3324.05,Campinas,SP,Cartão Crédito
4091,2025-09-04,120,Console de Videogame,Games,2,2699.10,5398.20,Uberlândia,MG,Cartão Crédito
4092,2025-09-04,107,Fone Bluetooth,Celulares e Acessórios,1,199.90,199.90,Campinas,SP,Pix
4093,2025-09-05,119,Console de Videogame,Games,1,2999.00,2999.00,Curitiba,PR,Cartão Débito
4094,2025-09-05,106,Controle Sem Fio,Games,4,349.90,1399.60,Recife,PE,Cartão Débito
4095,2025-09-05,120,Bicicleta Aro 29,Esporte e Lazer,2,1799.00,3598.00,Porto Alegre,RS,Pix
4096,2025-09-05,116,Cadeira de Escritório,Móveis,1,594.92,594.92,Campinas,SP,Pix
4097,2025-09-05,109,Controle Sem Fio,Games,1,332.40,332.40,Rio de Janeiro,RJ,Boleto
4098,2025-09-05,113,Cadeira de Escritório,Móveis,4,699.90,2799.60,Feira de Santana,BA,Pix
4099,2025-09-05,116,Controle Sem Fio,Games,2,349.90,699.80,Niterói,RJ,Cartão Débito
4100,2025-09-06,115,Mouse Sem Fio,Informática,5,71.91,359.55,Rio de Janeiro,RJ,Cartão Crédito
4101,2025-09-06,112,Cadeira de Escritório,Móveis,4,699.90,2799.60,Belo Horizonte,MG,Cartão Débito
4102,2025-09-06,101,Controle Sem Fio,Games,2,332.40,664.80,Feira de Santana,BA,Boleto
4103,2025-09-06,113,Smartphone 128GB,Celulares e Acessórios,1,1799.00,1799.00,Vitória da Conquista,BA,Cartão Débito
4104,2025-09-06,106,Máquina de Lavar 12kg,Eletrodomésticos,1,1979.10,1979.10,Brasília,DF,Cartão Débito
4105,2025-09-06,106,Console de Videogame,Games,1,2999.00,2999.00,Brasília,DF,Pix
4106,2025-09-06,117,Kit Halteres 20kg,Esporte e Lazer,3,259.90,779.70,Campinas,SP,Cartão Crédito
4107,2025-09-06,107,Airfryer 5L,Eletrodomésticos,1,429.90,429.90,Niterói,RJ,Cartão Crédito
4108,2025-09-06,110,Airfryer 5L,Eletrodomésticos,2,429.90,859.80,São Paulo,SP,Pix
4109,2025-09-06,103,Smartphone 128GB,Celulares e Acessórios,2,1799.00,3598.00,Brasília,DF,Pix
4110,2025-09-06,103,Teclado Mecânico,Informática,3,260.91,782.73,Fortaleza,CE,Cartão Débito
4111,2025-09-06,104,Teclado Mecânico,Informática,4,289.90,1159.60,Rio de Janeiro,RJ,Pix
4112,2025-09-06,108,Esteira Elétrica,Esporte e Lazer,2,2899.00,5798.00,Belo Horizonte,MG,Cartão Crédito
4113,2025-09-06,105,Geladeira Frost Free 400L,Eletrodomésticos,2,3499.00,6998.00,Recife,PE,Cartão Crédito
4114,2025-09-06,120,Fone Bluetooth,Celulares e Acessórios,4,199.90,799.60,Belo Horizonte,MG,Cartão Crédito
4115,2025-09-06,115,Sofá 3 Lugares,Móveis,2,2159.10,4318.20,Belo Horizonte,MG,Boleto
4116,2025-09-06,107,Sofá 3 Lugares,Móveis,2,2399.00,4798.00,Recife,PE,Cartão Crédito
4117,2025-09-06,109,Kit Halteres 20kg,Esporte e Lazer,2,259.90,519.80,Fortaleza,CE,Cartão Crédito
4118,2025-09-07,104,Kit Halteres 20kg,Esporte e Lazer,1,259.90,259.90,Santos,SP,Boleto
4119,2025-09-07,110,Geladeira Frost Free 400L,Eletrodomésticos,2,3499.00,6998.00,Salvador,BA,Cartão Débito
4120,2025-09-07,108,Carregador Turbo USB-C,Celulares e Acessórios,2,89.90,179.80,Rio de Janeiro,RJ,Cartão Crédito
4121,2025-09-07,108,Mouse Sem Fio,Informática,1,79.90,79.90,Curitiba,PR,Cartão Crédito
4122,2025-09-07,109,Smartphone 128GB,Celulares e Acessórios,3,1799.00,5397.00,Salvador,BA,Pix
4123,2025-09-07,105,Sofá 3 Lugares,Móveis,1,2399.00,2399.00,Santos,SP,Cartão Débito
4124,2025-09-07,107,Smartphone 128GB,Celulares e Acessórios,1,1799.00,1799.00,Rio de Janeiro,RJ,Pix
4125,2025-09-07,107,Fone Bluetooth,Celulares e Acessórios,5,199.90,999.50,Recife,PE,Pix
4126,2025-09-07,112,Cadeira de Escritório,Móveis,3,629.91,1889.73,Santos,SP,Boleto
4127,2025-09-07,104,Geladeira Frost Free 400L,Eletrodomésticos,1,3324.05,3324.05,Santos,SP,Cartão Crédito
4128,2025-09-07,119,Sofá 3 Lugares,Móveis,1,2399.00,2399.00,Salvador,BA,Cartão Débito
4129,2025-09-07,120,Smartphone 128GB,Celulares e Acessórios,3,1799.00,5397.00,Brasília,DF,Pix
4130,2025-09-07,108,Monitor Full HD 24pol,Informática,2,899.90,1799.80,Recife,PE,Cartão Débito
4131,2025-09-07,101,Airfryer 5L,Eletrodomésticos,1,429.90,429.90,São Paulo,SP,Cartão Débito
4132,2025-09-07,116,Smartphone 128GB,Celulares e Acessórios,2,1799.00,3598.00,Uberlândia,MG,Cartão Crédito
4133,2025-09-07,107,Smartphone 128GB,Celulares e Acessórios,1,1799.00,1799.00,São Paulo,SP,Cartão Crédito
4134,2025-09-07,116,Mouse Sem Fio,Informática,1,79.90,79.90,Goiânia,GO,Cartão Crédito
4135,2025-09-08,112,Jogo de Aventura,Games,3,249.90,749.70,Feira de Santana,BA,Pix
4136,2025-09-08,120,Controle Sem Fio,Games,4,349.90,1399.60,São Paulo,SP,Boleto
4137,2025-09-08,105,Console de Videogame,Games,2,2999.00,5998.00,Niterói,RJ,Pix
4138,2025-09-08,110,Fone Bluetooth,Celulares e Acessórios,1,199.90,199.90,São Paulo,SP,Cartão Crédito
4139,2025-09-08,119,Monitor Full HD 24pol,Informática,3,899.90,2699.70,Feira de Santana,BA,Boleto
4140,2025-09-08,110,Controle Sem Fio,Games,4,349.90,1399.60,Santos,SP,Cartão Crédito
4141,2025-09-08,104,Monitor Full HD 24pol,Informática,1,899.90,899.90,Salvador,BA,Cartão Crédito
4142,2025-09-08,113,Mesa de Jantar 6 Cadeiras,Móveis,2,1899.00,3798.00,Niterói,RJ,Cartão Crédito
4143,2025-09-08,105,Micro-ondas 30L,Eletrodomésticos,3,649.90,1949.70,Rio de Janeiro,RJ,Pix
4144,2025-09-08,104,Monitor Full HD 24pol,Informática,2,899.90,1799.80,Vitória da Conquista,BA,Pix
4145,2025-09-08,110,Monitor Full HD 24pol,Informática,2,899.90,1799.80,Salvador,BA,Boleto
4146,2025-09-08,105,Teclado Mecânico,Informática,3,289.90,869.70,São Paulo,SP,Cartão Crédito
4147,2025-09-08,113,Console de Videogame,Games,1,2849.05,2849.05,São Paulo,SP,Pix
4148,2025-09-08,107,Mouse Sem Fio,Informática,6,75.90,455.40,Salvador,BA,Cartão Débito
4149,2025-09-08,106,Monitor Full HD 24pol,Informática,2,899.90,1799.80,Recife,PE,Cartão Débito
4150,2025-09-08,115,Jogo de Aventura,Games,3,249.90,749.70,Recife,PE,Boleto
4151,2025-09-08,110,Teclado Mecânico,Informática,4,260.91,1043.64,Curitiba,PR,Cartão Crédito
4152,2025-09-08,106,Monitor Full HD 24pol,Informática,2,854.90,1709.80,Recife,PE,Cartão Débito
4153,2025-09-08,112,Micro-ondas 30L,Eletrodomésticos,2,649.90,1299.80,Uberlândia,MG,Pix
4154,2025-09-09,105,Jogo de Aventura,Games,3,249.90,749.70,Campinas,SP,Pix
4155,2025-09-09,103,Notebook Core i5,Informática,2,3299.90,6599.80,Uberlândia,MG,Boleto
4156,2025-09-09,109,Mouse Sem Fio,Informática,2,79.90,159.80,Goiânia,GO,Cartão Crédito
4157,2025-09-09,101,Fone Bluetooth,Celulares e Acessórios,3,199.90,599.70,Goiânia,GO,Pix
4158,2025-09-09,120,Smartphone 128GB,Celulares e Acessórios,1,1799.00,1799.00,São Paulo,SP,Pix
4159,2025-09-09,119,Jogo de Aventura,Games,2,249.90,499.80,Porto Alegre,RS,Cartão Crédito
4160,2025-09-09,110,Mesa de Jantar 6 Cadeiras,Móveis,2,1899.00,3798.00,Uberlândia,MG,Cartão Débito
4161,2025-09-09,101,Bicicleta Aro 29,Esporte e Lazer,2,1619.10,3238.20,Belo Horizonte,MG,Cartão Crédito
4162,2025-09-09,117,Esteira Elétrica,Esporte e Lazer,1,2899.00,2899.00,Salvador,BA,Boleto
4163,2025-09-10,105,Esteira Elétrica,Esporte e Lazer,1,2609.10,2609.10,Brasília,DF,Cartão Crédito
4164,2025-09-10,103,Fone Bluetooth,Celulares e Acessórios,1,199.90,199.90,Santos,SP,Boleto
4165,2025-09-10,116,Micro-ondas 30L,Eletrodomésticos,2,584.91,1169.82,São Paulo,SP,Pix
4166,2025-09-10,108,Monitor Full HD 24pol,Informática,3,764.92,2294.76,Vitória da Conquista,BA,Pix
4167,2025-09-10,106,Sofá 3 Lugares,Móveis,2,2399.00,4798.00,Belo Horizonte,MG,Boleto
4168,2025-09-10,101,Sofá 3 Lugares,Móveis,1,2279.05,2279.05,São Paulo,SP,Cartão Crédito
4169,2025-09-10,119,Fone Bluetooth,Celulares e Acessórios,5,199.90,999.50,Fortaleza,CE,Boleto
4170,2025-09-10,108,Teclado Mecânico,Informática,2,289.90,579.80,Uberlândia,MG,Boleto
4171,2025-09-10,107,Teclado Mecânico,Informática,3,275.40,826.20,Santos,SP,Pix
4172,2025-09-10,120,Fone Bluetooth,Celulares e Acessórios,4,189.90,759.60,Salvador,BA,Cartão Crédito
4173,2025-09-10,115,Sofá 3 Lugares,Móveis,1,2399.00,2399.00,Brasília,DF,Cartão Crédito
4174,2025-09-10,104,Micro-ondas 30L,Eletrodomésticos,2,649.90,1299.80,Belo Horizonte,MG,Cartão Crédito
4175,2025-09-10,112,Micro-ondas 30L,Eletrodomésticos,1,649.90,649.90,Brasília,DF,Cartão Crédito
4176,2025-09-10,116,Esteira Elétrica,Esporte e Lazer,2,2754.05,5508.10,Salvador,BA,Cartão Débito
4177,2025-09-10,116,Mouse Sem Fio,Informática,2,79.90,159.80,Rio de Janeiro,RJ,Cartão Débito
4178,2025-09-10,112,Monitor Full HD 24pol,Informática,3,899.90,2699.70,Belo Horizonte,MG,Cartão Débito
4179,2025-09-10,104,Monitor Full HD 24pol,Informática,1,899.90,899.90,Santos,SP,Cartão Débito
4180,2025-09-10,107,Mesa de Jantar 6 Cadeiras,Móveis,2,1899.00,3798.00,Uberlândia,MG,Cartão Débito
4181,2025-09-10,116,Sofá 3 Lugares,Móveis,1,2039.15,2039.15,São Paulo,SP,Cartão Crédito
4182,2025-09-11,110,Jogo de Aventura,Games,3,249.90,749.70,Campinas,SP,Boleto
4183,2025-09-11,119,Teclado Mecânico,Informática,4,289.90,1159.60,Salvador,BA,Cartão Crédito
4184,2025-09-11,119,Notebook Core i5,Informática,1,3299.90,3299.90,Curitiba,PR,Cartão Crédito
4185,2025-09-11,112,Cadeira de Escritório,Móveis,2,699.90,1399.80,Curitiba,PR,Cartão Débito
4186,2025-09-11,116,Kit Halteres 20kg,Esporte e Lazer,3,259.90,779.70,Belo Horizonte,MG,Cartão Débito
4187,2025-09-11,120,Controle Sem Fio,Games,2,332.40,664.80,Uberlândia,MG,Pix
4188,2025-09-11,120,Esteira Elétrica,Esporte e Lazer,2,2754.05,5508.10,Uberlândia,MG,Cartão Débito
4189,2025-09-11,108,Mesa de Jantar 6 Cadeiras,Móveis,2,1899.00,3798.00,Uberlândia,MG,Boleto
4190,2025-09-11,111,Esteira Elétrica,Esporte e Lazer,2,2609.10,5218.20,São Paulo,SP,Cartão Débito
4191,2025-09-11,117,Esteira Elétrica,Esporte e Lazer,2,2754.05,5508.10,Fortaleza,CE,Cartão Débito
4192,2025-09-11,110,Micro-ondas 30L,Eletrodomésticos,1,649.90,649.90,Rio de Janeiro,RJ,Boleto
4193,2025-09-11,103,Geladeira Frost Free 400L,Eletrodomésticos,1,3499.00,3499.00,Brasília,DF,Boleto
4194,2025-09-11,101,Mesa de Jantar 6 Cadeiras,Móveis,1,1804.05,1804.05,Belo Horizonte,MG,Cartão Crédito
4195,2025-09-11,116,Geladeira Frost Free 400L,Eletrodomésticos,1,3499.00,3499.00,São Paulo,SP,Pix
4196,2025-09-11,107,Kit Halteres 20kg,Esporte e Lazer,4,259.90,1039.60,Feira de Santana,BA,Cartão Crédito
4197,2025-09-11,111,Micro-ondas 30L,Eletrodomésticos,1,649.90,649.90,São Paulo,SP,Cartão Crédito
4198,2025-09-11,105,Máquina de Lavar 12kg,Eletrodomésticos,2,2089.05,4178.10,Rio de Janeiro,RJ,Cartão Crédito
4199,2025-09-11,104,Mesa de Jantar 6 Cadeiras,Móveis,1,1804.05,1804.05,São Paulo,SP,Cartão Crédito
4200,2025-09-11,107,Monitor Full HD 24pol,Informática,1,899.90,899.90,São Paulo,SP,Boleto
4201,2025-09-11,113,Airfryer 5L,Eletrodomésticos,2,429.90,859.80,Feira de Santana,BA,Boleto
4202,2025-09-11,108,Console de Videogame,Games,1,2999.00,2999.00,Vitória da Conquista,BA,Pix
4203,2025-09-12,119,Cadeira de Escritório,Móveis,1,699.90,699.90,Feira de Santana,BA,Boleto
4204,2025-09-12,103,Fone Bluetooth,Celulares e Acessórios,2,199.90,399.80,São Paulo,SP,Cartão Crédito
4205,2025-09-12,111,Máquina de Lavar 12kg,Eletrodomésticos,2,2199.00,4398.00,Uberlândia,MG,Boleto
4206,2025-09-12,112,Airfryer 5L,Eletrodomésticos,4,429.90,1719.60,Porto Alegre,RS,Boleto
4207,2025-09-12,107,Micro-ondas 30L,Eletrodomésticos,2,649.90,1299.80,Belo Horizonte,MG,Pix
4208,2025-09-12,110,Carregador Turbo USB-C,Celulares e Acessórios,2,76.42,152.84,Rio de Janeiro,RJ,Pix
4209,2025-09-12,117,Kit Halteres 20kg,Esporte e Lazer,4,259.90,1039.60,Salvador,BA,Pix
4210,2025-09-12,107,Cadeira de Escritório,Móveis,3,699.90,2099.70,Vitória da Conquista,BA,Cartão Débito
4211,2025-09-12,103,Notebook Core i5,Informática,1,3299.90,3299.90,Recife,PE,Pix
4212,2025-09-12,104,Fone Bluetooth,Celulares e Acessórios,3,179.91,539.73,Uberlândia,MG,Pix
4213,2025-09-12,111,Smartphone 128GB,Celulares e Acessórios,3,1709.05,5127.15,Goiânia,GO,Cartão Débito
4214,2025-09-12,110,Monitor Full HD 24pol,Informática,2,899.90,1799.80,São Paulo,SP,Cartão Crédito
4215,2025-09-12,103,Mouse Sem Fio,Informática,2,79.90,159.80,Fortaleza,CE,Boleto
4216,2025-09-13,105,Mesa de Jantar 6 Cadeiras,Móveis,2,1614.15,3228.30,Feira de Santana,BA,Cartão Crédito
4217,2025-09-13,110,Monitor Full HD 24pol,Informática,1,899.90,899.90,Santos,SP,Pix
4218,2025-09-13,119,Jogo de Aventura,Games,3,249.90,749.70,Campinas,SP,Pix
4219,2025-09-13,112,Mesa de Jantar 6 Cadeiras,Móveis,1,1709.10,1709.10,Brasília,DF,Pix
4220,2025-09-13,104,Controle Sem Fio,Games,2,349.90,699.80,Salvador,BA,Cartão Débito
4221,2025-09-13,120,Jogo de Aventura,Games,5,249.90,1249.50,Recife,PE,Boleto
4222,2025-09-13,107,Jogo de Aventura,Games,3,212.42,637.26,Recife,PE,Cartão Débito
4223,2025-09-13,110,Controle Sem Fio,Games,2,314.91,629.82,Belo Horizonte,MG,Cartão Crédito
4224,2025-09-13,106,Sofá 3 Lugares,Móveis,2,2399.00,4798.00,Campinas,SP,Cartão Débito
4225,2025-09-13,119,Bicicleta Aro 29,Esporte e Lazer,2,1799.00,3598.00,São Paulo,SP,Boleto
4226,2025-09-13,112,Mouse Sem Fio,Informática,1,75.90,75.90,Belo Horizonte,MG,Pix
4227,2025-09-13,110,Bicicleta Aro 29,Esporte e Lazer,2,1799.00,3598.00,São Paulo,SP,Boleto
4228,2025-09-14,115,Sofá 3 Lugares,Móveis,1,2039.15,2039.15,Brasília,DF,Boleto
4229,2025-09-14,104,Teclado Mecânico,Informática,1,289.90,289.90,São Paulo,SP,Pix
4230,2025-09-14,106,Bicicleta Aro 29,Esporte e Lazer,1,1799.00,1799.00,São Paulo,SP,Pix
4231,2025-09-14,107,Mesa de Jantar 6 Cadeiras,Móveis,2,1899.00,3798.00,Curitiba,PR,Boleto
4232,2025-09-14,103,Jogo de Aventura,Games,1,249.90,249.90,Salvador,BA,Cartão Crédito
4233,2025-09-14,113,Cadeira de Escritório,Móveis,3,699.90,2099.70,Curitiba,PR,Pix
4234,2025-09-14,113,Notebook Core i5,Informática,2,3299.90,6599.80,Recife,PE,Cartão Débito
4235,2025-09-14,115,Smartphone 128GB,Celulares e Acessórios,3,1799.00,5397.00,Feira de Santana,BA,Cartão Débito
4236,2025-09-14,120,Esteira Elétrica,Esporte e Lazer,2,2899.00,5798.00,Curitiba,PR,Cartão Crédito
4237,2025-09-14,115,Jogo de Aventura,Games,2,249.90,499.80,Uberlândia,MG,Cartão Crédito
4238,2025-09-14,104,Kit Halteres 20kg,Esporte e Lazer,3,259.90,779.70,Brasília,DF,Cartão Débito
4239,2025-09-14,106,Máquina de Lavar 12kg,Eletrodomésticos,2,2199.00,4398.00,Uberlândia,MG,Cartão Crédito
4240,2025-09-14,110,Mesa de Jantar 6 Cadeiras,Móveis,1,1899.00,1899.00,Vitória da Conquista,BA,Cartão Crédito
4241,2025-09-14,106,Jogo de Aventura,Games,4,237.40,949.60,Vitória da Conquista,BA,Cartão Débito
4242,2025-09-14,110,Máquina de Lavar 12kg,Eletrodomésticos,2,2199.00,4398.00,Vitória da Conquista,BA,Cartão Crédito
4243,2025-09-14,104,Console de Videogame,Games,1,2699.10,2699.10,Belo Horizonte,MG,Pix
4244,2025-09-14,116,Monitor Full HD 24pol,Informática,1,854.90,854.90,Campinas,SP,Pix
4245,2025-09-14,101,Carregador Turbo USB-C,Celulares e Acessórios,6,89.90,539.40,Santos,SP,Cartão Crédito
4246,2025-09-15,119,Notebook Core i5,Informática,1,3299.90,3299.90,Vitória da Conquista,BA,Pix
4247,2025-09-15,111,Bicicleta Aro 29,Esporte e Lazer,1,1709.05,1709.05,Salvador,BA,Pix
4248,2025-09-15,101,Smartphone 128GB,Celulares e Acessórios,2,1799.00,3598.00,São Paulo,SP,Cartão Crédito
4249,2025-09-15,108,Monitor Full HD 24pol,Informática,2,809.91,1619.82,Brasília,DF,Cartão Crédito
4250,2025-09-15,115,Smartphone 128GB,Celulares e Acessórios,3,1709.05,5127.15,Feira de Santana,BA,Cartão Crédito
4251,2025-09-15,111,Cadeira de Escritório,Móveis,3,699.90,2099.70,Curitiba,PR,Pix
4252,2025-09-15,109,Monitor Full HD 24pol,Informática,3,899.90,2699.70,Recife,PE,Pix
4253,2025-09-15,105,Carregador Turbo USB-C,Celulares e Acessórios,2,76.42,152.84,São Paulo,SP,Cartão Crédito
4254,2025-09-15,113,Monitor Full HD 24pol,Informática,3,854.90,2564.70,Rio de Janeiro,RJ,Cartão Crédito
4255,2025-09-15,116,Jogo de Aventura,Games,3,249.90,749.70,Belo Horizonte,MG,Cartão Débito
4256,2025-09-15,120,Monitor Full HD 24pol,Informática,2,764.92,1529.84,Belo Horizonte,MG,Pix
4257,2025-09-15,105,Notebook Core i5,Informática,2,3299.90,6599.80,Salvador,BA,Cartão Crédito
4258,2025-09-15,103,Kit Halteres 20kg,Esporte e Lazer,2,259.90,519.80,Feira de Santana,BA,Pix
4259,2025-09-15,116,Jogo de Aventura,Games,3,249.90,749.70,Campinas,SP,Cartão Crédito
4260,2025-09-15,113,Teclado Mecânico,Informática,4,289.90,1159.60,Belo Horizonte,MG,Cartão Crédito
4261,2025-09-15,115,Notebook Core i5,Informática,1,3134.90,3134.90,Vitória da Conquista,BA,Pix
4262,2025-09-15,104,Console de Videogame,Games,2,2699.10,5398.20,Brasília,DF,Pix
4263,2025-09-15,103,Airfryer 5L,Eletrodomésticos,3,429.90,1289.70,Belo Horizonte,MG,Boleto
4264,2025-09-15,112,Monitor Full HD 24pol,Informática,3,899.90,2699.70,Curitiba,PR,Cartão Crédito
4265,2025-09-15,101,Carregador Turbo USB-C,Celulares e Acessórios,1,85.40,85.40,Fortaleza,CE,Pix
4266,2025-09-15,104,Controle Sem Fio,Games,4,349.90,1399.60,Curitiba,PR,Boleto
4267,2025-09-15,110,Fone Bluetooth,Celulares e Acessórios,1,199.90,199.90,Feira de Santana,BA,Pix
4268,2025-09-16,111,Monitor Full HD 24pol,Informática,3,899.90,2699.70,Belo Horizonte,MG,Cartão Crédito
4269,2025-09-16,113,Notebook Core i5,Informática,2,3299.90,6599.80,Brasília,DF,Cartão Crédito
4270,2025-09-16,112,Esteira Elétrica,Esporte e Lazer,2,2899.00,5798.00,Fortaleza,CE,Boleto
4271,2025-09-16,113,Bicicleta Aro 29,Esporte e Lazer,1,1799.00,1799.00,Rio de Janeiro,RJ,Boleto
4272,2025-09-16,117,Sofá 3 Lugares,Móveis,1,2399.00,2399.00,Vitória da Conquista,BA,Cartão Débito
4273,2025-09-16,120,Fone Bluetooth,Celulares e Acessórios,1,199.90,199.90,Fortaleza,CE,Cartão Débito
4274,2025-09-16,113,Mouse Sem Fio,Informática,5,71.91,359.55,Vitória da Conquista,BA,Pix
4275,2025-09-16,116,Controle Sem Fio,Games,4,332.40,1329.60,Curitiba,PR,Boleto
4276,2025-09-16,101,Máquina de Lavar 12kg,Eletrodomésticos,1,2199.00,2199.00,Santos,SP,Cartão Crédito
4277,2025-09-16,110,Jogo de Aventura,Games,2,249.90,499.80,Uberlândia,MG,Cartão Crédito
4278,2025-09-16,108,Geladeira Frost Free 400L,Eletrodomésticos,2,3499.00,6998.00,Fortaleza,CE,Cartão Débito
4279,2025-09-16,109,Kit Halteres 20kg,Esporte e Lazer,1,259.90,259.90,Vitória da Conquista,BA,Cartão Crédito
4280,2025-09-16,115,Jogo de Aventura,Games,1,237.40,237.40,Vitória da Conquista,BA,Cartão Débito
4281,2025-09-16,107,Geladeira Frost Free 400L,Eletrodomésticos,1,3499.00,3499.00,Feira de Santana,BA,Cartão Crédito
4282,2025-09-16,120,Sofá 3 Lugares,Móveis,2,2399.00,4798.00,Fortaleza,CE,Pix
4283,2025-09-16,104,Mouse Sem Fio,Informática,2,79.90,159.80,Curitiba,PR,Pix
4284,2025-09-16,103,Sofá 3 Lugares,Móveis,2,2399.00,4798.00,Fortaleza,CE,Boleto
4285,2025-09-16,108,Controle Sem Fio,Games,1,349.90,349.90,Porto Alegre,RS,Pix
4286,2025-09-16,101,Geladeira Frost Free 400L,Eletrodomésticos,2,3499.00,6998.00,Goiânia,GO,Cartão Débito
4287,2025-09-16,116,Notebook Core i5,Informática,1,3299.90,3299.90,São Paulo,SP,Pix
4288,2025-09-16,104,Máquina de Lavar 12kg,Eletrodomésticos,2,2199.00,4398.00,Belo Horizonte,MG,Cartão Crédito
4289,2025-09-16,120,Máquina de Lavar 12kg,Eletrodomésticos,2,2199.00,4398.00,Rio de Janeiro,RJ,Cartão Crédito
4290,2025-09-16,120,Mesa de Jantar 6 Cadeiras,Móveis,2,1899.00,3798.00,Uberlândia,MG,Boleto
4291,2025-09-17,111,Smartphone 128GB,Celulares e Acessórios,2,1799.00,3598.00,Belo Horizonte,MG,Cartão Crédito
4292,2025-09-17,110,Console de Videogame,Games,2,2999.00,5998.00,Salvador,BA,Boleto
4293,2025-09-17,103,Fone Bluetooth,Celulares e Acessórios,5,189.90,949.50,Belo Horizonte,MG,Cartão Débito
4294,2025-09-17,106,Micro-ondas 30L,Eletrodomésticos,3,617.40,1852.20,Uberlândia,MG,Cartão Débito
4295,2025-09-17,115,Mesa de Jantar 6 Cadeiras,Móveis,1,1899.00,1899.00,Belo Horizonte,MG,Cartão Crédito
4296,2025-09-17,105,Kit Halteres 20kg,Esporte e Lazer,4,259.90,1039.60,Recife,PE,Boleto
4297,2025-09-17,113,Mouse Sem Fio,Informática,1,75.90,75.90,Campinas,SP,Cartão Crédito
4298,2025-09-17,120,Notebook Core i5,Informática,2,3299.90,6599.80,Salvador,BA,Cartão Crédito
4299,2025-09-17,106,Kit Halteres 20kg,Esporte e Lazer,1,233.91,233.91,Uberlândia,MG,Boleto
4300,2025-09-17,116,Geladeira Frost Free 400L,Eletrodomésticos,2,3499.00,6998.00,Salvador,BA,Cartão Débito
4301,2025-09-17,106,Mesa de Jantar 6 Cadeiras,Móveis,1,1899.00,1899.00,Campinas,SP,Pix
4302,2025-09-17,111,Esteira Elétrica,Esporte e Lazer,2,2899.00,5798.00,Porto Alegre,RS,Boleto
4303,2025-09-17,115,Controle Sem Fio,Games,3,349.90,1049.70,Rio de Janeiro,RJ,Boleto
4304,2025-09-17,111,Cadeira de Escritório,Móveis,3,594.92,1784.76,Niterói,RJ,Boleto
4305,2025-09-17,105,Carregador Turbo USB-C,Celulares e Acessórios,6,89.90,539.40,Porto Alegre,RS,Cartão Crédito
4306,2025-09-17,109,Bicicleta Aro 29,Esporte e Lazer,2,1799.00,3598.00,Curitiba,PR,Cartão Crédito
4307,2025-09-17,119,Cadeira de Escritório,Móveis,3,699.90,2099.70,Salvador,BA,Boleto
4308,2025-09-17,119,Console de Videogame,Games,1,2699.10,2699.10,Santos,SP,Cartão Crédito
4309,2025-09-17,106,Geladeira Frost Free 400L,Eletrodomésticos,2,3499.00,6998.00,Uberlândia,MG,Pix
4310,2025-09-18,116,Teclado Mecânico,Informática,4,289.90,1159.60,Recife,PE,Boleto
4311,2025-09-18,111,Smartphone 128GB,Celulares e Acessórios,2,1799.00,3598.00,Niterói,RJ,Boleto
4312,2025-09-18,117,Mesa de Jantar 6 Cadeiras,Móveis,1,1899.00,1899.00,Niterói,RJ,Boleto
4313,2025-09-18,113,Monitor Full HD 24pol,Informática,3,899.90,2699.70,Vitória da Conquista,BA,Cartão Débito
4314,2025-09-18,101,Smartphone 128GB,Celulares e Acessórios,2,1799.00,3598.00,Rio de Janeiro,RJ,Pix
4315,2025-09-18,117,Cadeira de Escritório,Móveis,1,664.90,664.90,Feira de Santana,BA,Cartão Crédito
4316,2025-09-18,104,Controle Sem Fio,Games,2,349.90,699.80,Rio de Janeiro,RJ,Pix
4317,2025-09-18,109,Smartphone 128GB,Celulares e Acessórios,3,1529.15,4587.45,Recife,PE,Cartão Crédito
4318,2025-09-18,106,Cadeira de Escritório,Móveis,3,699.90,2099.70,Curitiba,PR,Pix
4319,2025-09-18,117,Jogo de Aventura,Games,3,249.90,749.70,Brasília,DF,Cartão Débito
4320,2025-09-18,113,Monitor Full HD 24pol,Informática,2,899.90,1799.80,Rio de Janeiro,RJ,Boleto
4321,2025-09-18,108,Controle Sem Fio,Games,3,349.90,1049.70,Rio de Janeiro,RJ,Pix
4322,2025-09-18,112,Jogo de Aventura,Games,5,249.90,1249.50,Vitória da Conquista,BA,Cartão Débito
4323,2025-09-18,107,Mesa de Jantar 6 Cadeiras,Móveis,2,1899.00,3798.00,Recife,PE,Cartão Débito
4324,2025-09-18,109,Micro-ondas 30L,Eletrodomésticos,1,649.90,649.90,Feira de Santana,BA,Boleto
4325,2025-09-18,113,Console de Videogame,Games,2,2699.10,5398.20,Belo Horizonte,MG,Cartão Débito
4326,2025-09-18,103,Controle Sem Fio,Games,3,297.42,892.26,Niterói,RJ,Cartão Débito
4327,2025-09-19,120,Airfryer 5L,Eletrodomésticos,3,429.90,1289.70,Feira de Santana,BA,Boleto
4328,2025-09-19,106,Smartphone 128GB,Celulares e Acessórios,3,1799.00,5397.00,Salvador,BA,Pix
4329,2025-09-19,106,Notebook Core i5,Informática,2,3134.90,6269.80,Rio de Janeiro,RJ,Cartão Débito
4330,2025-09-19,111,Cadeira de Escritório,Móveis,3,664.90,1994.70,São Paulo,SP,Boleto
4331,2025-09-19,110,Carregador Turbo USB-C,Celulares e Acessórios,3,89.90,269.70,Curitiba,PR,Boleto
4332,2025-09-19,103,Micro-ondas 30L,Eletrodomésticos,3,649.90,1949.70,Salvador,BA,Cartão Débito
4333,2025-09-19,107,Máquina de Lavar 12kg,Eletrodomésticos,2,2089.05,4178.10,São Paulo,SP,Cartão Crédito
4334,2025-09-19,120,Fone Bluetooth,Celulares e Acessórios,3,199.90,599.70,Curitiba,PR,Pix
4335,2025-09-19,101,Esteira Elétrica,Esporte e Lazer,2,2899.00,5798.00,São Paulo,SP,Cartão Crédito
4336,2025-09-19,112,Kit Halteres 20kg,Esporte e Lazer,2,259.90,519.80,Brasília,DF,Cartão Débito
4337,2025-09-19,117,Monitor Full HD 24pol,Informática,3,899.90,2699.70,Belo Horizonte,MG,Cartão Crédito
4338,2025-09-19,106,Teclado Mecânico,Informática,3,289.90,869.70,Salvador,BA,Cartão Crédito
4339,2025-09-19,110,Monitor Full HD 24pol,Informática,3,764.92,2294.76,Niterói,RJ,Boleto
4340,2025-09-19,105,Esteira Elétrica,Esporte e Lazer,2,2899.00,5798.00,Brasília,DF,Pix
4341,2025-09-19,111,Notebook Core i5,Informática,2,3134.90,6269.80,São Paulo,SP,Cartão Débito
4342,2025-09-19,116,Esteira Elétrica,Esporte e Lazer,1,2899.00,2899.00,Goiânia,GO,Boleto
4343,2025-09-19,111,Jogo de Aventura,Games,5,249.90,1249.50,Niterói,RJ,Cartão Crédito
4344,2025-09-20,119,Sofá 3 Lugares,Móveis,1,2399.00,2399.00,Niterói,RJ,Cartão Crédito
4345,2025-09-20,107,Kit Halteres 20kg,Esporte e Lazer,4,233.91,935.64,Curitiba,PR,Cartão Crédito
4346,2025-09-20,112,Mouse Sem Fio,Informática,5,67.92,339.60,Rio de Janeiro,RJ,Pix
4347,2025-09-20,116,Bicicleta Aro 29,Esporte e Lazer,2,1799.00,3598.00,Vitória da Conquista,BA,Pix
4348,2025-09-20,108,Notebook Core i5,Informática,2,3299.90,6599.80,Vitória da Conquista,BA,Pix
4349,2025-09-20,119,Máquina de Lavar 12kg,Eletrodomésticos,2,2199.00,4398.00,Salvador,BA,Cartão Débito
4350,2025-09-20,104,Kit Halteres 20kg,Esporte e Lazer,2,259.90,519.80,Recife,PE,Boleto
4351,2025-09-20,107,Notebook Core i5,Informática,1,3134.90,3134.90,Porto Alegre,RS,Boleto
4352,2025-09-20,116,Monitor Full HD 24pol,Informática,1,854.90,854.90,Feira de Santana,BA,Boleto
4353,2025-09-20,104,Mesa de Jantar 6 Cadeiras,Móveis,2,1804.05,3608.10,Belo Horizonte,MG,Boleto
4354,2025-09-21,101,Smartphone 128GB,Celulares e Acessórios,2,1619.10,3238.20,Uberlândia,MG,Cartão Crédito
4355,2025-09-21,107,Smartphone 128GB,Celulares e Acessórios,2,1799.00,3598.00,Vitória da Conquista,BA,Cartão Débito
4356,2025-09-21,108,Cadeira de Escritório,Móveis,2,699.90,1399.80,Porto Alegre,RS,Pix
4357,2025-09-21,106,Console de Videogame,Games,2,2999.00,5998.00,Goiânia,GO,Pix
4358,2025-09-21,120,Notebook Core i5,Informática,2,3299.90,6599.80,Uberlândia,MG,Pix
4359,2025-09-21,109,Geladeira Frost Free 400L,Eletrodomésticos,2,3324.05,6648.10,Curitiba,PR,Cartão Débito
4360,2025-09-21,105,Mesa de Jantar 6 Cadeiras,Móveis,2,1899.00,3798.00,Santos,SP,Pix
4361,2025-09-21,103,Notebook Core i5,Informática,1,3299.90,3299.90,Porto Alegre,RS,Boleto
4362,2025-09-21,117,Notebook Core i5,Informática,2,3299.90,6599.80,Fortaleza,CE,Boleto
4363,2025-09-21,119,Monitor Full HD 24pol,Informática,3,854.90,2564.70,Santos,SP,Boleto
4364,2025-09-21,113,Cadeira de Escritório,Móveis,2,699.90,1399.80,Fortaleza,CE,Cartão Débito
4365,2025-09-21,111,Controle Sem Fio,Games,4,349.90,1399.60,Niterói,RJ,Cartão Débito
4366,2025-09-21,119,Teclado Mecânico,Informática,2,289.90,579.80,Campinas,SP,Cartão Débito
4367,2025-09-21,106,Mesa de Jantar 6 Cadeiras,Móveis,2,1899.00,3798.00,Brasília,DF,Boleto
4368,2025-09-21,107,Smartphone 128GB,Celulares e Acessórios,3,1799.00,5397.00,Rio de Janeiro,RJ,Cartão Débito
4369,2025-09-21,105,Console de Videogame,Games,1,2999.00,2999.00,Goiânia,GO,Cartão Crédito
4370,2025-09-21,107,Airfryer 5L,Eletrodomésticos,4,429.90,1719.60,Porto Alegre,RS,Cartão Débito
4371,2025-09-22,113,Geladeira Frost Free 400L,Eletrodomésticos,2,3499.00,6998.00,Belo Horizonte,MG,Cartão Débito
4372,2025-09-22,113,Micro-ondas 30L,Eletrodomésticos,3,649.90,1949.70,São Paulo,SP,Cartão Crédito
4373,2025-09-22,104,Monitor Full HD 24pol,Informática,2,809.91,1619.82,Brasília,DF,Cartão Crédito
4374,2025-09-22,107,Jogo de Aventura,Games,3,224.91,674.73,Belo Horizonte,MG,Boleto
4375,2025-09-22,120,Teclado Mecânico,Informática,2,275.40,550.80,São Paulo,SP,Boleto
4376,2025-09-22,110,Fone Bluetooth,Celulares e Acessórios,5,199.90,999.50,Campinas,SP,Cartão Crédito
4377,2025-09-22,119,Airfryer 5L,Eletrodomésticos,1,429.90,429.90,Vitória da Conquista,BA,Pix
4378,2025-09-22,113,Micro-ondas 30L,Eletrodomésticos,3,649.90,1949.70,Belo Horizonte,MG,Cartão Crédito
4379,2025-09-22,106,Carregador Turbo USB-C,Celulares e Acessórios,2,89.90,179.80,Salvador,BA,Cartão Crédito
4380,2025-09-22,103,Fone Bluetooth,Celulares e Acessórios,3,199.90,599.70,Feira de Santana,BA,Pix
4381,2025-09-22,120,Notebook Core i5,Informática,2,3134.90,6269.80,Goiânia,GO,Pix
4382,2025-09-22,111,Monitor Full HD 24pol,Informática,1,809.91,809.91,Brasília,DF,Cartão Crédito
4383,2025-09-22,106,Geladeira Frost Free 400L,Eletrodomésticos,2,3499.00,6998.00,Rio de Janeiro,RJ,Cartão Crédito
4384,2025-09-22,104,Airfryer 5L,Eletrodomésticos,2,429.90,859.80,Campinas,SP,Boleto
4385,2025-09-22,115,Console de Videogame,Games,1,2999.00,2999.00,Brasília,DF,Boleto
4386,2025-09-22,112,Mesa de Jantar 6 Cadeiras,Móveis,2,1614.15,3228.30,São Paulo,SP,Cartão Crédito
4387,2025-09-22,103,Monitor Full HD 24pol,Informática,1,899.90,899.90,São Paulo,SP,Pix
4388,2025-09-22,105,Bicicleta Aro 29,Esporte e Lazer,2,1799.00,3598.00,São Paulo,SP,Cartão Crédito
4389,2025-09-22,119,Máquina de Lavar 12kg,Eletrodomésticos,1,2199.00,2199.00,São Paulo,SP,Pix
4390,2025-09-23,109,Cadeira de Escritório,Móveis,4,699.90,2799.60,Santos,SP,Pix
4391,2025-09-23,110,Cadeira de Escritório,Móveis,3,699.90,2099.70,São Paulo,SP,Pix
4392,2025-09-23,110,Carregador Turbo USB-C,Celulares e Acessórios,4,89.90,359.60,Porto Alegre,RS,Cartão Débito
4393,2025-09-23,107,Máquina de Lavar 12kg,Eletrodomésticos,2,2089.05,4178.10,Rio de Janeiro,RJ,Pix
4394,2025-09-23,115,Geladeira Frost Free 400L,Eletrodomésticos,1,3499.00,3499.00,Belo Horizonte,MG,Cartão Crédito
4395,2025-09-23,119,Máquina de Lavar 12kg,Eletrodomésticos,2,2199.00,4398.00,Goiânia,GO,Pix
4396,2025-09-23,111,Mesa de Jantar 6 Cadeiras,Móveis,2,1899.00,3798.00,Goiânia,GO,Cartão Débito
4397,2025-09-23,105,Esteira Elétrica,Esporte e Lazer,2,2899.00,5798.00,Rio de Janeiro,RJ,Cartão Crédito
4398,2025-09-23,107,Micro-ondas 30L,Eletrodomésticos,3,649.90,1949.70,Uberlândia,MG,Cartão Crédito
4399,2025-09-23,112,Sofá 3 Lugares,Móveis,2,2399.00,4798.00,Belo Horizonte,MG,Cartão Crédito
4400,2025-09-23,119,Console de Videogame,Games,1,2999.00,2999.00,Brasília,DF,Cartão Crédito
4401,2025-09-23,101,Micro-ondas 30L,Eletrodomésticos,2,584.91,1169.82,Belo Horizonte,MG,Pix
4402,2025-09-23,108,Smartphone 128GB,Celulares e Acessórios,1,1799.00,1799.00,Curitiba,PR,Pix
4403,2025-09-23,107,Micro-ondas 30L,Eletrodomésticos,3,617.40,1852.20,Recife,PE,Boleto
4404,2025-09-23,109,Smartphone 128GB,Celulares e Acessórios,3,1799.00,5397.00,Goiânia,GO,Cartão Crédito
4405,2025-09-23,107,Kit Halteres 20kg,Esporte e Lazer,1,259.90,259.90,Feira de Santana,BA,Boleto
4406,2025-09-23,104,Controle Sem Fio,Games,3,349.90,1049.70,Porto Alegre,RS,Cartão Débito
4407,2025-09-23,107,Console de Videogame,Games,2,2699.10,5398.20,Rio de Janeiro,RJ,Pix
4408,2025-09-23,111,Carregador Turbo USB-C,Celulares e Acessórios,5,89.90,449.50,Vitória da Conquista,BA,Cartão Débito
4409,2025-09-23,119,Airfryer 5L,Eletrodomésticos,1,429.90,429.90,Porto Alegre,RS,Cartão Crédito
4410,2025-09-24,112,Geladeira Frost Free 400L,Eletrodomésticos,1,3149.10,3149.10,Belo Horizonte,MG,Pix
4411,2025-09-24,109,Monitor Full HD 24pol,Informática,3,899.90,2699.70,Niterói,RJ,Pix
4412,2025-09-24,113,Mesa de Jantar 6 Cadeiras,Móveis,2,1899.00,3798.00,Porto Alegre,RS,Boleto
4413,2025-09-24,119,Monitor Full HD 24pol,Informática,1,809.91,809.91,Feira de Santana,BA,Pix
4414,2025-09-24,108,Controle Sem Fio,Games,4,349.90,1399.60,Curitiba,PR,Pix
4415,2025-09-24,110,Airfryer 5L,Eletrodomésticos,2,429.90,859.80,Goiânia,GO,Boleto
4416,2025-09-24,106,Máquina de Lavar 12kg,Eletrodomésticos,2,2199.00,4398.00,Rio de Janeiro,RJ,Cartão Crédito
4417,2025-09-24,108,Esteira Elétrica,Esporte e Lazer,1,2754.05,2754.05,São Paulo,SP,Cartão Débito
4418,2025-09-24,111,Esteira Elétrica,Esporte e Lazer,1,2899.00,2899.00,Belo Horizonte,MG,Cartão Débito
4419,2025-09-24,117,Fone Bluetooth,Celulares e Acessórios,3,199.90,599.70,Rio de Janeiro,RJ,Boleto
4420,2025-09-24,113,Smartphone 128GB,Celulares e Acessórios,1,1619.10,1619.10,Campinas,SP,Cartão Débito
4421,2025-09-24,108,Monitor Full HD 24pol,Informática,3,899.90,2699.70,Santos,SP,Cartão Crédito
4422,2025-09-24,101,Esteira Elétrica,Esporte e Lazer,1,2899.00,2899.00,Feira de Santana,BA,Pix
4423,2025-09-24,106,Mesa de Jantar 6 Cadeiras,Móveis,2,1899.00,3798.00,Brasília,DF,Boleto
4424,2025-09-24,106,Console de Videogame,Games,2,2999.00,5998.00,Campinas,SP,Boleto
4425,2025-09-24,112,Bicicleta Aro 29,Esporte e Lazer,2,1619.10,3238.20,Goiânia,GO,Pix
4426,2025-09-25,117,Sofá 3 Lugares,Móveis,1,2399.00,2399.00,Niterói,RJ,Cartão Débito
4427,2025-09-25,110,Fone Bluetooth,Celulares e Acessórios,2,199.90,399.80,Recife,PE,Cartão Crédito
4428,2025-09-25,115,Sofá 3 Lugares,Móveis,1,2399.00,2399.00,São Paulo,SP,Pix
4429,2025-09-25,106,Geladeira Frost Free 400L,Eletrodomésticos,1,3499.00,3499.00,Recife,PE,Cartão Crédito
4430,2025-09-25,116,Notebook Core i5,Informática,2,3299.90,6599.80,Feira de Santana,BA,Cartão Crédito
4431,2025-09-25,117,Esteira Elétrica,Esporte e Lazer,2,2754.05,5508.10,Recife,PE,Boleto
4432,2025-09-25,108,Mesa de Jantar 6 Cadeiras,Móveis,2,1899.00,3798.00,Niterói,RJ,Pix
4433,2025-09-25,117,Smartphone 128GB,Celulares e Acessórios,3,1799.00,5397.00,Uberlândia,MG,Pix
4434,2025-09-25,119,Fone Bluetooth,Celulares e Acessórios,1,199.90,199.90,Campinas,SP,Cartão Débito
4435,2025-09-25,107,Mesa de Jantar 6 Cadeiras,Móveis,1,1899.00,1899.00,Brasília,DF,Cartão Crédito
4436,2025-09-25,105,Mouse Sem Fio,Informática,6,79.90,479.40,Recife,PE,Cartão Crédito
4437,2025-09-25,115,Esteira Elétrica,Esporte e Lazer,2,2899.00,5798.00,São Paulo,SP,Cartão Débito
4438,2025-09-25,111,Máquina de Lavar 12kg,Eletrodomésticos,2,2199.00,4398.00,Santos,SP,Boleto
4439,2025-09-25,116,Controle Sem Fio,Games,2,332.40,664.80,Campinas,SP,Pix
4440,2025-09-25,107,Bicicleta Aro 29,Esporte e Lazer,2,1709.05,3418.10,Brasília,DF,Pix
4441,2025-09-25,117,Esteira Elétrica,Esporte e Lazer,1,2899.00,2899.00,Rio de Janeiro,RJ,Cartão Débito
4442,2025-09-25,119,Esteira Elétrica,Esporte e Lazer,1,2899.00,2899.00,Porto Alegre,RS,Cartão Débito
4443,2025-09-25,120,Controle Sem Fio,Games,4,349.90,1399.60,Campinas,SP,Cartão Crédito
4444,2025-09-25,110,Bicicleta Aro 29,Esporte e Lazer,1,1799.00,1799.00,Uberlândia,MG,Cartão Crédito
4445,2025-09-25,115,Bicicleta Aro 29,Esporte e Lazer,1,1799.00,1799.00,Goiânia,GO,Pix
4446,2025-09-25,119,Jogo de Aventura,Games,4,249.90,999.60,Niterói,RJ,Cartão Débito
4447,2025-09-25,104,Fone Bluetooth,Celulares e Acessórios,4,179.91,719.64,São Paulo,SP,Cartão Crédito
4448,2025-09-25,117,Monitor Full HD 24pol,Informática,2,899.90,1799.80,Recife,PE,Cartão Débito
4449,2025-09-25,116,Kit Halteres 20kg,Esporte e Lazer,2,259.90,519.80,Niterói,RJ,Cartão Crédito
4450,2025-09-25,110,Fone Bluetooth,Celulares e Acessórios,1,199.90,199.90,Niterói,RJ,Pix
4451,2025-09-26,116,Fone Bluetooth,Celulares e Acessórios,5,199.90,999.50,Belo Horizonte,MG,Cartão Débito
4452,2025-09-26,106,Carregador Turbo USB-C,Celulares e Acessórios,3,85.40,256.20,São Paulo,SP,Pix
4453,2025-09-26,101,Airfryer 5L,Eletrodomésticos,3,429.90,1289.70,São Paulo,SP,Cartão Débito
4454,2025-09-26,116,Sofá 3 Lugares,Móveis,2,2399.00,4798.00,Curitiba,PR,Pix
4455,2025-09-26,111,Carregador Turbo USB-C,Celulares e Acessórios,3,85.40,256.20,Campinas,SP,Cartão Débito
4456,2025-09-26,120,Console de Videogame,Games,1,2999.00,2999.00,Rio de Janeiro,RJ,Pix
4457,2025-09-26,104,Notebook Core i5,Informática,1,3134.90,3134.90,Fortaleza,CE,Cartão Débito
4458,2025-09-26,103,Carregador Turbo USB-C,Celulares e Acessórios,1,89.90,89.90,Fortaleza,CE,Pix
4459,2025-09-26,115,Cadeira de Escritório,Móveis,4,664.90,2659.60,Belo Horizonte,MG,Cartão Crédito
4460,2025-09-26,105,Esteira Elétrica,Esporte e Lazer,1,2899.00,2899.00,Campinas,SP,Cartão Crédito
4461,2025-09-26,109,Notebook Core i5,Informática,1,3134.90,3134.90,Salvador,BA,Cartão Débito
4462,2025-09-26,109,Airfryer 5L,Eletrodomésticos,2,408.40,816.80,Goiânia,GO,Pix
4463,2025-09-26,106,Teclado Mecânico,Informática,1,289.90,289.90,Rio de Janeiro,RJ,Cartão Débito
4464,2025-09-26,104,Geladeira Frost Free 400L,Eletrodomésticos,2,3499.00,6998.00,Brasília,DF,Boleto
4465,2025-09-26,115,Esteira Elétrica,Esporte e Lazer,1,2899.00,2899.00,São Paulo,SP,Pix
4466,2025-09-26,101,Micro-ondas 30L,Eletrodomésticos,2,649.90,1299.80,Rio de Janeiro,RJ,Cartão Débito
4467,2025-09-26,116,Bicicleta Aro 29,Esporte e Lazer,2,1799.00,3598.00,Feira de Santana,BA,Cartão Débito
4468,2025-09-26,115,Controle Sem Fio,Games,1,349.90,349.90,Brasília,DF,Pix
4469,2025-09-27,119,Monitor Full HD 24pol,Informática,3,899.90,2699.70,Salvador,BA,Cartão Crédito
4470,2025-09-27,103,Console de Videogame,Games,2,2849.05,5698.10,Goiânia,GO,Cartão Crédito
4471,2025-09-27,113,Mesa de Jantar 6 Cadeiras,Móveis,2,1709.10,3418.20,Fortaleza,CE,Boleto
4472,2025-09-27,105,Sofá 3 Lugares,Móveis,1,2399.00,2399.00,Niterói,RJ,Cartão Crédito
4473,2025-09-27,115,Jogo de Aventura,Games,5,212.42,1062.10,Salvador,BA,Cartão Débito
4474,2025-09-27,117,Sofá 3 Lugares,Móveis,1,2279.05,2279.05,Curitiba,PR,Cartão Débito
4475,2025-09-27,111,Smartphone 128GB,Celulares e Acessórios,3,1799.00,5397.00,Vitória da Conquista,BA,Boleto
4476,2025-09-27,104,Controle Sem Fio,Games,1,349.90,349.90,Salvador,BA,Cartão Crédito
4477,2025-09-27,107,Monitor Full HD 24pol,Informática,1,899.90,899.90,Fortaleza,CE,Boleto
4478,2025-09-27,119,Cadeira de Escritório,Móveis,1,699.90,699.90,Brasília,DF,Cartão Crédito
4479,2025-09-27,112,Sofá 3 Lugares,Móveis,2,2399.00,4798.00,São Paulo,SP,Boleto
4480,2025-09-27,106,Smartphone 128GB,Celulares e Acessórios,3,1799.00,5397.00,Santos,SP,Pix
4481,2025-09-27,105,Sofá 3 Lugares,Móveis,2,2399.00,4798.00,São Paulo,SP,Cartão Crédito
4482,2025-09-27,112,Jogo de Aventura,Games,1,249.90,249.90,Rio de Janeiro,RJ,Pix
4483,2025-09-27,111,Jogo de Aventura,Games,1,224.91,224.91,Belo Horizonte,MG,Cartão Crédito
4484,2025-09-27,120,Teclado Mecânico,Informática,3,275.40,826.20,São Paulo,SP,Boleto
4485,2025-09-27,111,Esteira Elétrica,Esporte e Lazer,2,2899.00,5798.00,Salvador,BA,Cartão Débito
4486,2025-09-27,119,Controle Sem Fio,Games,4,332.40,1329.60,Curitiba,PR,Cartão Crédito
4487,2025-09-28,110,Teclado Mecânico,Informática,1,246.42,246.42,Curitiba,PR,Pix
4488,2025-09-28,115,Smartphone 128GB,Celulares e Acessórios,3,1799.00,5397.00,Feira de Santana,BA,Boleto
4489,2025-09-28,116,Sofá 3 Lugares,Móveis,2,2399.00,4798.00,Belo Horizonte,MG,Cartão Crédito
4490,2025-09-28,115,Carregador Turbo USB-C,Celulares e Acessórios,4,85.40,341.60,São Paulo,SP,Boleto
4491,2025-09-28,101,Notebook Core i5,Informática,1,3299.90,3299.90,Feira de Santana,BA,Boleto
4492,2025-09-28,112,Smartphone 128GB,Celulares e Acessórios,1,1799.00,1799.00,Salvador,BA,Cartão Débito
4493,2025-09-28,108,Máquina de Lavar 12kg,Eletrodomésticos,2,2199.00,4398.00,Curitiba,PR,Pix
4494,2025-09-28,105,Máquina de Lavar 12kg,Eletrodomésticos,1,2199.00,2199.00,Feira de Santana,BA,Pix
4495,2025-09-28,109,Micro-ondas 30L,Eletrodomésticos,3,649.90,1949.70,Niterói,RJ,Pix
4496,2025-09-28,113,Jogo de Aventura,Games,2,249.90,499.80,Fortaleza,CE,Boleto
4497,2025-09-28,116,Sofá 3 Lugares,Móveis,1,2399.00,2399.00,Porto Alegre,RS,Cartão Débito
4498,2025-09-28,107,Geladeira Frost Free 400L,Eletrodomésticos,1,3499.00,3499.00,Rio de Janeiro,RJ,Cartão Crédito
4499,2025-09-28,108,Esteira Elétrica,Esporte e Lazer,1,2754.05,2754.05,Niterói,RJ,Pix
4500,2025-09-28,101,Smartphone 128GB,Celulares e Acessórios,3,1799.00,5397.00,Curitiba,PR,Pix
4501,2025-09-29,113,Carregador Turbo USB-C,Celulares e Acessórios,5,89.90,449.50,Fortaleza,CE,Cartão Débito
4502,2025-09-29,113,Esteira Elétrica,Esporte e Lazer,1,2899.00,2899.00,Feira de Santana,BA,Cartão Crédito
4503,2025-09-29,110,Mouse Sem Fio,Informática,1,79.90,79.90,Salvador,BA,Cartão Débito
4504,2025-09-29,116,Geladeira Frost Free 400L,Eletrodomésticos,1,3499.00,3499.00,Santos,SP,Cartão Débito
4505,2025-09-29,112,Mouse Sem Fio,Informática,4,75.90,303.60,Campinas,SP,Cartão Crédito
4506,2025-09-29,111,Console de Videogame,Games,1,2999.00,2999.00,Brasília,DF,Cartão Débito
4507,2025-09-29,115,Esteira Elétrica,Esporte e Lazer,1,2899.00,2899.00,Goiânia,GO,Cartão Débito
4508,2025-09-29,110,Fone Bluetooth,Celulares e Acessórios,4,199.90,799.60,Recife,PE,Cartão Crédito
4509,2025-09-29,103,Esteira Elétrica,Esporte e Lazer,2,2899.00,5798.00,Curitiba,PR,Cartão Crédito
4510,2025-09-29,112,Bicicleta Aro 29,Esporte e Lazer,2,1619.10,3238.20,Goiânia,GO,Pix
4511,2025-09-29,104,Controle Sem Fio,Games,2,332.40,664.80,Uberlândia,MG,Pix
4512,2025-09-29,104,Teclado Mecânico,Informática,2,275.40,550.80,Vitória da Conquista,BA,Cartão Débito
4513,2025-09-29,112,Controle Sem Fio,Games,4,349.90,1399.60,Belo Horizonte,MG,Cartão Débito
4514,2025-09-29,105,Mesa de Jantar 6 Cadeiras,Móveis,2,1709.10,3418.20,Santos,SP,Boleto
4515,2025-09-29,119,Fone Bluetooth,Celulares e Acessórios,5,199.90,999.50,Curitiba,PR,Cartão Débito
4516,2025-09-29,101,Bicicleta Aro 29,Esporte e Lazer,1,1619.10,1619.10,Belo Horizonte,MG,Cartão Crédito
4517,2025-09-29,112,Cadeira de Escritório,Móveis,1,699.90,699.90,Salvador,BA,Cartão Crédito
4518,2025-09-30,101,Jogo de Aventura,Games,4,249.90,999.60,Rio de Janeiro,RJ,Cartão Crédito
4519,2025-09-30,109,Fone Bluetooth,Celulares e Acessórios,3,189.90,569.70,Feira de Santana,BA,Cartão Crédito
4520,2025-09-30,109,Cadeira de Escritório,Móveis,1,699.90,699.90,Salvador,BA,Pix
4521,2025-09-30,108,Console de Videogame,Games,1,2699.10,2699.10,Salvador,BA,Boleto
4522,2025-09-30,109,Carregador Turbo USB-C,Celulares e Acessórios,1,89.90,89.90,Goiânia,GO,Pix
4523,2025-09-30,112,Controle Sem Fio,Games,1,349.90,349.90,São Paulo,SP,Cartão Crédito
4524,2025-09-30,104,Micro-ondas 30L,Eletrodomésticos,3,649.90,1949.70,Belo Horizonte,MG,Pix
4525,2025-09-30,110,Esteira Elétrica,Esporte e Lazer,1,2899.00,2899.00,Brasília,DF,Pix
4526,2025-09-30,113,Esteira Elétrica,Esporte e Lazer,1,2899.00,2899.00,Campinas,SP,Cartão Crédito
4527,2025-09-30,116,Mouse Sem Fio,Informática,2,71.91,143.82,Belo Horizonte,MG,Boleto
4528,2025-09-30,119,Monitor Full HD 24pol,Informática,1,899.90,899.90,Goiânia,GO,Boleto
4529,2025-09-30,108,Mesa de Jantar 6 Cadeiras,Móveis,1,1899.00,1899.00,Feira de Santana,BA,Cartão Crédito
4530,2025-09-30,116,Teclado Mecânico,Informática,3,275.40,826.20,Campinas,SP,Pix
4531,2025-09-30,117,Console de Videogame,Games,1,2699.10,2699.10,Curitiba,PR,Cartão Débito
4532,2025-09-30,105,Jogo de Aventura,Games,1,249.90,249.90,Rio de Janeiro,RJ,Cartão Crédito
4533,2025-09-30,105,Kit Halteres 20kg,Esporte e Lazer,4,246.90,987.60,Rio de Janeiro,RJ,Cartão Débito
4534,2025-09-30,105,Controle Sem Fio,Games,2,297.42,594.84,Campinas,SP,Pix
4535,2025-09-30,111,Kit Halteres 20kg,Esporte e Lazer,3,259.90,779.70,São Paulo,SP,Cartão Débito
4536,2025-09-30,103,Carregador Turbo USB-C,Celulares e Acessórios,2,85.40,170.80,Fortaleza,CE,Cartão Débito
4537,2025-10-01,120,Micro-ondas 30L,Eletrodomésticos,1,552.42,552.42,Uberlândia,MG,Cartão Débito
4538,2025-10-01,110,Esteira Elétrica,Esporte e Lazer,1,2899.00,2899.00,Porto Alegre,RS,Pix
4539,2025-10-01,107,Airfryer 5L,Eletrodomésticos,4,429.90,1719.60,Recife,PE,Cartão Débito
4540,2025-10-01,109,Controle Sem Fio,Games,1,349.90,349.90,Goiânia,GO,Cartão Crédito
4541,2025-10-01,101,Monitor Full HD 24pol,Informática,2,899.90,1799.80,Rio de Janeiro,RJ,Cartão Débito
4542,2025-10-01,104,Smartphone 128GB,Celulares e Acessórios,3,1619.10,4857.30,Brasília,DF,Boleto
4543,2025-10-01,104,Smartphone 128GB,Celulares e Acessórios,1,1799.00,1799.00,Uberlândia,MG,Pix
4544,2025-10-01,103,Carregador Turbo USB-C,Celulares e Acessórios,2,89.90,179.80,Campinas,SP,Pix
4545,2025-10-01,116,Controle Sem Fio,Games,1,349.90,349.90,Brasília,DF,Cartão Débito
4546,2025-10-01,107,Smartphone 128GB,Celulares e Acessórios,3,1799.00,5397.00,Rio de Janeiro,RJ,Boleto
4547,2025-10-01,103,Jogo de Aventura,Games,4,249.90,999.60,São Paulo,SP,Boleto
4548,2025-10-01,106,Micro-ondas 30L,Eletrodomésticos,3,649.90,1949.70,Niterói,RJ,Boleto
4549,2025-10-01,101,Teclado Mecânico,Informática,1,289.90,289.90,Campinas,SP,Cartão Crédito
4550,2025-10-01,108,Esteira Elétrica,Esporte e Lazer,1,2899.00,2899.00,Santos,SP,Cartão Crédito
4551,2025-10-01,101,Smartphone 128GB,Celulares e Acessórios,1,1799.00,1799.00,Niterói,RJ,Cartão Débito
4552,2025-10-01,105,Cadeira de Escritório,Móveis,1,699.90,699.90,Fortaleza,CE,Cartão Crédito
4553,2025-10-01,109,Monitor Full HD 24pol,Informática,2,899.90,1799.80,Belo Horizonte,MG,Boleto
4554,2025-10-01,101,Monitor Full HD 24pol,Informática,2,899.90,1799.80,Belo Horizonte,MG,Boleto
4555,2025-10-01,120,Cadeira de Escritório,Móveis,1,699.90,699.90,Belo Horizonte,MG,Boleto
4556,2025-10-01,104,Carregador Turbo USB-C,Celulares e Acessórios,3,89.90,269.70,São Paulo,SP,Boleto
4557,2025-10-01,107,Smartphone 128GB,Celulares e Acessórios,3,1799.00,5397.00,Rio de Janeiro,RJ,Boleto
4558,2025-10-01,116,Smartphone 128GB,Celulares e Acessórios,2,1799.00,3598.00,São Paulo,SP,Boleto
4559,2025-10-01,108,Cadeira de Escritório,Móveis,3,699.90,2099.70,Brasília,DF,Cartão Débito
4560,2025-10-01,107,Fone Bluetooth,Celulares e Acessórios,4,199.90,799.60,Feira de Santana,BA,Pix
4561,2025-10-01,109,Jogo de Aventura,Games,2,237.40,474.80,Porto Alegre,RS,Boleto
4562,2025-10-02,108,Geladeira Frost Free 400L,Eletrodomésticos,1,3324.05,3324.05,Vitória da Conquista,BA,Pix
4563,2025-10-02,109,Carregador Turbo USB-C,Celulares e Acessórios,6,85.40,512.40,Curitiba,PR,Pix
4564,2025-10-02,105,Carregador Turbo USB-C,Celulares e Acessórios,5,85.40,427.00,Niterói,RJ,Cartão Crédito
4565,2025-10-02,106,Console de Videogame,Games,2,2999.00,5998.00,Belo Horizonte,MG,Boleto
4566,2025-10-02,106,Teclado Mecânico,Informática,2,289.90,579.80,Curitiba,PR,Cartão Crédito
4567,2025-10-02,117,Sofá 3 Lugares,Móveis,1,2399.00,2399.00,São Paulo,SP,Pix
4568,2025-10-02,109,Airfryer 5L,Eletrodomésticos,3,429.90,1289.70,Brasília,DF,Pix
4569,2025-10-02,103,Fone Bluetooth,Celulares e Acessórios,5,199.90,999.50,São Paulo,SP,Pix
4570,2025-10-02,119,Mesa de Jantar 6 Cadeiras,Móveis,2,1899.00,3798.00,Porto Alegre,RS,Cartão Débito
4571,2025-10-02,113,Sofá 3 Lugares,Móveis,2,2039.15,4078.30,Goiânia,GO,Cartão Débito
4572,2025-10-02,117,Monitor Full HD 24pol,Informática,3,899.90,2699.70,Belo Horizonte,MG,Cartão Crédito
4573,2025-10-02,106,Carregador Turbo USB-C,Celulares e Acessórios,2,89.90,179.80,Goiânia,GO,Boleto
4574,2025-10-02,107,Jogo de Aventura,Games,3,249.90,749.70,Santos,SP,Cartão Crédito
4575,2025-10-02,113,Notebook Core i5,Informática,2,3299.90,6599.80,Fortaleza,CE,Cartão Crédito
4576,2025-10-02,103,Cadeira de Escritório,Móveis,4,664.90,2659.60,Belo Horizonte,MG,Cartão Crédito
4577,2025-10-02,120,Esteira Elétrica,Esporte e Lazer,2,2899.00,5798.00,Vitória da Conquista,BA,Cartão Débito
4578,2025-10-02,120,Mouse Sem Fio,Informática,3,79.90,239.70,Belo Horizonte,MG,Pix
4579,2025-10-02,112,Mesa de Jantar 6 Cadeiras,Móveis,1,1804.05,1804.05,Rio de Janeiro,RJ,Pix
4580,2025-10-02,103,Mouse Sem Fio,Informática,6,71.91,431.46,Fortaleza,CE,Boleto
4581,2025-10-02,111,Jogo de Aventura,Games,5,212.42,1062.10,Campinas,SP,Boleto
4582,2025-10-02,116,Monitor Full HD 24pol,Informática,2,854.90,1709.80,São Paulo,SP,Boleto
4583,2025-10-02,112,Console de Videogame,Games,1,2999.00,2999.00,Salvador,BA,Cartão Crédito
4584,2025-10-02,108,Máquina de Lavar 12kg,Eletrodomésticos,1,1979.10,1979.10,Uberlândia,MG,Boleto
4585,2025-10-02,105,Kit Halteres 20kg,Esporte e Lazer,2,220.92,441.84,Niterói,RJ,Pix
4586,2025-10-02,119,Carregador Turbo USB-C,Celulares e Acessórios,4,89.90,359.60,Porto Alegre,RS,Cartão Crédito
4587,2025-10-03,116,Teclado Mecânico,Informática,4,289.90,1159.60,São Paulo,SP,Cartão Débito
4588,2025-10-03,109,Cadeira de Escritório,Móveis,1,699.90,699.90,Vitória da Conquista,BA,Cartão Crédito
4589,2025-10-03,108,Geladeira Frost Free 400L,Eletrodomésticos,1,3499.00,3499.00,Curitiba,PR,Cartão Débito
4590,2025-10-03,110,Micro-ondas 30L,Eletrodomésticos,2,649.90,1299.80,Uberlândia,MG,Cartão Crédito
4591,2025-10-03,101,Esteira Elétrica,Esporte e Lazer,2,2899.00,5798.00,Salvador,BA,Cartão Débito
4592,2025-10-03,108,Cadeira de Escritório,Móveis,4,629.91,2519.64,Campinas,SP,Boleto
4593,2025-10-03,104,Micro-ondas 30L,Eletrodomésticos,1,584.91,584.91,Santos,SP,Pix
4594,2025-10-03,119,Máquina de Lavar 12kg,Eletrodomésticos,2,2199.00,4398.00,São Paulo,SP,Cartão Crédito
4595,2025-10-03,104,Console de Videogame,Games,1,2549.15,2549.15,Fortaleza,CE,Pix
4596,2025-10-03,117,Geladeira Frost Free 400L,Eletrodomésticos,2,3499.00,6998.00,Salvador,BA,Cartão Crédito
4597,2025-10-03,110,Smartphone 128GB,Celulares e Acessórios,3,1799.00,5397.00,Brasília,DF,Cartão Débito
4598,2025-10-04,108,Monitor Full HD 24pol,Informática,3,899.90,2699.70,Vitória da Conquista,BA,Cartão Crédito
4599,2025-10-04,115,Controle Sem Fio,Games,3,332.40,997.20,Brasília,DF,Cartão Crédito
4600,2025-10-04,110,Micro-ondas 30L,Eletrodomésticos,3,649.90,1949.70,Campinas,SP,Cartão Crédito
4601,2025-10-04,112,Console de Videogame,Games,2,2999.00,5998.00,Feira de Santana,BA,Cartão Crédito
4602,2025-10-04,116,Console de Videogame,Games,1,2999.00,2999.00,Porto Alegre,RS,Cartão Crédito
4603,2025-10-04,105,Notebook Core i5,Informática,2,3299.90,6599.80,Salvador,BA,Cartão Crédito
4604,2025-10-04,116,Controle Sem Fio,Games,3,349.90,1049.70,Curitiba,PR,Cartão Crédito
4605,2025-10-04,101,Controle Sem Fio,Games,4,349.90,1399.60,Niterói,RJ,Pix
4606,2025-10-04,109,Fone Bluetooth,Celulares e Acessórios,4,199.90,799.60,Fortaleza,CE,Cartão Crédito
4607,2025-10-04,107,Fone Bluetooth,Celulares e Acessórios,5,199.90,999.50,Niterói,RJ,Pix
4608,2025-10-04,115,Fone Bluetooth,Celulares e Acessórios,5,189.90,949.50,São Paulo,SP,Pix
4609,2025-10-04,115,Fone Bluetooth,Celulares e Acessórios,5,199.90,999.50,Fortaleza,CE,Pix
4610,2025-10-04,104,Jogo de Aventura,Games,2,249.90,499.80,Salvador,BA,Pix
4611,2025-10-04,110,Esteira Elétrica,Esporte e Lazer,2,2609.10,5218.20,Curitiba,PR,Cartão Crédito
4612,2025-10-04,110,Geladeira Frost Free 400L,Eletrodomésticos,2,3499.00,6998.00,Feira de Santana,BA,Cartão Débito
4613,2025-10-04,106,Console de Videogame,Games,2,2999.00,5998.00,Rio de Janeiro,RJ,Cartão Crédito
4614,2025-10-04,116,Controle Sem Fio,Games,3,349.90,1049.70,Salvador,BA,Boleto
4615,2025-10-04,107,Geladeira Frost Free 400L,Eletrodomésticos,2,2974.15,5948.30,Vitória da Conquista,BA,Pix
4616,2025-10-04,104,Bicicleta Aro 29,Esporte e Lazer,1,1799.00,1799.00,Feira de Santana,BA,Pix
4617,2025-10-04,110,Controle Sem Fio,Games,2,314.91,629.82,Niterói,RJ,Cartão Crédito
4618,2025-10-04,117,Máquina de Lavar 12kg,Eletrodomésticos,2,2199.00,4398.00,Uberlândia,MG,Cartão Débito
4619,2025-10-04,108,Controle Sem Fio,Games,1,349.90,349.90,Salvador,BA,Pix
4620,2025-10-05,105,Notebook Core i5,Informática,2,3299.90,6599.80,Curitiba,PR,Pix
4621,2025-10-05,104,Console de Videogame,Games,1,2999.00,2999.00,Vitória da Conquista,BA,Pix
4622,2025-10-05,105,Controle Sem Fio,Games,2,349.90,699.80,Recife,PE,Cartão Crédito
4623,2025-10-05,103,Smartphone 128GB,Celulares e Acessórios,3,1709.05,5127.15,Salvador,BA,Pix
4624,2025-10-05,105,Mouse Sem Fio,Informática,4,79.90,319.60,Fortaleza,CE,Cartão Crédito
4625,2025-10-05,104,Teclado Mecânico,Informática,1,246.42,246.42,Recife,PE,Cartão Débito
4626,2025-10-05,109,Carregador Turbo USB-C,Celulares e Acessórios,3,85.40,256.20,Curitiba,PR,Cartão Crédito
4627,2025-10-05,119,Notebook Core i5,Informática,2,3299.90,6599.80,Campinas,SP,Cartão Crédito
4628,2025-10-05,116,Esteira Elétrica,Esporte e Lazer,2,2899.00,5798.00,Porto Alegre,RS,Pix
4629,2025-10-05,107,Sofá 3 Lugares,Móveis,1,2279.05,2279.05,Curitiba,PR,Pix
4630,2025-10-05,115,Smartphone 128GB,Celulares e Acessórios,3,1799.00,5397.00,Uberlândia,MG,Cartão Crédito
4631,2025-10-05,116,Controle Sem Fio,Games,2,349.90,699.80,Fortaleza,CE,Cartão Crédito
4632,2025-10-05,106,Teclado Mecânico,Informática,4,289.90,1159.60,Rio de Janeiro,RJ,Boleto
4633,2025-10-05,120,Mouse Sem Fio,Informática,3,79.90,239.70,São Paulo,SP,Pix
4634,2025-10-05,119,Mesa de Jantar 6 Cadeiras,Móveis,2,1899.00,3798.00,Rio de Janeiro,RJ,Cartão Débito
4635,2025-10-05,113,Notebook Core i5,Informática,2,3299.90,6599.80,Curitiba,PR,Pix
4636,2025-10-05,103,Geladeira Frost Free 400L,Eletrodomésticos,2,3499.00,6998.00,São Paulo,SP,Boleto
4637,2025-10-06,108,Teclado Mecânico,Informática,3,275.40,826.20,Salvador,BA,Cartão Débito
4638,2025-10-06,117,Sofá 3 Lugares,Móveis,2,2279.05,4558.10,Recife,PE,Pix
4639,2025-10-06,112,Máquina de Lavar 12kg,Eletrodomésticos,1,2199.00,2199.00,Goiânia,GO,Boleto
4640,2025-10-06,101,Controle Sem Fio,Games,2,349.90,699.80,Niterói,RJ,Cartão Crédito
4641,2025-10-06,105,Monitor Full HD 24pol,Informática,1,809.91,809.91,Campinas,SP,Cartão Débito
4642,2025-10-06,112,Cadeira de Escritório,Móveis,3,699.90,2099.70,Salvador,BA,Cartão Crédito
4643,2025-10-06,103,Monitor Full HD 24pol,Informática,3,899.90,2699.70,Vitória da Conquista,BA,Pix
4644,2025-10-06,111,Console de Videogame,Games,2,2999.00,5998.00,Santos,SP,Pix
4645,2025-10-06,112,Fone Bluetooth,Celulares e Acessórios,5,199.90,999.50,Brasília,DF,Boleto
4646,2025-10-06,101,Geladeira Frost Free 400L,Eletrodomésticos,1,3149.10,3149.10,Salvador,BA,Cartão Crédito
4647,2025-10-06,111,Mouse Sem Fio,Informática,3,79.90,239.70,Niterói,RJ,Pix
4648,2025-10-06,105,Fone Bluetooth,Celulares e Acessórios,3,179.91,539.73,Vitória da Conquista,BA,Cartão Débito
4649,2025-10-06,109,Mesa de Jantar 6 Cadeiras,Móveis,2,1709.10,3418.20,São Paulo,SP,Cartão Crédito
4650,2025-10-06,106,Teclado Mecânico,Informática,2,289.90,579.80,Recife,PE,Pix
4651,2025-10-06,113,Mesa de Jantar 6 Cadeiras,Móveis,2,1899.00,3798.00,Goiânia,GO,Cartão Crédito
4652,2025-10-06,107,Mouse Sem Fio,Informática,5,79.90,399.50,Goiânia,GO,Cartão Crédito
4653,2025-10-06,110,Máquina de Lavar 12kg,Eletrodomésticos,2,1979.10,3958.20,Porto Alegre,RS,Pix
4654,2025-10-07,112,Cadeira de Escritório,Móveis,3,699.90,2099.70,Brasília,DF,Cartão Débito
4655,2025-10-07,112,Máquina de Lavar 12kg,Eletrodomésticos,2,2199.00,4398.00,Campinas,SP,Cartão Crédito
4656,2025-10-07,104,Smartphone 128GB,Celulares e Acessórios,2,1709.05,3418.10,Salvador,BA,Pix
4657,2025-10-07,110,Esteira Elétrica,Esporte e Lazer,1,2899.00,2899.00,Goiânia,GO,Cartão Crédito
4658,2025-10-07,105,Monitor Full HD 24pol,Informática,3,899.90,2699.70,Porto Alegre,RS,Pix
4659,2025-10-07,111,Smartphone 128GB,Celulares e Acessórios,1,1799.00,1799.00,Goiânia,GO,Pix
4660,2025-10-07,105,Máquina de Lavar 12kg,Eletrodomésticos,1,2089.05,2089.05,Niterói,RJ,Pix
4661,2025-10-07,113,Jogo de Aventura,Games,1,249.90,249.90,Santos,SP,Cartão Débito
4662,2025-10-07,111,Geladeira Frost Free 400L,Eletrodomésticos,1,3499.00,3499.00,Salvador,BA,Cartão Crédito
4663,2025-10-07,110,Smartphone 128GB,Celulares e Acessórios,2,1799.00,3598.00,Belo Horizonte,MG,Cartão Débito
4664,2025-10-07,119,Controle Sem Fio,Games,4,349.90,1399.60,Vitória da Conquista,BA,Cartão Crédito
4665,2025-10-07,106,Monitor Full HD 24pol,Informática,3,899.90,2699.70,Santos,SP,Pix
4666,2025-10-07,116,Jogo de Aventura,Games,3,249.90,749.70,Goiânia,GO,Cartão Débito
4667,2025-10-07,104,Smartphone 128GB,Celulares e Acessórios,3,1799.00,5397.00,Niterói,RJ,Cartão Débito
4668,2025-10-07,120,Jogo de Aventura,Games,1,249.90,249.90,Rio de Janeiro,RJ,Cartão Crédito
4669,2025-10-07,117,Sofá 3 Lugares,Móveis,2,2399.00,4798.00,São Paulo,SP,Pix
4670,2025-10-07,120,Esteira Elétrica,Esporte e Lazer,2,2899.00,5798.00,Curitiba,PR,Boleto
4671,2025-10-07,120,Notebook Core i5,Informática,1,3299.90,3299.90,Recife,PE,Cartão Crédito
4672,2025-10-07,116,Controle Sem Fio,Games,4,349.90,1399.60,Salvador,BA,Pix
4673,2025-10-08,101,Console de Videogame,Games,1,2999.00,2999.00,São Paulo,SP,Cartão Débito
4674,2025-10-08,109,Bicicleta Aro 29,Esporte e Lazer,2,1799.00,3598.00,Santos,SP,Boleto
4675,2025-10-08,112,Kit Halteres 20kg,Esporte e Lazer,4,259.90,1039.60,Porto Alegre,RS,Cartão Débito
4676,2025-10-08,109,Airfryer 5L,Eletrodomésticos,3,429.90,1289.70,Vitória da Conquista,BA,Cartão Débito
4677,2025-10-08,105,Airfryer 5L,Eletrodomésticos,1,408.40,408.40,Vitória da Conquista,BA,Cartão Crédito
4678,2025-10-08,117,Monitor Full HD 24pol,Informática,1,899.90,899.90,Rio de Janeiro,RJ,Cartão Débito
4679,2025-10-08,107,Sofá 3 Lugares,Móveis,1,2159.10,2159.10,Porto Alegre,RS,Pix
4680,2025-10-08,103,Micro-ondas 30L,Eletrodomésticos,1,649.90,649.90,São Paulo,SP,Cartão Débito
4681,2025-10-08,119,Kit Halteres 20kg,Esporte e Lazer,4,259.90,1039.60,Niterói,RJ,Cartão Débito
4682,2025-10-08,113,Teclado Mecânico,Informática,4,289.90,1159.60,São Paulo,SP,Cartão Crédito
4683,2025-10-08,101,Sofá 3 Lugares,Móveis,1,2399.00,2399.00,Brasília,DF,Pix
4684,2025-10-08,120,Monitor Full HD 24pol,Informática,1,899.90,899.90,Porto Alegre,RS,Pix
4685,2025-10-08,105,Máquina de Lavar 12kg,Eletrodomésticos,1,1979.10,1979.10,Rio de Janeiro,RJ,Cartão Débito
4686,2025-10-08,110,Fone Bluetooth,Celulares e Acessórios,3,199.90,599.70,Porto Alegre,RS,Cartão Débito
4687,2025-10-08,117,Esteira Elétrica,Esporte e Lazer,2,2899.00,5798.00,Santos,SP,Cartão Débito
4688,2025-10-08,108,Cadeira de Escritório,Móveis,2,699.90,1399.80,Uberlândia,MG,Boleto
4689,2025-10-08,110,Teclado Mecânico,Informática,1,289.90,289.90,Porto Alegre,RS,Boleto
4690,2025-10-08,110,Notebook Core i5,Informática,1,2969.91,2969.91,Vitória da Conquista,BA,Cartão Crédito
4691,2025-10-09,113,Carregador Turbo USB-C,Celulares e Acessórios,1,85.40,85.40,Fortaleza,CE,Cartão Crédito
4692,2025-10-09,119,Console de Videogame,Games,1,2999.00,2999.00,Campinas,SP,Cartão Débito
4693,2025-10-09,116,Carregador Turbo USB-C,Celulares e Acessórios,5,85.40,427.00,Brasília,DF,Cartão Crédito
4694,2025-10-09,117,Monitor Full HD 24pol,Informática,3,809.91,2429.73,Brasília,DF,Cartão Débito
4695,2025-10-09,120,Micro-ondas 30L,Eletrodomésticos,3,649.90,1949.70,Uberlândia,MG,Pix
4696,2025-10-09,106,Bicicleta Aro 29,Esporte e Lazer,2,1709.05,3418.10,São Paulo,SP,Boleto
4697,2025-10-09,105,Cadeira de Escritório,Móveis,4,629.91,2519.64,São Paulo,SP,Cartão Crédito
4698,2025-10-09,119,Teclado Mecânico,Informática,1,289.90,289.90,Uberlândia,MG,Cartão Crédito
4699,2025-10-09,105,Airfryer 5L,Eletrodomésticos,3,429.90,1289.70,Salvador,BA,Cartão Crédito
4700,2025-10-09,107,Esteira Elétrica,Esporte e Lazer,2,2899.00,5798.00,Porto Alegre,RS,Pix
4701,2025-10-09,108,Mesa de Jantar 6 Cadeiras,Móveis,1,1899.00,1899.00,Feira de Santana,BA,Cartão Crédito
4702,2025-10-09,112,Airfryer 5L,Eletrodomésticos,4,429.90,1719.60,Salvador,BA,Pix
4703,2025-10-09,115,Máquina de Lavar 12kg,Eletrodomésticos,2,2199.00,4398.00,Rio de Janeiro,RJ,Boleto
4704,2025-10-09,110,Cadeira de Escritório,Móveis,3,699.90,2099.70,Belo Horizonte,MG,Cartão Crédito
4705,2025-10-10,120,Jogo de Aventura,Games,5,249.90,1249.50,Salvador,BA,Cartão Débito
4706,2025-10-10,109,Console de Videogame,Games,2,2999.00,5998.00,Santos,SP,Pix
4707,2025-10-10,120,Airfryer 5L,Eletrodomésticos,3,429.90,1289.70,Vitória da Conquista,BA,Boleto
4708,2025-10-10,107,Máquina de Lavar 12kg,Eletrodomésticos,2,2089.05,4178.10,Vitória da Conquista,BA,Pix
4709,2025-10-10,113,Sofá 3 Lugares,Móveis,2,2279.05,4558.10,Recife,PE,Cartão Crédito
4710,2025-10-10,101,Micro-ondas 30L,Eletrodomésticos,3,617.40,1852.20,Recife,PE,Cartão Crédito
4711,2025-10-10,106,Smartphone 128GB,Celulares e Acessórios,2,1619.10,3238.20,Recife,PE,Cartão Crédito
4712,2025-10-10,101,Teclado Mecânico,Informática,3,289.90,869.70,Salvador,BA,Cartão Débito
4713,2025-10-10,120,Teclado Mecânico,Informática,2,289.90,579.80,Rio de Janeiro,RJ,Cartão Débito
4714,2025-10-10,115,Máquina de Lavar 12kg,Eletrodomésticos,2,2089.05,4178.10,Feira de Santana,BA,Pix
4715,2025-10-10,119,Teclado Mecânico,Informática,2,289.90,579.80,Fortaleza,CE,Boleto
4716,2025-10-10,113,Geladeira Frost Free 400L,Eletrodomésticos,1,3499.00,3499.00,Recife,PE,Cartão Crédito
4717,2025-10-10,117,Fone Bluetooth,Celulares e Acessórios,1,179.91,179.91,Recife,PE,Cartão Débito
4718,2025-10-10,116,Jogo de Aventura,Games,1,224.91,224.91,Salvador,BA,Cartão Crédito
4719,2025-10-10,107,Fone Bluetooth,Celulares e Acessórios,3,179.91,539.73,Campinas,SP,Cartão Crédito
4720,2025-10-10,119,Máquina de Lavar 12kg,Eletrodomésticos,1,2199.00,2199.00,Curitiba,PR,Cartão Débito
4721,2025-10-10,119,Console de Videogame,Games,1,2849.05,2849.05,Fortaleza,CE,Pix
4722,2025-10-10,108,Carregador Turbo USB-C,Celulares e Acessórios,6,89.90,539.40,Salvador,BA,Cartão Crédito
4723,2025-10-11,111,Máquina de Lavar 12kg,Eletrodomésticos,2,2199.00,4398.00,Belo Horizonte,MG,Cartão Débito
4724,2025-10-11,116,Notebook Core i5,Informática,2,3134.90,6269.80,São Paulo,SP,Boleto
4725,2025-10-11,107,Console de Videogame,Games,2,2999.00,5998.00,Santos,SP,Boleto
4726,2025-10-11,113,Mesa de Jantar 6 Cadeiras,Móveis,1,1709.10,1709.10,Campinas,SP,Cartão Crédito
4727,2025-10-11,107,Cadeira de Escritório,Móveis,3,664.90,1994.70,Porto Alegre,RS,Pix
4728,2025-10-11,112,Bicicleta Aro 29,Esporte e Lazer,1,1709.05,1709.05,Rio de Janeiro,RJ,Cartão Crédito
4729,2025-10-11,119,Fone Bluetooth,Celulares e Acessórios,1,199.90,199.90,Fortaleza,CE,Cartão Crédito
4730,2025-10-11,104,Máquina de Lavar 12kg,Eletrodomésticos,2,2199.00,4398.00,Salvador,BA,Boleto
4731,2025-10-11,103,Monitor Full HD 24pol,Informática,2,899.90,1799.80,Campinas,SP,Cartão Débito
4732,2025-10-11,109,Teclado Mecânico,Informática,3,289.90,869.70,Niterói,RJ,Pix
4733,2025-10-11,116,Monitor Full HD 24pol,Informática,1,854.90,854.90,Feira de Santana,BA,Pix
4734,2025-10-11,111,Notebook Core i5,Informática,1,3299.90,3299.90,Santos,SP,Cartão Débito
4735,2025-10-11,108,Máquina de Lavar 12kg,Eletrodomésticos,1,2199.00,2199.00,Porto Alegre,RS,Pix
4736,2025-10-11,111,Monitor Full HD 24pol,Informática,3,899.90,2699.70,Feira de Santana,BA,Cartão Débito
4737,2025-10-12,112,Esteira Elétrica,Esporte e Lazer,2,2899.00,5798.00,Vitória da Conquista,BA,Cartão Crédito
4738,2025-10-12,119,Notebook Core i5,Informática,2,2969.91,5939.82,Salvador,BA,Cartão Débito
4739,2025-10-12,111,Fone Bluetooth,Celulares e Acessórios,1,199.90,199.90,Rio de Janeiro,RJ,Cartão Crédito
4740,2025-10-12,104,Mesa de Jantar 6 Cadeiras,Móveis,1,1899.00,1899.00,Goiânia,GO,Boleto
4741,2025-10-12,112,Airfryer 5L,Eletrodomésticos,1,429.90,429.90,Vitória da Conquista,BA,Cartão Crédito
4742,2025-10-12,111,Controle Sem Fio,Games,2,332.40,664.80,Campinas,SP,Cartão Crédito
4743,2025-10-12,119,Console de Videogame,Games,2,2999.00,5998.00,Uberlândia,MG,Pix
4744,2025-10-12,111,Teclado Mecânico,Informática,1,246.42,246.42,Salvador,BA,Pix
4745,2025-10-12,104,Máquina de Lavar 12kg,Eletrodomésticos,1,2199.00,2199.00,São Paulo,SP,Cartão Crédito
4746,2025-10-12,113,Airfryer 5L,Eletrodomésticos,1,408.40,408.40,Curitiba,PR,Cartão Débito
4747,2025-10-12,109,Micro-ondas 30L,Eletrodomésticos,3,649.90,1949.70,Porto Alegre,RS,Cartão Crédito
4748,2025-10-12,111,Carregador Turbo USB-C,Celulares e Acessórios,4,89.90,359.60,São Paulo,SP,Pix
4749,2025-10-12,102,Cadeira de Escritório,Móveis,4,664.90,2659.60,Rio de Janeiro,RJ,Boleto
4750,2025-10-12,116,Geladeira Frost Free 400L,Eletrodomésticos,2,3499.00,6998.00,Uberlândia,MG,Pix
4751,2025-10-12,101,Esteira Elétrica,Esporte e Lazer,2,2899.00,5798.00,Salvador,BA,Pix
4752,2025-10-12,104,Teclado Mecânico,Informática,3,289.90,869.70,Curitiba,PR,Cartão Crédito
4753,2025-10-12,117,Smartphone 128GB,Celulares e Acessórios,1,1709.05,1709.05,Brasília,DF,Cartão Débito
4754,2025-10-12,110,Máquina de Lavar 12kg,Eletrodomésticos,1,2199.00,2199.00,Curitiba,PR,Pix
4755,2025-10-13,103,Bicicleta Aro 29,Esporte e Lazer,2,1799.00,3598.00,Salvador,BA,Boleto
4756,2025-10-13,112,Cadeira de Escritório,Móveis,1,699.90,699.90,Salvador,BA,Boleto
4757,2025-10-13,116,Fone Bluetooth,Celulares e Acessórios,5,199.90,999.50,Vitória da Conquista,BA,Boleto
4758,2025-10-13,116,Notebook Core i5,Informática,2,3299.90,6599.80,Curitiba,PR,Pix
4759,2025-10-13,119,Mouse Sem Fio,Informática,1,79.90,79.90,Niterói,RJ,Pix
4760,2025-10-13,110,Sofá 3 Lugares,Móveis,1,2399.00,2399.00,São Paulo,SP,Cartão Débito
4761,2025-10-13,112,Sofá 3 Lugares,Móveis,2,2399.00,4798.00,Brasília,DF,Boleto
4762,2025-10-13,111,Teclado Mecânico,Informática,2,289.90,579.80,Campinas,SP,Pix
4763,2025-10-13,120,Esteira Elétrica,Esporte e Lazer,2,2899.00,5798.00,Feira de Santana,BA,Cartão Crédito
4764,2025-10-13,108,Geladeira Frost Free 400L,Eletrodomésticos,1,3499.00,3499.00,Goiânia,GO,Cartão Crédito
4765,2025-10-14,117,Airfryer 5L,Eletrodomésticos,2,429.90,859.80,Campinas,SP,Boleto
4766,2025-10-14,103,Sofá 3 Lugares,Móveis,2,2399.00,4798.00,Curitiba,PR,Cartão Crédito
4767,2025-10-14,112,Console de Videogame,Games,2,2699.10,5398.20,Salvador,BA,Boleto
4768,2025-10-14,111,Micro-ondas 30L,Eletrodomésticos,1,552.42,552.42,Fortaleza,CE,Cartão Crédito
4769,2025-10-14,101,Teclado Mecânico,Informática,3,289.90,869.70,Santos,SP,Cartão Crédito
4770,2025-10-14,105,Bicicleta Aro 29,Esporte e Lazer,1,1799.00,1799.00,Uberlândia,MG,Cartão Crédito
4771,2025-10-14,111,Teclado Mecânico,Informática,2,289.90,579.80,Recife,PE,Pix
4772,2025-10-14,102,Mesa de Jantar 6 Cadeiras,Móveis,2,1899.00,3798.00,Vitória da Conquista,BA,Pix
4773,2025-10-14,109,Cadeira de Escritório,Móveis,4,699.90,2799.60,Porto Alegre,RS,Cartão Crédito
4774,2025-10-14,103,Bicicleta Aro 29,Esporte e Lazer,1,1799.00,1799.00,Rio de Janeiro,RJ,Pix
4775,2025-10-14,108,Sofá 3 Lugares,Móveis,2,2399.00,4798.00,Belo Horizonte,MG,Cartão Débito
4776,2025-10-14,109,Esteira Elétrica,Esporte e Lazer,1,2754.05,2754.05,Curitiba,PR,Cartão Débito
4777,2025-10-14,106,Geladeira Frost Free 400L,Eletrodomésticos,1,3499.00,3499.00,Vitória da Conquista,BA,Cartão Débito
4778,2025-10-14,105,Kit Halteres 20kg,Esporte e Lazer,4,259.90,1039.60,Recife,PE,Cartão Crédito
4779,2025-10-14,119,Notebook Core i5,Informática,2,3299.90,6599.80,Campinas,SP,Cartão Crédito
4780,2025-10-14,108,Carregador Turbo USB-C,Celulares e Acessórios,6,89.90,539.40,Belo Horizonte,MG,Boleto
4781,2025-10-15,116,Teclado Mecânico,Informática,1,289.90,289.90,Belo Horizonte,MG,Cartão Crédito
4782,2025-10-15,109,Esteira Elétrica,Esporte e Lazer,1,2754.05,2754.05,Goiânia,GO,Cartão Crédito
4783,2025-10-15,104,Teclado Mecânico,Informática,1,289.90,289.90,Rio de Janeiro,RJ,Cartão Crédito
4784,2025-10-15,113,Geladeira Frost Free 400L,Eletrodomésticos,1,3324.05,3324.05,Brasília,DF,Pix
4785,2025-10-15,105,Máquina de Lavar 12kg,Eletrodomésticos,2,2199.00,4398.00,Salvador,BA,Cartão Crédito
4786,2025-10-15,105,Fone Bluetooth,Celulares e Acessórios,5,199.90,999.50,Rio de Janeiro,RJ,Cartão Débito
4787,2025-10-15,102,Notebook Core i5,Informática,2,3134.90,6269.80,Fortaleza,CE,Boleto
4788,2025-10-15,102,Geladeira Frost Free 400L,Eletrodomésticos,2,3149.10,6298.20,Salvador,BA,Boleto
4789,2025-10-15,107,Geladeira Frost Free 400L,Eletrodomésticos,2,3499.00,6998.00,São Paulo,SP,Pix
4790,2025-10-15,116,Sofá 3 Lugares,Móveis,1,2399.00,2399.00,Niterói,RJ,Cartão Crédito
4791,2025-10-15,101,Esteira Elétrica,Esporte e Lazer,2,2754.05,5508.10,Curitiba,PR,Pix
4792,2025-10-15,106,Console de Videogame,Games,2,2699.10,5398.20,São Paulo,SP,Pix
4793,2025-10-15,102,Teclado Mecânico,Informática,4,289.90,1159.60,Salvador,BA,Pix
4794,2025-10-15,110,Airfryer 5L,Eletrodomésticos,1,429.90,429.90,Niterói,RJ,Pix
4795,2025-10-16,102,Máquina de Lavar 12kg,Eletrodomésticos,1,2089.05,2089.05,Brasília,DF,Cartão Crédito
4796,2025-10-16,106,Smartphone 128GB,Celulares e Acessórios,3,1709.05,5127.15,Vitória da Conquista,BA,Pix
4797,2025-10-16,103,Jogo de Aventura,Games,1,249.90,249.90,Santos,SP,Boleto
4798,2025-10-16,111,Monitor Full HD 24pol,Informática,1,899.90,899.90,Campinas,SP,Cartão Débito
4799,2025-10-16,107,Smartphone 128GB,Celulares e Acessórios,3,1619.10,4857.30,Porto Alegre,RS,Boleto
4800,2025-10-16,104,Kit Halteres 20kg,Esporte e Lazer,4,259.90,1039.60,Campinas,SP,Boleto
4801,2025-10-16,104,Bicicleta Aro 29,Esporte e Lazer,2,1799.00,3598.00,Recife,PE,Cartão Débito
4802,2025-10-16,116,Mesa de Jantar 6 Cadeiras,Móveis,2,1899.00,3798.00,Feira de Santana,BA,Boleto
4803,2025-10-16,106,Smartphone 128GB,Celulares e Acessórios,1,1799.00,1799.00,Campinas,SP,Pix
4804,2025-10-16,110,Airfryer 5L,Eletrodomésticos,4,386.91,1547.64,Uberlândia,MG,Boleto
4805,2025-10-16,120,Jogo de Aventura,Games,5,237.40,1187.00,Porto Alegre,RS,Pix
4806,2025-10-16,111,Smartphone 128GB,Celulares e Acessórios,2,1799.00,3598.00,Feira de Santana,BA,Boleto
4807,2025-10-16,111,Mesa de Jantar 6 Cadeiras,Móveis,2,1709.10,3418.20,Fortaleza,CE,Cartão Crédito
4808,2025-10-16,120,Smartphone 128GB,Celulares e Acessórios,1,1799.00,1799.00,Santos,SP,Pix
4809,2025-10-17,104,Máquina de Lavar 12kg,Eletrodomésticos,2,2199.00,4398.00,Niterói,RJ,Pix
4810,2025-10-17,105,Carregador Turbo USB-C,Celulares e Acessórios,3,89.90,269.70,Campinas,SP,Pix
4811,2025-10-17,111,Smartphone 128GB,Celulares e Acessórios,1,1799.00,1799.00,Campinas,SP,Cartão Crédito
4812,2025-10-17,108,Notebook Core i5,Informática,1,3299.90,3299.90,Curitiba,PR,Cartão Crédito
4813,2025-10-17,107,Smartphone 128GB,Celulares e Acessórios,3,1709.05,5127.15,Recife,PE,Boleto
4814,2025-10-17,104,Console de Videogame,Games,1,2849.05,2849.05,Uberlândia,MG,Pix
4815,2025-10-17,116,Mesa de Jantar 6 Cadeiras,Móveis,2,1804.05,3608.10,Uberlândia,MG,Cartão Crédito
4816,2025-10-17,115,Notebook Core i5,Informática,1,2969.91,2969.91,Brasília,DF,Pix
4817,2025-10-17,117,Esteira Elétrica,Esporte e Lazer,2,2609.10,5218.20,São Paulo,SP,Boleto
4818,2025-10-17,115,Geladeira Frost Free 400L,Eletrodomésticos,1,3499.00,3499.00,Campinas,SP,Cartão Débito
4819,2025-10-18,117,Sofá 3 Lugares,Móveis,2,2399.00,4798.00,Recife,PE,Pix
4820,2025-10-18,120,Bicicleta Aro 29,Esporte e Lazer,2,1619.10,3238.20,Belo Horizonte,MG,Boleto
4821,2025-10-18,105,Micro-ondas 30L,Eletrodomésticos,3,584.91,1754.73,Salvador,BA,Cartão Débito
4822,2025-10-18,110,Fone Bluetooth,Celulares e Acessórios,5,199.90,999.50,Recife,PE,Cartão Crédito
4823,2025-10-18,109,Esteira Elétrica,Esporte e Lazer,2,2899.00,5798.00,Feira de Santana,BA,Pix
4824,2025-10-18,107,Esteira Elétrica,Esporte e Lazer,2,2464.15,4928.30,Uberlândia,MG,Cartão Crédito
4825,2025-10-18,104,Jogo de Aventura,Games,4,249.90,999.60,São Paulo,SP,Cartão Crédito
4826,2025-10-18,105,Notebook Core i5,Informática,1,3299.90,3299.90,Curitiba,PR,Cartão Crédito
4827,2025-10-18,119,Sofá 3 Lugares,Móveis,1,2279.05,2279.05,Vitória da Conquista,BA,Boleto
4828,2025-10-18,112,Monitor Full HD 24pol,Informática,3,899.90,2699.70,Belo Horizonte,MG,Pix
4829,2025-10-18,107,Airfryer 5L,Eletrodomésticos,1,429.90,429.90,Fortaleza,CE,Cartão Débito
4830,2025-10-18,101,Monitor Full HD 24pol,Informática,3,899.90,2699.70,Niterói,RJ,Boleto
4831,2025-10-18,101,Console de Videogame,Games,1,2999.00,2999.00,São Paulo,SP,Cartão Débito
4832,2025-10-18,109,Teclado Mecânico,Informática,2,289.90,579.80,Niterói,RJ,Cartão Crédito
4833,2025-10-18,117,Esteira Elétrica,Esporte e Lazer,1,2899.00,2899.00,Campinas,SP,Cartão Débito
4834,2025-10-18,101,Máquina de Lavar 12kg,Eletrodomésticos,1,2199.00,2199.00,Niterói,RJ,Boleto
4835,2025-10-18,110,Airfryer 5L,Eletrodomésticos,2,429.90,859.80,Curitiba,PR,Cartão Débito
4836,2025-10-18,117,Geladeira Frost Free 400L,Eletrodomésticos,2,3149.10,6298.20,Curitiba,PR,Cartão Débito
4837,2025-10-18,113,Teclado Mecânico,Informática,2,289.90,579.80,Fortaleza,CE,Cartão Débito
4838,2025-10-18,102,Smartphone 128GB,Celulares e Acessórios,3,1799.00,5397.00,Porto Alegre,RS,Pix
4839,2025-10-19,103,Smartphone 128GB,Celulares e Acessórios,3,1799.00,5397.00,Salvador,BA,Cartão Crédito
4840,2025-10-19,104,Máquina de Lavar 12kg,Eletrodomésticos,1,2199.00,2199.00,Vitória da Conquista,BA,Cartão Crédito
4841,2025-10-19,110,Sofá 3 Lugares,Móveis,2,2399.00,4798.00,Vitória da Conquista,BA,Pix
4842,2025-10-19,120,Kit Halteres 20kg,Esporte e Lazer,4,246.90,987.60,Uberlândia,MG,Cartão Débito
4843,2025-10-19,117,Micro-ondas 30L,Eletrodomésticos,1,649.90,649.90,Santos,SP,Pix
4844,2025-10-19,109,Sofá 3 Lugares,Móveis,1,2399.00,2399.00,Santos,SP,Cartão Débito
4845,2025-10-19,115,Teclado Mecânico,Informática,4,289.90,1159.60,Salvador,BA,Pix
4846,2025-10-19,107,Notebook Core i5,Informática,1,3299.90,3299.90,Uberlândia,MG,Cartão Crédito
4847,2025-10-19,111,Smartphone 128GB,Celulares e Acessórios,1,1799.00,1799.00,Feira de Santana,BA,Cartão Crédito
4848,2025-10-19,117,Jogo de Aventura,Games,1,249.90,249.90,Recife,PE,Cartão Crédito
4849,2025-10-19,103,Máquina de Lavar 12kg,Eletrodomésticos,2,1979.10,3958.20,Rio de Janeiro,RJ,Pix
4850,2025-10-19,111,Airfryer 5L,Eletrodomésticos,4,429.90,1719.60,Curitiba,PR,Pix
4851,2025-10-19,101,Esteira Elétrica,Esporte e Lazer,2,2899.00,5798.00,Fortaleza,CE,Pix
4852,2025-10-19,112,Cadeira de Escritório,Móveis,1,699.90,699.90,Porto Alegre,RS,Cartão Crédito
4853,2025-10-19,105,Teclado Mecânico,Informática,1,289.90,289.90,Vitória da Conquista,BA,Cartão Débito
4854,2025-10-19,105,Monitor Full HD 24pol,Informática,3,899.90,2699.70,São Paulo,SP,Pix
4855,2025-10-19,102,Esteira Elétrica,Esporte e Lazer,2,2899.00,5798.00,São Paulo,SP,Pix
4856,2025-10-19,111,Máquina de Lavar 12kg,Eletrodomésticos,1,2089.05,2089.05,Curitiba,PR,Boleto
4857,2025-10-19,101,Bicicleta Aro 29,Esporte e Lazer,1,1529.15,1529.15,Fortaleza,CE,Cartão Débito
4858,2025-10-19,109,Monitor Full HD 24pol,Informática,1,899.90,899.90,Feira de Santana,BA,Cartão Crédito
4859,2025-10-19,105,Controle Sem Fio,Games,4,349.90,1399.60,São Paulo,SP,Cartão Débito
4860,2025-10-20,106,Fone Bluetooth,Celulares e Acessórios,2,189.90,379.80,Salvador,BA,Pix
4861,2025-10-20,105,Smartphone 128GB,Celulares e Acessórios,3,1799.00,5397.00,Rio de Janeiro,RJ,Cartão Crédito
4862,2025-10-20,111,Geladeira Frost Free 400L,Eletrodomésticos,2,3499.00,6998.00,Brasília,DF,Cartão Débito
4863,2025-10-20,120,Mesa de Jantar 6 Cadeiras,Móveis,1,1899.00,1899.00,Curitiba,PR,Cartão Crédito
4864,2025-10-20,102,Mouse Sem Fio,Informática,6,71.91,431.46,Curitiba,PR,Cartão Crédito
4865,2025-10-20,117,Sofá 3 Lugares,Móveis,1,2399.00,2399.00,Belo Horizonte,MG,Cartão Crédito
4866,2025-10-20,104,Teclado Mecânico,Informática,1,246.42,246.42,Feira de Santana,BA,Cartão Crédito
4867,2025-10-20,108,Fone Bluetooth,Celulares e Acessórios,4,199.90,799.60,Feira de Santana,BA,Cartão Crédito
4868,2025-10-20,107,Kit Halteres 20kg,Esporte e Lazer,1,259.90,259.90,São Paulo,SP,Cartão Crédito
4869,2025-10-20,106,Controle Sem Fio,Games,3,349.90,1049.70,Rio de Janeiro,RJ,Pix
4870,2025-10-20,119,Cadeira de Escritório,Móveis,4,664.90,2659.60,Feira de Santana,BA,Pix
4871,2025-10-20,110,Geladeira Frost Free 400L,Eletrodomésticos,2,3499.00,6998.00,Rio de Janeiro,RJ,Pix
4872,2025-10-20,120,Airfryer 5L,Eletrodomésticos,4,429.90,1719.60,Curitiba,PR,Pix
4873,2025-10-20,110,Mesa de Jantar 6 Cadeiras,Móveis,2,1899.00,3798.00,Goiânia,GO,Boleto
4874,2025-10-20,105,Cadeira de Escritório,Móveis,2,664.90,1329.80,Goiânia,GO,Cartão Crédito
4875,2025-10-20,120,Smartphone 128GB,Celulares e Acessórios,2,1709.05,3418.10,Campinas,SP,Pix
4876,2025-10-20,115,Cadeira de Escritório,Móveis,4,699.90,2799.60,Curitiba,PR,Boleto
4877,2025-10-20,102,Console de Videogame,Games,1,2999.00,2999.00,Brasília,DF,Cartão Crédito
4878,2025-10-20,108,Mesa de Jantar 6 Cadeiras,Móveis,1,1899.00,1899.00,Brasília,DF,Boleto
4879,2025-10-20,111,Fone Bluetooth,Celulares e Acessórios,2,199.90,399.80,Feira de Santana,BA,Cartão Débito
4880,2025-10-21,107,Cadeira de Escritório,Móveis,4,629.91,2519.64,Goiânia,GO,Cartão Crédito
4881,2025-10-21,110,Controle Sem Fio,Games,3,332.40,997.20,Goiânia,GO,Pix
4882,2025-10-21,111,Mouse Sem Fio,Informática,5,75.90,379.50,Recife,PE,Pix
4883,2025-10-21,113,Console de Videogame,Games,2,2849.05,5698.10,Recife,PE,Cartão Crédito
4884,2025-10-21,117,Geladeira Frost Free 400L,Eletrodomésticos,1,3499.00,3499.00,Porto Alegre,RS,Cartão Crédito
4885,2025-10-21,101,Monitor Full HD 24pol,Informática,2,854.90,1709.80,Recife,PE,Cartão Crédito
4886,2025-10-21,103,Geladeira Frost Free 400L,Eletrodomésticos,2,3324.05,6648.10,Recife,PE,Cartão Débito
4887,2025-10-21,112,Mouse Sem Fio,Informática,1,71.91,71.91,Belo Horizonte,MG,Pix
4888,2025-10-21,108,Sofá 3 Lugares,Móveis,1,2399.00,2399.00,São Paulo,SP,Pix
4889,2025-10-21,119,Jogo de Aventura,Games,3,249.90,749.70,Salvador,BA,Cartão Crédito
4890,2025-10-21,116,Monitor Full HD 24pol,Informática,3,854.90,2564.70,Belo Horizonte,MG,Boleto
4891,2025-10-21,115,Console de Videogame,Games,2,2849.05,5698.10,Salvador,BA,Cartão Crédito
4892,2025-10-21,104,Teclado Mecânico,Informática,3,289.90,869.70,Salvador,BA,Pix
4893,2025-10-21,110,Mesa de Jantar 6 Cadeiras,Móveis,1,1899.00,1899.00,Niterói,RJ,Cartão Débito
4894,2025-10-21,116,Máquina de Lavar 12kg,Eletrodomésticos,1,1869.15,1869.15,Belo Horizonte,MG,Cartão Crédito
4895,2025-10-21,112,Controle Sem Fio,Games,4,349.90,1399.60,Feira de Santana,BA,Pix
4896,2025-10-21,101,Fone Bluetooth,Celulares e Acessórios,5,199.90,999.50,Campinas,SP,Cartão Crédito
4897,2025-10-21,119,Esteira Elétrica,Esporte e Lazer,1,2899.00,2899.00,Porto Alegre,RS,Pix
4898,2025-10-21,115,Controle Sem Fio,Games,4,349.90,1399.60,Uberlândia,MG,Pix
4899,2025-10-21,107,Controle Sem Fio,Games,2,349.90,699.80,Campinas,SP,Cartão Crédito
4900,2025-10-22,101,Notebook Core i5,Informática,2,3299.90,6599.80,Porto Alegre,RS,Boleto
4901,2025-10-22,111,Kit Halteres 20kg,Esporte e Lazer,4,259.90,1039.60,São Paulo,SP,Cartão Débito
4902,2025-10-22,107,Cadeira de Escritório,Móveis,2,664.90,1329.80,Santos,SP,Boleto
4903,2025-10-22,105,Monitor Full HD 24pol,Informática,3,899.90,2699.70,Belo Horizonte,MG,Cartão Débito
4904,2025-10-22,117,Sofá 3 Lugares,Móveis,1,2399.00,2399.00,Campinas,SP,Pix
4905,2025-10-22,103,Máquina de Lavar 12kg,Eletrodomésticos,2,2199.00,4398.00,Santos,SP,Cartão Crédito
4906,2025-10-22,111,Controle Sem Fio,Games,4,349.90,1399.60,Recife,PE,Cartão Crédito
4907,2025-10-22,113,Controle Sem Fio,Games,2,349.90,699.80,Belo Horizonte,MG,Cartão Débito
4908,2025-10-22,113,Mesa de Jantar 6 Cadeiras,Móveis,2,1899.00,3798.00,Rio de Janeiro,RJ,Cartão Crédito
4909,2025-10-22,103,Airfryer 5L,Eletrodomésticos,3,429.90,1289.70,Rio de Janeiro,RJ,Boleto
4910,2025-10-22,116,Mouse Sem Fio,Informática,2,79.90,159.80,Belo Horizonte,MG,Cartão Crédito
4911,2025-10-22,117,Smartphone 128GB,Celulares e Acessórios,2,1799.00,3598.00,Brasília,DF,Pix
4912,2025-10-22,119,Geladeira Frost Free 400L,Eletrodomésticos,2,3499.00,6998.00,Campinas,SP,Cartão Crédito
4913,2025-10-22,102,Esteira Elétrica,Esporte e Lazer,1,2899.00,2899.00,Feira de Santana,BA,Cartão Débito
4914,2025-10-22,113,Console de Videogame,Games,2,2699.10,5398.20,São Paulo,SP,Pix
4915,2025-10-23,111,Monitor Full HD 24pol,Informática,2,899.90,1799.80,Fortaleza,CE,Cartão Crédito
4916,2025-10-23,119,Smartphone 128GB,Celulares e Acessórios,2,1709.05,3418.10,Curitiba,PR,Boleto
4917,2025-10-23,107,Sofá 3 Lugares,Móveis,1,2399.00,2399.00,Belo Horizonte,MG,Cartão Crédito
4918,2025-10-23,120,Monitor Full HD 24pol,Informática,3,899.90,2699.70,Salvador,BA,Cartão Débito
4919,2025-10-23,117,Notebook Core i5,Informática,1,3134.90,3134.90,Feira de Santana,BA,Pix
4920,2025-10-23,120,Monitor Full HD 24pol,Informática,1,899.90,899.90,Curitiba,PR,Cartão Crédito
4921,2025-10-23,110,Mesa de Jantar 6 Cadeiras,Móveis,1,1899.00,1899.00,Belo Horizonte,MG,Boleto
4922,2025-10-23,103,Jogo de Aventura,Games,1,249.90,249.90,Fortaleza,CE,Cartão Crédito
4923,2025-10-23,117,Cadeira de Escritório,Móveis,1,629.91,629.91,Vitória da Conquista,BA,Pix
4924,2025-10-23,109,Mesa de Jantar 6 Cadeiras,Móveis,1,1804.05,1804.05,Brasília,DF,Cartão Crédito
4925,2025-10-24,119,Geladeira Frost Free 400L,Eletrodomésticos,1,3324.05,3324.05,Campinas,SP,Pix
4926,2025-10-24,111,Mesa de Jantar 6 Cadeiras,Móveis,1,1899.00,1899.00,Curitiba,PR,Cartão Débito
4927,2025-10-24,120,Cadeira de Escritório,Móveis,4,699.90,2799.60,Belo Horizonte,MG,Cartão Débito
4928,2025-10-24,110,Airfryer 5L,Eletrodomésticos,1,408.40,408.40,Rio de Janeiro,RJ,Pix
4929,2025-10-24,113,Máquina de Lavar 12kg,Eletrodomésticos,2,2199.00,4398.00,Fortaleza,CE,Pix
4930,2025-10-24,112,Sofá 3 Lugares,Móveis,2,2159.10,4318.20,Fortaleza,CE,Cartão Crédito
4931,2025-10-24,103,Esteira Elétrica,Esporte e Lazer,2,2899.00,5798.00,Santos,SP,Boleto
4932,2025-10-24,112,Notebook Core i5,Informática,2,3299.90,6599.80,Rio de Janeiro,RJ,Cartão Crédito
4933,2025-10-24,120,Fone Bluetooth,Celulares e Acessórios,2,189.90,379.80,Salvador,BA,Cartão Crédito
4934,2025-10-24,113,Kit Halteres 20kg,Esporte e Lazer,2,220.92,441.84,São Paulo,SP,Cartão Crédito
4935,2025-10-24,113,Sofá 3 Lugares,Móveis,2,2039.15,4078.30,Porto Alegre,RS,Cartão Crédito
4936,2025-10-24,111,Micro-ondas 30L,Eletrodomésticos,3,649.90,1949.70,Fortaleza,CE,Cartão Crédito
4937,2025-10-24,115,Micro-ondas 30L,Eletrodomésticos,2,649.90,1299.80,Salvador,BA,Cartão Crédito
4938,2025-10-24,109,Teclado Mecânico,Informática,3,289.90,869.70,Niterói,RJ,Boleto
4939,2025-10-24,116,Sofá 3 Lugares,Móveis,1,2399.00,2399.00,Brasília,DF,Pix
4940,2025-10-24,115,Console de Videogame,Games,1,2999.00,2999.00,Campinas,SP,Cartão Crédito
4941,2025-10-24,111,Micro-ondas 30L,Eletrodomésticos,1,649.90,649.90,Porto Alegre,RS,Cartão Crédito
4942,2025-10-24,120,Teclado Mecânico,Informática,2,260.91,521.82,Curitiba,PR,Cartão Crédito
4943,2025-10-24,105,Máquina de Lavar 12kg,Eletrodomésticos,2,2199.00,4398.00,Belo Horizonte,MG,Pix
4944,2025-10-25,116,Esteira Elétrica,Esporte e Lazer,2,2754.05,5508.10,Santos,SP,Cartão Crédito
4945,2025-10-25,112,Monitor Full HD 24pol,Informática,1,854.90,854.90,Goiânia,GO,Cartão Débito
4946,2025-10-25,101,Kit Halteres 20kg,Esporte e Lazer,4,259.90,1039.60,Recife,PE,Pix
4947,2025-10-25,101,Jogo de Aventura,Games,1,249.90,249.90,Goiânia,GO,Pix
4948,2025-10-25,117,Monitor Full HD 24pol,Informática,3,899.90,2699.70,Feira de Santana,BA,Boleto
4949,2025-10-25,103,Smartphone 128GB,Celulares e Acessórios,2,1799.00,3598.00,Porto Alegre,RS,Cartão Crédito
4950,2025-10-25,119,Teclado Mecânico,Informática,1,289.90,289.90,Curitiba,PR,Pix
4951,2025-10-25,119,Monitor Full HD 24pol,Informática,3,854.90,2564.70,Feira de Santana,BA,Pix
4952,2025-10-25,103,Teclado Mecânico,Informática,3,289.90,869.70,Campinas,SP,Cartão Débito
4953,2025-10-25,105,Cadeira de Escritório,Móveis,4,699.90,2799.60,Uberlândia,MG,Cartão Débito
4954,2025-10-25,119,Cadeira de Escritório,Móveis,1,699.90,699.90,Curitiba,PR,Cartão Crédito
4955,2025-10-25,104,Esteira Elétrica,Esporte e Lazer,2,2609.10,5218.20,Santos,SP,Boleto
4956,2025-10-25,110,Máquina de Lavar 12kg,Eletrodomésticos,2,1869.15,3738.30,Belo Horizonte,MG,Boleto
4957,2025-10-26,115,Smartphone 128GB,Celulares e Acessórios,2,1709.05,3418.10,Belo Horizonte,MG,Cartão Crédito
4958,2025-10-26,103,Smartphone 128GB,Celulares e Acessórios,1,1709.05,1709.05,Salvador,BA,Pix
4959,2025-10-26,120,Mouse Sem Fio,Informática,2,71.91,143.82,Curitiba,PR,Cartão Débito
4960,2025-10-26,105,Smartphone 128GB,Celulares e Acessórios,1,1799.00,1799.00,Goiânia,GO,Boleto
4961,2025-10-26,106,Máquina de Lavar 12kg,Eletrodomésticos,1,2089.05,2089.05,Rio de Janeiro,RJ,Cartão Débito
4962,2025-10-26,106,Fone Bluetooth,Celulares e Acessórios,4,199.90,799.60,Goiânia,GO,Pix
4963,2025-10-26,117,Mouse Sem Fio,Informática,4,79.90,319.60,Rio de Janeiro,RJ,Boleto
4964,2025-10-26,120,Geladeira Frost Free 400L,Eletrodomésticos,2,3324.05,6648.10,Curitiba,PR,Cartão Débito
4965,2025-10-26,109,Mesa de Jantar 6 Cadeiras,Móveis,1,1614.15,1614.15,Fortaleza,CE,Pix
4966,2025-10-26,106,Kit Halteres 20kg,Esporte e Lazer,3,259.90,779.70,Brasília,DF,Pix
4967,2025-10-26,120,Máquina de Lavar 12kg,Eletrodomésticos,1,2199.00,2199.00,Belo Horizonte,MG,Cartão Débito
4968,2025-10-26,105,Esteira Elétrica,Esporte e Lazer,1,2899.00,2899.00,Curitiba,PR,Cartão Crédito
4969,2025-10-26,112,Kit Halteres 20kg,Esporte e Lazer,4,259.90,1039.60,Santos,SP,Pix
4970,2025-10-26,101,Geladeira Frost Free 400L,Eletrodomésticos,1,3324.05,3324.05,Uberlândia,MG,Boleto
4971,2025-10-27,119,Controle Sem Fio,Games,1,314.91,314.91,São Paulo,SP,Boleto
4972,2025-10-27,106,Kit Halteres 20kg,Esporte e Lazer,4,259.90,1039.60,Fortaleza,CE,Cartão Débito
4973,2025-10-27,112,Micro-ondas 30L,Eletrodomésticos,2,617.40,1234.80,Fortaleza,CE,Cartão Crédito
4974,2025-10-27,111,Smartphone 128GB,Celulares e Acessórios,2,1799.00,3598.00,Santos,SP,Cartão Crédito
4975,2025-10-27,116,Sofá 3 Lugares,Móveis,2,2399.00,4798.00,Porto Alegre,RS,Boleto
4976,2025-10-27,116,Controle Sem Fio,Games,4,349.90,1399.60,São Paulo,SP,Cartão Débito
4977,2025-10-27,108,Máquina de Lavar 12kg,Eletrodomésticos,2,1979.10,3958.20,Vitória da Conquista,BA,Cartão Débito
4978,2025-10-27,110,Airfryer 5L,Eletrodomésticos,2,429.90,859.80,Brasília,DF,Boleto
4979,2025-10-27,112,Máquina de Lavar 12kg,Eletrodomésticos,2,2199.00,4398.00,Feira de Santana,BA,Pix
4980,2025-10-27,112,Notebook Core i5,Informática,2,3299.90,6599.80,Salvador,BA,Cartão Crédito
4981,2025-10-27,112,Jogo de Aventura,Games,2,249.90,499.80,Recife,PE,Cartão Crédito
4982,2025-10-27,119,Notebook Core i5,Informática,2,2969.91,5939.82,Rio de Janeiro,RJ,Cartão Débito
4983,2025-10-27,112,Carregador Turbo USB-C,Celulares e Acessórios,5,89.90,449.50,Feira de Santana,BA,Boleto
4984,2025-10-27,109,Micro-ondas 30L,Eletrodomésticos,3,649.90,1949.70,Fortaleza,CE,Cartão Crédito
4985,2025-10-27,113,Smartphone 128GB,Celulares e Acessórios,2,1799.00,3598.00,Campinas,SP,Cartão Débito
4986,2025-10-28,101,Console de Videogame,Games,1,2999.00,2999.00,Salvador,BA,Cartão Crédito
4987,2025-10-28,102,Teclado Mecânico,Informática,4,289.90,1159.60,Santos,SP,Cartão Débito
4988,2025-10-28,106,Sofá 3 Lugares,Móveis,1,2399.00,2399.00,Rio de Janeiro,RJ,Pix
4989,2025-10-28,117,Kit Halteres 20kg,Esporte e Lazer,2,259.90,519.80,Feira de Santana,BA,Boleto
4990,2025-10-28,101,Monitor Full HD 24pol,Informática,2,899.90,1799.80,Niterói,RJ,Pix
4991,2025-10-28,102,Console de Videogame,Games,1,2549.15,2549.15,Vitória da Conquista,BA,Cartão Crédito
4992,2025-10-28,108,Bicicleta Aro 29,Esporte e Lazer,2,1799.00,3598.00,Salvador,BA,Cartão Crédito
4993,2025-10-28,113,Geladeira Frost Free 400L,Eletrodomésticos,1,3499.00,3499.00,Rio de Janeiro,RJ,Pix
4994,2025-10-28,111,Jogo de Aventura,Games,1,249.90,249.90,São Paulo,SP,Cartão Crédito
4995,2025-10-28,119,Máquina de Lavar 12kg,Eletrodomésticos,1,1979.10,1979.10,Belo Horizonte,MG,Pix
4996,2025-10-28,111,Airfryer 5L,Eletrodomésticos,4,429.90,1719.60,Curitiba,PR,Cartão Débito
4997,2025-10-28,101,Fone Bluetooth,Celulares e Acessórios,2,199.90,399.80,Porto Alegre,RS,Cartão Débito
4998,2025-10-28,119,Sofá 3 Lugares,Móveis,1,2279.05,2279.05,Rio de Janeiro,RJ,Boleto
4999,2025-10-28,101,Carregador Turbo USB-C,Celulares e Acessórios,5,76.42,382.10,Brasília,DF,Pix
5000,2025-10-29,112,Carregador Turbo USB-C,Celulares e Acessórios,3,80.91,242.73,Rio de Janeiro,RJ,Boleto
5001,2025-10-29,116,Console de Videogame,Games,1,2999.00,2999.00,Feira de Santana,BA,Boleto
5002,2025-10-29,108,Controle Sem Fio,Games,3,332.40,997.20,Recife,PE,Pix
5003,2025-10-29,106,Bicicleta Aro 29,Esporte e Lazer,2,1799.00,3598.00,Campinas,SP,Cartão Crédito
5004,2025-10-29,106,Carregador Turbo USB-C,Celulares e Acessórios,2,89.90,179.80,Campinas,SP,Cartão Crédito
5005,2025-10-29,113,Micro-ondas 30L,Eletrodomésticos,3,649.90,1949.70,Belo Horizonte,MG,Pix
5006,2025-10-29,120,Console de Videogame,Games,1,2999.00,2999.00,Fortaleza,CE,Boleto
5007,2025-10-29,112,Smartphone 128GB,Celulares e Acessórios,3,1799.00,5397.00,Rio de Janeiro,RJ,Cartão Crédito
5008,2025-10-29,111,Esteira Elétrica,Esporte e Lazer,2,2754.05,5508.10,Brasília,DF,Boleto
5009,2025-10-29,113,Carregador Turbo USB-C,Celulares e Acessórios,6,89.90,539.40,Fortaleza,CE,Pix
5010,2025-10-29,106,Monitor Full HD 24pol,Informática,1,809.91,809.91,Belo Horizonte,MG,Pix
5011,2025-10-29,119,Mesa de Jantar 6 Cadeiras,Móveis,2,1899.00,3798.00,Niterói,RJ,Cartão Crédito
5012,2025-10-29,103,Bicicleta Aro 29,Esporte e Lazer,2,1799.00,3598.00,São Paulo,SP,Cartão Crédito
5013,2025-10-29,110,Notebook Core i5,Informática,2,3134.90,6269.80,Salvador,BA,Cartão Débito
5014,2025-10-29,110,Bicicleta Aro 29,Esporte e Lazer,1,1799.00,1799.00,Vitória da Conquista,BA,Cartão Crédito
5015,2025-10-29,111,Carregador Turbo USB-C,Celulares e Acessórios,2,85.40,170.80,Rio de Janeiro,RJ,Pix
5016,2025-10-29,109,Máquina de Lavar 12kg,Eletrodomésticos,2,2199.00,4398.00,São Paulo,SP,Boleto
5017,2025-10-29,120,Fone Bluetooth,Celulares e Acessórios,2,169.92,339.84,São Paulo,SP,Cartão Crédito
5018,2025-10-29,108,Mouse Sem Fio,Informática,1,79.90,79.90,Rio de Janeiro,RJ,Pix
5019,2025-10-29,116,Jogo de Aventura,Games,2,249.90,499.80,Brasília,DF,Pix
5020,2025-10-29,107,Bicicleta Aro 29,Esporte e Lazer,2,1799.00,3598.00,Uberlândia,MG,Cartão Crédito
5021,2025-10-29,101,Notebook Core i5,Informática,1,3299.90,3299.90,Salvador,BA,Boleto
5022,2025-10-29,113,Geladeira Frost Free 400L,Eletrodomésticos,1,3499.00,3499.00,Belo Horizonte,MG,Cartão Crédito
5023,2025-10-29,115,Kit Halteres 20kg,Esporte e Lazer,4,259.90,1039.60,Recife,PE,Cartão Crédito
5024,2025-10-30,116,Micro-ondas 30L,Eletrodomésticos,3,649.90,1949.70,Fortaleza,CE,Cartão Débito
5025,2025-10-30,104,Mesa de Jantar 6 Cadeiras,Móveis,1,1899.00,1899.00,Uberlândia,MG,Cartão Crédito
5026,2025-10-30,111,Fone Bluetooth,Celulares e Acessórios,2,199.90,399.80,Curitiba,PR,Pix
5027,2025-10-30,115,Mesa de Jantar 6 Cadeiras,Móveis,1,1899.00,1899.00,São Paulo,SP,Pix
5028,2025-10-30,106,Kit Halteres 20kg,Esporte e Lazer,1,233.91,233.91,Salvador,BA,Cartão Crédito
5029,2025-10-30,110,Geladeira Frost Free 400L,Eletrodomésticos,2,3324.05,6648.10,São Paulo,SP,Pix
5030,2025-10-30,107,Carregador Turbo USB-C,Celulares e Acessórios,2,89.90,179.80,Santos,SP,Boleto
5031,2025-10-30,104,Controle Sem Fio,Games,4,349.90,1399.60,Belo Horizonte,MG,Pix
5032,2025-10-30,101,Carregador Turbo USB-C,Celulares e Acessórios,4,89.90,359.60,Campinas,SP,Cartão Débito
5033,2025-10-30,115,Kit Halteres 20kg,Esporte e Lazer,1,259.90,259.90,Recife,PE,Pix
5034,2025-10-30,116,Mouse Sem Fio,Informática,4,71.91,287.64,São Paulo,SP,Cartão Débito
5035,2025-10-30,116,Kit Halteres 20kg,Esporte e Lazer,1,259.90,259.90,Recife,PE,Boleto
5036,2025-10-30,119,Micro-ondas 30L,Eletrodomésticos,2,649.90,1299.80,Uberlândia,MG,Pix
5037,2025-10-30,103,Esteira Elétrica,Esporte e Lazer,1,2609.10,2609.10,Rio de Janeiro,RJ,Boleto
5038,2025-10-30,104,Geladeira Frost Free 400L,Eletrodomésticos,1,3499.00,3499.00,Belo Horizonte,MG,Cartão Crédito
5039,2025-10-30,112,Kit Halteres 20kg,Esporte e Lazer,2,246.90,493.80,Salvador,BA,Cartão Crédito
5040,2025-10-30,119,Cadeira de Escritório,Móveis,1,629.91,629.91,Porto Alegre,RS,Cartão Crédito
5041,2025-10-30,115,Monitor Full HD 24pol,Informática,1,899.90,899.90,Recife,PE,Cartão Crédito
5042,2025-10-30,115,Mouse Sem Fio,Informática,4,79.90,319.60,São Paulo,SP,Cartão Crédito
5043,2025-10-30,101,Jogo de Aventura,Games,2,249.90,499.80,Porto Alegre,RS,Cartão Débito
5044,2025-10-31,104,Geladeira Frost Free 400L,Eletrodomésticos,1,3499.00,3499.00,São Paulo,SP,Pix
5045,2025-10-31,116,Console de Videogame,Games,1,2999.00,2999.00,Goiânia,GO,Cartão Crédito
5046,2025-10-31,105,Esteira Elétrica,Esporte e Lazer,2,2899.00,5798.00,São Paulo,SP,Cartão Crédito
5047,2025-10-31,110,Controle Sem Fio,Games,2,349.90,699.80,Salvador,BA,Cartão Débito
5048,2025-10-31,108,Smartphone 128GB,Celulares e Acessórios,2,1709.05,3418.10,São Paulo,SP,Cartão Débito
5049,2025-10-31,108,Airfryer 5L,Eletrodomésticos,4,386.91,1547.64,São Paulo,SP,Cartão Débito
5050,2025-10-31,113,Carregador Turbo USB-C,Celulares e Acessórios,3,89.90,269.70,Vitória da Conquista,BA,Cartão Crédito
5051,2025-10-31,106,Mouse Sem Fio,Informática,6,79.90,479.40,Curitiba,PR,Cartão Débito
5052,2025-10-31,106,Monitor Full HD 24pol,Informática,1,899.90,899.90,Fortaleza,CE,Cartão Crédito
5053,2025-10-31,102,Controle Sem Fio,Games,2,332.40,664.80,Salvador,BA,Cartão Débito
5054,2025-10-31,107,Controle Sem Fio,Games,3,332.40,997.20,Curitiba,PR,Cartão Crédito
5055,2025-10-31,105,Carregador Turbo USB-C,Celulares e Acessórios,1,89.90,89.90,Porto Alegre,RS,Pix
5056,2025-10-31,101,Controle Sem Fio,Games,2,349.90,699.80,Porto Alegre,RS,Boleto
5057,2025-10-31,106,Fone Bluetooth,Celulares e Acessórios,2,189.90,379.80,Santos,SP,Cartão Crédito
5058,2025-10-31,117,Notebook Core i5,Informática,1,2804.92,2804.92,Vitória da Conquista,BA,Boleto
5059,2025-11-01,117,Mouse Sem Fio,Informática,6,79.90,479.40,São Paulo,SP,Pix
5060,2025-11-01,117,Teclado Mecânico,Informática,2,289.90,579.80,Feira de Santana,BA,Boleto
5061,2025-11-01,112,Teclado Mecânico,Informática,3,289.90,869.70,Salvador,BA,Cartão Crédito
5062,2025-11-01,111,Micro-ondas 30L,Eletrodomésticos,3,649.90,1949.70,Rio de Janeiro,RJ,Cartão Crédito
5063,2025-11-01,104,Micro-ondas 30L,Eletrodomésticos,2,649.90,1299.80,Fortaleza,CE,Boleto
5064,2025-11-01,116,Monitor Full HD 24pol,Informática,1,899.90,899.90,Santos,SP,Cartão Débito
5065,2025-11-01,115,Controle Sem Fio,Games,4,332.40,1329.60,Campinas,SP,Cartão Crédito
5066,2025-11-01,105,Carregador Turbo USB-C,Celulares e Acessórios,1,89.90,89.90,Belo Horizonte,MG,Cartão Crédito
5067,2025-11-01,119,Notebook Core i5,Informática,2,3299.90,6599.80,Niterói,RJ,Cartão Crédito
5068,2025-11-01,119,Micro-ondas 30L,Eletrodomésticos,1,649.90,649.90,Recife,PE,Cartão Crédito
5069,2025-11-01,102,Teclado Mecânico,Informática,3,289.90,869.70,Santos,SP,Cartão Débito
5070,2025-11-02,101,Mesa de Jantar 6 Cadeiras,Móveis,1,1899.00,1899.00,São Paulo,SP,Pix
5071,2025-11-02,102,Airfryer 5L,Eletrodomésticos,3,429.90,1289.70,Rio de Janeiro,RJ,Pix
5072,2025-11-02,120,Controle Sem Fio,Games,1,349.90,349.90,São Paulo,SP,Boleto
5073,2025-11-02,106,Smartphone 128GB,Celulares e Acessórios,3,1709.05,5127.15,São Paulo,SP,Pix
5074,2025-11-02,108,Bicicleta Aro 29,Esporte e Lazer,2,1799.00,3598.00,Vitória da Conquista,BA,Pix
5075,2025-11-02,109,Monitor Full HD 24pol,Informática,2,899.90,1799.80,Goiânia,GO,Pix
5076,2025-11-02,111,Mesa de Jantar 6 Cadeiras,Móveis,2,1899.00,3798.00,Goiânia,GO,Boleto
5077,2025-11-02,101,Console de Videogame,Games,2,2699.10,5398.20,Brasília,DF,Boleto
5078,2025-11-02,102,Smartphone 128GB,Celulares e Acessórios,2,1799.00,3598.00,Campinas,SP,Cartão Crédito
5079,2025-11-02,107,Jogo de Aventura,Games,5,249.90,1249.50,Curitiba,PR,Pix
5080,2025-11-02,103,Carregador Turbo USB-C,Celulares e Acessórios,3,89.90,269.70,Belo Horizonte,MG,Cartão Crédito
5081,2025-11-02,120,Console de Videogame,Games,1,2999.00,2999.00,Niterói,RJ,Pix
5082,2025-11-02,112,Console de Videogame,Games,2,2999.00,5998.00,Campinas,SP,Pix
5083,2025-11-02,101,Airfryer 5L,Eletrodomésticos,1,429.90,429.90,Curitiba,PR,Pix
5084,2025-11-02,103,Mesa de Jantar 6 Cadeiras,Móveis,1,1709.10,1709.10,Niterói,RJ,Cartão Débito
5085,2025-11-02,102,Jogo de Aventura,Games,3,224.91,674.73,Feira de Santana,BA,Pix
5086,2025-11-03,119,Bicicleta Aro 29,Esporte e Lazer,2,1799.00,3598.00,Belo Horizonte,MG,Pix
5087,2025-11-03,106,Geladeira Frost Free 400L,Eletrodomésticos,2,3499.00,6998.00,Rio de Janeiro,RJ,Boleto
5088,2025-11-03,116,Teclado Mecânico,Informática,1,275.40,275.40,Uberlândia,MG,Pix
5089,2025-11-03,110,Mouse Sem Fio,Informática,3,75.90,227.70,Vitória da Conquista,BA,Cartão Débito
5090,2025-11-03,106,Cadeira de Escritório,Móveis,1,699.90,699.90,Rio de Janeiro,RJ,Pix
5091,2025-11-03,119,Micro-ondas 30L,Eletrodomésticos,2,617.40,1234.80,Fortaleza,CE,Cartão Crédito
5092,2025-11-03,109,Esteira Elétrica,Esporte e Lazer,2,2899.00,5798.00,Salvador,BA,Cartão Crédito
5093,2025-11-03,119,Notebook Core i5,Informática,2,3299.90,6599.80,São Paulo,SP,Cartão Débito
5094,2025-11-03,117,Cadeira de Escritório,Móveis,3,699.90,2099.70,Vitória da Conquista,BA,Boleto
5095,2025-11-03,106,Geladeira Frost Free 400L,Eletrodomésticos,2,3499.00,6998.00,Porto Alegre,RS,Cartão Débito
5096,2025-11-03,115,Controle Sem Fio,Games,2,349.90,699.80,São Paulo,SP,Cartão Crédito
5097,2025-11-03,101,Fone Bluetooth,Celulares e Acessórios,3,199.90,599.70,Santos,SP,Pix
5098,2025-11-03,115,Mouse Sem Fio,Informática,4,75.90,303.60,Campinas,SP,Boleto
5099,2025-11-03,119,Sofá 3 Lugares,Móveis,2,2399.00,4798.00,Fortaleza,CE,Cartão Crédito
5100,2025-11-03,103,Teclado Mecânico,Informática,2,289.90,579.80,Brasília,DF,Cartão Crédito
5101,2025-11-03,110,Fone Bluetooth,Celulares e Acessórios,2,199.90,399.80,São Paulo,SP,Boleto
5102,2025-11-03,106,Máquina de Lavar 12kg,Eletrodomésticos,1,1869.15,1869.15,Fortaleza,CE,Cartão Débito
5103,2025-11-03,111,Kit Halteres 20kg,Esporte e Lazer,1,259.90,259.90,Goiânia,GO,Cartão Débito
5104,2025-11-04,119,Notebook Core i5,Informática,1,3299.90,3299.90,Feira de Santana,BA,Pix
5105,2025-11-04,113,Kit Halteres 20kg,Esporte e Lazer,4,259.90,1039.60,Niterói,RJ,Pix
5106,2025-11-04,106,Micro-ondas 30L,Eletrodomésticos,3,649.90,1949.70,Recife,PE,Boleto
5107,2025-11-04,104,Esteira Elétrica,Esporte e Lazer,2,2899.00,5798.00,Recife,PE,Cartão Débito
5108,2025-11-04,120,Sofá 3 Lugares,Móveis,2,2399.00,4798.00,Brasília,DF,Cartão Crédito
5109,2025-11-04,101,Mouse Sem Fio,Informática,5,79.90,399.50,Brasília,DF,Boleto
5110,2025-11-04,120,Esteira Elétrica,Esporte e Lazer,1,2899.00,2899.00,Campinas,SP,Cartão Crédito
5111,2025-11-04,104,Máquina de Lavar 12kg,Eletrodomésticos,1,2199.00,2199.00,Vitória da Conquista,BA,Pix
5112,2025-11-04,104,Jogo de Aventura,Games,2,249.90,499.80,Brasília,DF,Cartão Crédito
5113,2025-11-04,111,Notebook Core i5,Informática,2,3299.90,6599.80,Rio de Janeiro,RJ,Cartão Débito
5114,2025-11-04,110,Controle Sem Fio,Games,4,349.90,1399.60,Uberlândia,MG,Cartão Crédito
5115,2025-11-04,113,Geladeira Frost Free 400L,Eletrodomésticos,1,3499.00,3499.00,Vitória da Conquista,BA,Boleto
5116,2025-11-04,109,Geladeira Frost Free 400L,Eletrodomésticos,1,3499.00,3499.00,Uberlândia,MG,Boleto
5117,2025-11-04,112,Smartphone 128GB,Celulares e Acessórios,3,1799.00,5397.00,Rio de Janeiro,RJ,Cartão Débito
5118,2025-11-04,112,Airfryer 5L,Eletrodomésticos,4,429.90,1719.60,Vitória da Conquista,BA,Pix
5119,2025-11-04,112,Bicicleta Aro 29,Esporte e Lazer,1,1799.00,1799.00,Brasília,DF,Pix
5120,2025-11-04,116,Esteira Elétrica,Esporte e Lazer,1,2899.00,2899.00,Santos,SP,Pix
5121,2025-11-04,109,Smartphone 128GB,Celulares e Acessórios,2,1799.00,3598.00,Niterói,RJ,Pix
5122,2025-11-04,103,Airfryer 5L,Eletrodomésticos,4,429.90,1719.60,Curitiba,PR,Cartão Débito
5123,2025-11-05,105,Cadeira de Escritório,Móveis,2,664.90,1329.80,Santos,SP,Boleto
5124,2025-11-05,107,Cadeira de Escritório,Móveis,2,699.90,1399.80,São Paulo,SP,Cartão Débito
5125,2025-11-05,110,Geladeira Frost Free 400L,Eletrodomésticos,1,3324.05,3324.05,Uberlândia,MG,Boleto
5126,2025-11-05,115,Smartphone 128GB,Celulares e Acessórios,3,1799.00,5397.00,Santos,SP,Pix
5127,2025-11-05,104,Bicicleta Aro 29,Esporte e Lazer,1,1799.00,1799.00,São Paulo,SP,Cartão Crédito
5128,2025-11-05,119,Bicicleta Aro 29,Esporte e Lazer,1,1799.00,1799.00,Feira de Santana,BA,Cartão Crédito
5129,2025-11-05,113,Cadeira de Escritório,Móveis,2,699.90,1399.80,Vitória da Conquista,BA,Cartão Crédito
5130,2025-11-05,120,Mesa de Jantar 6 Cadeiras,Móveis,1,1899.00,1899.00,Belo Horizonte,MG,Boleto
5131,2025-11-05,101,Cadeira de Escritório,Móveis,1,699.90,699.90,Belo Horizonte,MG,Cartão Débito
5132,2025-11-05,106,Micro-ondas 30L,Eletrodomésticos,3,584.91,1754.73,Recife,PE,Pix
5133,2025-11-05,109,Airfryer 5L,Eletrodomésticos,1,429.90,429.90,Fortaleza,CE,Cartão Débito
5134,2025-11-06,120,Bicicleta Aro 29,Esporte e Lazer,1,1799.00,1799.00,Vitória da Conquista,BA,Pix
5135,2025-11-06,117,Airfryer 5L,Eletrodomésticos,2,429.90,859.80,Recife,PE,Cartão Crédito
5136,2025-11-06,112,Smartphone 128GB,Celulares e Acessórios,3,1709.05,5127.15,Belo Horizonte,MG,Cartão Débito
5137,2025-11-06,107,Fone Bluetooth,Celulares e Acessórios,2,189.90,379.80,Fortaleza,CE,Pix
5138,2025-11-06,116,Airfryer 5L,Eletrodomésticos,2,408.40,816.80,Campinas,SP,Cartão Crédito
5139,2025-11-06,104,Mesa de Jantar 6 Cadeiras,Móveis,1,1899.00,1899.00,Porto Alegre,RS,Cartão Crédito
5140,2025-11-06,111,Esteira Elétrica,Esporte e Lazer,2,2899.00,5798.00,Goiânia,GO,Pix
5141,2025-11-06,103,Esteira Elétrica,Esporte e Lazer,1,2609.10,2609.10,Belo Horizonte,MG,Pix
5142,2025-11-06,101,Teclado Mecânico,Informática,2,289.90,579.80,Fortaleza,CE,Boleto
5143,2025-11-06,115,Mesa de Jantar 6 Cadeiras,Móveis,2,1804.05,3608.10,Uberlândia,MG,Cartão Crédito
5144,2025-11-06,120,Máquina de Lavar 12kg,Eletrodomésticos,1,2199.00,2199.00,Belo Horizonte,MG,Cartão Débito
5145,2025-11-06,103,Console de Videogame,Games,1,2999.00,2999.00,Brasília,DF,Cartão Débito
5146,2025-11-06,107,Mouse Sem Fio,Informática,6,71.91,431.46,Fortaleza,CE,Cartão Crédito
5147,2025-11-06,112,Controle Sem Fio,Games,4,349.90,1399.60,Fortaleza,CE,Boleto
5148,2025-11-06,108,Cadeira de Escritório,Móveis,2,664.90,1329.80,Niterói,RJ,Pix
5149,2025-11-06,116,Jogo de Aventura,Games,2,249.90,499.80,Goiânia,GO,Pix
5150,2025-11-06,102,Notebook Core i5,Informática,2,3299.90,6599.80,Goiânia,GO,Cartão Débito
5151,2025-11-06,103,Carregador Turbo USB-C,Celulares e Acessórios,5,89.90,449.50,Niterói,RJ,Pix
5152,2025-11-06,106,Fone Bluetooth,Celulares e Acessórios,4,199.90,799.60,Feira de Santana,BA,Boleto
5153,2025-11-07,113,Geladeira Frost Free 400L,Eletrodomésticos,1,2974.15,2974.15,Feira de Santana,BA,Pix
5154,2025-11-07,117,Micro-ondas 30L,Eletrodomésticos,1,649.90,649.90,Porto Alegre,RS,Cartão Crédito
5155,2025-11-07,106,Mouse Sem Fio,Informática,4,79.90,319.60,Porto Alegre,RS,Pix
5156,2025-11-07,109,Smartphone 128GB,Celulares e Acessórios,2,1799.00,3598.00,Rio de Janeiro,RJ,Cartão Débito
5157,2025-11-07,115,Fone Bluetooth,Celulares e Acessórios,1,199.90,199.90,Salvador,BA,Pix
5158,2025-11-07,116,Máquina de Lavar 12kg,Eletrodomésticos,1,1979.10,1979.10,Salvador,BA,Pix
5159,2025-11-07,119,Cadeira de Escritório,Móveis,2,629.91,1259.82,Porto Alegre,RS,Pix
5160,2025-11-07,103,Teclado Mecânico,Informática,2,289.90,579.80,Vitória da Conquista,BA,Cartão Crédito
5161,2025-11-07,104,Mesa de Jantar 6 Cadeiras,Móveis,2,1899.00,3798.00,São Paulo,SP,Cartão Débito
5162,2025-11-07,117,Mesa de Jantar 6 Cadeiras,Móveis,2,1804.05,3608.10,Salvador,BA,Cartão Débito
5163,2025-11-07,120,Fone Bluetooth,Celulares e Acessórios,2,199.90,399.80,Brasília,DF,Cartão Crédito
5164,2025-11-07,115,Bicicleta Aro 29,Esporte e Lazer,2,1799.00,3598.00,Uberlândia,MG,Cartão Crédito
5165,2025-11-07,113,Fone Bluetooth,Celulares e Acessórios,3,199.90,599.70,Niterói,RJ,Pix
5166,2025-11-07,110,Mesa de Jantar 6 Cadeiras,Móveis,1,1899.00,1899.00,Belo Horizonte,MG,Cartão Crédito
5167,2025-11-07,102,Bicicleta Aro 29,Esporte e Lazer,2,1799.00,3598.00,Belo Horizonte,MG,Cartão Crédito
5168,2025-11-07,104,Console de Videogame,Games,2,2999.00,5998.00,Feira de Santana,BA,Boleto
5169,2025-11-07,116,Teclado Mecânico,Informática,1,275.40,275.40,Rio de Janeiro,RJ,Boleto
5170,2025-11-07,103,Jogo de Aventura,Games,1,249.90,249.90,Fortaleza,CE,Cartão Débito
5171,2025-11-08,102,Máquina de Lavar 12kg,Eletrodomésticos,2,2199.00,4398.00,Campinas,SP,Cartão Crédito
5172,2025-11-08,103,Geladeira Frost Free 400L,Eletrodomésticos,1,3499.00,3499.00,Niterói,RJ,Cartão Débito
5173,2025-11-08,102,Geladeira Frost Free 400L,Eletrodomésticos,2,3499.00,6998.00,Rio de Janeiro,RJ,Pix
5174,2025-11-08,113,Cadeira de Escritório,Móveis,3,664.90,1994.70,Santos,SP,Cartão Débito
5175,2025-11-08,104,Carregador Turbo USB-C,Celulares e Acessórios,2,89.90,179.80,Fortaleza,CE,Cartão Crédito
5176,2025-11-08,108,Fone Bluetooth,Celulares e Acessórios,2,189.90,379.80,Campinas,SP,Cartão Crédito
5177,2025-11-08,112,Cadeira de Escritório,Móveis,4,664.90,2659.60,Belo Horizonte,MG,Cartão Débito
5178,2025-11-08,109,Notebook Core i5,Informática,2,3299.90,6599.80,São Paulo,SP,Cartão Crédito
5179,2025-11-08,115,Monitor Full HD 24pol,Informática,1,899.90,899.90,Fortaleza,CE,Pix
5180,2025-11-08,117,Notebook Core i5,Informática,1,3134.90,3134.90,São Paulo,SP,Pix
5181,2025-11-08,103,Smartphone 128GB,Celulares e Acessórios,3,1799.00,5397.00,Brasília,DF,Cartão Crédito
5182,2025-11-08,113,Máquina de Lavar 12kg,Eletrodomésticos,1,2199.00,2199.00,São Paulo,SP,Cartão Débito
5183,2025-11-08,111,Notebook Core i5,Informática,1,3299.90,3299.90,Porto Alegre,RS,Boleto
5184,2025-11-08,112,Teclado Mecânico,Informática,3,289.90,869.70,Belo Horizonte,MG,Boleto
5185,2025-11-08,119,Esteira Elétrica,Esporte e Lazer,1,2899.00,2899.00,Uberlândia,MG,Cartão Crédito
5186,2025-11-09,120,Smartphone 128GB,Celulares e Acessórios,1,1799.00,1799.00,Rio de Janeiro,RJ,Pix
5187,2025-11-09,103,Fone Bluetooth,Celulares e Acessórios,1,199.90,199.90,Fortaleza,CE,Cartão Débito
5188,2025-11-09,106,Kit Halteres 20kg,Esporte e Lazer,4,259.90,1039.60,Recife,PE,Cartão Crédito
5189,2025-11-09,117,Esteira Elétrica,Esporte e Lazer,1,2899.00,2899.00,Niterói,RJ,Boleto
5190,2025-11-09,119,Micro-ondas 30L,Eletrodomésticos,1,617.40,617.40,Niterói,RJ,Cartão Débito
5191,2025-11-09,107,Controle Sem Fio,Games,4,349.90,1399.60,Fortaleza,CE,Cartão Crédito
5192,2025-11-09,119,Notebook Core i5,Informática,2,3134.90,6269.80,Uberlândia,MG,Boleto
5193,2025-11-09,120,Sofá 3 Lugares,Móveis,1,2399.00,2399.00,Fortaleza,CE,Pix
5194,2025-11-09,110,Controle Sem Fio,Games,3,314.91,944.73,Belo Horizonte,MG,Pix
5195,2025-11-09,119,Mouse Sem Fio,Informática,4,79.90,319.60,Belo Horizonte,MG,Cartão Crédito
5196,2025-11-09,111,Console de Videogame,Games,1,2999.00,2999.00,Feira de Santana,BA,Boleto
5197,2025-11-09,116,Airfryer 5L,Eletrodomésticos,3,429.90,1289.70,Salvador,BA,Boleto
5198,2025-11-09,109,Fone Bluetooth,Celulares e Acessórios,1,179.91,179.91,Brasília,DF,Boleto
5199,2025-11-09,110,Airfryer 5L,Eletrodomésticos,1,429.90,429.90,Vitória da Conquista,BA,Boleto
5200,2025-11-09,106,Bicicleta Aro 29,Esporte e Lazer,2,1619.10,3238.20,Curitiba,PR,Cartão Crédito
5201,2025-11-09,102,Jogo de Aventura,Games,3,249.90,749.70,Campinas,SP,Pix
5202,2025-11-09,112,Smartphone 128GB,Celulares e Acessórios,1,1799.00,1799.00,Rio de Janeiro,RJ,Boleto
5203,2025-11-09,101,Console de Videogame,Games,2,2999.00,5998.00,São Paulo,SP,Boleto
5204,2025-11-10,113,Cadeira de Escritório,Móveis,3,699.90,2099.70,Campinas,SP,Cartão Crédito
5205,2025-11-10,105,Bicicleta Aro 29,Esporte e Lazer,1,1799.00,1799.00,Belo Horizonte,MG,Boleto
5206,2025-11-10,115,Smartphone 128GB,Celulares e Acessórios,3,1709.05,5127.15,Belo Horizonte,MG,Pix
5207,2025-11-10,108,Smartphone 128GB,Celulares e Acessórios,1,1709.05,1709.05,Porto Alegre,RS,Pix
5208,2025-11-10,108,Console de Videogame,Games,1,2999.00,2999.00,Feira de Santana,BA,Pix
5209,2025-11-10,119,Airfryer 5L,Eletrodomésticos,1,365.42,365.42,Porto Alegre,RS,Cartão Crédito
5210,2025-11-10,112,Controle Sem Fio,Games,4,314.91,1259.64,Salvador,BA,Boleto
5211,2025-11-10,110,Teclado Mecânico,Informática,3,289.90,869.70,Rio de Janeiro,RJ,Cartão Crédito
5212,2025-11-10,106,Kit Halteres 20kg,Esporte e Lazer,1,246.90,246.90,Salvador,BA,Boleto
5213,2025-11-10,117,Mesa de Jantar 6 Cadeiras,Móveis,1,1899.00,1899.00,Santos,SP,Pix
5214,2025-11-10,111,Mouse Sem Fio,Informática,6,75.90,455.40,Vitória da Conquista,BA,Cartão Crédito
5215,2025-11-11,119,Máquina de Lavar 12kg,Eletrodomésticos,1,2199.00,2199.00,Santos,SP,Pix
5216,2025-11-11,108,Bicicleta Aro 29,Esporte e Lazer,2,1799.00,3598.00,Recife,PE,Pix
5217,2025-11-11,109,Máquina de Lavar 12kg,Eletrodomésticos,1,2199.00,2199.00,Belo Horizonte,MG,Pix
5218,2025-11-11,105,Monitor Full HD 24pol,Informática,2,854.90,1709.80,Niterói,RJ,Cartão Crédito
5219,2025-11-11,117,Máquina de Lavar 12kg,Eletrodomésticos,2,2199.00,4398.00,Niterói,RJ,Pix
5220,2025-11-11,113,Controle Sem Fio,Games,3,349.90,1049.70,Rio de Janeiro,RJ,Pix
5221,2025-11-11,103,Máquina de Lavar 12kg,Eletrodomésticos,1,2199.00,2199.00,Salvador,BA,Pix
5222,2025-11-11,105,Sofá 3 Lugares,Móveis,1,2399.00,2399.00,Niterói,RJ,Cartão Crédito
5223,2025-11-11,117,Kit Halteres 20kg,Esporte e Lazer,3,259.90,779.70,Campinas,SP,Cartão Crédito
5224,2025-11-11,108,Máquina de Lavar 12kg,Eletrodomésticos,1,2089.05,2089.05,Rio de Janeiro,RJ,Cartão Débito
5225,2025-11-11,112,Esteira Elétrica,Esporte e Lazer,1,2899.00,2899.00,Goiânia,GO,Pix
5226,2025-11-11,107,Geladeira Frost Free 400L,Eletrodomésticos,2,3324.05,6648.10,Vitória da Conquista,BA,Cartão Débito
5227,2025-11-11,108,Fone Bluetooth,Celulares e Acessórios,3,199.90,599.70,Porto Alegre,RS,Cartão Crédito
5228,2025-11-11,117,Jogo de Aventura,Games,3,249.90,749.70,Belo Horizonte,MG,Cartão Débito
5229,2025-11-11,116,Carregador Turbo USB-C,Celulares e Acessórios,1,89.90,89.90,Rio de Janeiro,RJ,Cartão Crédito
5230,2025-11-11,107,Geladeira Frost Free 400L,Eletrodomésticos,2,3499.00,6998.00,Vitória da Conquista,BA,Cartão Crédito
5231,2025-11-11,113,Carregador Turbo USB-C,Celulares e Acessórios,5,89.90,449.50,São Paulo,SP,Cartão Crédito
5232,2025-11-12,107,Airfryer 5L,Eletrodomésticos,3,408.40,1225.20,Campinas,SP,Cartão Crédito
5233,2025-11-12,104,Máquina de Lavar 12kg,Eletrodomésticos,2,2199.00,4398.00,Curitiba,PR,Cartão Débito
5234,2025-11-12,113,Fone Bluetooth,Celulares e Acessórios,4,199.90,799.60,São Paulo,SP,Cartão Crédito
5235,2025-11-12,103,Console de Videogame,Games,1,2999.00,2999.00,Goiânia,GO,Boleto
5236,2025-11-12,111,Carregador Turbo USB-C,Celulares e Acessórios,4,89.90,359.60,Curitiba,PR,Cartão Débito
5237,2025-11-12,104,Geladeira Frost Free 400L,Eletrodomésticos,2,3499.00,6998.00,Niterói,RJ,Boleto
5238,2025-11-12,111,Monitor Full HD 24pol,Informática,1,854.90,854.90,Santos,SP,Pix
5239,2025-11-12,117,Bicicleta Aro 29,Esporte e Lazer,2,1799.00,3598.00,Vitória da Conquista,BA,Pix
5240,2025-11-12,102,Mesa de Jantar 6 Cadeiras,Móveis,2,1804.05,3608.10,Vitória da Conquista,BA,Pix
5241,2025-11-12,110,Controle Sem Fio,Games,1,349.90,349.90,Feira de Santana,BA,Pix
5242,2025-11-12,112,Esteira Elétrica,Esporte e Lazer,2,2899.00,5798.00,Salvador,BA,Cartão Débito
5243,2025-11-12,120,Mouse Sem Fio,Informática,4,75.90,303.60,Salvador,BA,Cartão Crédito
5244,2025-11-13,101,Kit Halteres 20kg,Esporte e Lazer,4,259.90,1039.60,Porto Alegre,RS,Pix
5245,2025-11-13,115,Carregador Turbo USB-C,Celulares e Acessórios,4,89.90,359.60,Salvador,BA,Pix
5246,2025-11-13,108,Carregador Turbo USB-C,Celulares e Acessórios,6,89.90,539.40,Curitiba,PR,Boleto
5247,2025-11-13,103,Esteira Elétrica,Esporte e Lazer,2,2899.00,5798.00,Belo Horizonte,MG,Cartão Débito
5248,2025-11-13,107,Monitor Full HD 24pol,Informática,3,899.90,2699.70,Salvador,BA,Pix
5249,2025-11-13,112,Mesa de Jantar 6 Cadeiras,Móveis,1,1899.00,1899.00,São Paulo,SP,Pix
5250,2025-11-13,105,Mesa de Jantar 6 Cadeiras,Móveis,2,1899.00,3798.00,Belo Horizonte,MG,Cartão Crédito
5251,2025-11-13,106,Airfryer 5L,Eletrodomésticos,4,365.42,1461.68,Santos,SP,Cartão Crédito
5252,2025-11-13,102,Airfryer 5L,Eletrodomésticos,1,429.90,429.90,São Paulo,SP,Cartão Débito
5253,2025-11-13,110,Smartphone 128GB,Celulares e Acessórios,3,1799.00,5397.00,Campinas,SP,Pix
5254,2025-11-13,120,Geladeira Frost Free 400L,Eletrodomésticos,2,3499.00,6998.00,Feira de Santana,BA,Cartão Crédito
5255,2025-11-13,110,Smartphone 128GB,Celulares e Acessórios,1,1799.00,1799.00,Feira de Santana,BA,Boleto
5256,2025-11-13,109,Mesa de Jantar 6 Cadeiras,Móveis,2,1899.00,3798.00,Santos,SP,Cartão Crédito
5257,2025-11-13,115,Mouse Sem Fio,Informática,4,75.90,303.60,Uberlândia,MG,Cartão Crédito
5258,2025-11-13,101,Esteira Elétrica,Esporte e Lazer,2,2754.05,5508.10,São Paulo,SP,Cartão Débito
5259,2025-11-13,117,Mesa de Jantar 6 Cadeiras,Móveis,1,1804.05,1804.05,São Paulo,SP,Boleto
5260,2025-11-13,105,Carregador Turbo USB-C,Celulares e Acessórios,4,89.90,359.60,Rio de Janeiro,RJ,Cartão Crédito
5261,2025-11-13,106,Controle Sem Fio,Games,3,349.90,1049.70,Rio de Janeiro,RJ,Pix
5262,2025-11-14,102,Fone Bluetooth,Celulares e Acessórios,1,199.90,199.90,Uberlândia,MG,Pix
5263,2025-11-14,106,Console de Videogame,Games,1,2999.00,2999.00,Curitiba,PR,Pix
5264,2025-11-14,101,Console de Videogame,Games,2,2999.00,5998.00,Curitiba,PR,Cartão Crédito
5265,2025-11-14,111,Airfryer 5L,Eletrodomésticos,2,386.91,773.82,São Paulo,SP,Pix
5266,2025-11-14,102,Máquina de Lavar 12kg,Eletrodomésticos,2,2199.00,4398.00,Porto Alegre,RS,Boleto
5267,2025-11-14,106,Fone Bluetooth,Celulares e Acessórios,2,189.90,379.80,Fortaleza,CE,Boleto
5268,2025-11-14,109,Cadeira de Escritório,Móveis,4,699.90,2799.60,Brasília,DF,Boleto
5269,2025-11-14,105,Monitor Full HD 24pol,Informática,3,899.90,2699.70,Santos,SP,Pix
5270,2025-11-14,117,Mouse Sem Fio,Informática,6,79.90,479.40,Salvador,BA,Pix
5271,2025-11-14,101,Máquina de Lavar 12kg,Eletrodomésticos,2,1979.10,3958.20,São Paulo,SP,Cartão Crédito
5272,2025-11-14,106,Console de Videogame,Games,2,2999.00,5998.00,Curitiba,PR,Cartão Crédito
5273,2025-11-14,108,Monitor Full HD 24pol,Informática,2,809.91,1619.82,Rio de Janeiro,RJ,Cartão Crédito
5274,2025-11-14,109,Esteira Elétrica,Esporte e Lazer,1,2899.00,2899.00,Belo Horizonte,MG,Boleto
5275,2025-11-14,115,Geladeira Frost Free 400L,Eletrodomésticos,1,3499.00,3499.00,Curitiba,PR,Cartão Crédito
5276,2025-11-14,120,Micro-ondas 30L,Eletrodomésticos,1,649.90,649.90,Campinas,SP,Cartão Débito
5277,2025-11-14,107,Kit Halteres 20kg,Esporte e Lazer,2,259.90,519.80,Porto Alegre,RS,Cartão Débito
5278,2025-11-14,103,Máquina de Lavar 12kg,Eletrodomésticos,2,2199.00,4398.00,Rio de Janeiro,RJ,Pix
5279,2025-11-14,111,Máquina de Lavar 12kg,Eletrodomésticos,1,2199.00,2199.00,Niterói,RJ,Boleto
5280,2025-11-14,109,Micro-ondas 30L,Eletrodomésticos,3,649.90,1949.70,Porto Alegre,RS,Cartão Débito
5281,2025-11-14,112,Cadeira de Escritório,Móveis,2,699.90,1399.80,Brasília,DF,Cartão Débito
5282,2025-11-14,111,Geladeira Frost Free 400L,Eletrodomésticos,1,3499.00,3499.00,Rio de Janeiro,RJ,Cartão Débito
5283,2025-11-15,110,Airfryer 5L,Eletrodomésticos,3,429.90,1289.70,Porto Alegre,RS,Cartão Crédito
5284,2025-11-15,116,Bicicleta Aro 29,Esporte e Lazer,2,1799.00,3598.00,Belo Horizonte,MG,Boleto
5285,2025-11-15,117,Mesa de Jantar 6 Cadeiras,Móveis,2,1899.00,3798.00,Uberlândia,MG,Pix
5286,2025-11-15,119,Controle Sem Fio,Games,4,349.90,1399.60,Recife,PE,Pix
5287,2025-11-15,109,Mouse Sem Fio,Informática,3,79.90,239.70,São Paulo,SP,Cartão Débito
5288,2025-11-15,110,Máquina de Lavar 12kg,Eletrodomésticos,2,2199.00,4398.00,Recife,PE,Pix
5289,2025-11-15,108,Airfryer 5L,Eletrodomésticos,1,365.42,365.42,Brasília,DF,Pix
5290,2025-11-15,109,Carregador Turbo USB-C,Celulares e Acessórios,5,89.90,449.50,Goiânia,GO,Pix
5291,2025-11-15,120,Console de Videogame,Games,1,2549.15,2549.15,Recife,PE,Pix
5292,2025-11-15,110,Máquina de Lavar 12kg,Eletrodomésticos,2,2199.00,4398.00,Salvador,BA,Boleto
5293,2025-11-15,108,Smartphone 128GB,Celulares e Acessórios,3,1799.00,5397.00,Belo Horizonte,MG,Boleto
5294,2025-11-15,113,Bicicleta Aro 29,Esporte e Lazer,2,1799.00,3598.00,Vitória da Conquista,BA,Pix
5295,2025-11-15,115,Teclado Mecânico,Informática,1,275.40,275.40,Santos,SP,Cartão Crédito
5296,2025-11-15,108,Sofá 3 Lugares,Móveis,1,2399.00,2399.00,Goiânia,GO,Boleto
5297,2025-11-15,106,Fone Bluetooth,Celulares e Acessórios,3,179.91,539.73,São Paulo,SP,Cartão Crédito
5298,2025-11-15,116,Airfryer 5L,Eletrodomésticos,2,429.90,859.80,Vitória da Conquista,BA,Boleto
5299,2025-11-15,103,Kit Halteres 20kg,Esporte e Lazer,1,259.90,259.90,Curitiba,PR,Pix
5300,2025-11-15,107,Notebook Core i5,Informática,2,3299.90,6599.80,Salvador,BA,Pix
5301,2025-11-15,113,Fone Bluetooth,Celulares e Acessórios,1,179.91,179.91,Niterói,RJ,Cartão Débito
5302,2025-11-15,108,Sofá 3 Lugares,Móveis,1,2399.00,2399.00,Uberlândia,MG,Cartão Crédito
5303,2025-11-15,103,Kit Halteres 20kg,Esporte e Lazer,4,259.90,1039.60,Salvador,BA,Cartão Crédito
5304,2025-11-15,102,Bicicleta Aro 29,Esporte e Lazer,1,1709.05,1709.05,Salvador,BA,Pix
5305,2025-11-15,107,Teclado Mecânico,Informática,4,289.90,1159.60,Uberlândia,MG,Boleto
5306,2025-11-16,104,Fone Bluetooth,Celulares e Acessórios,1,189.90,189.90,Fortaleza,CE,Pix
5307,2025-11-16,113,Monitor Full HD 24pol,Informática,3,899.90,2699.70,São Paulo,SP,Cartão Crédito
5308,2025-11-16,115,Bicicleta Aro 29,Esporte e Lazer,2,1799.00,3598.00,Fortaleza,CE,Cartão Débito
5309,2025-11-16,102,Smartphone 128GB,Celulares e Acessórios,2,1799.00,3598.00,Porto Alegre,RS,Boleto
5310,2025-11-16,107,Esteira Elétrica,Esporte e Lazer,1,2899.00,2899.00,Brasília,DF,Pix
5311,2025-11-16,116,Mesa de Jantar 6 Cadeiras,Móveis,1,1899.00,1899.00,Rio de Janeiro,RJ,Cartão Débito
5312,2025-11-16,105,Smartphone 128GB,Celulares e Acessórios,1,1799.00,1799.00,Fortaleza,CE,Cartão Débito
5313,2025-11-16,116,Sofá 3 Lugares,Móveis,1,2279.05,2279.05,Salvador,BA,Boleto
5314,2025-11-16,103,Máquina de Lavar 12kg,Eletrodomésticos,1,2089.05,2089.05,São Paulo,SP,Cartão Crédito
5315,2025-11-17,109,Micro-ondas 30L,Eletrodomésticos,1,649.90,649.90,Belo Horizonte,MG,Pix
5316,2025-11-17,108,Kit Halteres 20kg,Esporte e Lazer,3,259.90,779.70,Salvador,BA,Boleto
5317,2025-11-17,105,Fone Bluetooth,Celulares e Acessórios,4,199.90,799.60,Feira de Santana,BA,Boleto
5318,2025-11-17,116,Carregador Turbo USB-C,Celulares e Acessórios,4,85.40,341.60,Campinas,SP,Boleto
5319,2025-11-17,116,Airfryer 5L,Eletrodomésticos,2,429.90,859.80,Goiânia,GO,Boleto
5320,2025-11-17,113,Mesa de Jantar 6 Cadeiras,Móveis,1,1899.00,1899.00,Fortaleza,CE,Boleto
5321,2025-11-17,119,Fone Bluetooth,Celulares e Acessórios,2,199.90,399.80,Porto Alegre,RS,Cartão Crédito
5322,2025-11-17,115,Esteira Elétrica,Esporte e Lazer,1,2899.00,2899.00,Recife,PE,Cartão Débito
5323,2025-11-17,119,Fone Bluetooth,Celulares e Acessórios,1,199.90,199.90,Goiânia,GO,Cartão Débito
5324,2025-11-17,108,Carregador Turbo USB-C,Celulares e Acessórios,2,89.90,179.80,Campinas,SP,Cartão Crédito
5325,2025-11-17,103,Monitor Full HD 24pol,Informática,2,899.90,1799.80,Vitória da Conquista,BA,Cartão Crédito
5326,2025-11-17,101,Kit Halteres 20kg,Esporte e Lazer,4,259.90,1039.60,Vitória da Conquista,BA,Pix
5327,2025-11-17,113,Micro-ondas 30L,Eletrodomésticos,2,649.90,1299.80,São Paulo,SP,Pix
5328,2025-11-17,115,Airfryer 5L,Eletrodomésticos,3,429.90,1289.70,Fortaleza,CE,Cartão Débito
5329,2025-11-17,115,Mesa de Jantar 6 Cadeiras,Móveis,1,1709.10,1709.10,Brasília,DF,Pix
5330,2025-11-17,120,Fone Bluetooth,Celulares e Acessórios,1,189.90,189.90,Santos,SP,Cartão Crédito
5331,2025-11-17,119,Micro-ondas 30L,Eletrodomésticos,3,649.90,1949.70,Porto Alegre,RS,Boleto
5332,2025-11-17,104,Bicicleta Aro 29,Esporte e Lazer,1,1799.00,1799.00,Brasília,DF,Cartão Crédito
5333,2025-11-18,113,Máquina de Lavar 12kg,Eletrodomésticos,1,2199.00,2199.00,Uberlândia,MG,Cartão Crédito
5334,2025-11-18,113,Geladeira Frost Free 400L,Eletrodomésticos,1,3499.00,3499.00,Niterói,RJ,Pix
5335,2025-11-18,102,Sofá 3 Lugares,Móveis,1,2399.00,2399.00,Brasília,DF,Boleto
5336,2025-11-18,108,Notebook Core i5,Informática,1,3299.90,3299.90,Niterói,RJ,Boleto
5337,2025-11-18,107,Bicicleta Aro 29,Esporte e Lazer,1,1529.15,1529.15,Uberlândia,MG,Boleto
5338,2025-11-18,120,Geladeira Frost Free 400L,Eletrodomésticos,2,2974.15,5948.30,Recife,PE,Boleto
5339,2025-11-18,110,Máquina de Lavar 12kg,Eletrodomésticos,1,2199.00,2199.00,Niterói,RJ,Pix
5340,2025-11-18,107,Teclado Mecânico,Informática,3,289.90,869.70,Fortaleza,CE,Pix
5341,2025-11-18,102,Esteira Elétrica,Esporte e Lazer,2,2899.00,5798.00,Brasília,DF,Pix
5342,2025-11-18,105,Fone Bluetooth,Celulares e Acessórios,2,199.90,399.80,Campinas,SP,Cartão Crédito
5343,2025-11-18,119,Smartphone 128GB,Celulares e Acessórios,1,1799.00,1799.00,Feira de Santana,BA,Cartão Crédito
5344,2025-11-18,107,Sofá 3 Lugares,Móveis,1,2159.10,2159.10,Niterói,RJ,Pix
5345,2025-11-18,109,Jogo de Aventura,Games,3,249.90,749.70,Goiânia,GO,Pix
5346,2025-11-18,104,Teclado Mecânico,Informática,1,289.90,289.90,Uberlândia,MG,Pix
5347,2025-11-18,104,Kit Halteres 20kg,Esporte e Lazer,1,259.90,259.90,São Paulo,SP,Cartão Débito
5348,2025-11-18,117,Jogo de Aventura,Games,2,224.91,449.82,São Paulo,SP,Cartão Crédito
5349,2025-11-19,104,Smartphone 128GB,Celulares e Acessórios,3,1709.05,5127.15,Curitiba,PR,Pix
5350,2025-11-19,103,Esteira Elétrica,Esporte e Lazer,1,2899.00,2899.00,Niterói,RJ,Cartão Crédito
5351,2025-11-19,119,Notebook Core i5,Informática,1,3299.90,3299.90,Curitiba,PR,Pix
5352,2025-11-19,115,Controle Sem Fio,Games,2,332.40,664.80,Rio de Janeiro,RJ,Cartão Débito
5353,2025-11-19,112,Carregador Turbo USB-C,Celulares e Acessórios,5,85.40,427.00,Salvador,BA,Cartão Débito
5354,2025-11-19,112,Monitor Full HD 24pol,Informática,1,899.90,899.90,Curitiba,PR,Boleto
5355,2025-11-19,107,Monitor Full HD 24pol,Informática,1,854.90,854.90,Vitória da Conquista,BA,Cartão Crédito
5356,2025-11-19,101,Geladeira Frost Free 400L,Eletrodomésticos,2,3324.05,6648.10,Recife,PE,Boleto
5357,2025-11-19,104,Sofá 3 Lugares,Móveis,2,2159.10,4318.20,Campinas,SP,Cartão Débito
5358,2025-11-19,120,Sofá 3 Lugares,Móveis,1,2399.00,2399.00,Salvador,BA,Pix
5359,2025-11-19,119,Carregador Turbo USB-C,Celulares e Acessórios,2,89.90,179.80,Vitória da Conquista,BA,Boleto
5360,2025-11-19,120,Controle Sem Fio,Games,1,349.90,349.90,Recife,PE,Boleto
5361,2025-11-19,120,Monitor Full HD 24pol,Informática,2,899.90,1799.80,Rio de Janeiro,RJ,Cartão Crédito
5362,2025-11-19,110,Cadeira de Escritório,Móveis,1,699.90,699.90,Belo Horizonte,MG,Pix
5363,2025-11-19,119,Monitor Full HD 24pol,Informática,2,899.90,1799.80,Goiânia,GO,Boleto
5364,2025-11-19,109,Cadeira de Escritório,Móveis,1,699.90,699.90,São Paulo,SP,Cartão Débito
5365,2025-11-19,117,Monitor Full HD 24pol,Informática,3,899.90,2699.70,Campinas,SP,Cartão Débito
5366,2025-11-20,111,Sofá 3 Lugares,Móveis,2,2159.10,4318.20,Rio de Janeiro,RJ,Cartão Crédito
5367,2025-11-20,115,Carregador Turbo USB-C,Celulares e Acessórios,2,89.90,179.80,Belo Horizonte,MG,Cartão Débito
5368,2025-11-20,101,Smartphone 128GB,Celulares e Acessórios,3,1799.00,5397.00,Porto Alegre,RS,Cartão Débito
5369,2025-11-20,109,Sofá 3 Lugares,Móveis,1,2399.00,2399.00,Recife,PE,Pix
5370,2025-11-20,104,Sofá 3 Lugares,Móveis,2,2399.00,4798.00,Niterói,RJ,Pix
5371,2025-11-20,120,Sofá 3 Lugares,Móveis,2,2399.00,4798.00,Brasília,DF,Cartão Débito
5372,2025-11-20,104,Esteira Elétrica,Esporte e Lazer,1,2899.00,2899.00,Niterói,RJ,Pix
5373,2025-11-20,106,Carregador Turbo USB-C,Celulares e Acessórios,6,89.90,539.40,Niterói,RJ,Boleto
5374,2025-11-20,112,Jogo de Aventura,Games,5,249.90,1249.50,Curitiba,PR,Cartão Débito
5375,2025-11-20,107,Micro-ondas 30L,Eletrodomésticos,2,649.90,1299.80,Feira de Santana,BA,Boleto
5376,2025-11-20,120,Kit Halteres 20kg,Esporte e Lazer,4,259.90,1039.60,Feira de Santana,BA,Boleto
5377,2025-11-20,102,Teclado Mecânico,Informática,2,260.91,521.82,Niterói,RJ,Cartão Crédito
5378,2025-11-21,112,Fone Bluetooth,Celulares e Acessórios,5,199.90,999.50,Goiânia,GO,Pix
5379,2025-11-21,110,Smartphone 128GB,Celulares e Acessórios,3,1799.00,5397.00,Salvador,BA,Boleto
5380,2025-11-21,105,Esteira Elétrica,Esporte e Lazer,1,2899.00,2899.00,Brasília,DF,Boleto
5381,2025-11-21,115,Monitor Full HD 24pol,Informática,2,899.90,1799.80,São Paulo,SP,Pix
5382,2025-11-21,107,Jogo de Aventura,Games,3,249.90,749.70,Recife,PE,Boleto
5383,2025-11-21,105,Teclado Mecânico,Informática,1,289.90,289.90,São Paulo,SP,Cartão Débito
5384,2025-11-21,117,Airfryer 5L,Eletrodomésticos,4,429.90,1719.60,Rio de Janeiro,RJ,Cartão Débito
5385,2025-11-21,112,Controle Sem Fio,Games,3,332.40,997.20,Recife,PE,Cartão Débito
5386,2025-11-21,116,Jogo de Aventura,Games,3,249.90,749.70,Salvador,BA,Boleto
5387,2025-11-21,116,Jogo de Aventura,Games,1,249.90,249.90,Salvador,BA,Cartão Crédito
5388,2025-11-21,109,Bicicleta Aro 29,Esporte e Lazer,2,1799.00,3598.00,Salvador,BA,Pix
5389,2025-11-21,103,Bicicleta Aro 29,Esporte e Lazer,2,1799.00,3598.00,Recife,PE,Cartão Crédito
5390,2025-11-21,117,Fone Bluetooth,Celulares e Acessórios,2,199.90,399.80,Goiânia,GO,Cartão Crédito
5391,2025-11-21,113,Teclado Mecânico,Informática,2,289.90,579.80,Brasília,DF,Boleto
5392,2025-11-21,108,Smartphone 128GB,Celulares e Acessórios,1,1799.00,1799.00,Salvador,BA,Boleto
5393,2025-11-21,115,Smartphone 128GB,Celulares e Acessórios,1,1799.00,1799.00,Uberlândia,MG,Boleto
5394,2025-11-21,115,Geladeira Frost Free 400L,Eletrodomésticos,2,3149.10,6298.20,Belo Horizonte,MG,Pix
5395,2025-11-21,107,Teclado Mecânico,Informática,3,246.42,739.26,Vitória da Conquista,BA,Cartão Crédito
5396,2025-11-22,119,Esteira Elétrica,Esporte e Lazer,1,2899.00,2899.00,Fortaleza,CE,Cartão Crédito
5397,2025-11-22,117,Esteira Elétrica,Esporte e Lazer,2,2899.00,5798.00,Recife,PE,Pix
5398,2025-11-22,113,Mesa de Jantar 6 Cadeiras,Móveis,1,1899.00,1899.00,Salvador,BA,Boleto
5399,2025-11-22,102,Jogo de Aventura,Games,3,249.90,749.70,Goiânia,GO,Pix
5400,2025-11-22,107,Controle Sem Fio,Games,1,349.90,349.90,Rio de Janeiro,RJ,Pix
5401,2025-11-22,101,Máquina de Lavar 12kg,Eletrodomésticos,2,2199.00,4398.00,Salvador,BA,Cartão Débito
5402,2025-11-22,110,Monitor Full HD 24pol,Informática,3,809.91,2429.73,Brasília,DF,Boleto
5403,2025-11-22,113,Console de Videogame,Games,1,2999.00,2999.00,Feira de Santana,BA,Cartão Crédito
5404,2025-11-22,102,Console de Videogame,Games,2,2999.00,5998.00,Brasília,DF,Cartão Crédito
5405,2025-11-22,107,Controle Sem Fio,Games,2,349.90,699.80,Salvador,BA,Pix
5406,2025-11-22,103,Bicicleta Aro 29,Esporte e Lazer,1,1799.00,1799.00,Porto Alegre,RS,Cartão Crédito
5407,2025-11-22,102,Controle Sem Fio,Games,1,314.91,314.91,Vitória da Conquista,BA,Pix
5408,2025-11-22,115,Notebook Core i5,Informática,2,3299.90,6599.80,Campinas,SP,Boleto
5409,2025-11-22,117,Sofá 3 Lugares,Móveis,2,2279.05,4558.10,Rio de Janeiro,RJ,Boleto
5410,2025-11-22,102,Micro-ondas 30L,Eletrodomésticos,2,649.90,1299.80,Curitiba,PR,Cartão Crédito
5411,2025-11-22,107,Bicicleta Aro 29,Esporte e Lazer,2,1799.00,3598.00,Belo Horizonte,MG,Cartão Crédito
5412,2025-11-22,106,Carregador Turbo USB-C,Celulares e Acessórios,5,89.90,449.50,Salvador,BA,Cartão Crédito
5413,2025-11-22,112,Notebook Core i5,Informática,1,3299.90,3299.90,Porto Alegre,RS,Pix
5414,2025-11-22,117,Geladeira Frost Free 400L,Eletrodomésticos,1,3499.00,3499.00,Campinas,SP,Pix
5415,2025-11-22,108,Notebook Core i5,Informática,2,3299.90,6599.80,Campinas,SP,Cartão Crédito
5416,2025-11-22,104,Cadeira de Escritório,Móveis,1,699.90,699.90,Rio de Janeiro,RJ,Boleto
5417,2025-11-22,111,Kit Halteres 20kg,Esporte e Lazer,3,259.90,779.70,Porto Alegre,RS,Cartão Débito
5418,2025-11-22,102,Monitor Full HD 24pol,Informática,3,899.90,2699.70,Porto Alegre,RS,Cartão Crédito
5419,2025-11-23,105,Mouse Sem Fio,Informática,5,79.90,399.50,Belo Horizonte,MG,Pix
5420,2025-11-23,112,Smartphone 128GB,Celulares e Acessórios,3,1799.00,5397.00,Uberlândia,MG,Cartão Débito
5421,2025-11-23,115,Airfryer 5L,Eletrodomésticos,4,429.90,1719.60,São Paulo,SP,Cartão Débito
5422,2025-11-23,108,Mouse Sem Fio,Informática,6,79.90,479.40,Feira de Santana,BA,Pix
5423,2025-11-23,102,Sofá 3 Lugares,Móveis,2,2039.15,4078.30,Belo Horizonte,MG,Pix
5424,2025-11-23,103,Cadeira de Escritório,Móveis,1,664.90,664.90,São Paulo,SP,Boleto
5425,2025-11-23,112,Sofá 3 Lugares,Móveis,2,2399.00,4798.00,Porto Alegre,RS,Cartão Crédito
5426,2025-11-23,101,Teclado Mecânico,Informática,1,289.90,289.90,Vitória da Conquista,BA,Cartão Crédito
5427,2025-11-23,102,Micro-ondas 30L,Eletrodomésticos,1,649.90,649.90,Goiânia,GO,Pix
5428,2025-11-23,101,Geladeira Frost Free 400L,Eletrodomésticos,1,3499.00,3499.00,Porto Alegre,RS,Pix
5429,2025-11-23,111,Teclado Mecânico,Informática,3,289.90,869.70,Goiânia,GO,Pix
5430,2025-11-23,101,Cadeira de Escritório,Móveis,2,699.90,1399.80,Uberlândia,MG,Cartão Débito
5431,2025-11-23,116,Airfryer 5L,Eletrodomésticos,3,429.90,1289.70,Campinas,SP,Boleto
5432,2025-11-23,104,Esteira Elétrica,Esporte e Lazer,2,2609.10,5218.20,Rio de Janeiro,RJ,Cartão Crédito
5433,2025-11-23,108,Airfryer 5L,Eletrodomésticos,4,429.90,1719.60,Fortaleza,CE,Cartão Crédito
5434,2025-11-23,112,Geladeira Frost Free 400L,Eletrodomésticos,1,3499.00,3499.00,Goiânia,GO,Pix
5435,2025-11-23,104,Console de Videogame,Games,1,2999.00,2999.00,Recife,PE,Cartão Crédito
5436,2025-11-23,119,Máquina de Lavar 12kg,Eletrodomésticos,1,2199.00,2199.00,Vitória da Conquista,BA,Pix
5437,2025-11-23,101,Esteira Elétrica,Esporte e Lazer,1,2899.00,2899.00,Campinas,SP,Cartão Débito
5438,2025-11-24,112,Sofá 3 Lugares,Móveis,2,2399.00,4798.00,Belo Horizonte,MG,Boleto
5439,2025-11-24,109,Micro-ondas 30L,Eletrodomésticos,2,617.40,1234.80,Niterói,RJ,Cartão Crédito
5440,2025-11-24,104,Fone Bluetooth,Celulares e Acessórios,4,179.91,719.64,Belo Horizonte,MG,Cartão Crédito
5441,2025-11-24,113,Airfryer 5L,Eletrodomésticos,4,408.40,1633.60,São Paulo,SP,Boleto
5442,2025-11-24,110,Esteira Elétrica,Esporte e Lazer,2,2899.00,5798.00,Rio de Janeiro,RJ,Cartão Crédito
5443,2025-11-24,106,Mesa de Jantar 6 Cadeiras,Móveis,1,1899.00,1899.00,Santos,SP,Cartão Débito
5444,2025-11-24,116,Controle Sem Fio,Games,1,349.90,349.90,Salvador,BA,Cartão Débito
5445,2025-11-24,116,Fone Bluetooth,Celulares e Acessórios,4,189.90,759.60,Rio de Janeiro,RJ,Cartão Crédito
5446,2025-11-24,103,Carregador Turbo USB-C,Celulares e Acessórios,4,89.90,359.60,Fortaleza,CE,Pix
5447,2025-11-24,110,Teclado Mecânico,Informática,3,289.90,869.70,Goiânia,GO,Cartão Crédito
5448,2025-11-24,115,Controle Sem Fio,Games,3,349.90,1049.70,Curitiba,PR,Pix
5449,2025-11-24,111,Airfryer 5L,Eletrodomésticos,1,386.91,386.91,Belo Horizonte,MG,Cartão Débito
5450,2025-11-24,108,Airfryer 5L,Eletrodomésticos,3,429.90,1289.70,Belo Horizonte,MG,Pix
5451,2025-11-24,103,Fone Bluetooth,Celulares e Acessórios,2,189.90,379.80,Curitiba,PR,Cartão Débito
5452,2025-11-24,120,Notebook Core i5,Informática,1,3299.90,3299.90,Brasília,DF,Cartão Crédito
5453,2025-11-25,120,Jogo de Aventura,Games,4,237.40,949.60,Brasília,DF,Boleto
5454,2025-11-25,107,Máquina de Lavar 12kg,Eletrodomésticos,1,2089.05,2089.05,Goiânia,GO,Pix
5455,2025-11-25,105,Cadeira de Escritório,Móveis,2,699.90,1399.80,Porto Alegre,RS,Pix
5456,2025-11-25,102,Monitor Full HD 24pol,Informática,3,899.90,2699.70,Brasília,DF,Cartão Crédito
5457,2025-11-25,107,Monitor Full HD 24pol,Informática,3,899.90,2699.70,Belo Horizonte,MG,Cartão Crédito
5458,2025-11-25,107,Jogo de Aventura,Games,1,249.90,249.90,Fortaleza,CE,Cartão Crédito
5459,2025-11-25,103,Mesa de Jantar 6 Cadeiras,Móveis,2,1899.00,3798.00,Curitiba,PR,Cartão Débito
5460,2025-11-25,116,Carregador Turbo USB-C,Celulares e Acessórios,5,80.91,404.55,Goiânia,GO,Cartão Débito
5461,2025-11-25,117,Monitor Full HD 24pol,Informática,3,899.90,2699.70,Santos,SP,Cartão Crédito
5462,2025-11-25,101,Máquina de Lavar 12kg,Eletrodomésticos,2,2089.05,4178.10,São Paulo,SP,Pix
5463,2025-11-25,103,Teclado Mecânico,Informática,3,289.90,869.70,Salvador,BA,Cartão Crédito
5464,2025-11-25,112,Mouse Sem Fio,Informática,2,79.90,159.80,Goiânia,GO,Cartão Débito
5465,2025-11-25,117,Airfryer 5L,Eletrodomésticos,1,429.90,429.90,Niterói,RJ,Cartão Crédito
5466,2025-11-25,104,Fone Bluetooth,Celulares e Acessórios,2,199.90,399.80,Porto Alegre,RS,Cartão Crédito
5467,2025-11-25,106,Máquina de Lavar 12kg,Eletrodomésticos,1,1979.10,1979.10,Salvador,BA,Cartão Débito
5468,2025-11-26,110,Esteira Elétrica,Esporte e Lazer,1,2464.15,2464.15,São Paulo,SP,Cartão Crédito
5469,2025-11-26,109,Mesa de Jantar 6 Cadeiras,Móveis,2,1899.00,3798.00,Recife,PE,Cartão Crédito
5470,2025-11-26,112,Smartphone 128GB,Celulares e Acessórios,1,1799.00,1799.00,Curitiba,PR,Cartão Crédito
5471,2025-11-26,106,Cadeira de Escritório,Móveis,1,699.90,699.90,Feira de Santana,BA,Cartão Crédito
5472,2025-11-26,109,Sofá 3 Lugares,Móveis,1,2399.00,2399.00,Brasília,DF,Pix
5473,2025-11-26,112,Jogo de Aventura,Games,3,249.90,749.70,Brasília,DF,Cartão Crédito
5474,2025-11-26,108,Notebook Core i5,Informática,2,3134.90,6269.80,Fortaleza,CE,Boleto
5475,2025-11-26,101,Monitor Full HD 24pol,Informática,2,899.90,1799.80,Fortaleza,CE,Pix
5476,2025-11-26,117,Notebook Core i5,Informática,2,3299.90,6599.80,Belo Horizonte,MG,Cartão Crédito
5477,2025-11-26,110,Geladeira Frost Free 400L,Eletrodomésticos,1,3499.00,3499.00,Curitiba,PR,Cartão Crédito
5478,2025-11-26,105,Teclado Mecânico,Informática,3,289.90,869.70,Campinas,SP,Boleto
5479,2025-11-27,119,Smartphone 128GB,Celulares e Acessórios,2,1799.00,3598.00,Belo Horizonte,MG,Pix
5480,2025-11-27,113,Jogo de Aventura,Games,1,237.40,237.40,Campinas,SP,Boleto
5481,2025-11-27,117,Bicicleta Aro 29,Esporte e Lazer,2,1799.00,3598.00,Salvador,BA,Cartão Crédito
5482,2025-11-27,101,Bicicleta Aro 29,Esporte e Lazer,2,1799.00,3598.00,Porto Alegre,RS,Cartão Débito
5483,2025-11-27,102,Bicicleta Aro 29,Esporte e Lazer,1,1799.00,1799.00,Uberlândia,MG,Pix
5484,2025-11-27,101,Sofá 3 Lugares,Móveis,2,2399.00,4798.00,Campinas,SP,Cartão Débito
5485,2025-11-27,120,Geladeira Frost Free 400L,Eletrodomésticos,1,3499.00,3499.00,Belo Horizonte,MG,Cartão Crédito
5486,2025-11-27,120,Cadeira de Escritório,Móveis,2,699.90,1399.80,Feira de Santana,BA,Pix
5487,2025-11-27,116,Monitor Full HD 24pol,Informática,1,899.90,899.90,Rio de Janeiro,RJ,Pix
5488,2025-11-27,107,Fone Bluetooth,Celulares e Acessórios,3,189.90,569.70,Salvador,BA,Cartão Débito
5489,2025-11-27,104,Jogo de Aventura,Games,1,249.90,249.90,Goiânia,GO,Boleto
5490,2025-11-27,112,Controle Sem Fio,Games,4,314.91,1259.64,Fortaleza,CE,Cartão Crédito
5491,2025-11-27,115,Mouse Sem Fio,Informática,3,79.90,239.70,Belo Horizonte,MG,Cartão Crédito
5492,2025-11-27,112,Geladeira Frost Free 400L,Eletrodomésticos,1,3499.00,3499.00,São Paulo,SP,Cartão Crédito
5493,2025-11-27,108,Carregador Turbo USB-C,Celulares e Acessórios,2,76.42,152.84,Goiânia,GO,Boleto
5494,2025-11-27,113,Bicicleta Aro 29,Esporte e Lazer,1,1799.00,1799.00,Uberlândia,MG,Cartão Crédito
5495,2025-11-27,102,Teclado Mecânico,Informática,2,246.42,492.84,Fortaleza,CE,Cartão Crédito
5496,2025-11-28,117,Mesa de Jantar 6 Cadeiras,Móveis,2,1804.05,3608.10,Brasília,DF,Boleto
5497,2025-11-28,120,Airfryer 5L,Eletrodomésticos,4,429.90,1719.60,Uberlândia,MG,Boleto
5498,2025-11-28,101,Cadeira de Escritório,Móveis,4,629.91,2519.64,Uberlândia,MG,Cartão Crédito
5499,2025-11-28,113,Bicicleta Aro 29,Esporte e Lazer,2,1799.00,3598.00,Feira de Santana,BA,Cartão Crédito
5500,2025-11-28,106,Esteira Elétrica,Esporte e Lazer,1,2754.05,2754.05,Vitória da Conquista,BA,Cartão Débito
5501,2025-11-28,120,Fone Bluetooth,Celulares e Acessórios,3,189.90,569.70,Vitória da Conquista,BA,Cartão Crédito
5502,2025-11-28,115,Fone Bluetooth,Celulares e Acessórios,3,189.90,569.70,Belo Horizonte,MG,Boleto
5503,2025-11-28,113,Monitor Full HD 24pol,Informática,1,899.90,899.90,São Paulo,SP,Pix
5504,2025-11-28,105,Fone Bluetooth,Celulares e Acessórios,2,179.91,359.82,Santos,SP,Cartão Débito
5505,2025-11-28,107,Bicicleta Aro 29,Esporte e Lazer,1,1799.00,1799.00,Fortaleza,CE,Pix
5506,2025-11-28,117,Teclado Mecânico,Informática,3,289.90,869.70,Porto Alegre,RS,Cartão Crédito
5507,2025-11-29,117,Console de Videogame,Games,2,2999.00,5998.00,São Paulo,SP,Cartão Crédito
5508,2025-11-29,112,Fone Bluetooth,Celulares e Acessórios,1,199.90,199.90,Santos,SP,Cartão Crédito
5509,2025-11-29,102,Carregador Turbo USB-C,Celulares e Acessórios,1,89.90,89.90,Rio de Janeiro,RJ,Boleto
5510,2025-11-29,101,Smartphone 128GB,Celulares e Acessórios,1,1799.00,1799.00,Goiânia,GO,Pix
5511,2025-11-29,108,Notebook Core i5,Informática,2,3299.90,6599.80,São Paulo,SP,Pix
5512,2025-11-29,119,Micro-ondas 30L,Eletrodomésticos,3,649.90,1949.70,Salvador,BA,Cartão Crédito
5513,2025-11-29,105,Smartphone 128GB,Celulares e Acessórios,2,1799.00,3598.00,São Paulo,SP,Cartão Crédito
5514,2025-11-29,111,Carregador Turbo USB-C,Celulares e Acessórios,1,89.90,89.90,Belo Horizonte,MG,Cartão Crédito
5515,2025-11-29,106,Console de Videogame,Games,2,2999.00,5998.00,Goiânia,GO,Cartão Crédito
5516,2025-11-29,106,Sofá 3 Lugares,Móveis,2,2279.05,4558.10,Feira de Santana,BA,Pix
5517,2025-11-29,113,Geladeira Frost Free 400L,Eletrodomésticos,1,3499.00,3499.00,Rio de Janeiro,RJ,Cartão Crédito
5518,2025-11-29,108,Monitor Full HD 24pol,Informática,2,899.90,1799.80,São Paulo,SP,Cartão Crédito
5519,2025-11-29,110,Kit Halteres 20kg,Esporte e Lazer,3,246.90,740.70,Curitiba,PR,Boleto
5520,2025-11-29,120,Cadeira de Escritório,Móveis,4,699.90,2799.60,Brasília,DF,Cartão Débito
5521,2025-11-29,103,Carregador Turbo USB-C,Celulares e Acessórios,4,76.42,305.68,Belo Horizonte,MG,Cartão Débito
5522,2025-11-29,119,Console de Videogame,Games,2,2999.00,5998.00,Curitiba,PR,Cartão Crédito
5523,2025-11-29,117,Airfryer 5L,Eletrodomésticos,4,429.90,1719.60,Uberlândia,MG,Pix
5524,2025-11-29,105,Fone Bluetooth,Celulares e Acessórios,4,169.92,679.68,Recife,PE,Pix
5525,2025-11-29,103,Geladeira Frost Free 400L,Eletrodomésticos,1,3499.00,3499.00,Belo Horizonte,MG,Pix
5526,2025-11-29,120,Mouse Sem Fio,Informática,4,75.90,303.60,Fortaleza,CE,Boleto
5527,2025-11-29,104,Mouse Sem Fio,Informática,3,79.90,239.70,Salvador,BA,Cartão Débito
5528,2025-11-29,109,Mouse Sem Fio,Informática,4,79.90,319.60,Rio de Janeiro,RJ,Pix
5529,2025-11-29,113,Teclado Mecânico,Informática,3,289.90,869.70,São Paulo,SP,Pix
5530,2025-11-30,115,Fone Bluetooth,Celulares e Acessórios,1,199.90,199.90,Recife,PE,Cartão Crédito
5531,2025-11-30,111,Smartphone 128GB,Celulares e Acessórios,2,1799.00,3598.00,Fortaleza,CE,Cartão Crédito
5532,2025-11-30,113,Máquina de Lavar 12kg,Eletrodomésticos,1,1979.10,1979.10,Salvador,BA,Cartão Crédito
5533,2025-11-30,102,Sofá 3 Lugares,Móveis,1,2039.15,2039.15,Rio de Janeiro,RJ,Boleto
5534,2025-11-30,107,Sofá 3 Lugares,Móveis,1,2399.00,2399.00,Niterói,RJ,Cartão Crédito
5535,2025-11-30,106,Airfryer 5L,Eletrodomésticos,3,429.90,1289.70,Porto Alegre,RS,Cartão Débito
5536,2025-11-30,103,Cadeira de Escritório,Móveis,4,699.90,2799.60,Rio de Janeiro,RJ,Boleto
5537,2025-11-30,108,Sofá 3 Lugares,Móveis,1,2399.00,2399.00,São Paulo,SP,Boleto
5538,2025-11-30,104,Smartphone 128GB,Celulares e Acessórios,3,1799.00,5397.00,Salvador,BA,Boleto
5539,2025-11-30,116,Sofá 3 Lugares,Móveis,2,2039.15,4078.30,Vitória da Conquista,BA,Pix
5540,2025-11-30,110,Esteira Elétrica,Esporte e Lazer,1,2899.00,2899.00,Fortaleza,CE,Pix
5541,2025-11-30,116,Smartphone 128GB,Celulares e Acessórios,1,1799.00,1799.00,Uberlândia,MG,Boleto
5542,2025-11-30,113,Fone Bluetooth,Celulares e Acessórios,4,199.90,799.60,São Paulo,SP,Cartão Crédito
5543,2025-11-30,112,Console de Videogame,Games,2,2999.00,5998.00,Salvador,BA,Cartão Crédito
5544,2025-12-01,120,Sofá 3 Lugares,Móveis,2,2399.00,4798.00,Goiânia,GO,Boleto
5545,2025-12-01,112,Airfryer 5L,Eletrodomésticos,1,429.90,429.90,Uberlândia,MG,Cartão Crédito
5546,2025-12-01,120,Mesa de Jantar 6 Cadeiras,Móveis,1,1899.00,1899.00,Brasília,DF,Pix
5547,2025-12-01,120,Teclado Mecânico,Informática,3,289.90,869.70,Campinas,SP,Pix
5548,2025-12-01,119,Esteira Elétrica,Esporte e Lazer,2,2609.10,5218.20,São Paulo,SP,Boleto
5549,2025-12-01,103,Carregador Turbo USB-C,Celulares e Acessórios,1,85.40,85.40,Niterói,RJ,Cartão Crédito
5550,2025-12-01,109,Micro-ondas 30L,Eletrodomésticos,2,649.90,1299.80,Salvador,BA,Cartão Débito
5551,2025-12-01,104,Fone Bluetooth,Celulares e Acessórios,4,199.90,799.60,Brasília,DF,Boleto
5552,2025-12-01,117,Sofá 3 Lugares,Móveis,2,2399.00,4798.00,Salvador,BA,Cartão Crédito
5553,2025-12-01,103,Máquina de Lavar 12kg,Eletrodomésticos,1,2199.00,2199.00,Porto Alegre,RS,Pix
5554,2025-12-01,110,Fone Bluetooth,Celulares e Acessórios,2,169.92,339.84,Porto Alegre,RS,Cartão Crédito
5555,2025-12-01,104,Fone Bluetooth,Celulares e Acessórios,3,189.90,569.70,Fortaleza,CE,Pix
5556,2025-12-01,117,Notebook Core i5,Informática,2,3299.90,6599.80,Belo Horizonte,MG,Cartão Crédito
5557,2025-12-01,103,Esteira Elétrica,Esporte e Lazer,1,2754.05,2754.05,Uberlândia,MG,Pix
5558,2025-12-01,109,Monitor Full HD 24pol,Informática,1,899.90,899.90,Belo Horizonte,MG,Pix
5559,2025-12-01,117,Controle Sem Fio,Games,4,349.90,1399.60,Recife,PE,Pix
5560,2025-12-02,115,Carregador Turbo USB-C,Celulares e Acessórios,4,89.90,359.60,Feira de Santana,BA,Cartão Crédito
5561,2025-12-02,120,Máquina de Lavar 12kg,Eletrodomésticos,1,2199.00,2199.00,Curitiba,PR,Boleto
5562,2025-12-02,105,Cadeira de Escritório,Móveis,1,699.90,699.90,Vitória da Conquista,BA,Cartão Débito
5563,2025-12-02,112,Console de Videogame,Games,1,2999.00,2999.00,Rio de Janeiro,RJ,Cartão Débito
5564,2025-12-02,107,Console de Videogame,Games,1,2999.00,2999.00,Curitiba,PR,Cartão Crédito
5565,2025-12-02,115,Smartphone 128GB,Celulares e Acessórios,1,1799.00,1799.00,Belo Horizonte,MG,Cartão Débito
5566,2025-12-02,106,Máquina de Lavar 12kg,Eletrodomésticos,2,2199.00,4398.00,Curitiba,PR,Boleto
5567,2025-12-02,109,Geladeira Frost Free 400L,Eletrodomésticos,1,3499.00,3499.00,Brasília,DF,Pix
5568,2025-12-02,108,Sofá 3 Lugares,Móveis,1,2399.00,2399.00,Rio de Janeiro,RJ,Cartão Débito
5569,2025-12-02,119,Fone Bluetooth,Celulares e Acessórios,3,189.90,569.70,São Paulo,SP,Pix
5570,2025-12-02,106,Carregador Turbo USB-C,Celulares e Acessórios,2,89.90,179.80,Rio de Janeiro,RJ,Boleto
5571,2025-12-02,102,Kit Halteres 20kg,Esporte e Lazer,2,259.90,519.80,São Paulo,SP,Pix
5572,2025-12-02,120,Console de Videogame,Games,2,2999.00,5998.00,São Paulo,SP,Boleto
5573,2025-12-03,104,Monitor Full HD 24pol,Informática,2,899.90,1799.80,Feira de Santana,BA,Pix
5574,2025-12-03,117,Mesa de Jantar 6 Cadeiras,Móveis,1,1804.05,1804.05,Fortaleza,CE,Cartão Débito
5575,2025-12-03,106,Geladeira Frost Free 400L,Eletrodomésticos,1,3499.00,3499.00,Fortaleza,CE,Cartão Débito
5576,2025-12-03,107,Monitor Full HD 24pol,Informática,3,899.90,2699.70,Salvador,BA,Boleto
5577,2025-12-03,115,Micro-ondas 30L,Eletrodomésticos,2,649.90,1299.80,Vitória da Conquista,BA,Pix
5578,2025-12-03,119,Controle Sem Fio,Games,4,349.90,1399.60,Goiânia,GO,Boleto
5579,2025-12-03,109,Monitor Full HD 24pol,Informática,1,899.90,899.90,Belo Horizonte,MG,Pix
5580,2025-12-03,119,Mesa de Jantar 6 Cadeiras,Móveis,2,1899.00,3798.00,Recife,PE,Boleto
5581,2025-12-03,116,Geladeira Frost Free 400L,Eletrodomésticos,2,3499.00,6998.00,Niterói,RJ,Cartão Débito
5582,2025-12-03,111,Monitor Full HD 24pol,Informática,1,899.90,899.90,Salvador,BA,Pix
5583,2025-12-03,110,Bicicleta Aro 29,Esporte e Lazer,1,1799.00,1799.00,São Paulo,SP,Cartão Crédito
5584,2025-12-03,103,Fone Bluetooth,Celulares e Acessórios,1,199.90,199.90,Belo Horizonte,MG,Pix
5585,2025-12-03,103,Geladeira Frost Free 400L,Eletrodomésticos,2,3499.00,6998.00,Fortaleza,CE,Boleto
5586,2025-12-03,109,Bicicleta Aro 29,Esporte e Lazer,2,1799.00,3598.00,São Paulo,SP,Cartão Crédito
5587,2025-12-03,116,Geladeira Frost Free 400L,Eletrodomésticos,2,3499.00,6998.00,Campinas,SP,Cartão Crédito
5588,2025-12-03,105,Controle Sem Fio,Games,3,349.90,1049.70,Belo Horizonte,MG,Cartão Crédito
5589,2025-12-03,116,Cadeira de Escritório,Móveis,2,699.90,1399.80,Rio de Janeiro,RJ,Pix
5590,2025-12-04,119,Fone Bluetooth,Celulares e Acessórios,1,199.90,199.90,Vitória da Conquista,BA,Cartão Débito
5591,2025-12-04,111,Bicicleta Aro 29,Esporte e Lazer,1,1799.00,1799.00,Belo Horizonte,MG,Boleto
5592,2025-12-04,115,Cadeira de Escritório,Móveis,2,699.90,1399.80,Fortaleza,CE,Boleto
5593,2025-12-04,117,Carregador Turbo USB-C,Celulares e Acessórios,6,89.90,539.40,Feira de Santana,BA,Cartão Crédito
5594,2025-12-04,106,Controle Sem Fio,Games,1,349.90,349.90,Uberlândia,MG,Boleto
5595,2025-12-04,101,Fone Bluetooth,Celulares e Acessórios,1,189.90,189.90,Rio de Janeiro,RJ,Pix
5596,2025-12-04,120,Controle Sem Fio,Games,3,349.90,1049.70,Porto Alegre,RS,Pix
5597,2025-12-04,109,Monitor Full HD 24pol,Informática,3,809.91,2429.73,Rio de Janeiro,RJ,Cartão Débito
5598,2025-12-04,105,Máquina de Lavar 12kg,Eletrodomésticos,2,2199.00,4398.00,Uberlândia,MG,Boleto
5599,2025-12-04,109,Fone Bluetooth,Celulares e Acessórios,4,199.90,799.60,Vitória da Conquista,BA,Cartão Débito
5600,2025-12-04,106,Fone Bluetooth,Celulares e Acessórios,4,199.90,799.60,Porto Alegre,RS,Pix
5601,2025-12-04,102,Teclado Mecânico,Informática,1,289.90,289.90,Recife,PE,Cartão Crédito
5602,2025-12-04,101,Console de Videogame,Games,1,2999.00,2999.00,Brasília,DF,Cartão Crédito
5603,2025-12-04,103,Monitor Full HD 24pol,Informática,3,899.90,2699.70,Recife,PE,Pix
5604,2025-12-04,104,Bicicleta Aro 29,Esporte e Lazer,2,1799.00,3598.00,São Paulo,SP,Cartão Crédito
5605,2025-12-04,113,Smartphone 128GB,Celulares e Acessórios,1,1529.15,1529.15,Belo Horizonte,MG,Cartão Crédito
5606,2025-12-04,101,Controle Sem Fio,Games,2,349.90,699.80,Rio de Janeiro,RJ,Cartão Crédito
5607,2025-12-04,112,Controle Sem Fio,Games,1,349.90,349.90,Feira de Santana,BA,Pix
5608,2025-12-04,103,Micro-ondas 30L,Eletrodomésticos,1,552.42,552.42,Niterói,RJ,Pix
5609,2025-12-04,110,Kit Halteres 20kg,Esporte e Lazer,1,259.90,259.90,Vitória da Conquista,BA,Pix
5610,2025-12-05,104,Console de Videogame,Games,1,2999.00,2999.00,Campinas,SP,Cartão Crédito
5611,2025-12-05,120,Bicicleta Aro 29,Esporte e Lazer,2,1619.10,3238.20,Feira de Santana,BA,Pix
5612,2025-12-05,111,Sofá 3 Lugares,Móveis,1,2399.00,2399.00,Salvador,BA,Cartão Crédito
5613,2025-12-05,115,Teclado Mecânico,Informática,2,289.90,579.80,Feira de Santana,BA,Pix
5614,2025-12-05,116,Esteira Elétrica,Esporte e Lazer,1,2899.00,2899.00,Curitiba,PR,Boleto
5615,2025-12-05,105,Micro-ondas 30L,Eletrodomésticos,1,552.42,552.42,Rio de Janeiro,RJ,Cartão Débito
5616,2025-12-05,108,Console de Videogame,Games,1,2849.05,2849.05,Fortaleza,CE,Pix
5617,2025-12-05,115,Esteira Elétrica,Esporte e Lazer,1,2899.00,2899.00,Curitiba,PR,Cartão Crédito
5618,2025-12-05,115,Kit Halteres 20kg,Esporte e Lazer,4,246.90,987.60,Brasília,DF,Pix
5619,2025-12-05,107,Console de Videogame,Games,1,2999.00,2999.00,Vitória da Conquista,BA,Cartão Débito
5620,2025-12-05,106,Smartphone 128GB,Celulares e Acessórios,1,1799.00,1799.00,Curitiba,PR,Pix
5621,2025-12-05,104,Controle Sem Fio,Games,2,332.40,664.80,São Paulo,SP,Cartão Débito
5622,2025-12-05,113,Kit Halteres 20kg,Esporte e Lazer,4,220.92,883.68,Niterói,RJ,Pix
5623,2025-12-05,120,Esteira Elétrica,Esporte e Lazer,1,2899.00,2899.00,Brasília,DF,Boleto
5624,2025-12-05,107,Bicicleta Aro 29,Esporte e Lazer,2,1799.00,3598.00,Fortaleza,CE,Cartão Crédito
5625,2025-12-05,106,Carregador Turbo USB-C,Celulares e Acessórios,1,85.40,85.40,Salvador,BA,Cartão Crédito
5626,2025-12-05,120,Mouse Sem Fio,Informática,6,71.91,431.46,Rio de Janeiro,RJ,Cartão Débito
5627,2025-12-05,104,Esteira Elétrica,Esporte e Lazer,1,2754.05,2754.05,Niterói,RJ,Boleto
5628,2025-12-05,120,Máquina de Lavar 12kg,Eletrodomésticos,2,2199.00,4398.00,Porto Alegre,RS,Cartão Crédito
5629,2025-12-05,106,Esteira Elétrica,Esporte e Lazer,2,2899.00,5798.00,Goiânia,GO,Pix
5630,2025-12-05,106,Esteira Elétrica,Esporte e Lazer,1,2899.00,2899.00,Santos,SP,Pix
5631,2025-12-06,116,Console de Videogame,Games,1,2699.10,2699.10,Rio de Janeiro,RJ,Boleto
5632,2025-12-06,104,Cadeira de Escritório,Móveis,4,699.90,2799.60,Belo Horizonte,MG,Pix
5633,2025-12-06,120,Controle Sem Fio,Games,2,349.90,699.80,Feira de Santana,BA,Cartão Débito
5634,2025-12-06,103,Notebook Core i5,Informática,2,2804.92,5609.84,Recife,PE,Pix
5635,2025-12-06,117,Mesa de Jantar 6 Cadeiras,Móveis,1,1804.05,1804.05,Curitiba,PR,Boleto
5636,2025-12-06,116,Bicicleta Aro 29,Esporte e Lazer,2,1709.05,3418.10,Fortaleza,CE,Pix
5637,2025-12-06,104,Smartphone 128GB,Celulares e Acessórios,1,1619.10,1619.10,Campinas,SP,Cartão Crédito
5638,2025-12-06,112,Geladeira Frost Free 400L,Eletrodomésticos,1,3499.00,3499.00,Goiânia,GO,Cartão Crédito
5639,2025-12-06,101,Console de Videogame,Games,2,2999.00,5998.00,Campinas,SP,Pix
5640,2025-12-06,108,Smartphone 128GB,Celulares e Acessórios,3,1799.00,5397.00,Rio de Janeiro,RJ,Boleto
5641,2025-12-06,119,Notebook Core i5,Informática,1,3299.90,3299.90,Vitória da Conquista,BA,Boleto
5642,2025-12-06,115,Kit Halteres 20kg,Esporte e Lazer,2,259.90,519.80,Goiânia,GO,Pix
5643,2025-12-06,117,Kit Halteres 20kg,Esporte e Lazer,1,233.91,233.91,Niterói,RJ,Cartão Crédito
5644,2025-12-06,105,Máquina de Lavar 12kg,Eletrodomésticos,1,2089.05,2089.05,Goiânia,GO,Cartão Débito
5645,2025-12-07,119,Carregador Turbo USB-C,Celulares e Acessórios,6,89.90,539.40,Campinas,SP,Cartão Crédito
5646,2025-12-07,119,Mouse Sem Fio,Informática,1,79.90,79.90,São Paulo,SP,Cartão Débito
5647,2025-12-07,107,Notebook Core i5,Informática,1,2804.92,2804.92,São Paulo,SP,Boleto
5648,2025-12-07,104,Teclado Mecânico,Informática,1,289.90,289.90,Belo Horizonte,MG,Cartão Crédito
5649,2025-12-07,113,Airfryer 5L,Eletrodomésticos,3,429.90,1289.70,Feira de Santana,BA,Boleto
5650,2025-12-07,104,Cadeira de Escritório,Móveis,4,594.92,2379.68,Recife,PE,Pix
5651,2025-12-07,109,Controle Sem Fio,Games,2,332.40,664.80,Curitiba,PR,Cartão Débito
5652,2025-12-07,107,Geladeira Frost Free 400L,Eletrodomésticos,1,3149.10,3149.10,Vitória da Conquista,BA,Cartão Débito
5653,2025-12-07,113,Bicicleta Aro 29,Esporte e Lazer,1,1799.00,1799.00,Goiânia,GO,Cartão Crédito
5654,2025-12-07,110,Geladeira Frost Free 400L,Eletrodomésticos,1,3324.05,3324.05,Vitória da Conquista,BA,Cartão Crédito
5655,2025-12-07,108,Mouse Sem Fio,Informática,5,79.90,399.50,Brasília,DF,Cartão Débito
5656,2025-12-07,112,Jogo de Aventura,Games,3,249.90,749.70,Porto Alegre,RS,Cartão Débito
5657,2025-12-07,108,Kit Halteres 20kg,Esporte e Lazer,3,259.90,779.70,Porto Alegre,RS,Cartão Débito
5658,2025-12-07,111,Máquina de Lavar 12kg,Eletrodomésticos,2,1979.10,3958.20,Curitiba,PR,Boleto
5659,2025-12-07,120,Controle Sem Fio,Games,2,349.90,699.80,São Paulo,SP,Cartão Débito
5660,2025-12-08,113,Monitor Full HD 24pol,Informática,1,899.90,899.90,Belo Horizonte,MG,Pix
5661,2025-12-08,119,Bicicleta Aro 29,Esporte e Lazer,1,1799.00,1799.00,Porto Alegre,RS,Cartão Crédito
5662,2025-12-08,113,Máquina de Lavar 12kg,Eletrodomésticos,2,2199.00,4398.00,Vitória da Conquista,BA,Cartão Débito
5663,2025-12-08,112,Carregador Turbo USB-C,Celulares e Acessórios,5,89.90,449.50,São Paulo,SP,Cartão Débito
5664,2025-12-08,105,Controle Sem Fio,Games,2,297.42,594.84,Fortaleza,CE,Cartão Débito
5665,2025-12-08,120,Fone Bluetooth,Celulares e Acessórios,5,199.90,999.50,Porto Alegre,RS,Cartão Crédito
5666,2025-12-08,107,Micro-ondas 30L,Eletrodomésticos,2,649.90,1299.80,Santos,SP,Cartão Débito
5667,2025-12-08,113,Jogo de Aventura,Games,2,249.90,499.80,Salvador,BA,Cartão Crédito
5668,2025-12-08,107,Geladeira Frost Free 400L,Eletrodomésticos,2,3499.00,6998.00,Curitiba,PR,Cartão Débito
5669,2025-12-08,119,Teclado Mecânico,Informática,4,260.91,1043.64,Porto Alegre,RS,Cartão Débito
5670,2025-12-08,116,Bicicleta Aro 29,Esporte e Lazer,2,1529.15,3058.30,Recife,PE,Boleto
5671,2025-12-09,108,Micro-ondas 30L,Eletrodomésticos,1,617.40,617.40,Salvador,BA,Boleto
5672,2025-12-09,120,Máquina de Lavar 12kg,Eletrodomésticos,2,2199.00,4398.00,Brasília,DF,Pix
5673,2025-12-09,104,Mesa de Jantar 6 Cadeiras,Móveis,1,1899.00,1899.00,Uberlândia,MG,Pix
5674,2025-12-09,115,Console de Videogame,Games,2,2849.05,5698.10,Niterói,RJ,Boleto
5675,2025-12-09,113,Teclado Mecânico,Informática,2,289.90,579.80,São Paulo,SP,Pix
5676,2025-12-09,113,Fone Bluetooth,Celulares e Acessórios,2,199.90,399.80,Brasília,DF,Cartão Débito
5677,2025-12-09,108,Console de Videogame,Games,1,2699.10,2699.10,Feira de Santana,BA,Cartão Crédito
5678,2025-12-09,111,Mesa de Jantar 6 Cadeiras,Móveis,2,1899.00,3798.00,Porto Alegre,RS,Pix
5679,2025-12-09,103,Kit Halteres 20kg,Esporte e Lazer,3,220.92,662.76,Vitória da Conquista,BA,Cartão Débito
5680,2025-12-09,101,Console de Videogame,Games,2,2999.00,5998.00,Fortaleza,CE,Boleto
5681,2025-12-09,113,Monitor Full HD 24pol,Informática,3,899.90,2699.70,Campinas,SP,Cartão Crédito
5682,2025-12-09,104,Fone Bluetooth,Celulares e Acessórios,3,189.90,569.70,Santos,SP,Pix
5683,2025-12-09,115,Jogo de Aventura,Games,5,249.90,1249.50,Porto Alegre,RS,Boleto
5684,2025-12-09,105,Notebook Core i5,Informática,1,3299.90,3299.90,Brasília,DF,Cartão Débito
5685,2025-12-09,103,Bicicleta Aro 29,Esporte e Lazer,2,1799.00,3598.00,Santos,SP,Cartão Crédito
5686,2025-12-09,104,Jogo de Aventura,Games,4,249.90,999.60,Uberlândia,MG,Pix
5687,2025-12-09,104,Console de Videogame,Games,1,2999.00,2999.00,Fortaleza,CE,Boleto
5688,2025-12-09,119,Esteira Elétrica,Esporte e Lazer,1,2899.00,2899.00,Curitiba,PR,Cartão Crédito
5689,2025-12-09,112,Micro-ondas 30L,Eletrodomésticos,3,649.90,1949.70,São Paulo,SP,Cartão Débito
5690,2025-12-09,104,Máquina de Lavar 12kg,Eletrodomésticos,2,2199.00,4398.00,Recife,PE,Boleto
5691,2025-12-10,107,Sofá 3 Lugares,Móveis,2,2399.00,4798.00,Recife,PE,Pix
5692,2025-12-10,108,Monitor Full HD 24pol,Informática,3,899.90,2699.70,Feira de Santana,BA,Cartão Crédito
5693,2025-12-10,120,Airfryer 5L,Eletrodomésticos,3,429.90,1289.70,Brasília,DF,Pix
5694,2025-12-10,113,Teclado Mecânico,Informática,1,246.42,246.42,Fortaleza,CE,Pix
5695,2025-12-10,113,Sofá 3 Lugares,Móveis,1,2399.00,2399.00,Salvador,BA,Cartão Débito
5696,2025-12-10,108,Controle Sem Fio,Games,3,314.91,944.73,Fortaleza,CE,Cartão Crédito
5697,2025-12-10,109,Controle Sem Fio,Games,4,349.90,1399.60,Rio de Janeiro,RJ,Boleto
5698,2025-12-10,103,Console de Videogame,Games,1,2849.05,2849.05,Rio de Janeiro,RJ,Boleto
5699,2025-12-10,102,Kit Halteres 20kg,Esporte e Lazer,4,259.90,1039.60,Curitiba,PR,Cartão Crédito
5700,2025-12-10,113,Smartphone 128GB,Celulares e Acessórios,3,1799.00,5397.00,Curitiba,PR,Pix
5701,2025-12-10,105,Carregador Turbo USB-C,Celulares e Acessórios,4,89.90,359.60,Fortaleza,CE,Cartão Crédito
5702,2025-12-10,113,Fone Bluetooth,Celulares e Acessórios,4,199.90,799.60,São Paulo,SP,Cartão Débito
5703,2025-12-10,107,Mouse Sem Fio,Informática,5,79.90,399.50,São Paulo,SP,Boleto
5704,2025-12-11,103,Sofá 3 Lugares,Móveis,1,2399.00,2399.00,Feira de Santana,BA,Pix
5705,2025-12-11,109,Cadeira de Escritório,Móveis,4,699.90,2799.60,Fortaleza,CE,Pix
5706,2025-12-11,102,Fone Bluetooth,Celulares e Acessórios,3,199.90,599.70,Fortaleza,CE,Boleto
5707,2025-12-11,105,Esteira Elétrica,Esporte e Lazer,2,2899.00,5798.00,Curitiba,PR,Pix
5708,2025-12-11,104,Controle Sem Fio,Games,2,349.90,699.80,Fortaleza,CE,Cartão Crédito
5709,2025-12-11,107,Jogo de Aventura,Games,5,249.90,1249.50,Niterói,RJ,Boleto
5710,2025-12-11,111,Airfryer 5L,Eletrodomésticos,3,408.40,1225.20,Fortaleza,CE,Cartão Crédito
5711,2025-12-11,106,Cadeira de Escritório,Móveis,2,699.90,1399.80,Brasília,DF,Pix
5712,2025-12-11,119,Geladeira Frost Free 400L,Eletrodomésticos,1,2974.15,2974.15,Uberlândia,MG,Boleto
5713,2025-12-11,110,Geladeira Frost Free 400L,Eletrodomésticos,1,3499.00,3499.00,Campinas,SP,Cartão Débito
5714,2025-12-11,111,Máquina de Lavar 12kg,Eletrodomésticos,1,2199.00,2199.00,Vitória da Conquista,BA,Pix
5715,2025-12-11,119,Mouse Sem Fio,Informática,6,79.90,479.40,São Paulo,SP,Boleto
5716,2025-12-11,117,Máquina de Lavar 12kg,Eletrodomésticos,1,1979.10,1979.10,Porto Alegre,RS,Cartão Crédito
5717,2025-12-11,112,Máquina de Lavar 12kg,Eletrodomésticos,2,1869.15,3738.30,Curitiba,PR,Pix
5718,2025-12-11,102,Geladeira Frost Free 400L,Eletrodomésticos,1,3324.05,3324.05,Recife,PE,Pix
5719,2025-12-11,104,Micro-ondas 30L,Eletrodomésticos,2,649.90,1299.80,Feira de Santana,BA,Boleto
5720,2025-12-11,112,Máquina de Lavar 12kg,Eletrodomésticos,1,2199.00,2199.00,Belo Horizonte,MG,Pix
5721,2025-12-11,109,Airfryer 5L,Eletrodomésticos,1,429.90,429.90,Recife,PE,Cartão Crédito
5722,2025-12-11,102,Micro-ondas 30L,Eletrodomésticos,2,649.90,1299.80,Salvador,BA,Pix
5723,2025-12-11,104,Console de Videogame,Games,1,2999.00,2999.00,Fortaleza,CE,Boleto
5724,2025-12-12,107,Bicicleta Aro 29,Esporte e Lazer,2,1799.00,3598.00,São Paulo,SP,Cartão Débito
5725,2025-12-12,107,Geladeira Frost Free 400L,Eletrodomésticos,1,2974.15,2974.15,Porto Alegre,RS,Cartão Crédito
5726,2025-12-12,119,Mesa de Jantar 6 Cadeiras,Móveis,2,1899.00,3798.00,Curitiba,PR,Boleto
5727,2025-12-12,115,Cadeira de Escritório,Móveis,3,699.90,2099.70,Feira de Santana,BA,Pix
5728,2025-12-12,102,Bicicleta Aro 29,Esporte e Lazer,2,1619.10,3238.20,Vitória da Conquista,BA,Pix
5729,2025-12-12,102,Cadeira de Escritório,Móveis,3,699.90,2099.70,Uberlândia,MG,Pix
5730,2025-12-12,106,Notebook Core i5,Informática,2,3299.90,6599.80,Fortaleza,CE,Pix
5731,2025-12-12,111,Fone Bluetooth,Celulares e Acessórios,4,199.90,799.60,Brasília,DF,Cartão Crédito
5732,2025-12-12,105,Notebook Core i5,Informática,1,2969.91,2969.91,Belo Horizonte,MG,Cartão Débito
5733,2025-12-12,115,Cadeira de Escritório,Móveis,1,699.90,699.90,Salvador,BA,Pix
5734,2025-12-12,104,Geladeira Frost Free 400L,Eletrodomésticos,1,3324.05,3324.05,Rio de Janeiro,RJ,Cartão Crédito
5735,2025-12-12,111,Console de Videogame,Games,2,2849.05,5698.10,São Paulo,SP,Boleto
5736,2025-12-12,106,Teclado Mecânico,Informática,4,289.90,1159.60,São Paulo,SP,Pix
5737,2025-12-12,111,Máquina de Lavar 12kg,Eletrodomésticos,1,2089.05,2089.05,São Paulo,SP,Cartão Crédito
5738,2025-12-12,113,Console de Videogame,Games,2,2999.00,5998.00,Vitória da Conquista,BA,Cartão Crédito
5739,2025-12-12,110,Kit Halteres 20kg,Esporte e Lazer,4,259.90,1039.60,Recife,PE,Boleto
5740,2025-12-12,105,Notebook Core i5,Informática,2,2969.91,5939.82,Brasília,DF,Boleto
5741,2025-12-12,106,Mesa de Jantar 6 Cadeiras,Móveis,1,1899.00,1899.00,Rio de Janeiro,RJ,Cartão Crédito
5742,2025-12-12,103,Console de Videogame,Games,1,2999.00,2999.00,Campinas,SP,Cartão Débito
5743,2025-12-12,110,Máquina de Lavar 12kg,Eletrodomésticos,2,1979.10,3958.20,Uberlândia,MG,Pix
5744,2025-12-12,120,Cadeira de Escritório,Móveis,4,699.90,2799.60,São Paulo,SP,Cartão Crédito
5745,2025-12-12,111,Sofá 3 Lugares,Móveis,1,2399.00,2399.00,Salvador,BA,Cartão Crédito
5746,2025-12-13,117,Teclado Mecânico,Informática,4,289.90,1159.60,Fortaleza,CE,Pix
5747,2025-12-13,102,Monitor Full HD 24pol,Informática,2,854.90,1709.80,Santos,SP,Boleto
5748,2025-12-13,119,Esteira Elétrica,Esporte e Lazer,2,2899.00,5798.00,Salvador,BA,Cartão Débito
5749,2025-12-13,115,Mouse Sem Fio,Informática,1,79.90,79.90,Santos,SP,Boleto
5750,2025-12-13,109,Sofá 3 Lugares,Móveis,2,2399.00,4798.00,Uberlândia,MG,Boleto
5751,2025-12-13,105,Console de Videogame,Games,2,2999.00,5998.00,Goiânia,GO,Cartão Crédito
5752,2025-12-13,115,Notebook Core i5,Informática,2,3299.90,6599.80,Goiânia,GO,Pix
5753,2025-12-13,108,Controle Sem Fio,Games,4,349.90,1399.60,Campinas,SP,Pix
5754,2025-12-13,115,Esteira Elétrica,Esporte e Lazer,2,2899.00,5798.00,Fortaleza,CE,Cartão Débito
5755,2025-12-13,105,Teclado Mecânico,Informática,2,260.91,521.82,Salvador,BA,Boleto
5756,2025-12-13,117,Airfryer 5L,Eletrodomésticos,3,365.42,1096.26,Goiânia,GO,Cartão Crédito
5757,2025-12-13,104,Carregador Turbo USB-C,Celulares e Acessórios,1,89.90,89.90,Rio de Janeiro,RJ,Cartão Débito
5758,2025-12-13,103,Bicicleta Aro 29,Esporte e Lazer,1,1799.00,1799.00,Feira de Santana,BA,Pix
5759,2025-12-13,105,Airfryer 5L,Eletrodomésticos,3,408.40,1225.20,Fortaleza,CE,Boleto
5760,2025-12-13,101,Teclado Mecânico,Informática,1,289.90,289.90,Salvador,BA,Cartão Crédito
5761,2025-12-14,116,Kit Halteres 20kg,Esporte e Lazer,2,259.90,519.80,Salvador,BA,Cartão Crédito
5762,2025-12-14,112,Mesa de Jantar 6 Cadeiras,Móveis,1,1899.00,1899.00,Belo Horizonte,MG,Cartão Crédito
5763,2025-12-14,119,Console de Videogame,Games,2,2849.05,5698.10,Recife,PE,Cartão Débito
5764,2025-12-14,116,Mesa de Jantar 6 Cadeiras,Móveis,2,1899.00,3798.00,Goiânia,GO,Cartão Crédito
5765,2025-12-14,107,Kit Halteres 20kg,Esporte e Lazer,3,259.90,779.70,Brasília,DF,Cartão Crédito
5766,2025-12-14,105,Smartphone 128GB,Celulares e Acessórios,2,1709.05,3418.10,Rio de Janeiro,RJ,Pix
5767,2025-12-14,110,Monitor Full HD 24pol,Informática,3,764.92,2294.76,Porto Alegre,RS,Cartão Crédito
5768,2025-12-14,110,Console de Videogame,Games,1,2999.00,2999.00,Belo Horizonte,MG,Cartão Crédito
5769,2025-12-14,108,Notebook Core i5,Informática,1,3299.90,3299.90,Salvador,BA,Cartão Crédito
5770,2025-12-14,115,Jogo de Aventura,Games,4,249.90,999.60,Uberlândia,MG,Pix
5771,2025-12-14,112,Mesa de Jantar 6 Cadeiras,Móveis,1,1899.00,1899.00,Goiânia,GO,Boleto
5772,2025-12-14,110,Controle Sem Fio,Games,1,297.42,297.42,Porto Alegre,RS,Boleto
5773,2025-12-14,104,Teclado Mecânico,Informática,3,246.42,739.26,Belo Horizonte,MG,Cartão Crédito
5774,2025-12-14,111,Jogo de Aventura,Games,3,249.90,749.70,Feira de Santana,BA,Boleto
5775,2025-12-14,119,Controle Sem Fio,Games,2,349.90,699.80,Santos,SP,Pix
5776,2025-12-14,119,Console de Videogame,Games,1,2699.10,2699.10,Curitiba,PR,Cartão Débito
5777,2025-12-14,105,Jogo de Aventura,Games,2,249.90,499.80,Niterói,RJ,Pix
5778,2025-12-14,112,Carregador Turbo USB-C,Celulares e Acessórios,1,80.91,80.91,Curitiba,PR,Pix
5779,2025-12-14,111,Carregador Turbo USB-C,Celulares e Acessórios,5,89.90,449.50,Rio de Janeiro,RJ,Cartão Débito
5780,2025-12-14,120,Teclado Mecânico,Informática,2,289.90,579.80,Fortaleza,CE,Cartão Crédito
5781,2025-12-15,120,Jogo de Aventura,Games,4,249.90,999.60,Salvador,BA,Cartão Crédito
5782,2025-12-15,111,Jogo de Aventura,Games,1,237.40,237.40,Recife,PE,Boleto
5783,2025-12-15,112,Máquina de Lavar 12kg,Eletrodomésticos,2,2199.00,4398.00,Fortaleza,CE,Cartão Débito
5784,2025-12-15,106,Teclado Mecânico,Informática,3,260.91,782.73,Vitória da Conquista,BA,Cartão Crédito
5785,2025-12-15,112,Fone Bluetooth,Celulares e Acessórios,3,199.90,599.70,Rio de Janeiro,RJ,Cartão Débito
5786,2025-12-15,108,Teclado Mecânico,Informática,2,289.90,579.80,São Paulo,SP,Cartão Débito
5787,2025-12-15,117,Máquina de Lavar 12kg,Eletrodomésticos,1,2199.00,2199.00,Santos,SP,Pix
5788,2025-12-15,108,Monitor Full HD 24pol,Informática,2,854.90,1709.80,Fortaleza,CE,Boleto
5789,2025-12-15,116,Geladeira Frost Free 400L,Eletrodomésticos,1,3499.00,3499.00,Salvador,BA,Pix
5790,2025-12-15,112,Carregador Turbo USB-C,Celulares e Acessórios,3,89.90,269.70,Campinas,SP,Cartão Débito
5791,2025-12-15,111,Geladeira Frost Free 400L,Eletrodomésticos,2,3499.00,6998.00,Recife,PE,Boleto
5792,2025-12-15,108,Cadeira de Escritório,Móveis,2,699.90,1399.80,Curitiba,PR,Boleto
5793,2025-12-15,117,Geladeira Frost Free 400L,Eletrodomésticos,1,3499.00,3499.00,Salvador,BA,Pix
5794,2025-12-15,111,Esteira Elétrica,Esporte e Lazer,2,2899.00,5798.00,Curitiba,PR,Boleto
5795,2025-12-15,116,Kit Halteres 20kg,Esporte e Lazer,2,259.90,519.80,São Paulo,SP,Cartão Débito
5796,2025-12-15,116,Teclado Mecânico,Informática,3,289.90,869.70,São Paulo,SP,Pix
5797,2025-12-15,120,Cadeira de Escritório,Móveis,3,664.90,1994.70,Fortaleza,CE,Pix
5798,2025-12-15,103,Kit Halteres 20kg,Esporte e Lazer,3,246.90,740.70,Rio de Janeiro,RJ,Cartão Crédito
5799,2025-12-15,105,Geladeira Frost Free 400L,Eletrodomésticos,1,3499.00,3499.00,Belo Horizonte,MG,Pix
5800,2025-12-15,103,Esteira Elétrica,Esporte e Lazer,1,2754.05,2754.05,São Paulo,SP,Cartão Crédito
5801,2025-12-16,104,Máquina de Lavar 12kg,Eletrodomésticos,1,2199.00,2199.00,Curitiba,PR,Cartão Débito
5802,2025-12-16,117,Cadeira de Escritório,Móveis,4,629.91,2519.64,Curitiba,PR,Pix
5803,2025-12-16,115,Geladeira Frost Free 400L,Eletrodomésticos,2,3499.00,6998.00,Curitiba,PR,Pix
5804,2025-12-16,115,Sofá 3 Lugares,Móveis,1,2399.00,2399.00,Campinas,SP,Cartão Crédito
5805,2025-12-16,107,Airfryer 5L,Eletrodomésticos,2,365.42,730.84,Salvador,BA,Boleto
5806,2025-12-16,120,Máquina de Lavar 12kg,Eletrodomésticos,2,1869.15,3738.30,Fortaleza,CE,Pix
5807,2025-12-16,111,Monitor Full HD 24pol,Informática,2,899.90,1799.80,Santos,SP,Cartão Crédito
5808,2025-12-16,103,Monitor Full HD 24pol,Informática,1,854.90,854.90,Curitiba,PR,Pix
5809,2025-12-16,101,Teclado Mecânico,Informática,4,289.90,1159.60,São Paulo,SP,Cartão Crédito
5810,2025-12-16,120,Geladeira Frost Free 400L,Eletrodomésticos,2,3499.00,6998.00,Curitiba,PR,Boleto
5811,2025-12-16,109,Cadeira de Escritório,Móveis,4,699.90,2799.60,Recife,PE,Pix
5812,2025-12-16,113,Jogo de Aventura,Games,2,249.90,499.80,Uberlândia,MG,Boleto
5813,2025-12-16,101,Máquina de Lavar 12kg,Eletrodomésticos,2,2089.05,4178.10,Goiânia,GO,Boleto
5814,2025-12-16,101,Kit Halteres 20kg,Esporte e Lazer,4,259.90,1039.60,São Paulo,SP,Cartão Crédito
5815,2025-12-16,104,Esteira Elétrica,Esporte e Lazer,2,2899.00,5798.00,Salvador,BA,Boleto
5816,2025-12-16,112,Sofá 3 Lugares,Móveis,2,2399.00,4798.00,Niterói,RJ,Boleto
5817,2025-12-16,113,Smartphone 128GB,Celulares e Acessórios,1,1709.05,1709.05,São Paulo,SP,Cartão Crédito
5818,2025-12-16,108,Console de Videogame,Games,2,2549.15,5098.30,Santos,SP,Pix
5819,2025-12-17,103,Fone Bluetooth,Celulares e Acessórios,2,199.90,399.80,Goiânia,GO,Cartão Crédito
5820,2025-12-17,104,Geladeira Frost Free 400L,Eletrodomésticos,2,3499.00,6998.00,Fortaleza,CE,Cartão Crédito
5821,2025-12-17,107,Máquina de Lavar 12kg,Eletrodomésticos,2,2199.00,4398.00,Uberlândia,MG,Cartão Débito
5822,2025-12-17,103,Fone Bluetooth,Celulares e Acessórios,2,199.90,399.80,Rio de Janeiro,RJ,Cartão Crédito
5823,2025-12-17,101,Geladeira Frost Free 400L,Eletrodomésticos,1,3499.00,3499.00,Feira de Santana,BA,Cartão Débito
5824,2025-12-17,113,Carregador Turbo USB-C,Celulares e Acessórios,5,89.90,449.50,Santos,SP,Cartão Débito
5825,2025-12-17,120,Kit Halteres 20kg,Esporte e Lazer,3,246.90,740.70,Fortaleza,CE,Pix
5826,2025-12-17,105,Máquina de Lavar 12kg,Eletrodomésticos,1,2199.00,2199.00,Campinas,SP,Cartão Crédito
5827,2025-12-17,115,Micro-ondas 30L,Eletrodomésticos,1,649.90,649.90,Fortaleza,CE,Boleto
5828,2025-12-17,109,Airfryer 5L,Eletrodomésticos,1,429.90,429.90,Feira de Santana,BA,Boleto
5829,2025-12-17,107,Mouse Sem Fio,Informática,1,79.90,79.90,Uberlândia,MG,Pix
5830,2025-12-17,112,Console de Videogame,Games,2,2999.00,5998.00,Santos,SP,Boleto
5831,2025-12-17,113,Jogo de Aventura,Games,3,249.90,749.70,São Paulo,SP,Pix
5832,2025-12-18,105,Teclado Mecânico,Informática,4,289.90,1159.60,Feira de Santana,BA,Pix
5833,2025-12-18,101,Bicicleta Aro 29,Esporte e Lazer,2,1799.00,3598.00,São Paulo,SP,Pix
5834,2025-12-18,109,Esteira Elétrica,Esporte e Lazer,1,2899.00,2899.00,Uberlândia,MG,Cartão Crédito
5835,2025-12-18,120,Teclado Mecânico,Informática,3,289.90,869.70,Belo Horizonte,MG,Cartão Crédito
5836,2025-12-18,102,Controle Sem Fio,Games,1,349.90,349.90,Rio de Janeiro,RJ,Cartão Débito
5837,2025-12-18,112,Cadeira de Escritório,Móveis,1,664.90,664.90,Salvador,BA,Cartão Crédito
5838,2025-12-18,116,Sofá 3 Lugares,Móveis,1,2279.05,2279.05,Vitória da Conquista,BA,Pix
5839,2025-12-18,113,Sofá 3 Lugares,Móveis,1,2399.00,2399.00,Curitiba,PR,Cartão Crédito
5840,2025-12-18,111,Máquina de Lavar 12kg,Eletrodomésticos,2,2199.00,4398.00,Niterói,RJ,Pix
5841,2025-12-18,104,Kit Halteres 20kg,Esporte e Lazer,2,259.90,519.80,Rio de Janeiro,RJ,Boleto
5842,2025-12-18,101,Smartphone 128GB,Celulares e Acessórios,3,1709.05,5127.15,Belo Horizonte,MG,Pix
5843,2025-12-18,106,Sofá 3 Lugares,Móveis,1,2399.00,2399.00,Rio de Janeiro,RJ,Pix
5844,2025-12-18,106,Smartphone 128GB,Celulares e Acessórios,3,1709.05,5127.15,Brasília,DF,Cartão Débito
5845,2025-12-18,116,Controle Sem Fio,Games,3,332.40,997.20,Rio de Janeiro,RJ,Pix
5846,2025-12-18,112,Kit Halteres 20kg,Esporte e Lazer,1,259.90,259.90,Salvador,BA,Pix
5847,2025-12-18,102,Bicicleta Aro 29,Esporte e Lazer,1,1529.15,1529.15,Feira de Santana,BA,Pix
5848,2025-12-18,110,Bicicleta Aro 29,Esporte e Lazer,2,1799.00,3598.00,Porto Alegre,RS,Cartão Débito
5849,2025-12-18,107,Console de Videogame,Games,2,2999.00,5998.00,Feira de Santana,BA,Cartão Crédito
5850,2025-12-18,109,Máquina de Lavar 12kg,Eletrodomésticos,1,2199.00,2199.00,Curitiba,PR,Boleto
5851,2025-12-18,116,Controle Sem Fio,Games,3,349.90,1049.70,Porto Alegre,RS,Pix
5852,2025-12-18,111,Bicicleta Aro 29,Esporte e Lazer,1,1709.05,1709.05,Curitiba,PR,Cartão Débito
5853,2025-12-19,105,Mesa de Jantar 6 Cadeiras,Móveis,2,1804.05,3608.10,Curitiba,PR,Boleto
5854,2025-12-19,108,Notebook Core i5,Informática,1,2969.91,2969.91,Santos,SP,Boleto
5855,2025-12-19,112,Mesa de Jantar 6 Cadeiras,Móveis,1,1899.00,1899.00,Vitória da Conquista,BA,Cartão Débito
5856,2025-12-19,107,Sofá 3 Lugares,Móveis,1,2399.00,2399.00,Vitória da Conquista,BA,Pix
5857,2025-12-19,120,Mouse Sem Fio,Informática,1,79.90,79.90,Porto Alegre,RS,Cartão Crédito
5858,2025-12-19,103,Smartphone 128GB,Celulares e Acessórios,2,1799.00,3598.00,Belo Horizonte,MG,Boleto
5859,2025-12-19,101,Carregador Turbo USB-C,Celulares e Acessórios,6,85.40,512.40,Curitiba,PR,Pix
5860,2025-12-19,105,Sofá 3 Lugares,Móveis,1,2159.10,2159.10,Campinas,SP,Cartão Débito
5861,2025-12-19,116,Airfryer 5L,Eletrodomésticos,2,429.90,859.80,Porto Alegre,RS,Cartão Crédito
5862,2025-12-19,104,Carregador Turbo USB-C,Celulares e Acessórios,6,80.91,485.46,Curitiba,PR,Pix
5863,2025-12-19,105,Console de Videogame,Games,2,2699.10,5398.20,São Paulo,SP,Cartão Débito
5864,2025-12-19,120,Bicicleta Aro 29,Esporte e Lazer,1,1799.00,1799.00,Fortaleza,CE,Pix
5865,2025-12-19,104,Notebook Core i5,Informática,2,3299.90,6599.80,Recife,PE,Cartão Débito
5866,2025-12-19,101,Esteira Elétrica,Esporte e Lazer,1,2899.00,2899.00,São Paulo,SP,Pix
5867,2025-12-19,117,Carregador Turbo USB-C,Celulares e Acessórios,5,89.90,449.50,Brasília,DF,Cartão Crédito
5868,2025-12-20,117,Jogo de Aventura,Games,3,249.90,749.70,Recife,PE,Pix
5869,2025-12-20,103,Cadeira de Escritório,Móveis,4,699.90,2799.60,Feira de Santana,BA,Pix
5870,2025-12-20,119,Geladeira Frost Free 400L,Eletrodomésticos,1,3324.05,3324.05,São Paulo,SP,Cartão Débito
5871,2025-12-20,116,Mesa de Jantar 6 Cadeiras,Móveis,2,1804.05,3608.10,Salvador,BA,Cartão Débito
5872,2025-12-20,101,Kit Halteres 20kg,Esporte e Lazer,2,246.90,493.80,Feira de Santana,BA,Boleto
5873,2025-12-20,107,Console de Videogame,Games,1,2999.00,2999.00,Feira de Santana,BA,Cartão Crédito
5874,2025-12-20,108,Máquina de Lavar 12kg,Eletrodomésticos,2,1979.10,3958.20,Salvador,BA,Cartão Crédito
5875,2025-12-20,112,Mesa de Jantar 6 Cadeiras,Móveis,1,1899.00,1899.00,Salvador,BA,Cartão Débito
5876,2025-12-20,116,Teclado Mecânico,Informática,2,275.40,550.80,Curitiba,PR,Pix
5877,2025-12-20,120,Notebook Core i5,Informática,1,3134.90,3134.90,Rio de Janeiro,RJ,Cartão Crédito
5878,2025-12-20,102,Geladeira Frost Free 400L,Eletrodomésticos,1,3499.00,3499.00,Fortaleza,CE,Pix
5879,2025-12-20,108,Carregador Turbo USB-C,Celulares e Acessórios,1,89.90,89.90,Santos,SP,Pix
5880,2025-12-20,120,Esteira Elétrica,Esporte e Lazer,1,2899.00,2899.00,Goiânia,GO,Pix
5881,2025-12-20,120,Jogo de Aventura,Games,2,249.90,499.80,Porto Alegre,RS,Pix
5882,2025-12-20,120,Mouse Sem Fio,Informática,2,79.90,159.80,Curitiba,PR,Boleto
5883,2025-12-20,115,Monitor Full HD 24pol,Informática,1,899.90,899.90,São Paulo,SP,Pix
5884,2025-12-20,111,Cadeira de Escritório,Móveis,4,699.90,2799.60,São Paulo,SP,Pix
5885,2025-12-20,117,Bicicleta Aro 29,Esporte e Lazer,1,1799.00,1799.00,Curitiba,PR,Pix
5886,2025-12-20,108,Sofá 3 Lugares,Móveis,2,2399.00,4798.00,São Paulo,SP,Boleto
5887,2025-12-20,102,Notebook Core i5,Informática,1,3299.90,3299.90,Salvador,BA,Boleto
5888,2025-12-20,120,Geladeira Frost Free 400L,Eletrodomésticos,2,2974.15,5948.30,Uberlândia,MG,Cartão Crédito
5889,2025-12-20,103,Máquina de Lavar 12kg,Eletrodomésticos,1,2199.00,2199.00,Campinas,SP,Cartão Débito
5890,2025-12-20,111,Mesa de Jantar 6 Cadeiras,Móveis,2,1804.05,3608.10,Curitiba,PR,Boleto
5891,2025-12-20,109,Jogo de Aventura,Games,4,249.90,999.60,Santos,SP,Pix
5892,2025-12-20,104,Airfryer 5L,Eletrodomésticos,2,429.90,859.80,Salvador,BA,Cartão Crédito
5893,2025-12-21,112,Notebook Core i5,Informática,1,3299.90,3299.90,Uberlândia,MG,Cartão Crédito
5894,2025-12-21,107,Esteira Elétrica,Esporte e Lazer,1,2899.00,2899.00,Porto Alegre,RS,Boleto
5895,2025-12-21,105,Airfryer 5L,Eletrodomésticos,4,429.90,1719.60,Salvador,BA,Boleto
5896,2025-12-21,109,Geladeira Frost Free 400L,Eletrodomésticos,1,3499.00,3499.00,São Paulo,SP,Cartão Débito
5897,2025-12-21,101,Máquina de Lavar 12kg,Eletrodomésticos,2,1979.10,3958.20,Vitória da Conquista,BA,Cartão Crédito
5898,2025-12-21,108,Teclado Mecânico,Informática,3,289.90,869.70,Recife,PE,Boleto
5899,2025-12-21,120,Geladeira Frost Free 400L,Eletrodomésticos,2,3499.00,6998.00,Rio de Janeiro,RJ,Cartão Débito
5900,2025-12-21,106,Esteira Elétrica,Esporte e Lazer,2,2899.00,5798.00,Vitória da Conquista,BA,Pix
5901,2025-12-21,116,Console de Videogame,Games,2,2699.10,5398.20,Salvador,BA,Cartão Crédito
5902,2025-12-21,116,Console de Videogame,Games,2,2999.00,5998.00,Porto Alegre,RS,Cartão Crédito
5903,2025-12-21,104,Sofá 3 Lugares,Móveis,2,2399.00,4798.00,Brasília,DF,Boleto
5904,2025-12-21,108,Micro-ondas 30L,Eletrodomésticos,1,649.90,649.90,Santos,SP,Cartão Débito
5905,2025-12-21,116,Esteira Elétrica,Esporte e Lazer,1,2899.00,2899.00,Campinas,SP,Pix
5906,2025-12-21,101,Airfryer 5L,Eletrodomésticos,3,429.90,1289.70,Goiânia,GO,Cartão Débito
5907,2025-12-21,120,Fone Bluetooth,Celulares e Acessórios,3,199.90,599.70,Santos,SP,Pix
5908,2025-12-21,101,Micro-ondas 30L,Eletrodomésticos,3,617.40,1852.20,Belo Horizonte,MG,Cartão Crédito
5909,2025-12-21,120,Sofá 3 Lugares,Móveis,1,2399.00,2399.00,Santos,SP,Cartão Débito
5910,2025-12-21,109,Jogo de Aventura,Games,5,249.90,1249.50,Fortaleza,CE,Pix
5911,2025-12-21,111,Console de Videogame,Games,2,2999.00,5998.00,Belo Horizonte,MG,Cartão Crédito
5912,2025-12-21,112,Mouse Sem Fio,Informática,5,75.90,379.50,Rio de Janeiro,RJ,Pix
5913,2025-12-22,108,Geladeira Frost Free 400L,Eletrodomésticos,2,3499.00,6998.00,São Paulo,SP,Cartão Débito
5914,2025-12-22,120,Smartphone 128GB,Celulares e Acessórios,2,1799.00,3598.00,Fortaleza,CE,Boleto
5915,2025-12-22,109,Fone Bluetooth,Celulares e Acessórios,4,189.90,759.60,Recife,PE,Cartão Crédito
5916,2025-12-22,119,Mouse Sem Fio,Informática,6,79.90,479.40,Goiânia,GO,Boleto
5917,2025-12-22,110,Fone Bluetooth,Celulares e Acessórios,1,199.90,199.90,Niterói,RJ,Boleto
5918,2025-12-22,103,Smartphone 128GB,Celulares e Acessórios,2,1799.00,3598.00,Brasília,DF,Cartão Crédito
5919,2025-12-22,113,Jogo de Aventura,Games,5,237.40,1187.00,Fortaleza,CE,Cartão Débito
5920,2025-12-22,111,Notebook Core i5,Informática,2,3134.90,6269.80,Recife,PE,Pix
5921,2025-12-22,105,Notebook Core i5,Informática,2,3299.90,6599.80,Recife,PE,Boleto
5922,2025-12-22,120,Teclado Mecânico,Informática,4,289.90,1159.60,Salvador,BA,Cartão Débito
5923,2025-12-22,108,Micro-ondas 30L,Eletrodomésticos,3,649.90,1949.70,Goiânia,GO,Cartão Crédito
5924,2025-12-22,112,Sofá 3 Lugares,Móveis,2,2279.05,4558.10,Feira de Santana,BA,Cartão Crédito
5925,2025-12-22,109,Console de Videogame,Games,2,2999.00,5998.00,Salvador,BA,Boleto
5926,2025-12-22,104,Console de Videogame,Games,1,2849.05,2849.05,Salvador,BA,Cartão Crédito
5927,2025-12-22,120,Console de Videogame,Games,1,2999.00,2999.00,Recife,PE,Cartão Débito
5928,2025-12-22,104,Mesa de Jantar 6 Cadeiras,Móveis,1,1899.00,1899.00,Campinas,SP,Boleto
5929,2025-12-23,115,Carregador Turbo USB-C,Celulares e Acessórios,6,89.90,539.40,Santos,SP,Boleto
5930,2025-12-23,106,Sofá 3 Lugares,Móveis,1,2399.00,2399.00,Feira de Santana,BA,Pix
5931,2025-12-23,116,Esteira Elétrica,Esporte e Lazer,1,2899.00,2899.00,Vitória da Conquista,BA,Cartão Crédito
5932,2025-12-23,120,Cadeira de Escritório,Móveis,3,699.90,2099.70,Fortaleza,CE,Boleto
5933,2025-12-23,103,Máquina de Lavar 12kg,Eletrodomésticos,1,2199.00,2199.00,Salvador,BA,Boleto
5934,2025-12-23,110,Sofá 3 Lugares,Móveis,2,2279.05,4558.10,Brasília,DF,Boleto
5935,2025-12-23,101,Console de Videogame,Games,2,2999.00,5998.00,Curitiba,PR,Pix
5936,2025-12-23,113,Teclado Mecânico,Informática,3,275.40,826.20,São Paulo,SP,Cartão Débito
5937,2025-12-23,109,Micro-ondas 30L,Eletrodomésticos,1,649.90,649.90,Santos,SP,Cartão Crédito
5938,2025-12-23,120,Airfryer 5L,Eletrodomésticos,1,429.90,429.90,São Paulo,SP,Boleto
5939,2025-12-23,113,Console de Videogame,Games,1,2999.00,2999.00,Rio de Janeiro,RJ,Pix
5940,2025-12-23,109,Monitor Full HD 24pol,Informática,1,899.90,899.90,Vitória da Conquista,BA,Cartão Crédito
5941,2025-12-23,104,Controle Sem Fio,Games,3,349.90,1049.70,Recife,PE,Cartão Débito
5942,2025-12-23,115,Controle Sem Fio,Games,4,314.91,1259.64,Feira de Santana,BA,Boleto
5943,2025-12-23,112,Controle Sem Fio,Games,1,349.90,349.90,São Paulo,SP,Cartão Crédito
5944,2025-12-23,101,Airfryer 5L,Eletrodomésticos,4,429.90,1719.60,Feira de Santana,BA,Pix
5945,2025-12-23,119,Geladeira Frost Free 400L,Eletrodomésticos,2,3149.10,6298.20,Feira de Santana,BA,Cartão Débito
5946,2025-12-23,103,Monitor Full HD 24pol,Informática,1,899.90,899.90,Campinas,SP,Cartão Crédito
5947,2025-12-24,108,Esteira Elétrica,Esporte e Lazer,2,2899.00,5798.00,Rio de Janeiro,RJ,Pix
5948,2025-12-24,111,Teclado Mecânico,Informática,3,289.90,869.70,Santos,SP,Cartão Crédito
5949,2025-12-24,110,Notebook Core i5,Informática,2,3299.90,6599.80,Porto Alegre,RS,Boleto
5950,2025-12-24,117,Mesa de Jantar 6 Cadeiras,Móveis,2,1614.15,3228.30,São Paulo,SP,Pix
5951,2025-12-24,108,Monitor Full HD 24pol,Informática,3,899.90,2699.70,Santos,SP,Cartão Crédito
5952,2025-12-24,105,Kit Halteres 20kg,Esporte e Lazer,2,259.90,519.80,Campinas,SP,Boleto
5953,2025-12-24,101,Monitor Full HD 24pol,Informática,2,809.91,1619.82,Fortaleza,CE,Pix
5954,2025-12-24,113,Micro-ondas 30L,Eletrodomésticos,1,552.42,552.42,Curitiba,PR,Cartão Crédito
5955,2025-12-24,104,Máquina de Lavar 12kg,Eletrodomésticos,2,1979.10,3958.20,Uberlândia,MG,Boleto
5956,2025-12-24,109,Mouse Sem Fio,Informática,6,79.90,479.40,Rio de Janeiro,RJ,Pix
5957,2025-12-24,112,Console de Videogame,Games,1,2999.00,2999.00,São Paulo,SP,Boleto
5958,2025-12-24,109,Teclado Mecânico,Informática,3,289.90,869.70,Fortaleza,CE,Cartão Débito
5959,2025-12-24,102,Esteira Elétrica,Esporte e Lazer,1,2899.00,2899.00,Rio de Janeiro,RJ,Pix
5960,2025-12-24,112,Mouse Sem Fio,Informática,2,79.90,159.80,Goiânia,GO,Pix
5961,2025-12-24,101,Console de Videogame,Games,1,2849.05,2849.05,Belo Horizonte,MG,Boleto
5962,2025-12-25,116,Jogo de Aventura,Games,2,249.90,499.80,Brasília,DF,Boleto
5963,2025-12-25,107,Console de Videogame,Games,2,2999.00,5998.00,Goiânia,GO,Cartão Débito
5964,2025-12-25,105,Monitor Full HD 24pol,Informática,3,899.90,2699.70,Rio de Janeiro,RJ,Pix
5965,2025-12-25,102,Bicicleta Aro 29,Esporte e Lazer,2,1709.05,3418.10,Santos,SP,Boleto
5966,2025-12-25,104,Monitor Full HD 24pol,Informática,2,899.90,1799.80,Salvador,BA,Cartão Débito
5967,2025-12-25,119,Cadeira de Escritório,Móveis,3,629.91,1889.73,Salvador,BA,Cartão Crédito
5968,2025-12-25,115,Notebook Core i5,Informática,2,3299.90,6599.80,Uberlândia,MG,Cartão Crédito
5969,2025-12-25,106,Micro-ondas 30L,Eletrodomésticos,2,649.90,1299.80,Campinas,SP,Pix
5970,2025-12-25,113,Geladeira Frost Free 400L,Eletrodomésticos,2,3499.00,6998.00,Rio de Janeiro,RJ,Boleto
5971,2025-12-25,116,Mesa de Jantar 6 Cadeiras,Móveis,2,1899.00,3798.00,Campinas,SP,Pix
5972,2025-12-25,108,Jogo de Aventura,Games,5,249.90,1249.50,Belo Horizonte,MG,Cartão Débito
5973,2025-12-25,109,Controle Sem Fio,Games,2,332.40,664.80,Belo Horizonte,MG,Cartão Crédito
5974,2025-12-25,110,Console de Videogame,Games,2,2999.00,5998.00,Salvador,BA,Cartão Débito
5975,2025-12-25,115,Airfryer 5L,Eletrodomésticos,1,429.90,429.90,Belo Horizonte,MG,Cartão Débito
5976,2025-12-25,106,Máquina de Lavar 12kg,Eletrodomésticos,1,2199.00,2199.00,Brasília,DF,Cartão Crédito
5977,2025-12-25,119,Kit Halteres 20kg,Esporte e Lazer,4,259.90,1039.60,Curitiba,PR,Cartão Crédito
5978,2025-12-25,112,Esteira Elétrica,Esporte e Lazer,2,2754.05,5508.10,Curitiba,PR,Cartão Crédito
5979,2025-12-25,101,Mouse Sem Fio,Informática,3,79.90,239.70,Curitiba,PR,Pix
5980,2025-12-25,103,Monitor Full HD 24pol,Informática,2,899.90,1799.80,São Paulo,SP,Pix
5981,2025-12-25,104,Máquina de Lavar 12kg,Eletrodomésticos,1,2199.00,2199.00,Goiânia,GO,Cartão Crédito
5982,2025-12-25,115,Smartphone 128GB,Celulares e Acessórios,2,1799.00,3598.00,São Paulo,SP,Cartão Débito
5983,2025-12-25,111,Máquina de Lavar 12kg,Eletrodomésticos,2,2089.05,4178.10,Niterói,RJ,Cartão Débito
5984,2025-12-26,116,Console de Videogame,Games,2,2999.00,5998.00,Feira de Santana,BA,Boleto
5985,2025-12-26,105,Monitor Full HD 24pol,Informática,2,899.90,1799.80,Goiânia,GO,Pix
5986,2025-12-26,104,Cadeira de Escritório,Móveis,4,699.90,2799.60,Feira de Santana,BA,Boleto
5987,2025-12-26,106,Carregador Turbo USB-C,Celulares e Acessórios,3,89.90,269.70,São Paulo,SP,Boleto
5988,2025-12-26,105,Monitor Full HD 24pol,Informática,1,899.90,899.90,Belo Horizonte,MG,Pix
5989,2025-12-26,112,Mouse Sem Fio,Informática,1,79.90,79.90,Porto Alegre,RS,Boleto
5990,2025-12-26,107,Esteira Elétrica,Esporte e Lazer,2,2899.00,5798.00,Feira de Santana,BA,Cartão Crédito
5991,2025-12-26,104,Máquina de Lavar 12kg,Eletrodomésticos,2,2199.00,4398.00,Uberlândia,MG,Boleto
5992,2025-12-26,108,Airfryer 5L,Eletrodomésticos,3,408.40,1225.20,Belo Horizonte,MG,Boleto
5993,2025-12-26,101,Monitor Full HD 24pol,Informática,2,899.90,1799.80,Brasília,DF,Cartão Crédito
5994,2025-12-26,106,Mesa de Jantar 6 Cadeiras,Móveis,1,1804.05,1804.05,Porto Alegre,RS,Pix
5995,2025-12-26,112,Esteira Elétrica,Esporte e Lazer,2,2899.00,5798.00,Niterói,RJ,Boleto
5996,2025-12-26,117,Máquina de Lavar 12kg,Eletrodomésticos,1,2199.00,2199.00,Curitiba,PR,Cartão Débito
5997,2025-12-26,103,Kit Halteres 20kg,Esporte e Lazer,4,259.90,1039.60,Niterói,RJ,Pix
5998,2025-12-26,108,Monitor Full HD 24pol,Informática,2,899.90,1799.80,São Paulo,SP,Pix
5999,2025-12-26,119,Carregador Turbo USB-C,Celulares e Acessórios,6,89.90,539.40,Salvador,BA,Boleto
6000,2025-12-26,120,Fone Bluetooth,Celulares e Acessórios,1,199.90,199.90,Feira de Santana,BA,Boleto
6001,2025-12-27,102,Notebook Core i5,Informática,2,3134.90,6269.80,Rio de Janeiro,RJ,Cartão Débito
6002,2025-12-27,120,Teclado Mecânico,Informática,4,289.90,1159.60,Uberlândia,MG,Pix
6003,2025-12-27,116,Sofá 3 Lugares,Móveis,2,2399.00,4798.00,Salvador,BA,Pix
6004,2025-12-27,104,Notebook Core i5,Informática,2,3299.90,6599.80,Uberlândia,MG,Boleto
6005,2025-12-27,112,Jogo de Aventura,Games,5,249.90,1249.50,Curitiba,PR,Pix
6006,2025-12-27,117,Smartphone 128GB,Celulares e Acessórios,1,1619.10,1619.10,Recife,PE,Cartão Débito
6007,2025-12-27,101,Monitor Full HD 24pol,Informática,3,854.90,2564.70,Porto Alegre,RS,Cartão Crédito
6008,2025-12-27,116,Cadeira de Escritório,Móveis,2,699.90,1399.80,Niterói,RJ,Cartão Débito
6009,2025-12-27,107,Fone Bluetooth,Celulares e Acessórios,5,199.90,999.50,Salvador,BA,Cartão Crédito
6010,2025-12-27,104,Smartphone 128GB,Celulares e Acessórios,1,1799.00,1799.00,Belo Horizonte,MG,Cartão Crédito
6011,2025-12-27,116,Monitor Full HD 24pol,Informática,3,899.90,2699.70,Vitória da Conquista,BA,Pix
6012,2025-12-27,101,Smartphone 128GB,Celulares e Acessórios,1,1799.00,1799.00,Goiânia,GO,Pix
6013,2025-12-27,116,Carregador Turbo USB-C,Celulares e Acessórios,3,89.90,269.70,Curitiba,PR,Boleto
6014,2025-12-27,117,Airfryer 5L,Eletrodomésticos,3,429.90,1289.70,São Paulo,SP,Pix
6015,2025-12-28,105,Máquina de Lavar 12kg,Eletrodomésticos,2,2199.00,4398.00,Salvador,BA,Cartão Débito
6016,2025-12-28,115,Mouse Sem Fio,Informática,1,79.90,79.90,Fortaleza,CE,Cartão Crédito
6017,2025-12-28,107,Mouse Sem Fio,Informática,6,79.90,479.40,Rio de Janeiro,RJ,Cartão Débito
6018,2025-12-28,115,Micro-ondas 30L,Eletrodomésticos,1,649.90,649.90,Uberlândia,MG,Pix
6019,2025-12-28,109,Smartphone 128GB,Celulares e Acessórios,3,1709.05,5127.15,Curitiba,PR,Pix
6020,2025-12-28,120,Geladeira Frost Free 400L,Eletrodomésticos,1,3324.05,3324.05,Porto Alegre,RS,Pix
6021,2025-12-28,116,Airfryer 5L,Eletrodomésticos,1,429.90,429.90,Brasília,DF,Pix
6022,2025-12-28,105,Mesa de Jantar 6 Cadeiras,Móveis,2,1709.10,3418.20,São Paulo,SP,Boleto
6023,2025-12-28,103,Geladeira Frost Free 400L,Eletrodomésticos,2,3499.00,6998.00,Niterói,RJ,Cartão Crédito
6024,2025-12-28,104,Notebook Core i5,Informática,2,3299.90,6599.80,Rio de Janeiro,RJ,Cartão Crédito
6025,2025-12-28,110,Controle Sem Fio,Games,3,332.40,997.20,Rio de Janeiro,RJ,Pix
6026,2025-12-28,101,Jogo de Aventura,Games,2,249.90,499.80,Uberlândia,MG,Pix
6027,2025-12-28,106,Airfryer 5L,Eletrodomésticos,2,365.42,730.84,Curitiba,PR,Cartão Crédito
6028,2025-12-28,112,Teclado Mecânico,Informática,4,289.90,1159.60,Vitória da Conquista,BA,Boleto
6029,2025-12-28,117,Geladeira Frost Free 400L,Eletrodomésticos,1,3499.00,3499.00,Recife,PE,Boleto
6030,2025-12-28,105,Máquina de Lavar 12kg,Eletrodomésticos,2,2199.00,4398.00,Fortaleza,CE,Boleto
6031,2025-12-28,104,Airfryer 5L,Eletrodomésticos,4,386.91,1547.64,Curitiba,PR,Cartão Crédito
6032,2025-12-28,115,Kit Halteres 20kg,Esporte e Lazer,3,259.90,779.70,Fortaleza,CE,Cartão Crédito
6033,2025-12-29,108,Console de Videogame,Games,1,2999.00,2999.00,Curitiba,PR,Boleto
6034,2025-12-29,110,Mesa de Jantar 6 Cadeiras,Móveis,1,1899.00,1899.00,Salvador,BA,Cartão Crédito
6035,2025-12-29,102,Sofá 3 Lugares,Móveis,1,2399.00,2399.00,Vitória da Conquista,BA,Cartão Crédito
6036,2025-12-29,115,Esteira Elétrica,Esporte e Lazer,1,2899.00,2899.00,Brasília,DF,Cartão Crédito
6037,2025-12-29,117,Máquina de Lavar 12kg,Eletrodomésticos,1,2089.05,2089.05,Santos,SP,Pix
6038,2025-12-29,103,Monitor Full HD 24pol,Informática,2,899.90,1799.80,Santos,SP,Boleto
6039,2025-12-29,107,Jogo de Aventura,Games,5,249.90,1249.50,Salvador,BA,Pix
6040,2025-12-29,112,Smartphone 128GB,Celulares e Acessórios,1,1709.05,1709.05,Fortaleza,CE,Boleto
6041,2025-12-29,106,Airfryer 5L,Eletrodomésticos,3,429.90,1289.70,Brasília,DF,Pix
6042,2025-12-29,116,Console de Videogame,Games,2,2999.00,5998.00,Vitória da Conquista,BA,Cartão Débito
6043,2025-12-29,117,Bicicleta Aro 29,Esporte e Lazer,2,1799.00,3598.00,Salvador,BA,Cartão Crédito
6044,2025-12-29,111,Smartphone 128GB,Celulares e Acessórios,2,1799.00,3598.00,Uberlândia,MG,Cartão Débito
6045,2025-12-29,104,Monitor Full HD 24pol,Informática,2,899.90,1799.80,Rio de Janeiro,RJ,Cartão Débito
6046,2025-12-29,119,Controle Sem Fio,Games,4,349.90,1399.60,Goiânia,GO,Cartão Crédito
6047,2025-12-29,104,Fone Bluetooth,Celulares e Acessórios,5,199.90,999.50,Brasília,DF,Cartão Crédito
6048,2025-12-29,119,Cadeira de Escritório,Móveis,1,594.92,594.92,Goiânia,GO,Cartão Crédito
6049,2025-12-29,102,Smartphone 128GB,Celulares e Acessórios,1,1619.10,1619.10,Goiânia,GO,Cartão Crédito
6050,2025-12-29,108,Micro-ondas 30L,Eletrodomésticos,3,649.90,1949.70,Uberlândia,MG,Pix
6051,2025-12-29,107,Smartphone 128GB,Celulares e Acessórios,2,1799.00,3598.00,Belo Horizonte,MG,Boleto
6052,2025-12-29,108,Carregador Turbo USB-C,Celulares e Acessórios,6,89.90,539.40,Rio de Janeiro,RJ,Cartão Crédito
6053,2025-12-29,119,Máquina de Lavar 12kg,Eletrodomésticos,2,2199.00,4398.00,Recife,PE,Pix
6054,2025-12-29,108,Console de Videogame,Games,2,2999.00,5998.00,Rio de Janeiro,RJ,Cartão Débito
6055,2025-12-29,110,Esteira Elétrica,Esporte e Lazer,2,2899.00,5798.00,Vitória da Conquista,BA,Cartão Crédito
6056,2025-12-29,117,Teclado Mecânico,Informática,2,289.90,579.80,Porto Alegre,RS,Pix
6057,2025-12-30,117,Micro-ondas 30L,Eletrodomésticos,2,649.90,1299.80,Curitiba,PR,Pix
6058,2025-12-30,106,Monitor Full HD 24pol,Informática,3,899.90,2699.70,Fortaleza,CE,Cartão Crédito
6059,2025-12-30,101,Geladeira Frost Free 400L,Eletrodomésticos,1,2974.15,2974.15,Rio de Janeiro,RJ,Boleto
6060,2025-12-30,120,Esteira Elétrica,Esporte e Lazer,1,2609.10,2609.10,Rio de Janeiro,RJ,Cartão Crédito
6061,2025-12-30,108,Console de Videogame,Games,1,2999.00,2999.00,Rio de Janeiro,RJ,Cartão Crédito
6062,2025-12-30,120,Mouse Sem Fio,Informática,3,75.90,227.70,Brasília,DF,Cartão Débito
6063,2025-12-30,112,Esteira Elétrica,Esporte e Lazer,2,2899.00,5798.00,Feira de Santana,BA,Pix
6064,2025-12-30,111,Smartphone 128GB,Celulares e Acessórios,2,1799.00,3598.00,Rio de Janeiro,RJ,Cartão Crédito
6065,2025-12-30,113,Cadeira de Escritório,Móveis,2,699.90,1399.80,Goiânia,GO,Pix
6066,2025-12-30,103,Teclado Mecânico,Informática,2,275.40,550.80,Salvador,BA,Cartão Débito
6067,2025-12-31,108,Smartphone 128GB,Celulares e Acessórios,2,1799.00,3598.00,Rio de Janeiro,RJ,Cartão Débito
6068,2025-12-31,107,Geladeira Frost Free 400L,Eletrodomésticos,2,3149.10,6298.20,Belo Horizonte,MG,Pix
6069,2025-12-31,101,Smartphone 128GB,Celulares e Acessórios,1,1619.10,1619.10,Brasília,DF,Boleto
6070,2025-12-31,112,Monitor Full HD 24pol,Informática,1,899.90,899.90,São Paulo,SP,Cartão Débito
6071,2025-12-31,102,Carregador Turbo USB-C,Celulares e Acessórios,4,89.90,359.60,Campinas,SP,Pix
6072,2025-12-31,110,Teclado Mecânico,Informática,2,289.90,579.80,Salvador,BA,Cartão Débito
6073,2025-12-31,112,Carregador Turbo USB-C,Celulares e Acessórios,4,85.40,341.60,São Paulo,SP,Cartão Crédito
6074,2025-12-31,101,Máquina de Lavar 12kg,Eletrodomésticos,1,2199.00,2199.00,Rio de Janeiro,RJ,Cartão Débito
6075,2025-12-31,120,Geladeira Frost Free 400L,Eletrodomésticos,2,3499.00,6998.00,Fortaleza,CE,Cartão Débito
6076,2025-12-31,106,Cadeira de Escritório,Móveis,2,664.90,1329.80,Brasília,DF,Pix
6077,2025-12-31,116,Smartphone 128GB,Celulares e Acessórios,2,1799.00,3598.00,Campinas,SP,Boleto
6078,2025-12-31,107,Fone Bluetooth,Celulares e Acessórios,5,179.91,899.55,Brasília,DF,Boleto
6079,2025-12-31,103,Geladeira Frost Free 400L,Eletrodomésticos,1,3499.00,3499.00,Rio de Janeiro,RJ,Pix
6080,2025-12-31,110,Máquina de Lavar 12kg,Eletrodomésticos,2,2199.00,4398.00,Porto Alegre,RS,Cartão Débito
6081,2025-12-31,120,Bicicleta Aro 29,Esporte e Lazer,1,1619.10,1619.10,Belo Horizonte,MG,Cartão Débito
6082,2025-12-31,113,Airfryer 5L,Eletrodomésticos,4,429.90,1719.60,Curitiba,PR,Cartão Crédito
6083,2025-12-31,106,Console de Videogame,Games,2,2699.10,5398.20,Rio de Janeiro,RJ,Cartão Débito
6084,2025-12-31,101,Console de Videogame,Games,2,2999.00,5998.00,Rio de Janeiro,RJ,Cartão Crédito
6085,2025-12-31,108,Jogo de Aventura,Games,5,249.90,1249.50,Porto Alegre,RS,Cartão Débito
6086,2025-12-31,102,Airfryer 5L,Eletrodomésticos,3,429.90,1289.70,Goiânia,GO,Boleto
6087,2025-12-31,119,Sofá 3 Lugares,Móveis,1,2159.10,2159.10,Salvador,BA,Cartão Crédito
6088,2026-01-01,120,Geladeira Frost Free 400L,Eletrodomésticos,2,3499.00,6998.00,São Paulo,SP,Cartão Crédito
6089,2026-01-01,115,Monitor Full HD 24pol,Informática,3,899.90,2699.70,Belo Horizonte,MG,Pix
6090,2026-01-01,110,Teclado Mecânico,Informática,1,289.90,289.90,Uberlândia,MG,Boleto
6091,2026-01-01,116,Bicicleta Aro 29,Esporte e Lazer,2,1799.00,3598.00,Recife,PE,Boleto
6092,2026-01-01,107,Carregador Turbo USB-C,Celulares e Acessórios,1,89.90,89.90,Rio de Janeiro,RJ,Cartão Crédito
6093,2026-01-01,102,Monitor Full HD 24pol,Informática,3,764.92,2294.76,Feira de Santana,BA,Cartão Débito
6094,2026-01-01,107,Console de Videogame,Games,1,2999.00,2999.00,Curitiba,PR,Cartão Crédito
6095,2026-01-01,119,Mouse Sem Fio,Informática,3,79.90,239.70,Niterói,RJ,Boleto
6096,2026-01-01,104,Smartphone 128GB,Celulares e Acessórios,3,1799.00,5397.00,Campinas,SP,Boleto
6097,2026-01-01,120,Kit Halteres 20kg,Esporte e Lazer,3,259.90,779.70,Fortaleza,CE,Cartão Crédito
6098,2026-01-01,111,Airfryer 5L,Eletrodomésticos,4,365.42,1461.68,Fortaleza,CE,Pix
6099,2026-01-01,106,Carregador Turbo USB-C,Celulares e Acessórios,4,89.90,359.60,Santos,SP,Pix
6100,2026-01-01,109,Fone Bluetooth,Celulares e Acessórios,2,199.90,399.80,São Paulo,SP,Cartão Débito
6101,2026-01-01,120,Smartphone 128GB,Celulares e Acessórios,3,1799.00,5397.00,Belo Horizonte,MG,Boleto
6102,2026-01-01,110,Controle Sem Fio,Games,3,297.42,892.26,Curitiba,PR,Cartão Crédito
6103,2026-01-01,102,Máquina de Lavar 12kg,Eletrodomésticos,1,2199.00,2199.00,Salvador,BA,Cartão Débito
6104,2026-01-01,119,Jogo de Aventura,Games,1,249.90,249.90,Vitória da Conquista,BA,Cartão Débito
6105,2026-01-01,104,Controle Sem Fio,Games,3,349.90,1049.70,Campinas,SP,Pix
6106,2026-01-01,116,Bicicleta Aro 29,Esporte e Lazer,1,1799.00,1799.00,Belo Horizonte,MG,Cartão Crédito
6107,2026-01-02,102,Esteira Elétrica,Esporte e Lazer,2,2899.00,5798.00,Goiânia,GO,Boleto
6108,2026-01-02,115,Bicicleta Aro 29,Esporte e Lazer,1,1799.00,1799.00,Fortaleza,CE,Cartão Crédito
6109,2026-01-02,110,Console de Videogame,Games,1,2549.15,2549.15,Brasília,DF,Pix
6110,2026-01-02,107,Mesa de Jantar 6 Cadeiras,Móveis,1,1899.00,1899.00,Curitiba,PR,Pix
6111,2026-01-02,108,Mouse Sem Fio,Informática,2,79.90,159.80,Porto Alegre,RS,Boleto
6112,2026-01-02,110,Cadeira de Escritório,Móveis,4,594.92,2379.68,São Paulo,SP,Cartão Crédito
6113,2026-01-02,116,Geladeira Frost Free 400L,Eletrodomésticos,1,3324.05,3324.05,São Paulo,SP,Pix
6114,2026-01-02,101,Kit Halteres 20kg,Esporte e Lazer,1,259.90,259.90,Curitiba,PR,Cartão Débito
6115,2026-01-02,109,Airfryer 5L,Eletrodomésticos,3,408.40,1225.20,Fortaleza,CE,Boleto
6116,2026-01-02,103,Mesa de Jantar 6 Cadeiras,Móveis,2,1899.00,3798.00,São Paulo,SP,Boleto
6117,2026-01-02,112,Fone Bluetooth,Celulares e Acessórios,5,199.90,999.50,Uberlândia,MG,Pix
6118,2026-01-02,104,Máquina de Lavar 12kg,Eletrodomésticos,1,2199.00,2199.00,Vitória da Conquista,BA,Pix
6119,2026-01-02,117,Geladeira Frost Free 400L,Eletrodomésticos,1,3499.00,3499.00,Salvador,BA,Cartão Crédito
6120,2026-01-02,108,Notebook Core i5,Informática,2,3299.90,6599.80,Curitiba,PR,Cartão Débito
6121,2026-01-03,109,Máquina de Lavar 12kg,Eletrodomésticos,2,2199.00,4398.00,Niterói,RJ,Boleto
6122,2026-01-03,103,Monitor Full HD 24pol,Informática,2,899.90,1799.80,Recife,PE,Cartão Débito
6123,2026-01-03,103,Teclado Mecânico,Informática,1,289.90,289.90,Fortaleza,CE,Pix
6124,2026-01-03,115,Jogo de Aventura,Games,1,249.90,249.90,Santos,SP,Cartão Crédito
6125,2026-01-03,105,Geladeira Frost Free 400L,Eletrodomésticos,1,3499.00,3499.00,Brasília,DF,Cartão Crédito
6126,2026-01-03,103,Controle Sem Fio,Games,2,349.90,699.80,Uberlândia,MG,Boleto
6127,2026-01-03,119,Carregador Turbo USB-C,Celulares e Acessórios,6,85.40,512.40,Belo Horizonte,MG,Cartão Crédito
6128,2026-01-03,105,Esteira Elétrica,Esporte e Lazer,1,2899.00,2899.00,Rio de Janeiro,RJ,Pix
6129,2026-01-03,106,Monitor Full HD 24pol,Informática,2,899.90,1799.80,Uberlândia,MG,Cartão Débito
6130,2026-01-03,109,Jogo de Aventura,Games,1,249.90,249.90,Salvador,BA,Boleto
6131,2026-01-03,110,Controle Sem Fio,Games,2,349.90,699.80,Porto Alegre,RS,Cartão Débito
6132,2026-01-03,103,Mouse Sem Fio,Informática,3,75.90,227.70,Fortaleza,CE,Pix
6133,2026-01-03,120,Teclado Mecânico,Informática,3,260.91,782.73,Santos,SP,Boleto
6134,2026-01-03,112,Controle Sem Fio,Games,3,349.90,1049.70,Goiânia,GO,Cartão Crédito
6135,2026-01-03,115,Controle Sem Fio,Games,3,349.90,1049.70,Rio de Janeiro,RJ,Pix
6136,2026-01-03,104,Monitor Full HD 24pol,Informática,1,809.91,809.91,Fortaleza,CE,Pix
6137,2026-01-03,115,Micro-ondas 30L,Eletrodomésticos,2,584.91,1169.82,Feira de Santana,BA,Cartão Crédito
6138,2026-01-03,104,Console de Videogame,Games,2,2849.05,5698.10,Goiânia,GO,Cartão Crédito
6139,2026-01-03,101,Cadeira de Escritório,Móveis,1,699.90,699.90,Recife,PE,Pix
6140,2026-01-03,107,Máquina de Lavar 12kg,Eletrodomésticos,1,2199.00,2199.00,Feira de Santana,BA,Pix
6141,2026-01-03,106,Controle Sem Fio,Games,2,332.40,664.80,Goiânia,GO,Boleto
6142,2026-01-03,105,Airfryer 5L,Eletrodomésticos,1,429.90,429.90,Salvador,BA,Pix
6143,2026-01-03,107,Cadeira de Escritório,Móveis,3,699.90,2099.70,Uberlândia,MG,Boleto
6144,2026-01-04,101,Esteira Elétrica,Esporte e Lazer,2,2899.00,5798.00,Santos,SP,Boleto
6145,2026-01-04,119,Fone Bluetooth,Celulares e Acessórios,4,199.90,799.60,Recife,PE,Pix
6146,2026-01-04,116,Carregador Turbo USB-C,Celulares e Acessórios,3,89.90,269.70,Uberlândia,MG,Pix
6147,2026-01-04,106,Máquina de Lavar 12kg,Eletrodomésticos,1,1979.10,1979.10,Salvador,BA,Pix
6148,2026-01-04,115,Airfryer 5L,Eletrodomésticos,2,429.90,859.80,Campinas,SP,Pix
6149,2026-01-04,107,Airfryer 5L,Eletrodomésticos,4,429.90,1719.60,Niterói,RJ,Cartão Débito
6150,2026-01-04,101,Máquina de Lavar 12kg,Eletrodomésticos,1,2199.00,2199.00,Niterói,RJ,Boleto
6151,2026-01-04,113,Micro-ondas 30L,Eletrodomésticos,1,649.90,649.90,Curitiba,PR,Cartão Crédito
6152,2026-01-04,105,Notebook Core i5,Informática,2,3134.90,6269.80,Salvador,BA,Cartão Crédito
6153,2026-01-04,107,Fone Bluetooth,Celulares e Acessórios,3,199.90,599.70,Salvador,BA,Cartão Débito
6154,2026-01-04,102,Esteira Elétrica,Esporte e Lazer,1,2899.00,2899.00,Curitiba,PR,Boleto
6155,2026-01-04,108,Sofá 3 Lugares,Móveis,1,2399.00,2399.00,Porto Alegre,RS,Boleto
6156,2026-01-04,103,Fone Bluetooth,Celulares e Acessórios,2,189.90,379.80,São Paulo,SP,Cartão Crédito
6157,2026-01-04,113,Smartphone 128GB,Celulares e Acessórios,2,1529.15,3058.30,Fortaleza,CE,Boleto
6158,2026-01-04,101,Jogo de Aventura,Games,3,249.90,749.70,São Paulo,SP,Boleto
6159,2026-01-04,108,Smartphone 128GB,Celulares e Acessórios,1,1799.00,1799.00,Vitória da Conquista,BA,Cartão Débito
6160,2026-01-04,120,Monitor Full HD 24pol,Informática,2,899.90,1799.80,Feira de Santana,BA,Pix
6161,2026-01-04,108,Carregador Turbo USB-C,Celulares e Acessórios,2,89.90,179.80,Feira de Santana,BA,Cartão Débito
6162,2026-01-04,105,Controle Sem Fio,Games,3,349.90,1049.70,Uberlândia,MG,Pix
6163,2026-01-04,103,Sofá 3 Lugares,Móveis,2,2399.00,4798.00,Curitiba,PR,Pix
6164,2026-01-04,119,Esteira Elétrica,Esporte e Lazer,1,2899.00,2899.00,Curitiba,PR,Cartão Crédito
6165,2026-01-04,117,Controle Sem Fio,Games,2,332.40,664.80,Santos,SP,Cartão Crédito
6166,2026-01-04,104,Geladeira Frost Free 400L,Eletrodomésticos,1,3324.05,3324.05,Salvador,BA,Pix
6167,2026-01-04,107,Teclado Mecânico,Informática,3,289.90,869.70,Rio de Janeiro,RJ,Cartão Débito
6168,2026-01-04,116,Carregador Turbo USB-C,Celulares e Acessórios,5,85.40,427.00,Fortaleza,CE,Boleto
6169,2026-01-04,105,Cadeira de Escritório,Móveis,3,699.90,2099.70,Curitiba,PR,Pix
6170,2026-01-04,105,Monitor Full HD 24pol,Informática,3,899.90,2699.70,Campinas,SP,Cartão Crédito
6171,2026-01-04,102,Geladeira Frost Free 400L,Eletrodomésticos,1,3324.05,3324.05,Rio de Janeiro,RJ,Cartão Débito
6172,2026-01-05,102,Micro-ondas 30L,Eletrodomésticos,2,617.40,1234.80,Santos,SP,Cartão Débito
6173,2026-01-05,102,Carregador Turbo USB-C,Celulares e Acessórios,4,89.90,359.60,Curitiba,PR,Cartão Débito
6174,2026-01-05,107,Jogo de Aventura,Games,1,237.40,237.40,Fortaleza,CE,Cartão Crédito
6175,2026-01-05,112,Kit Halteres 20kg,Esporte e Lazer,3,246.90,740.70,Rio de Janeiro,RJ,Boleto
6176,2026-01-05,119,Teclado Mecânico,Informática,2,289.90,579.80,Vitória da Conquista,BA,Pix
6177,2026-01-05,101,Carregador Turbo USB-C,Celulares e Acessórios,2,89.90,179.80,Recife,PE,Cartão Crédito
6178,2026-01-05,109,Monitor Full HD 24pol,Informática,1,809.91,809.91,São Paulo,SP,Cartão Débito
6179,2026-01-05,101,Smartphone 128GB,Celulares e Acessórios,1,1799.00,1799.00,Goiânia,GO,Pix
6180,2026-01-05,105,Smartphone 128GB,Celulares e Acessórios,1,1799.00,1799.00,Uberlândia,MG,Boleto
6181,2026-01-05,116,Notebook Core i5,Informática,2,3299.90,6599.80,Goiânia,GO,Boleto
6182,2026-01-05,102,Teclado Mecânico,Informática,3,289.90,869.70,Curitiba,PR,Boleto
6183,2026-01-05,115,Console de Videogame,Games,1,2999.00,2999.00,Uberlândia,MG,Boleto
6184,2026-01-05,116,Geladeira Frost Free 400L,Eletrodomésticos,2,3499.00,6998.00,Vitória da Conquista,BA,Cartão Crédito
6185,2026-01-05,119,Notebook Core i5,Informática,1,3299.90,3299.90,Vitória da Conquista,BA,Boleto
6186,2026-01-05,104,Mesa de Jantar 6 Cadeiras,Móveis,2,1899.00,3798.00,Salvador,BA,Cartão Crédito
6187,2026-01-06,116,Máquina de Lavar 12kg,Eletrodomésticos,2,2199.00,4398.00,São Paulo,SP,Boleto
6188,2026-01-06,111,Notebook Core i5,Informática,1,3299.90,3299.90,Goiânia,GO,Cartão Débito
6189,2026-01-06,104,Notebook Core i5,Informática,1,3299.90,3299.90,São Paulo,SP,Boleto
6190,2026-01-06,107,Mesa de Jantar 6 Cadeiras,Móveis,1,1899.00,1899.00,Recife,PE,Cartão Crédito
6191,2026-01-06,112,Bicicleta Aro 29,Esporte e Lazer,1,1619.10,1619.10,Rio de Janeiro,RJ,Pix
6192,2026-01-06,116,Teclado Mecânico,Informática,3,275.40,826.20,Niterói,RJ,Cartão Crédito
6193,2026-01-06,107,Cadeira de Escritório,Móveis,4,699.90,2799.60,Santos,SP,Cartão Crédito
6194,2026-01-06,108,Mouse Sem Fio,Informática,4,79.90,319.60,Salvador,BA,Pix
6195,2026-01-06,107,Smartphone 128GB,Celulares e Acessórios,3,1709.05,5127.15,Feira de Santana,BA,Pix
6196,2026-01-06,113,Geladeira Frost Free 400L,Eletrodomésticos,2,3499.00,6998.00,Porto Alegre,RS,Pix
6197,2026-01-06,113,Fone Bluetooth,Celulares e Acessórios,5,189.90,949.50,Recife,PE,Pix
6198,2026-01-06,106,Jogo de Aventura,Games,3,237.40,712.20,Santos,SP,Cartão Crédito
6199,2026-01-06,116,Mesa de Jantar 6 Cadeiras,Móveis,2,1899.00,3798.00,Fortaleza,CE,Cartão Crédito
6200,2026-01-06,103,Cadeira de Escritório,Móveis,1,699.90,699.90,Uberlândia,MG,Cartão Crédito
6201,2026-01-06,109,Notebook Core i5,Informática,2,3299.90,6599.80,Uberlândia,MG,Cartão Débito
6202,2026-01-06,104,Sofá 3 Lugares,Móveis,1,2399.00,2399.00,Campinas,SP,Pix
6203,2026-01-06,113,Carregador Turbo USB-C,Celulares e Acessórios,6,89.90,539.40,Campinas,SP,Cartão Crédito
6204,2026-01-06,103,Mesa de Jantar 6 Cadeiras,Móveis,2,1899.00,3798.00,Feira de Santana,BA,Boleto
6205,2026-01-07,108,Mouse Sem Fio,Informática,3,75.90,227.70,São Paulo,SP,Pix
6206,2026-01-07,106,Smartphone 128GB,Celulares e Acessórios,1,1799.00,1799.00,São Paulo,SP,Cartão Débito
6207,2026-01-07,112,Jogo de Aventura,Games,3,249.90,749.70,Salvador,BA,Cartão Débito
6208,2026-01-07,115,Smartphone 128GB,Celulares e Acessórios,2,1799.00,3598.00,Feira de Santana,BA,Cartão Crédito
6209,2026-01-07,107,Teclado Mecânico,Informática,1,289.90,289.90,Fortaleza,CE,Cartão Crédito
6210,2026-01-07,119,Micro-ondas 30L,Eletrodomésticos,2,649.90,1299.80,Brasília,DF,Pix
6211,2026-01-07,102,Console de Videogame,Games,1,2999.00,2999.00,Salvador,BA,Pix
6212,2026-01-07,111,Kit Halteres 20kg,Esporte e Lazer,4,246.90,987.60,Brasília,DF,Cartão Débito
6213,2026-01-07,115,Controle Sem Fio,Games,3,349.90,1049.70,Brasília,DF,Pix
6214,2026-01-07,103,Mouse Sem Fio,Informática,3,79.90,239.70,São Paulo,SP,Cartão Débito
6215,2026-01-07,113,Mesa de Jantar 6 Cadeiras,Móveis,1,1899.00,1899.00,Niterói,RJ,Cartão Crédito
6216,2026-01-07,119,Teclado Mecânico,Informática,2,289.90,579.80,São Paulo,SP,Cartão Débito
6217,2026-01-07,117,Console de Videogame,Games,1,2999.00,2999.00,Santos,SP,Boleto
6218,2026-01-07,102,Mesa de Jantar 6 Cadeiras,Móveis,2,1804.05,3608.10,Recife,PE,Boleto
6219,2026-01-08,120,Console de Videogame,Games,2,2999.00,5998.00,Goiânia,GO,Cartão Crédito
6220,2026-01-08,106,Esteira Elétrica,Esporte e Lazer,2,2899.00,5798.00,Santos,SP,Cartão Crédito
6221,2026-01-08,106,Airfryer 5L,Eletrodomésticos,3,429.90,1289.70,Curitiba,PR,Cartão Crédito
6222,2026-01-08,106,Smartphone 128GB,Celulares e Acessórios,2,1799.00,3598.00,Curitiba,PR,Pix
6223,2026-01-08,115,Fone Bluetooth,Celulares e Acessórios,5,199.90,999.50,Fortaleza,CE,Cartão Crédito
6224,2026-01-08,115,Bicicleta Aro 29,Esporte e Lazer,2,1619.10,3238.20,Porto Alegre,RS,Cartão Débito
6225,2026-01-08,101,Notebook Core i5,Informática,1,3299.90,3299.90,Campinas,SP,Boleto
6226,2026-01-08,115,Esteira Elétrica,Esporte e Lazer,1,2754.05,2754.05,Santos,SP,Pix
6227,2026-01-08,119,Cadeira de Escritório,Móveis,3,699.90,2099.70,Rio de Janeiro,RJ,Cartão Débito
6228,2026-01-08,108,Mouse Sem Fio,Informática,4,79.90,319.60,Rio de Janeiro,RJ,Pix
6229,2026-01-08,102,Fone Bluetooth,Celulares e Acessórios,3,169.92,509.76,Feira de Santana,BA,Boleto
6230,2026-01-08,110,Fone Bluetooth,Celulares e Acessórios,2,169.92,339.84,Recife,PE,Boleto
6231,2026-01-08,113,Micro-ondas 30L,Eletrodomésticos,2,649.90,1299.80,Fortaleza,CE,Cartão Débito
6232,2026-01-08,120,Máquina de Lavar 12kg,Eletrodomésticos,1,2199.00,2199.00,Recife,PE,Boleto
6233,2026-01-08,109,Controle Sem Fio,Games,2,349.90,699.80,Porto Alegre,RS,Pix
6234,2026-01-08,119,Cadeira de Escritório,Móveis,3,664.90,1994.70,Curitiba,PR,Cartão Débito
6235,2026-01-08,117,Bicicleta Aro 29,Esporte e Lazer,1,1799.00,1799.00,Vitória da Conquista,BA,Cartão Crédito
6236,2026-01-08,116,Controle Sem Fio,Games,4,349.90,1399.60,Rio de Janeiro,RJ,Cartão Crédito
6237,2026-01-09,109,Mouse Sem Fio,Informática,4,79.90,319.60,Vitória da Conquista,BA,Cartão Crédito
6238,2026-01-09,119,Micro-ondas 30L,Eletrodomésticos,1,649.90,649.90,Brasília,DF,Cartão Crédito
6239,2026-01-09,107,Micro-ondas 30L,Eletrodomésticos,1,649.90,649.90,Santos,SP,Boleto
6240,2026-01-09,116,Carregador Turbo USB-C,Celulares e Acessórios,2,89.90,179.80,Fortaleza,CE,Pix
6241,2026-01-09,117,Sofá 3 Lugares,Móveis,2,2399.00,4798.00,Santos,SP,Boleto
6242,2026-01-09,107,Jogo de Aventura,Games,1,249.90,249.90,Brasília,DF,Cartão Crédito
6243,2026-01-09,110,Carregador Turbo USB-C,Celulares e Acessórios,1,80.91,80.91,Brasília,DF,Pix
6244,2026-01-09,112,Máquina de Lavar 12kg,Eletrodomésticos,1,1869.15,1869.15,Rio de Janeiro,RJ,Cartão Crédito
6245,2026-01-09,113,Mouse Sem Fio,Informática,3,67.92,203.76,Belo Horizonte,MG,Cartão Crédito
6246,2026-01-09,107,Fone Bluetooth,Celulares e Acessórios,5,179.91,899.55,Salvador,BA,Pix
6247,2026-01-09,110,Micro-ondas 30L,Eletrodomésticos,1,649.90,649.90,Feira de Santana,BA,Cartão Crédito
6248,2026-01-09,109,Máquina de Lavar 12kg,Eletrodomésticos,2,2199.00,4398.00,Goiânia,GO,Pix
6249,2026-01-09,105,Airfryer 5L,Eletrodomésticos,1,429.90,429.90,Porto Alegre,RS,Cartão Crédito
6250,2026-01-09,119,Cadeira de Escritório,Móveis,1,699.90,699.90,Curitiba,PR,Boleto
6251,2026-01-10,104,Console de Videogame,Games,2,2699.10,5398.20,Rio de Janeiro,RJ,Pix
6252,2026-01-10,104,Kit Halteres 20kg,Esporte e Lazer,2,259.90,519.80,Vitória da Conquista,BA,Cartão Crédito
6253,2026-01-10,113,Notebook Core i5,Informática,2,3299.90,6599.80,Curitiba,PR,Cartão Crédito
6254,2026-01-10,108,Bicicleta Aro 29,Esporte e Lazer,2,1799.00,3598.00,Brasília,DF,Boleto
6255,2026-01-10,111,Mouse Sem Fio,Informática,1,79.90,79.90,Brasília,DF,Cartão Crédito
6256,2026-01-10,109,Esteira Elétrica,Esporte e Lazer,2,2609.10,5218.20,São Paulo,SP,Boleto
6257,2026-01-10,119,Sofá 3 Lugares,Móveis,2,2399.00,4798.00,Belo Horizonte,MG,Cartão Débito
6258,2026-01-10,113,Console de Videogame,Games,1,2999.00,2999.00,Vitória da Conquista,BA,Pix
6259,2026-01-10,109,Sofá 3 Lugares,Móveis,1,2399.00,2399.00,Goiânia,GO,Cartão Crédito
6260,2026-01-10,113,Airfryer 5L,Eletrodomésticos,4,429.90,1719.60,Salvador,BA,Cartão Débito
6261,2026-01-10,119,Carregador Turbo USB-C,Celulares e Acessórios,6,89.90,539.40,Fortaleza,CE,Cartão Crédito
6262,2026-01-10,120,Monitor Full HD 24pol,Informática,2,899.90,1799.80,Fortaleza,CE,Boleto
6263,2026-01-10,107,Console de Videogame,Games,1,2999.00,2999.00,Goiânia,GO,Pix
6264,2026-01-10,110,Fone Bluetooth,Celulares e Acessórios,3,179.91,539.73,Recife,PE,Pix
6265,2026-01-10,109,Airfryer 5L,Eletrodomésticos,4,429.90,1719.60,Rio de Janeiro,RJ,Cartão Crédito
6266,2026-01-11,112,Cadeira de Escritório,Móveis,3,699.90,2099.70,Belo Horizonte,MG,Cartão Débito
6267,2026-01-11,109,Mesa de Jantar 6 Cadeiras,Móveis,2,1899.00,3798.00,Salvador,BA,Cartão Crédito
6268,2026-01-11,109,Fone Bluetooth,Celulares e Acessórios,5,199.90,999.50,São Paulo,SP,Pix
6269,2026-01-11,113,Bicicleta Aro 29,Esporte e Lazer,2,1799.00,3598.00,Niterói,RJ,Cartão Débito
6270,2026-01-11,105,Mouse Sem Fio,Informática,1,67.92,67.92,Campinas,SP,Cartão Crédito
6271,2026-01-11,116,Monitor Full HD 24pol,Informática,1,899.90,899.90,Feira de Santana,BA,Pix
6272,2026-01-11,106,Sofá 3 Lugares,Móveis,1,2279.05,2279.05,Campinas,SP,Cartão Débito
6273,2026-01-11,104,Monitor Full HD 24pol,Informática,2,809.91,1619.82,Curitiba,PR,Pix
6274,2026-01-11,103,Fone Bluetooth,Celulares e Acessórios,3,199.90,599.70,Rio de Janeiro,RJ,Cartão Crédito
6275,2026-01-11,112,Console de Videogame,Games,1,2699.10,2699.10,Porto Alegre,RS,Cartão Débito
6276,2026-01-11,111,Bicicleta Aro 29,Esporte e Lazer,1,1799.00,1799.00,Salvador,BA,Cartão Crédito
6277,2026-01-11,108,Notebook Core i5,Informática,2,3299.90,6599.80,Goiânia,GO,Cartão Crédito
6278,2026-01-11,120,Jogo de Aventura,Games,5,224.91,1124.55,Fortaleza,CE,Pix
6279,2026-01-11,111,Cadeira de Escritório,Móveis,2,699.90,1399.80,Curitiba,PR,Pix
6280,2026-01-11,103,Mouse Sem Fio,Informática,3,67.92,203.76,Uberlândia,MG,Cartão Débito
6281,2026-01-11,119,Jogo de Aventura,Games,4,249.90,999.60,Vitória da Conquista,BA,Boleto
6282,2026-01-12,112,Mesa de Jantar 6 Cadeiras,Móveis,2,1899.00,3798.00,Curitiba,PR,Pix
6283,2026-01-12,102,Airfryer 5L,Eletrodomésticos,4,365.42,1461.68,Rio de Janeiro,RJ,Cartão Débito
6284,2026-01-12,117,Notebook Core i5,Informática,1,3299.90,3299.90,Rio de Janeiro,RJ,Boleto
6285,2026-01-12,113,Fone Bluetooth,Celulares e Acessórios,5,189.90,949.50,Belo Horizonte,MG,Pix
6286,2026-01-12,106,Micro-ondas 30L,Eletrodomésticos,1,649.90,649.90,Belo Horizonte,MG,Cartão Crédito
6287,2026-01-12,119,Cadeira de Escritório,Móveis,4,699.90,2799.60,Salvador,BA,Cartão Débito
6288,2026-01-12,101,Mouse Sem Fio,Informática,1,79.90,79.90,Niterói,RJ,Cartão Débito
6289,2026-01-12,111,Sofá 3 Lugares,Móveis,1,2399.00,2399.00,Belo Horizonte,MG,Pix
6290,2026-01-12,111,Console de Videogame,Games,2,2999.00,5998.00,Rio de Janeiro,RJ,Cartão Crédito
6291,2026-01-12,109,Fone Bluetooth,Celulares e Acessórios,3,189.90,569.70,Niterói,RJ,Boleto
6292,2026-01-12,102,Sofá 3 Lugares,Móveis,2,2399.00,4798.00,Fortaleza,CE,Cartão Crédito
6293,2026-01-12,105,Controle Sem Fio,Games,4,349.90,1399.60,Salvador,BA,Cartão Crédito
6294,2026-01-12,102,Fone Bluetooth,Celulares e Acessórios,3,189.90,569.70,Uberlândia,MG,Cartão Crédito
6295,2026-01-12,116,Esteira Elétrica,Esporte e Lazer,1,2899.00,2899.00,Feira de Santana,BA,Boleto
6296,2026-01-12,108,Mouse Sem Fio,Informática,2,79.90,159.80,Curitiba,PR,Boleto
6297,2026-01-12,102,Geladeira Frost Free 400L,Eletrodomésticos,2,3499.00,6998.00,Feira de Santana,BA,Cartão Crédito
6298,2026-01-12,108,Monitor Full HD 24pol,Informática,3,899.90,2699.70,São Paulo,SP,Pix
6299,2026-01-12,102,Airfryer 5L,Eletrodomésticos,3,386.91,1160.73,Fortaleza,CE,Pix
6300,2026-01-13,112,Esteira Elétrica,Esporte e Lazer,1,2899.00,2899.00,Curitiba,PR,Cartão Débito
6301,2026-01-13,106,Bicicleta Aro 29,Esporte e Lazer,2,1799.00,3598.00,Campinas,SP,Cartão Crédito
6302,2026-01-13,111,Esteira Elétrica,Esporte e Lazer,1,2899.00,2899.00,Niterói,RJ,Cartão Crédito
6303,2026-01-13,115,Geladeira Frost Free 400L,Eletrodomésticos,1,2974.15,2974.15,Rio de Janeiro,RJ,Pix
6304,2026-01-13,106,Controle Sem Fio,Games,1,349.90,349.90,Recife,PE,Boleto
6305,2026-01-13,104,Controle Sem Fio,Games,1,314.91,314.91,Brasília,DF,Cartão Crédito
6306,2026-01-13,115,Mesa de Jantar 6 Cadeiras,Móveis,2,1709.10,3418.20,Goiânia,GO,Pix
6307,2026-01-13,117,Geladeira Frost Free 400L,Eletrodomésticos,1,3499.00,3499.00,Niterói,RJ,Cartão Crédito
6308,2026-01-13,113,Mouse Sem Fio,Informática,6,71.91,431.46,Niterói,RJ,Pix
6309,2026-01-13,109,Notebook Core i5,Informática,2,3299.90,6599.80,Campinas,SP,Boleto
6310,2026-01-13,115,Controle Sem Fio,Games,4,332.40,1329.60,Campinas,SP,Cartão Débito
6311,2026-01-13,113,Esteira Elétrica,Esporte e Lazer,2,2899.00,5798.00,Recife,PE,Cartão Débito
6312,2026-01-14,117,Sofá 3 Lugares,Móveis,2,2399.00,4798.00,Rio de Janeiro,RJ,Cartão Crédito
6313,2026-01-14,117,Cadeira de Escritório,Móveis,3,699.90,2099.70,Santos,SP,Pix
6314,2026-01-14,104,Teclado Mecânico,Informática,3,275.40,826.20,Brasília,DF,Pix
6315,2026-01-14,102,Micro-ondas 30L,Eletrodomésticos,3,649.90,1949.70,Santos,SP,Cartão Crédito
6316,2026-01-14,102,Kit Halteres 20kg,Esporte e Lazer,1,259.90,259.90,Belo Horizonte,MG,Pix
6317,2026-01-14,102,Carregador Turbo USB-C,Celulares e Acessórios,5,89.90,449.50,Campinas,SP,Pix
6318,2026-01-14,104,Kit Halteres 20kg,Esporte e Lazer,3,246.90,740.70,Fortaleza,CE,Pix
6319,2026-01-14,111,Sofá 3 Lugares,Móveis,1,2399.00,2399.00,Campinas,SP,Pix
6320,2026-01-14,104,Sofá 3 Lugares,Móveis,2,2399.00,4798.00,Belo Horizonte,MG,Cartão Débito
6321,2026-01-14,110,Jogo de Aventura,Games,2,249.90,499.80,Porto Alegre,RS,Boleto
6322,2026-01-14,117,Smartphone 128GB,Celulares e Acessórios,2,1799.00,3598.00,Rio de Janeiro,RJ,Pix
6323,2026-01-14,116,Airfryer 5L,Eletrodomésticos,1,429.90,429.90,Porto Alegre,RS,Pix
6324,2026-01-14,108,Sofá 3 Lugares,Móveis,2,2279.05,4558.10,Brasília,DF,Pix
6325,2026-01-14,115,Sofá 3 Lugares,Móveis,2,2399.00,4798.00,Uberlândia,MG,Cartão Crédito
6326,2026-01-14,101,Máquina de Lavar 12kg,Eletrodomésticos,1,2199.00,2199.00,Campinas,SP,Cartão Débito
6327,2026-01-14,111,Smartphone 128GB,Celulares e Acessórios,2,1799.00,3598.00,Fortaleza,CE,Pix
6328,2026-01-14,103,Fone Bluetooth,Celulares e Acessórios,1,179.91,179.91,Belo Horizonte,MG,Cartão Débito
6329,2026-01-14,103,Cadeira de Escritório,Móveis,1,699.90,699.90,Salvador,BA,Pix
6330,2026-01-14,115,Geladeira Frost Free 400L,Eletrodomésticos,2,3499.00,6998.00,Brasília,DF,Cartão Débito
6331,2026-01-14,103,Kit Halteres 20kg,Esporte e Lazer,2,259.90,519.80,Uberlândia,MG,Cartão Débito
6332,2026-01-15,113,Geladeira Frost Free 400L,Eletrodomésticos,2,3499.00,6998.00,Belo Horizonte,MG,Boleto
6333,2026-01-15,105,Smartphone 128GB,Celulares e Acessórios,3,1709.05,5127.15,Brasília,DF,Boleto
6334,2026-01-15,111,Mesa de Jantar 6 Cadeiras,Móveis,2,1804.05,3608.10,Belo Horizonte,MG,Boleto
6335,2026-01-15,102,Geladeira Frost Free 400L,Eletrodomésticos,1,3499.00,3499.00,Santos,SP,Pix
6336,2026-01-15,120,Esteira Elétrica,Esporte e Lazer,1,2899.00,2899.00,Salvador,BA,Cartão Crédito
6337,2026-01-15,110,Kit Halteres 20kg,Esporte e Lazer,3,259.90,779.70,Salvador,BA,Cartão Crédito
6338,2026-01-15,119,Smartphone 128GB,Celulares e Acessórios,3,1799.00,5397.00,Salvador,BA,Cartão Crédito
6339,2026-01-15,116,Fone Bluetooth,Celulares e Acessórios,3,199.90,599.70,Curitiba,PR,Boleto
6340,2026-01-15,104,Teclado Mecânico,Informática,1,289.90,289.90,Belo Horizonte,MG,Pix
6341,2026-01-15,108,Controle Sem Fio,Games,1,349.90,349.90,Belo Horizonte,MG,Cartão Crédito
6342,2026-01-15,120,Teclado Mecânico,Informática,2,289.90,579.80,Rio de Janeiro,RJ,Cartão Crédito
6343,2026-01-15,112,Cadeira de Escritório,Móveis,2,699.90,1399.80,Campinas,SP,Cartão Débito
6344,2026-01-15,117,Monitor Full HD 24pol,Informática,1,899.90,899.90,Feira de Santana,BA,Pix
6345,2026-01-15,103,Mouse Sem Fio,Informática,6,79.90,479.40,Rio de Janeiro,RJ,Cartão Crédito
6346,2026-01-15,101,Sofá 3 Lugares,Móveis,2,2279.05,4558.10,Santos,SP,Boleto
6347,2026-01-15,117,Geladeira Frost Free 400L,Eletrodomésticos,2,3324.05,6648.10,Porto Alegre,RS,Cartão Crédito
6348,2026-01-15,117,Notebook Core i5,Informática,2,3299.90,6599.80,Brasília,DF,Pix
6349,2026-01-15,110,Bicicleta Aro 29,Esporte e Lazer,1,1799.00,1799.00,Salvador,BA,Pix
6350,2026-01-15,119,Teclado Mecânico,Informática,1,289.90,289.90,Rio de Janeiro,RJ,Cartão Crédito
6351,2026-01-16,106,Geladeira Frost Free 400L,Eletrodomésticos,1,3499.00,3499.00,São Paulo,SP,Cartão Crédito
6352,2026-01-16,108,Cadeira de Escritório,Móveis,4,699.90,2799.60,Recife,PE,Pix
6353,2026-01-16,102,Fone Bluetooth,Celulares e Acessórios,4,189.90,759.60,Vitória da Conquista,BA,Cartão Débito
6354,2026-01-16,111,Console de Videogame,Games,1,2999.00,2999.00,Rio de Janeiro,RJ,Boleto
6355,2026-01-16,105,Máquina de Lavar 12kg,Eletrodomésticos,2,2199.00,4398.00,Vitória da Conquista,BA,Cartão Crédito
6356,2026-01-16,107,Smartphone 128GB,Celulares e Acessórios,1,1799.00,1799.00,Vitória da Conquista,BA,Pix
6357,2026-01-16,108,Micro-ondas 30L,Eletrodomésticos,3,649.90,1949.70,Porto Alegre,RS,Pix
6358,2026-01-16,116,Mouse Sem Fio,Informática,6,79.90,479.40,Curitiba,PR,Cartão Crédito
6359,2026-01-16,102,Bicicleta Aro 29,Esporte e Lazer,2,1799.00,3598.00,Porto Alegre,RS,Pix
6360,2026-01-16,104,Notebook Core i5,Informática,1,3299.90,3299.90,Goiânia,GO,Cartão Crédito
6361,2026-01-16,110,Sofá 3 Lugares,Móveis,2,2399.00,4798.00,Fortaleza,CE,Pix
6362,2026-01-16,106,Carregador Turbo USB-C,Celulares e Acessórios,3,89.90,269.70,São Paulo,SP,Cartão Crédito
6363,2026-01-16,120,Fone Bluetooth,Celulares e Acessórios,2,199.90,399.80,Rio de Janeiro,RJ,Cartão Débito
6364,2026-01-16,117,Fone Bluetooth,Celulares e Acessórios,2,199.90,399.80,Salvador,BA,Pix
6365,2026-01-16,120,Micro-ondas 30L,Eletrodomésticos,3,649.90,1949.70,Vitória da Conquista,BA,Cartão Crédito
6366,2026-01-16,112,Máquina de Lavar 12kg,Eletrodomésticos,1,2199.00,2199.00,Salvador,BA,Cartão Débito
6367,2026-01-16,109,Notebook Core i5,Informática,2,3134.90,6269.80,Niterói,RJ,Boleto
6368,2026-01-17,104,Cadeira de Escritório,Móveis,1,629.91,629.91,Fortaleza,CE,Pix
6369,2026-01-17,102,Smartphone 128GB,Celulares e Acessórios,1,1799.00,1799.00,Brasília,DF,Boleto
6370,2026-01-17,120,Controle Sem Fio,Games,3,332.40,997.20,Fortaleza,CE,Boleto
6371,2026-01-17,105,Mouse Sem Fio,Informática,1,79.90,79.90,Brasília,DF,Pix
6372,2026-01-17,104,Fone Bluetooth,Celulares e Acessórios,4,199.90,799.60,Goiânia,GO,Cartão Crédito
6373,2026-01-17,105,Notebook Core i5,Informática,2,2969.91,5939.82,Belo Horizonte,MG,Pix
6374,2026-01-17,105,Bicicleta Aro 29,Esporte e Lazer,2,1799.00,3598.00,Brasília,DF,Cartão Crédito
6375,2026-01-17,111,Teclado Mecânico,Informática,4,275.40,1101.60,Vitória da Conquista,BA,Pix
6376,2026-01-17,106,Fone Bluetooth,Celulares e Acessórios,2,199.90,399.80,São Paulo,SP,Cartão Crédito
6377,2026-01-17,111,Kit Halteres 20kg,Esporte e Lazer,4,233.91,935.64,Porto Alegre,RS,Cartão Débito
6378,2026-01-17,119,Fone Bluetooth,Celulares e Acessórios,3,199.90,599.70,Uberlândia,MG,Cartão Crédito
6379,2026-01-18,107,Notebook Core i5,Informática,1,3134.90,3134.90,Rio de Janeiro,RJ,Pix
6380,2026-01-18,110,Carregador Turbo USB-C,Celulares e Acessórios,5,89.90,449.50,Curitiba,PR,Cartão Crédito
6381,2026-01-18,110,Mesa de Jantar 6 Cadeiras,Móveis,2,1899.00,3798.00,Porto Alegre,RS,Cartão Débito
6382,2026-01-18,111,Mouse Sem Fio,Informática,4,79.90,319.60,Goiânia,GO,Pix
6383,2026-01-18,115,Controle Sem Fio,Games,1,349.90,349.90,Porto Alegre,RS,Cartão Débito
6384,2026-01-18,105,Console de Videogame,Games,1,2849.05,2849.05,Belo Horizonte,MG,Cartão Crédito
6385,2026-01-18,108,Sofá 3 Lugares,Móveis,2,2159.10,4318.20,São Paulo,SP,Pix
6386,2026-01-18,117,Mouse Sem Fio,Informática,1,79.90,79.90,Brasília,DF,Cartão Débito
6387,2026-01-18,120,Esteira Elétrica,Esporte e Lazer,1,2899.00,2899.00,Belo Horizonte,MG,Pix
6388,2026-01-18,120,Smartphone 128GB,Celulares e Acessórios,1,1799.00,1799.00,Belo Horizonte,MG,Pix
6389,2026-01-18,119,Controle Sem Fio,Games,4,314.91,1259.64,Salvador,BA,Boleto
6390,2026-01-18,110,Cadeira de Escritório,Móveis,4,664.90,2659.60,Salvador,BA,Pix
6391,2026-01-18,117,Jogo de Aventura,Games,4,249.90,999.60,Rio de Janeiro,RJ,Cartão Crédito
6392,2026-01-18,107,Carregador Turbo USB-C,Celulares e Acessórios,2,89.90,179.80,Vitória da Conquista,BA,Cartão Crédito
6393,2026-01-18,102,Geladeira Frost Free 400L,Eletrodomésticos,2,3499.00,6998.00,Santos,SP,Cartão Débito
6394,2026-01-18,105,Monitor Full HD 24pol,Informática,2,899.90,1799.80,Campinas,SP,Cartão Débito
6395,2026-01-18,101,Bicicleta Aro 29,Esporte e Lazer,2,1619.10,3238.20,Niterói,RJ,Boleto
6396,2026-01-18,102,Esteira Elétrica,Esporte e Lazer,1,2899.00,2899.00,Rio de Janeiro,RJ,Pix
6397,2026-01-18,112,Teclado Mecânico,Informática,2,289.90,579.80,Feira de Santana,BA,Boleto
6398,2026-01-18,111,Máquina de Lavar 12kg,Eletrodomésticos,1,2199.00,2199.00,Goiânia,GO,Cartão Crédito
6399,2026-01-18,120,Cadeira de Escritório,Móveis,3,664.90,1994.70,Recife,PE,Cartão Débito
6400,2026-01-18,109,Geladeira Frost Free 400L,Eletrodomésticos,1,3499.00,3499.00,Vitória da Conquista,BA,Boleto
6401,2026-01-19,108,Console de Videogame,Games,1,2549.15,2549.15,São Paulo,SP,Pix
6402,2026-01-19,116,Micro-ondas 30L,Eletrodomésticos,2,617.40,1234.80,Salvador,BA,Boleto
6403,2026-01-19,108,Kit Halteres 20kg,Esporte e Lazer,1,259.90,259.90,São Paulo,SP,Pix
6404,2026-01-19,115,Jogo de Aventura,Games,3,237.40,712.20,Uberlândia,MG,Boleto
6405,2026-01-19,109,Esteira Elétrica,Esporte e Lazer,1,2899.00,2899.00,Salvador,BA,Cartão Débito
6406,2026-01-19,119,Sofá 3 Lugares,Móveis,1,2399.00,2399.00,São Paulo,SP,Cartão Débito
6407,2026-01-19,113,Bicicleta Aro 29,Esporte e Lazer,2,1529.15,3058.30,Niterói,RJ,Boleto
6408,2026-01-19,111,Controle Sem Fio,Games,4,332.40,1329.60,Porto Alegre,RS,Cartão Débito
6409,2026-01-19,103,Esteira Elétrica,Esporte e Lazer,2,2899.00,5798.00,Brasília,DF,Cartão Crédito
6410,2026-01-19,101,Smartphone 128GB,Celulares e Acessórios,3,1709.05,5127.15,Feira de Santana,BA,Boleto
6411,2026-01-19,107,Geladeira Frost Free 400L,Eletrodomésticos,2,3499.00,6998.00,Salvador,BA,Boleto
6412,2026-01-19,107,Micro-ondas 30L,Eletrodomésticos,3,649.90,1949.70,Vitória da Conquista,BA,Pix
6413,2026-01-19,110,Fone Bluetooth,Celulares e Acessórios,4,199.90,799.60,Goiânia,GO,Cartão Crédito
6414,2026-01-19,105,Bicicleta Aro 29,Esporte e Lazer,1,1709.05,1709.05,Rio de Janeiro,RJ,Pix
6415,2026-01-19,103,Console de Videogame,Games,2,2849.05,5698.10,Niterói,RJ,Cartão Crédito
6416,2026-01-20,107,Smartphone 128GB,Celulares e Acessórios,3,1799.00,5397.00,Uberlândia,MG,Cartão Crédito
6417,2026-01-20,105,Sofá 3 Lugares,Móveis,1,2399.00,2399.00,Curitiba,PR,Cartão Débito
6418,2026-01-20,102,Cadeira de Escritório,Móveis,1,699.90,699.90,Porto Alegre,RS,Cartão Crédito
6419,2026-01-20,120,Monitor Full HD 24pol,Informática,3,899.90,2699.70,Salvador,BA,Boleto
6420,2026-01-20,104,Geladeira Frost Free 400L,Eletrodomésticos,1,3499.00,3499.00,Fortaleza,CE,Cartão Crédito
6421,2026-01-20,105,Micro-ondas 30L,Eletrodomésticos,1,649.90,649.90,São Paulo,SP,Boleto
6422,2026-01-20,102,Console de Videogame,Games,2,2999.00,5998.00,Brasília,DF,Pix
6423,2026-01-20,104,Micro-ondas 30L,Eletrodomésticos,2,617.40,1234.80,Rio de Janeiro,RJ,Cartão Crédito
6424,2026-01-20,102,Bicicleta Aro 29,Esporte e Lazer,1,1799.00,1799.00,Goiânia,GO,Pix
6425,2026-01-20,102,Fone Bluetooth,Celulares e Acessórios,2,199.90,399.80,Feira de Santana,BA,Cartão Crédito
6426,2026-01-20,107,Geladeira Frost Free 400L,Eletrodomésticos,1,3499.00,3499.00,Salvador,BA,Cartão Crédito
6427,2026-01-20,105,Mouse Sem Fio,Informática,1,79.90,79.90,Uberlândia,MG,Cartão Crédito
6428,2026-01-20,110,Esteira Elétrica,Esporte e Lazer,2,2899.00,5798.00,Recife,PE,Cartão Crédito
6429,2026-01-20,104,Esteira Elétrica,Esporte e Lazer,1,2609.10,2609.10,São Paulo,SP,Cartão Crédito
6430,2026-01-21,116,Bicicleta Aro 29,Esporte e Lazer,1,1709.05,1709.05,Goiânia,GO,Cartão Débito
6431,2026-01-21,115,Esteira Elétrica,Esporte e Lazer,2,2464.15,4928.30,Goiânia,GO,Cartão Crédito
6432,2026-01-21,120,Controle Sem Fio,Games,2,349.90,699.80,Belo Horizonte,MG,Pix
6433,2026-01-21,117,Esteira Elétrica,Esporte e Lazer,1,2899.00,2899.00,Recife,PE,Cartão Débito
6434,2026-01-21,117,Geladeira Frost Free 400L,Eletrodomésticos,1,3324.05,3324.05,Campinas,SP,Boleto
6435,2026-01-21,113,Smartphone 128GB,Celulares e Acessórios,1,1709.05,1709.05,Fortaleza,CE,Cartão Débito
6436,2026-01-21,119,Máquina de Lavar 12kg,Eletrodomésticos,2,2199.00,4398.00,Fortaleza,CE,Cartão Crédito
6437,2026-01-21,106,Esteira Elétrica,Esporte e Lazer,2,2754.05,5508.10,Porto Alegre,RS,Cartão Crédito
6438,2026-01-21,101,Smartphone 128GB,Celulares e Acessórios,1,1799.00,1799.00,Brasília,DF,Pix
6439,2026-01-21,110,Jogo de Aventura,Games,1,249.90,249.90,Porto Alegre,RS,Pix
6440,2026-01-21,116,Smartphone 128GB,Celulares e Acessórios,1,1619.10,1619.10,Porto Alegre,RS,Boleto
6441,2026-01-22,103,Cadeira de Escritório,Móveis,1,699.90,699.90,São Paulo,SP,Pix
6442,2026-01-22,119,Carregador Turbo USB-C,Celulares e Acessórios,6,89.90,539.40,Campinas,SP,Boleto
6443,2026-01-22,113,Kit Halteres 20kg,Esporte e Lazer,3,259.90,779.70,São Paulo,SP,Cartão Crédito
6444,2026-01-22,116,Console de Videogame,Games,2,2999.00,5998.00,Salvador,BA,Boleto
6445,2026-01-22,113,Máquina de Lavar 12kg,Eletrodomésticos,2,2199.00,4398.00,Campinas,SP,Boleto
6446,2026-01-22,110,Bicicleta Aro 29,Esporte e Lazer,2,1619.10,3238.20,Porto Alegre,RS,Boleto
6447,2026-01-22,102,Smartphone 128GB,Celulares e Acessórios,2,1799.00,3598.00,Vitória da Conquista,BA,Cartão Crédito
6448,2026-01-22,111,Máquina de Lavar 12kg,Eletrodomésticos,2,2199.00,4398.00,Salvador,BA,Pix
6449,2026-01-22,115,Bicicleta Aro 29,Esporte e Lazer,1,1799.00,1799.00,São Paulo,SP,Pix
6450,2026-01-22,104,Teclado Mecânico,Informática,1,260.91,260.91,Niterói,RJ,Pix
6451,2026-01-22,102,Fone Bluetooth,Celulares e Acessórios,3,199.90,599.70,São Paulo,SP,Pix
6452,2026-01-22,115,Fone Bluetooth,Celulares e Acessórios,3,199.90,599.70,Brasília,DF,Cartão Crédito
6453,2026-01-22,101,Micro-ondas 30L,Eletrodomésticos,3,649.90,1949.70,Porto Alegre,RS,Boleto
6454,2026-01-22,116,Micro-ondas 30L,Eletrodomésticos,2,649.90,1299.80,Campinas,SP,Cartão Crédito
6455,2026-01-22,117,Jogo de Aventura,Games,2,237.40,474.80,São Paulo,SP,Cartão Crédito
6456,2026-01-23,109,Jogo de Aventura,Games,4,237.40,949.60,Campinas,SP,Cartão Crédito
6457,2026-01-23,110,Sofá 3 Lugares,Móveis,2,2399.00,4798.00,Fortaleza,CE,Cartão Crédito
6458,2026-01-23,107,Carregador Turbo USB-C,Celulares e Acessórios,4,89.90,359.60,Rio de Janeiro,RJ,Pix
6459,2026-01-23,110,Jogo de Aventura,Games,4,249.90,999.60,Campinas,SP,Pix
6460,2026-01-23,119,Geladeira Frost Free 400L,Eletrodomésticos,2,3499.00,6998.00,Belo Horizonte,MG,Boleto
6461,2026-01-23,116,Jogo de Aventura,Games,3,249.90,749.70,Uberlândia,MG,Cartão Crédito
6462,2026-01-23,113,Console de Videogame,Games,1,2999.00,2999.00,Recife,PE,Pix
6463,2026-01-23,119,Sofá 3 Lugares,Móveis,1,2399.00,2399.00,Curitiba,PR,Cartão Crédito
6464,2026-01-23,119,Geladeira Frost Free 400L,Eletrodomésticos,2,3499.00,6998.00,Santos,SP,Pix
6465,2026-01-23,119,Monitor Full HD 24pol,Informática,2,899.90,1799.80,Recife,PE,Pix
6466,2026-01-23,107,Bicicleta Aro 29,Esporte e Lazer,2,1799.00,3598.00,São Paulo,SP,Cartão Crédito
6467,2026-01-23,102,Teclado Mecânico,Informática,2,260.91,521.82,Porto Alegre,RS,Cartão Débito
6468,2026-01-23,111,Bicicleta Aro 29,Esporte e Lazer,2,1799.00,3598.00,Goiânia,GO,Cartão Crédito
6469,2026-01-23,110,Teclado Mecânico,Informática,3,289.90,869.70,Belo Horizonte,MG,Pix
6470,2026-01-23,113,Mesa de Jantar 6 Cadeiras,Móveis,2,1899.00,3798.00,Brasília,DF,Cartão Débito
6471,2026-01-23,112,Teclado Mecânico,Informática,1,289.90,289.90,Belo Horizonte,MG,Cartão Crédito
6472,2026-01-23,120,Teclado Mecânico,Informática,3,289.90,869.70,Fortaleza,CE,Cartão Crédito
6473,2026-01-23,120,Mesa de Jantar 6 Cadeiras,Móveis,1,1899.00,1899.00,Campinas,SP,Cartão Crédito
6474,2026-01-23,120,Jogo de Aventura,Games,1,249.90,249.90,Recife,PE,Cartão Crédito
6475,2026-01-23,107,Mouse Sem Fio,Informática,6,79.90,479.40,Salvador,BA,Pix
6476,2026-01-24,106,Carregador Turbo USB-C,Celulares e Acessórios,6,89.90,539.40,Vitória da Conquista,BA,Boleto
6477,2026-01-24,107,Console de Videogame,Games,1,2849.05,2849.05,Salvador,BA,Cartão Crédito
6478,2026-01-24,117,Micro-ondas 30L,Eletrodomésticos,1,649.90,649.90,São Paulo,SP,Pix
6479,2026-01-24,113,Carregador Turbo USB-C,Celulares e Acessórios,2,76.42,152.84,Porto Alegre,RS,Cartão Débito
6480,2026-01-24,117,Teclado Mecânico,Informática,1,289.90,289.90,Rio de Janeiro,RJ,Cartão Débito
6481,2026-01-24,108,Smartphone 128GB,Celulares e Acessórios,3,1619.10,4857.30,Curitiba,PR,Cartão Crédito
6482,2026-01-24,108,Sofá 3 Lugares,Móveis,2,2159.10,4318.20,São Paulo,SP,Cartão Crédito
6483,2026-01-24,112,Geladeira Frost Free 400L,Eletrodomésticos,2,3499.00,6998.00,Vitória da Conquista,BA,Boleto
6484,2026-01-24,108,Smartphone 128GB,Celulares e Acessórios,3,1799.00,5397.00,Brasília,DF,Cartão Crédito
6485,2026-01-24,108,Kit Halteres 20kg,Esporte e Lazer,4,246.90,987.60,Fortaleza,CE,Pix
6486,2026-01-24,107,Micro-ondas 30L,Eletrodomésticos,1,649.90,649.90,Goiânia,GO,Cartão Débito
6487,2026-01-24,117,Smartphone 128GB,Celulares e Acessórios,1,1799.00,1799.00,São Paulo,SP,Cartão Débito
6488,2026-01-24,109,Máquina de Lavar 12kg,Eletrodomésticos,1,1869.15,1869.15,Feira de Santana,BA,Cartão Débito
6489,2026-01-24,101,Smartphone 128GB,Celulares e Acessórios,2,1799.00,3598.00,Fortaleza,CE,Pix
6490,2026-01-24,119,Geladeira Frost Free 400L,Eletrodomésticos,1,3499.00,3499.00,Campinas,SP,Cartão Débito
6491,2026-01-25,112,Mesa de Jantar 6 Cadeiras,Móveis,1,1899.00,1899.00,São Paulo,SP,Pix
6492,2026-01-25,107,Teclado Mecânico,Informática,2,289.90,579.80,Rio de Janeiro,RJ,Boleto
6493,2026-01-25,109,Sofá 3 Lugares,Móveis,1,2399.00,2399.00,Fortaleza,CE,Boleto
6494,2026-01-25,116,Kit Halteres 20kg,Esporte e Lazer,2,259.90,519.80,Fortaleza,CE,Pix
6495,2026-01-25,103,Geladeira Frost Free 400L,Eletrodomésticos,2,3324.05,6648.10,Recife,PE,Cartão Débito
6496,2026-01-25,117,Console de Videogame,Games,1,2999.00,2999.00,Vitória da Conquista,BA,Pix
6497,2026-01-25,101,Monitor Full HD 24pol,Informática,1,899.90,899.90,Belo Horizonte,MG,Pix
6498,2026-01-25,107,Console de Videogame,Games,2,2699.10,5398.20,São Paulo,SP,Cartão Débito
6499,2026-01-25,120,Smartphone 128GB,Celulares e Acessórios,1,1799.00,1799.00,Feira de Santana,BA,Cartão Débito
6500,2026-01-25,101,Smartphone 128GB,Celulares e Acessórios,2,1799.00,3598.00,Porto Alegre,RS,Pix
6501,2026-01-25,111,Sofá 3 Lugares,Móveis,1,2399.00,2399.00,Fortaleza,CE,Cartão Crédito
6502,2026-01-25,107,Mesa de Jantar 6 Cadeiras,Móveis,2,1899.00,3798.00,Salvador,BA,Boleto
6503,2026-01-25,109,Notebook Core i5,Informática,2,3134.90,6269.80,São Paulo,SP,Cartão Débito
6504,2026-01-25,108,Cadeira de Escritório,Móveis,1,664.90,664.90,Campinas,SP,Cartão Crédito
6505,2026-01-25,103,Airfryer 5L,Eletrodomésticos,4,429.90,1719.60,São Paulo,SP,Cartão Débito
6506,2026-01-25,108,Teclado Mecânico,Informática,1,260.91,260.91,São Paulo,SP,Boleto
6507,2026-01-25,109,Airfryer 5L,Eletrodomésticos,3,408.40,1225.20,Brasília,DF,Pix
6508,2026-01-26,112,Controle Sem Fio,Games,4,332.40,1329.60,Goiânia,GO,Cartão Crédito
6509,2026-01-26,106,Carregador Turbo USB-C,Celulares e Acessórios,6,89.90,539.40,Recife,PE,Pix
6510,2026-01-26,119,Kit Halteres 20kg,Esporte e Lazer,3,259.90,779.70,Niterói,RJ,Cartão Débito
6511,2026-01-26,105,Console de Videogame,Games,1,2999.00,2999.00,Uberlândia,MG,Boleto
6512,2026-01-26,116,Esteira Elétrica,Esporte e Lazer,2,2899.00,5798.00,Fortaleza,CE,Boleto
6513,2026-01-26,106,Micro-ondas 30L,Eletrodomésticos,3,649.90,1949.70,Campinas,SP,Pix
6514,2026-01-26,101,Máquina de Lavar 12kg,Eletrodomésticos,1,1979.10,1979.10,Vitória da Conquista,BA,Cartão Débito
6515,2026-01-26,104,Monitor Full HD 24pol,Informática,3,899.90,2699.70,Salvador,BA,Pix
6516,2026-01-26,104,Esteira Elétrica,Esporte e Lazer,2,2899.00,5798.00,Uberlândia,MG,Pix
6517,2026-01-26,108,Esteira Elétrica,Esporte e Lazer,2,2899.00,5798.00,Uberlândia,MG,Pix
6518,2026-01-26,115,Controle Sem Fio,Games,4,349.90,1399.60,São Paulo,SP,Pix
6519,2026-01-26,113,Mesa de Jantar 6 Cadeiras,Móveis,1,1899.00,1899.00,Campinas,SP,Cartão Crédito
6520,2026-01-26,109,Máquina de Lavar 12kg,Eletrodomésticos,1,2199.00,2199.00,Rio de Janeiro,RJ,Cartão Crédito
6521,2026-01-27,111,Carregador Turbo USB-C,Celulares e Acessórios,6,89.90,539.40,Porto Alegre,RS,Boleto
6522,2026-01-27,101,Smartphone 128GB,Celulares e Acessórios,2,1799.00,3598.00,Campinas,SP,Boleto
6523,2026-01-27,119,Controle Sem Fio,Games,2,332.40,664.80,Recife,PE,Pix
6524,2026-01-27,104,Controle Sem Fio,Games,2,349.90,699.80,Campinas,SP,Boleto
6525,2026-01-27,103,Bicicleta Aro 29,Esporte e Lazer,1,1799.00,1799.00,São Paulo,SP,Pix
6526,2026-01-27,120,Teclado Mecânico,Informática,3,289.90,869.70,Campinas,SP,Pix
6527,2026-01-27,109,Console de Videogame,Games,1,2999.00,2999.00,Uberlândia,MG,Pix
6528,2026-01-27,119,Monitor Full HD 24pol,Informática,1,899.90,899.90,Goiânia,GO,Boleto
6529,2026-01-27,105,Teclado Mecânico,Informática,3,289.90,869.70,Uberlândia,MG,Pix
6530,2026-01-27,115,Carregador Turbo USB-C,Celulares e Acessórios,1,85.40,85.40,São Paulo,SP,Pix
6531,2026-01-27,107,Sofá 3 Lugares,Móveis,1,2279.05,2279.05,Porto Alegre,RS,Cartão Débito
6532,2026-01-27,116,Geladeira Frost Free 400L,Eletrodomésticos,2,3324.05,6648.10,Santos,SP,Pix
6533,2026-01-27,103,Jogo de Aventura,Games,3,237.40,712.20,Rio de Janeiro,RJ,Cartão Crédito
6534,2026-01-27,120,Teclado Mecânico,Informática,1,289.90,289.90,Fortaleza,CE,Cartão Crédito
6535,2026-01-27,107,Mouse Sem Fio,Informática,5,79.90,399.50,Brasília,DF,Pix
6536,2026-01-27,102,Esteira Elétrica,Esporte e Lazer,1,2899.00,2899.00,Fortaleza,CE,Cartão Crédito
6537,2026-01-28,111,Monitor Full HD 24pol,Informática,1,899.90,899.90,Rio de Janeiro,RJ,Cartão Crédito
6538,2026-01-28,101,Teclado Mecânico,Informática,1,275.40,275.40,Brasília,DF,Pix
6539,2026-01-28,108,Carregador Turbo USB-C,Celulares e Acessórios,1,89.90,89.90,Campinas,SP,Boleto
6540,2026-01-28,116,Smartphone 128GB,Celulares e Acessórios,1,1799.00,1799.00,Recife,PE,Pix
6541,2026-01-28,106,Notebook Core i5,Informática,2,2804.92,5609.84,Fortaleza,CE,Boleto
6542,2026-01-28,117,Bicicleta Aro 29,Esporte e Lazer,2,1799.00,3598.00,Rio de Janeiro,RJ,Boleto
6543,2026-01-28,105,Notebook Core i5,Informática,2,2969.91,5939.82,Feira de Santana,BA,Boleto
6544,2026-01-28,120,Smartphone 128GB,Celulares e Acessórios,2,1799.00,3598.00,Belo Horizonte,MG,Pix
6545,2026-01-28,113,Controle Sem Fio,Games,1,349.90,349.90,Fortaleza,CE,Pix
6546,2026-01-28,102,Geladeira Frost Free 400L,Eletrodomésticos,1,3499.00,3499.00,Uberlândia,MG,Pix
6547,2026-01-28,111,Mouse Sem Fio,Informática,1,67.92,67.92,Fortaleza,CE,Cartão Crédito
6548,2026-01-28,116,Cadeira de Escritório,Móveis,4,594.92,2379.68,Santos,SP,Boleto
6549,2026-01-29,103,Bicicleta Aro 29,Esporte e Lazer,2,1799.00,3598.00,Uberlândia,MG,Cartão Crédito
6550,2026-01-29,108,Bicicleta Aro 29,Esporte e Lazer,1,1799.00,1799.00,Fortaleza,CE,Pix
6551,2026-01-29,117,Cadeira de Escritório,Móveis,2,629.91,1259.82,Fortaleza,CE,Cartão Crédito
6552,2026-01-29,106,Máquina de Lavar 12kg,Eletrodomésticos,1,2199.00,2199.00,Campinas,SP,Cartão Débito
6553,2026-01-29,120,Airfryer 5L,Eletrodomésticos,1,429.90,429.90,Santos,SP,Pix
6554,2026-01-29,120,Esteira Elétrica,Esporte e Lazer,2,2754.05,5508.10,Salvador,BA,Pix
6555,2026-01-29,112,Esteira Elétrica,Esporte e Lazer,1,2609.10,2609.10,Belo Horizonte,MG,Cartão Débito
6556,2026-01-29,110,Sofá 3 Lugares,Móveis,2,2279.05,4558.10,Rio de Janeiro,RJ,Cartão Débito
6557,2026-01-29,103,Cadeira de Escritório,Móveis,3,699.90,2099.70,Porto Alegre,RS,Cartão Crédito
6558,2026-01-29,112,Sofá 3 Lugares,Móveis,1,2399.00,2399.00,Fortaleza,CE,Pix
6559,2026-01-29,116,Esteira Elétrica,Esporte e Lazer,2,2899.00,5798.00,São Paulo,SP,Cartão Crédito
6560,2026-01-29,102,Teclado Mecânico,Informática,4,275.40,1101.60,Fortaleza,CE,Pix
6561,2026-01-29,109,Máquina de Lavar 12kg,Eletrodomésticos,1,1979.10,1979.10,Porto Alegre,RS,Boleto
6562,2026-01-29,106,Monitor Full HD 24pol,Informática,2,899.90,1799.80,Santos,SP,Cartão Crédito
6563,2026-01-29,119,Carregador Turbo USB-C,Celulares e Acessórios,5,89.90,449.50,Niterói,RJ,Cartão Débito
6564,2026-01-29,104,Esteira Elétrica,Esporte e Lazer,1,2754.05,2754.05,Porto Alegre,RS,Cartão Crédito
6565,2026-01-29,119,Monitor Full HD 24pol,Informática,1,899.90,899.90,Campinas,SP,Cartão Crédito
6566,2026-01-29,102,Carregador Turbo USB-C,Celulares e Acessórios,2,89.90,179.80,Feira de Santana,BA,Cartão Crédito
6567,2026-01-29,116,Console de Videogame,Games,1,2699.10,2699.10,Vitória da Conquista,BA,Cartão Crédito
6568,2026-01-29,120,Geladeira Frost Free 400L,Eletrodomésticos,2,3499.00,6998.00,Porto Alegre,RS,Cartão Crédito
6569,2026-01-29,119,Carregador Turbo USB-C,Celulares e Acessórios,5,80.91,404.55,Belo Horizonte,MG,Boleto
6570,2026-01-30,102,Bicicleta Aro 29,Esporte e Lazer,2,1799.00,3598.00,Fortaleza,CE,Pix
6571,2026-01-30,120,Geladeira Frost Free 400L,Eletrodomésticos,1,2974.15,2974.15,Recife,PE,Cartão Débito
6572,2026-01-30,107,Jogo de Aventura,Games,2,249.90,499.80,São Paulo,SP,Boleto
6573,2026-01-30,105,Fone Bluetooth,Celulares e Acessórios,4,179.91,719.64,São Paulo,SP,Cartão Crédito
6574,2026-01-30,106,Jogo de Aventura,Games,3,249.90,749.70,Salvador,BA,Cartão Crédito
6575,2026-01-30,120,Carregador Turbo USB-C,Celulares e Acessórios,5,89.90,449.50,Fortaleza,CE,Pix
6576,2026-01-30,103,Micro-ondas 30L,Eletrodomésticos,3,584.91,1754.73,Santos,SP,Pix
6577,2026-01-30,107,Geladeira Frost Free 400L,Eletrodomésticos,1,3499.00,3499.00,São Paulo,SP,Cartão Crédito
6578,2026-01-30,106,Airfryer 5L,Eletrodomésticos,1,429.90,429.90,Salvador,BA,Pix
6579,2026-01-30,107,Airfryer 5L,Eletrodomésticos,2,408.40,816.80,São Paulo,SP,Cartão Débito
6580,2026-01-30,120,Monitor Full HD 24pol,Informática,2,899.90,1799.80,Uberlândia,MG,Cartão Débito
6581,2026-01-30,109,Cadeira de Escritório,Móveis,1,699.90,699.90,Salvador,BA,Boleto
6582,2026-01-30,101,Jogo de Aventura,Games,1,249.90,249.90,Salvador,BA,Cartão Crédito
6583,2026-01-30,108,Cadeira de Escritório,Móveis,2,664.90,1329.80,Porto Alegre,RS,Cartão Crédito
6584,2026-01-30,108,Notebook Core i5,Informática,2,3299.90,6599.80,Niterói,RJ,Cartão Crédito
6585,2026-01-30,110,Notebook Core i5,Informática,2,3299.90,6599.80,Campinas,SP,Boleto
6586,2026-01-30,109,Carregador Turbo USB-C,Celulares e Acessórios,3,89.90,269.70,Feira de Santana,BA,Boleto
6587,2026-01-31,113,Fone Bluetooth,Celulares e Acessórios,3,199.90,599.70,Fortaleza,CE,Pix
6588,2026-01-31,109,Controle Sem Fio,Games,4,349.90,1399.60,Recife,PE,Pix
6589,2026-01-31,116,Máquina de Lavar 12kg,Eletrodomésticos,1,1979.10,1979.10,Rio de Janeiro,RJ,Boleto
6590,2026-01-31,119,Carregador Turbo USB-C,Celulares e Acessórios,4,89.90,359.60,Porto Alegre,RS,Cartão Débito
6591,2026-01-31,105,Carregador Turbo USB-C,Celulares e Acessórios,1,89.90,89.90,Brasília,DF,Boleto
6592,2026-01-31,116,Notebook Core i5,Informática,2,3299.90,6599.80,São Paulo,SP,Cartão Crédito
6593,2026-01-31,103,Fone Bluetooth,Celulares e Acessórios,1,199.90,199.90,Feira de Santana,BA,Cartão Crédito
6594,2026-01-31,109,Monitor Full HD 24pol,Informática,2,809.91,1619.82,São Paulo,SP,Cartão Crédito
6595,2026-01-31,111,Controle Sem Fio,Games,4,297.42,1189.68,Belo Horizonte,MG,Boleto
6596,2026-01-31,107,Micro-ondas 30L,Eletrodomésticos,2,584.91,1169.82,Belo Horizonte,MG,Cartão Crédito
6597,2026-01-31,110,Cadeira de Escritório,Móveis,2,629.91,1259.82,Porto Alegre,RS,Pix
6598,2026-01-31,119,Bicicleta Aro 29,Esporte e Lazer,1,1799.00,1799.00,Rio de Janeiro,RJ,Cartão Crédito
6599,2026-01-31,116,Controle Sem Fio,Games,4,349.90,1399.60,São Paulo,SP,Boleto
6600,2026-01-31,120,Geladeira Frost Free 400L,Eletrodomésticos,1,3149.10,3149.10,Brasília,DF,Cartão Crédito
6601,2026-01-31,113,Micro-ondas 30L,Eletrodomésticos,3,649.90,1949.70,Rio de Janeiro,RJ,Boleto
6602,2026-01-31,120,Bicicleta Aro 29,Esporte e Lazer,2,1619.10,3238.20,Salvador,BA,Cartão Crédito
6603,2026-01-31,113,Esteira Elétrica,Esporte e Lazer,1,2899.00,2899.00,Belo Horizonte,MG,Boleto
6604,2026-01-31,106,Controle Sem Fio,Games,2,332.40,664.80,Salvador,BA,Cartão Crédito
6605,2026-01-31,106,Jogo de Aventura,Games,1,237.40,237.40,Goiânia,GO,Cartão Débito
6606,2026-01-31,116,Monitor Full HD 24pol,Informática,1,899.90,899.90,Feira de Santana,BA,Pix
6607,2026-01-31,102,Bicicleta Aro 29,Esporte e Lazer,1,1799.00,1799.00,Brasília,DF,Boleto
6608,2026-01-31,116,Sofá 3 Lugares,Móveis,1,2399.00,2399.00,Belo Horizonte,MG,Cartão Débito
6609,2026-01-31,110,Kit Halteres 20kg,Esporte e Lazer,2,259.90,519.80,Santos,SP,Cartão Débito
6610,2026-01-31,101,Cadeira de Escritório,Móveis,1,699.90,699.90,Curitiba,PR,Cartão Crédito
6611,2026-01-31,111,Smartphone 128GB,Celulares e Acessórios,3,1799.00,5397.00,Curitiba,PR,Boleto
6612,2026-01-31,116,Fone Bluetooth,Celulares e Acessórios,2,199.90,399.80,Salvador,BA,Cartão Crédito
6613,2026-02-01,111,Bicicleta Aro 29,Esporte e Lazer,2,1799.00,3598.00,São Paulo,SP,Pix
6614,2026-02-01,105,Monitor Full HD 24pol,Informática,2,899.90,1799.80,Feira de Santana,BA,Cartão Crédito
6615,2026-02-01,105,Cadeira de Escritório,Móveis,1,699.90,699.90,Vitória da Conquista,BA,Cartão Débito
6616,2026-02-01,108,Teclado Mecânico,Informática,4,289.90,1159.60,Brasília,DF,Cartão Crédito
6617,2026-02-01,102,Mouse Sem Fio,Informática,6,79.90,479.40,Curitiba,PR,Cartão Débito
6618,2026-02-01,116,Sofá 3 Lugares,Móveis,1,2039.15,2039.15,Salvador,BA,Cartão Crédito
6619,2026-02-01,109,Airfryer 5L,Eletrodomésticos,4,386.91,1547.64,Belo Horizonte,MG,Boleto
6620,2026-02-01,111,Controle Sem Fio,Games,3,349.90,1049.70,Salvador,BA,Pix
6621,2026-02-01,105,Notebook Core i5,Informática,2,3299.90,6599.80,São Paulo,SP,Pix
6622,2026-02-01,115,Controle Sem Fio,Games,4,349.90,1399.60,Brasília,DF,Cartão Crédito
6623,2026-02-01,107,Teclado Mecânico,Informática,2,275.40,550.80,Brasília,DF,Cartão Débito
6624,2026-02-02,115,Cadeira de Escritório,Móveis,1,699.90,699.90,Belo Horizonte,MG,Cartão Crédito
6625,2026-02-02,113,Fone Bluetooth,Celulares e Acessórios,1,199.90,199.90,Niterói,RJ,Cartão Crédito
6626,2026-02-02,108,Cadeira de Escritório,Móveis,3,699.90,2099.70,Salvador,BA,Boleto
6627,2026-02-02,103,Sofá 3 Lugares,Móveis,1,2399.00,2399.00,Salvador,BA,Boleto
6628,2026-02-02,108,Cadeira de Escritório,Móveis,1,699.90,699.90,Curitiba,PR,Boleto
6629,2026-02-02,119,Mouse Sem Fio,Informática,6,79.90,479.40,Goiânia,GO,Cartão Débito
6630,2026-02-02,120,Console de Videogame,Games,2,2999.00,5998.00,Salvador,BA,Pix
6631,2026-02-02,105,Micro-ondas 30L,Eletrodomésticos,3,649.90,1949.70,Recife,PE,Pix
6632,2026-02-02,103,Kit Halteres 20kg,Esporte e Lazer,2,259.90,519.80,Feira de Santana,BA,Pix
6633,2026-02-02,120,Máquina de Lavar 12kg,Eletrodomésticos,2,2199.00,4398.00,Rio de Janeiro,RJ,Cartão Débito
6634,2026-02-02,115,Sofá 3 Lugares,Móveis,2,2279.05,4558.10,Salvador,BA,Cartão Débito
6635,2026-02-02,108,Sofá 3 Lugares,Móveis,2,2399.00,4798.00,Recife,PE,Pix
6636,2026-02-02,103,Esteira Elétrica,Esporte e Lazer,1,2899.00,2899.00,Niterói,RJ,Cartão Crédito
6637,2026-02-02,106,Console de Videogame,Games,2,2999.00,5998.00,Goiânia,GO,Cartão Crédito
6638,2026-02-02,109,Esteira Elétrica,Esporte e Lazer,1,2899.00,2899.00,Niterói,RJ,Pix
6639,2026-02-02,111,Máquina de Lavar 12kg,Eletrodomésticos,1,1869.15,1869.15,Belo Horizonte,MG,Cartão Crédito
6640,2026-02-02,119,Controle Sem Fio,Games,1,349.90,349.90,Belo Horizonte,MG,Pix
6641,2026-02-02,112,Controle Sem Fio,Games,4,349.90,1399.60,Santos,SP,Boleto
6642,2026-02-03,117,Console de Videogame,Games,1,2999.00,2999.00,Porto Alegre,RS,Cartão Crédito
6643,2026-02-03,104,Máquina de Lavar 12kg,Eletrodomésticos,1,2199.00,2199.00,Campinas,SP,Cartão Crédito
6644,2026-02-03,109,Fone Bluetooth,Celulares e Acessórios,5,199.90,999.50,Belo Horizonte,MG,Cartão Débito
6645,2026-02-03,113,Carregador Turbo USB-C,Celulares e Acessórios,6,76.42,458.52,Fortaleza,CE,Cartão Crédito
6646,2026-02-03,105,Mesa de Jantar 6 Cadeiras,Móveis,2,1899.00,3798.00,Brasília,DF,Cartão Débito
6647,2026-02-03,117,Geladeira Frost Free 400L,Eletrodomésticos,1,3499.00,3499.00,Campinas,SP,Boleto
6648,2026-02-03,109,Airfryer 5L,Eletrodomésticos,2,429.90,859.80,Feira de Santana,BA,Cartão Crédito
6649,2026-02-03,116,Airfryer 5L,Eletrodomésticos,1,408.40,408.40,Salvador,BA,Cartão Débito
6650,2026-02-03,105,Esteira Elétrica,Esporte e Lazer,1,2754.05,2754.05,Rio de Janeiro,RJ,Pix
6651,2026-02-03,115,Esteira Elétrica,Esporte e Lazer,1,2899.00,2899.00,Salvador,BA,Cartão Crédito
6652,2026-02-03,111,Controle Sem Fio,Games,2,349.90,699.80,Fortaleza,CE,Cartão Crédito
6653,2026-02-03,103,Jogo de Aventura,Games,3,249.90,749.70,Curitiba,PR,Boleto
6654,2026-02-03,109,Esteira Elétrica,Esporte e Lazer,1,2899.00,2899.00,Porto Alegre,RS,Pix
6655,2026-02-03,112,Máquina de Lavar 12kg,Eletrodomésticos,1,2089.05,2089.05,Recife,PE,Cartão Crédito
6656,2026-02-03,113,Teclado Mecânico,Informática,2,289.90,579.80,Campinas,SP,Cartão Débito
6657,2026-02-03,110,Mouse Sem Fio,Informática,5,75.90,379.50,Feira de Santana,BA,Cartão Crédito
6658,2026-02-03,107,Bicicleta Aro 29,Esporte e Lazer,1,1799.00,1799.00,Belo Horizonte,MG,Pix
6659,2026-02-03,109,Smartphone 128GB,Celulares e Acessórios,2,1799.00,3598.00,Vitória da Conquista,BA,Cartão Crédito
6660,2026-02-03,113,Monitor Full HD 24pol,Informática,2,899.90,1799.80,Recife,PE,Cartão Crédito
6661,2026-02-03,106,Esteira Elétrica,Esporte e Lazer,1,2899.00,2899.00,Rio de Janeiro,RJ,Boleto
6662,2026-02-03,117,Console de Videogame,Games,1,2849.05,2849.05,Rio de Janeiro,RJ,Pix
6663,2026-02-04,110,Smartphone 128GB,Celulares e Acessórios,2,1799.00,3598.00,Uberlândia,MG,Cartão Débito
6664,2026-02-04,116,Monitor Full HD 24pol,Informática,1,899.90,899.90,Recife,PE,Pix
6665,2026-02-04,113,Máquina de Lavar 12kg,Eletrodomésticos,2,2199.00,4398.00,Goiânia,GO,Cartão Crédito
6666,2026-02-04,120,Máquina de Lavar 12kg,Eletrodomésticos,1,2199.00,2199.00,Porto Alegre,RS,Cartão Crédito
6667,2026-02-04,105,Mouse Sem Fio,Informática,4,79.90,319.60,Uberlândia,MG,Cartão Débito
6668,2026-02-04,105,Fone Bluetooth,Celulares e Acessórios,1,189.90,189.90,Belo Horizonte,MG,Cartão Débito
6669,2026-02-04,105,Teclado Mecânico,Informática,1,260.91,260.91,Recife,PE,Cartão Crédito
6670,2026-02-04,105,Micro-ondas 30L,Eletrodomésticos,3,649.90,1949.70,Belo Horizonte,MG,Boleto
6671,2026-02-04,105,Sofá 3 Lugares,Móveis,1,2399.00,2399.00,Porto Alegre,RS,Pix
6672,2026-02-04,119,Teclado Mecânico,Informática,4,260.91,1043.64,Curitiba,PR,Cartão Débito
6673,2026-02-04,104,Notebook Core i5,Informática,1,3134.90,3134.90,Recife,PE,Cartão Crédito
6674,2026-02-04,108,Fone Bluetooth,Celulares e Acessórios,1,199.90,199.90,Fortaleza,CE,Cartão Crédito
6675,2026-02-04,119,Console de Videogame,Games,1,2699.10,2699.10,Curitiba,PR,Boleto
6676,2026-02-04,107,Mesa de Jantar 6 Cadeiras,Móveis,1,1899.00,1899.00,Goiânia,GO,Cartão Débito
6677,2026-02-04,108,Kit Halteres 20kg,Esporte e Lazer,2,259.90,519.80,Fortaleza,CE,Boleto
6678,2026-02-04,103,Controle Sem Fio,Games,2,349.90,699.80,Curitiba,PR,Boleto
6679,2026-02-04,105,Teclado Mecânico,Informática,2,246.42,492.84,Recife,PE,Cartão Crédito
6680,2026-02-04,109,Fone Bluetooth,Celulares e Acessórios,3,199.90,599.70,Rio de Janeiro,RJ,Cartão Crédito
6681,2026-02-04,119,Cadeira de Escritório,Móveis,2,594.92,1189.84,Recife,PE,Cartão Débito
6682,2026-02-05,105,Cadeira de Escritório,Móveis,3,699.90,2099.70,Uberlândia,MG,Cartão Débito
6683,2026-02-05,104,Esteira Elétrica,Esporte e Lazer,1,2754.05,2754.05,Recife,PE,Cartão Crédito
6684,2026-02-05,104,Jogo de Aventura,Games,5,237.40,1187.00,Campinas,SP,Pix
6685,2026-02-05,104,Sofá 3 Lugares,Móveis,2,2399.00,4798.00,Campinas,SP,Cartão Débito
6686,2026-02-05,119,Fone Bluetooth,Celulares e Acessórios,5,189.90,949.50,Rio de Janeiro,RJ,Cartão Crédito
6687,2026-02-05,108,Máquina de Lavar 12kg,Eletrodomésticos,1,1869.15,1869.15,São Paulo,SP,Pix
6688,2026-02-05,108,Carregador Turbo USB-C,Celulares e Acessórios,4,89.90,359.60,São Paulo,SP,Cartão Débito
6689,2026-02-05,106,Controle Sem Fio,Games,1,314.91,314.91,Recife,PE,Cartão Crédito
6690,2026-02-05,108,Sofá 3 Lugares,Móveis,1,2399.00,2399.00,Niterói,RJ,Cartão Débito
6691,2026-02-05,117,Cadeira de Escritório,Móveis,3,664.90,1994.70,Goiânia,GO,Cartão Crédito
6692,2026-02-05,120,Airfryer 5L,Eletrodomésticos,4,386.91,1547.64,Porto Alegre,RS,Pix
6693,2026-02-05,105,Notebook Core i5,Informática,2,2804.92,5609.84,Niterói,RJ,Pix
6694,2026-02-05,110,Console de Videogame,Games,1,2849.05,2849.05,Uberlândia,MG,Boleto
6695,2026-02-06,120,Smartphone 128GB,Celulares e Acessórios,1,1709.05,1709.05,Feira de Santana,BA,Cartão Crédito
6696,2026-02-06,107,Cadeira de Escritório,Móveis,4,699.90,2799.60,São Paulo,SP,Boleto
6697,2026-02-06,107,Notebook Core i5,Informática,2,3299.90,6599.80,São Paulo,SP,Cartão Crédito
6698,2026-02-06,112,Airfryer 5L,Eletrodomésticos,4,429.90,1719.60,Feira de Santana,BA,Cartão Débito
6699,2026-02-06,104,Airfryer 5L,Eletrodomésticos,4,408.40,1633.60,Belo Horizonte,MG,Pix
6700,2026-02-06,119,Notebook Core i5,Informática,2,2969.91,5939.82,Brasília,DF,Pix
6701,2026-02-06,116,Sofá 3 Lugares,Móveis,2,2399.00,4798.00,Campinas,SP,Boleto
6702,2026-02-06,102,Console de Videogame,Games,1,2999.00,2999.00,Rio de Janeiro,RJ,Cartão Crédito
6703,2026-02-06,116,Notebook Core i5,Informática,2,3299.90,6599.80,Campinas,SP,Pix
6704,2026-02-06,107,Console de Videogame,Games,1,2999.00,2999.00,Porto Alegre,RS,Cartão Crédito
6705,2026-02-06,102,Teclado Mecânico,Informática,1,289.90,289.90,São Paulo,SP,Cartão Débito
6706,2026-02-06,111,Cadeira de Escritório,Móveis,2,699.90,1399.80,Salvador,BA,Cartão Débito
6707,2026-02-06,101,Fone Bluetooth,Celulares e Acessórios,3,179.91,539.73,Brasília,DF,Cartão Crédito
6708,2026-02-06,115,Carregador Turbo USB-C,Celulares e Acessórios,2,89.90,179.80,Curitiba,PR,Pix
6709,2026-02-06,104,Fone Bluetooth,Celulares e Acessórios,5,199.90,999.50,Fortaleza,CE,Cartão Crédito
6710,2026-02-06,119,Geladeira Frost Free 400L,Eletrodomésticos,1,3499.00,3499.00,São Paulo,SP,Cartão Débito
6711,2026-02-06,119,Teclado Mecânico,Informática,4,289.90,1159.60,São Paulo,SP,Boleto
6712,2026-02-06,116,Smartphone 128GB,Celulares e Acessórios,1,1799.00,1799.00,São Paulo,SP,Cartão Crédito
6713,2026-02-06,115,Controle Sem Fio,Games,4,314.91,1259.64,Santos,SP,Pix
6714,2026-02-07,119,Cadeira de Escritório,Móveis,4,699.90,2799.60,Fortaleza,CE,Cartão Crédito
6715,2026-02-07,106,Teclado Mecânico,Informática,1,260.91,260.91,Rio de Janeiro,RJ,Cartão Crédito
6716,2026-02-07,106,Cadeira de Escritório,Móveis,4,699.90,2799.60,São Paulo,SP,Pix
6717,2026-02-07,108,Bicicleta Aro 29,Esporte e Lazer,1,1619.10,1619.10,Recife,PE,Cartão Crédito
6718,2026-02-07,112,Esteira Elétrica,Esporte e Lazer,2,2899.00,5798.00,Recife,PE,Boleto
6719,2026-02-07,108,Carregador Turbo USB-C,Celulares e Acessórios,5,80.91,404.55,Fortaleza,CE,Pix
6720,2026-02-07,111,Notebook Core i5,Informática,1,3299.90,3299.90,Curitiba,PR,Cartão Crédito
6721,2026-02-07,103,Controle Sem Fio,Games,2,349.90,699.80,Fortaleza,CE,Cartão Débito
6722,2026-02-07,112,Teclado Mecânico,Informática,2,289.90,579.80,São Paulo,SP,Cartão Débito
6723,2026-02-07,119,Jogo de Aventura,Games,4,249.90,999.60,Fortaleza,CE,Pix
6724,2026-02-07,105,Cadeira de Escritório,Móveis,1,699.90,699.90,Campinas,SP,Cartão Crédito
6725,2026-02-07,101,Cadeira de Escritório,Móveis,1,629.91,629.91,Niterói,RJ,Pix
6726,2026-02-07,111,Máquina de Lavar 12kg,Eletrodomésticos,2,2199.00,4398.00,Porto Alegre,RS,Pix
6727,2026-02-07,120,Airfryer 5L,Eletrodomésticos,3,429.90,1289.70,Santos,SP,Cartão Crédito
6728,2026-02-08,103,Mouse Sem Fio,Informática,4,79.90,319.60,Recife,PE,Cartão Crédito
6729,2026-02-08,109,Esteira Elétrica,Esporte e Lazer,1,2899.00,2899.00,São Paulo,SP,Cartão Crédito
6730,2026-02-08,109,Jogo de Aventura,Games,1,224.91,224.91,Belo Horizonte,MG,Cartão Crédito
6731,2026-02-08,107,Cadeira de Escritório,Móveis,1,629.91,629.91,Recife,PE,Cartão Crédito
6732,2026-02-08,115,Geladeira Frost Free 400L,Eletrodomésticos,2,3499.00,6998.00,Salvador,BA,Pix
6733,2026-02-08,101,Smartphone 128GB,Celulares e Acessórios,3,1799.00,5397.00,Salvador,BA,Cartão Débito
6734,2026-02-08,113,Fone Bluetooth,Celulares e Acessórios,1,199.90,199.90,São Paulo,SP,Cartão Crédito
6735,2026-02-08,104,Geladeira Frost Free 400L,Eletrodomésticos,1,3499.00,3499.00,Rio de Janeiro,RJ,Pix
6736,2026-02-08,102,Jogo de Aventura,Games,2,249.90,499.80,Recife,PE,Cartão Débito
6737,2026-02-08,103,Console de Videogame,Games,2,2999.00,5998.00,Rio de Janeiro,RJ,Cartão Crédito
6738,2026-02-08,108,Mouse Sem Fio,Informática,4,79.90,319.60,Goiânia,GO,Boleto
6739,2026-02-08,110,Geladeira Frost Free 400L,Eletrodomésticos,1,2974.15,2974.15,Fortaleza,CE,Pix
6740,2026-02-08,103,Micro-ondas 30L,Eletrodomésticos,1,617.40,617.40,Fortaleza,CE,Boleto
6741,2026-02-09,108,Esteira Elétrica,Esporte e Lazer,1,2609.10,2609.10,Curitiba,PR,Cartão Crédito
6742,2026-02-09,108,Controle Sem Fio,Games,1,297.42,297.42,São Paulo,SP,Pix
6743,2026-02-09,115,Mouse Sem Fio,Informática,1,79.90,79.90,Recife,PE,Pix
6744,2026-02-09,117,Bicicleta Aro 29,Esporte e Lazer,1,1799.00,1799.00,Belo Horizonte,MG,Cartão Crédito
6745,2026-02-09,102,Smartphone 128GB,Celulares e Acessórios,2,1799.00,3598.00,Niterói,RJ,Cartão Crédito
6746,2026-02-09,107,Console de Videogame,Games,1,2549.15,2549.15,Feira de Santana,BA,Cartão Crédito
6747,2026-02-09,108,Mouse Sem Fio,Informática,6,71.91,431.46,São Paulo,SP,Cartão Crédito
6748,2026-02-09,113,Fone Bluetooth,Celulares e Acessórios,2,199.90,399.80,Goiânia,GO,Boleto
6749,2026-02-09,120,Micro-ondas 30L,Eletrodomésticos,3,649.90,1949.70,Brasília,DF,Cartão Débito
6750,2026-02-09,120,Controle Sem Fio,Games,4,349.90,1399.60,Santos,SP,Cartão Crédito
6751,2026-02-09,108,Console de Videogame,Games,1,2999.00,2999.00,Goiânia,GO,Pix
6752,2026-02-09,102,Mouse Sem Fio,Informática,4,71.91,287.64,Niterói,RJ,Pix
6753,2026-02-09,105,Controle Sem Fio,Games,1,297.42,297.42,Niterói,RJ,Pix
6754,2026-02-09,105,Smartphone 128GB,Celulares e Acessórios,1,1799.00,1799.00,Rio de Janeiro,RJ,Boleto
6755,2026-02-09,101,Mesa de Jantar 6 Cadeiras,Móveis,2,1899.00,3798.00,Salvador,BA,Cartão Crédito
6756,2026-02-09,104,Fone Bluetooth,Celulares e Acessórios,1,199.90,199.90,Porto Alegre,RS,Cartão Débito
6757,2026-02-09,108,Console de Videogame,Games,2,2999.00,5998.00,Salvador,BA,Cartão Débito
6758,2026-02-10,119,Smartphone 128GB,Celulares e Acessórios,2,1709.05,3418.10,Uberlândia,MG,Pix
6759,2026-02-10,101,Bicicleta Aro 29,Esporte e Lazer,2,1799.00,3598.00,Porto Alegre,RS,Cartão Débito
6760,2026-02-10,111,Console de Videogame,Games,1,2999.00,2999.00,Salvador,BA,Cartão Débito
6761,2026-02-10,119,Máquina de Lavar 12kg,Eletrodomésticos,1,2089.05,2089.05,Campinas,SP,Pix
6762,2026-02-10,108,Mesa de Jantar 6 Cadeiras,Móveis,2,1899.00,3798.00,Belo Horizonte,MG,Cartão Débito
6763,2026-02-10,109,Carregador Turbo USB-C,Celulares e Acessórios,4,89.90,359.60,Santos,SP,Cartão Débito
6764,2026-02-10,101,Micro-ondas 30L,Eletrodomésticos,3,649.90,1949.70,São Paulo,SP,Pix
6765,2026-02-10,107,Carregador Turbo USB-C,Celulares e Acessórios,1,80.91,80.91,Vitória da Conquista,BA,Boleto
6766,2026-02-10,104,Jogo de Aventura,Games,2,249.90,499.80,Salvador,BA,Cartão Crédito
6767,2026-02-10,108,Jogo de Aventura,Games,5,237.40,1187.00,Brasília,DF,Cartão Crédito
6768,2026-02-11,107,Mesa de Jantar 6 Cadeiras,Móveis,1,1804.05,1804.05,São Paulo,SP,Boleto
6769,2026-02-11,111,Geladeira Frost Free 400L,Eletrodomésticos,1,3499.00,3499.00,Salvador,BA,Boleto
6770,2026-02-11,106,Esteira Elétrica,Esporte e Lazer,2,2899.00,5798.00,Rio de Janeiro,RJ,Pix
6771,2026-02-11,109,Jogo de Aventura,Games,1,249.90,249.90,Porto Alegre,RS,Boleto
6772,2026-02-11,117,Fone Bluetooth,Celulares e Acessórios,3,199.90,599.70,Belo Horizonte,MG,Pix
6773,2026-02-11,101,Mouse Sem Fio,Informática,4,79.90,319.60,Curitiba,PR,Cartão Crédito
6774,2026-02-11,106,Mesa de Jantar 6 Cadeiras,Móveis,2,1804.05,3608.10,Fortaleza,CE,Boleto
6775,2026-02-11,108,Notebook Core i5,Informática,1,3299.90,3299.90,Porto Alegre,RS,Pix
6776,2026-02-11,109,Geladeira Frost Free 400L,Eletrodomésticos,2,3499.00,6998.00,Campinas,SP,Cartão Crédito
6777,2026-02-11,119,Teclado Mecânico,Informática,1,260.91,260.91,Feira de Santana,BA,Cartão Débito
6778,2026-02-11,102,Console de Videogame,Games,2,2849.05,5698.10,Feira de Santana,BA,Pix
6779,2026-02-11,116,Cadeira de Escritório,Móveis,3,629.91,1889.73,Vitória da Conquista,BA,Pix
6780,2026-02-11,117,Cadeira de Escritório,Móveis,3,699.90,2099.70,Belo Horizonte,MG,Boleto
6781,2026-02-11,109,Controle Sem Fio,Games,4,332.40,1329.60,Feira de Santana,BA,Boleto
6782,2026-02-11,120,Controle Sem Fio,Games,3,332.40,997.20,Curitiba,PR,Boleto
6783,2026-02-11,116,Sofá 3 Lugares,Móveis,2,2279.05,4558.10,Brasília,DF,Pix
6784,2026-02-11,107,Carregador Turbo USB-C,Celulares e Acessórios,6,89.90,539.40,Belo Horizonte,MG,Boleto
6785,2026-02-11,118,Airfryer 5L,Eletrodomésticos,3,429.90,1289.70,Belo Horizonte,MG,Cartão Débito
6786,2026-02-12,107,Mouse Sem Fio,Informática,5,75.90,379.50,Niterói,RJ,Cartão Débito
6787,2026-02-12,115,Smartphone 128GB,Celulares e Acessórios,3,1799.00,5397.00,Rio de Janeiro,RJ,Cartão Débito
6788,2026-02-12,112,Kit Halteres 20kg,Esporte e Lazer,4,259.90,1039.60,Fortaleza,CE,Cartão Crédito
6789,2026-02-12,109,Smartphone 128GB,Celulares e Acessórios,1,1799.00,1799.00,Campinas,SP,Cartão Débito
6790,2026-02-12,112,Teclado Mecânico,Informática,2,289.90,579.80,Brasília,DF,Cartão Débito
6791,2026-02-12,109,Controle Sem Fio,Games,3,349.90,1049.70,Rio de Janeiro,RJ,Cartão Débito
6792,2026-02-12,109,Geladeira Frost Free 400L,Eletrodomésticos,1,3499.00,3499.00,São Paulo,SP,Pix
6793,2026-02-12,105,Jogo de Aventura,Games,3,249.90,749.70,Rio de Janeiro,RJ,Cartão Crédito
6794,2026-02-12,117,Smartphone 128GB,Celulares e Acessórios,3,1799.00,5397.00,São Paulo,SP,Pix
6795,2026-02-12,110,Bicicleta Aro 29,Esporte e Lazer,2,1799.00,3598.00,São Paulo,SP,Boleto
6796,2026-02-12,102,Cadeira de Escritório,Móveis,3,699.90,2099.70,Brasília,DF,Cartão Débito
6797,2026-02-12,104,Smartphone 128GB,Celulares e Acessórios,1,1799.00,1799.00,Niterói,RJ,Cartão Crédito
6798,2026-02-12,117,Kit Halteres 20kg,Esporte e Lazer,3,259.90,779.70,Rio de Janeiro,RJ,Pix
6799,2026-02-12,110,Geladeira Frost Free 400L,Eletrodomésticos,1,3324.05,3324.05,Rio de Janeiro,RJ,Cartão Débito
6800,2026-02-12,116,Controle Sem Fio,Games,4,332.40,1329.60,Fortaleza,CE,Cartão Crédito
6801,2026-02-13,112,Monitor Full HD 24pol,Informática,2,854.90,1709.80,Campinas,SP,Cartão Crédito
6802,2026-02-13,113,Jogo de Aventura,Games,5,249.90,1249.50,Goiânia,GO,Pix
6803,2026-02-13,116,Sofá 3 Lugares,Móveis,2,2399.00,4798.00,Brasília,DF,Cartão Crédito
6804,2026-02-13,105,Jogo de Aventura,Games,1,224.91,224.91,Fortaleza,CE,Pix
6805,2026-02-13,115,Kit Halteres 20kg,Esporte e Lazer,3,259.90,779.70,Feira de Santana,BA,Pix
6806,2026-02-13,105,Fone Bluetooth,Celulares e Acessórios,5,199.90,999.50,Fortaleza,CE,Cartão Crédito
6807,2026-02-13,108,Geladeira Frost Free 400L,Eletrodomésticos,1,3499.00,3499.00,Porto Alegre,RS,Pix
6808,2026-02-13,105,Carregador Turbo USB-C,Celulares e Acessórios,6,89.90,539.40,Recife,PE,Pix
6809,2026-02-13,101,Esteira Elétrica,Esporte e Lazer,2,2899.00,5798.00,Uberlândia,MG,Boleto
6810,2026-02-13,105,Fone Bluetooth,Celulares e Acessórios,1,199.90,199.90,Campinas,SP,Pix
6811,2026-02-13,116,Mouse Sem Fio,Informática,2,79.90,159.80,São Paulo,SP,Cartão Débito
6812,2026-02-13,106,Kit Halteres 20kg,Esporte e Lazer,2,259.90,519.80,Goiânia,GO,Cartão Crédito
6813,2026-02-14,119,Console de Videogame,Games,1,2999.00,2999.00,Brasília,DF,Pix
6814,2026-02-14,104,Fone Bluetooth,Celulares e Acessórios,3,199.90,599.70,Belo Horizonte,MG,Cartão Crédito
6815,2026-02-14,108,Jogo de Aventura,Games,3,237.40,712.20,Santos,SP,Pix
6816,2026-02-14,104,Sofá 3 Lugares,Móveis,1,2279.05,2279.05,Belo Horizonte,MG,Pix
6817,2026-02-14,120,Mouse Sem Fio,Informática,3,79.90,239.70,Fortaleza,CE,Boleto
6818,2026-02-14,107,Notebook Core i5,Informática,2,3299.90,6599.80,Niterói,RJ,Cartão Crédito
6819,2026-02-14,120,Mouse Sem Fio,Informática,3,79.90,239.70,Feira de Santana,BA,Boleto
6820,2026-02-14,120,Kit Halteres 20kg,Esporte e Lazer,4,259.90,1039.60,Salvador,BA,Boleto
6821,2026-02-14,111,Notebook Core i5,Informática,2,3299.90,6599.80,Belo Horizonte,MG,Cartão Crédito
6822,2026-02-14,105,Mesa de Jantar 6 Cadeiras,Móveis,2,1899.00,3798.00,Porto Alegre,RS,Pix
6823,2026-02-14,108,Geladeira Frost Free 400L,Eletrodomésticos,2,3499.00,6998.00,Porto Alegre,RS,Cartão Crédito
6824,2026-02-14,101,Console de Videogame,Games,2,2999.00,5998.00,Santos,SP,Cartão Crédito
6825,2026-02-14,106,Jogo de Aventura,Games,5,249.90,1249.50,Campinas,SP,Boleto
6826,2026-02-14,109,Cadeira de Escritório,Móveis,1,699.90,699.90,Rio de Janeiro,RJ,Cartão Crédito
6827,2026-02-14,115,Smartphone 128GB,Celulares e Acessórios,2,1799.00,3598.00,Campinas,SP,Cartão Crédito
6828,2026-02-14,103,Cadeira de Escritório,Móveis,4,594.92,2379.68,Niterói,RJ,Boleto
6829,2026-02-14,111,Teclado Mecânico,Informática,1,289.90,289.90,Rio de Janeiro,RJ,Pix
6830,2026-02-14,108,Máquina de Lavar 12kg,Eletrodomésticos,1,2199.00,2199.00,Rio de Janeiro,RJ,Cartão Débito
6831,2026-02-14,110,Notebook Core i5,Informática,1,3299.90,3299.90,Curitiba,PR,Cartão Débito
6832,2026-02-14,103,Cadeira de Escritório,Móveis,3,699.90,2099.70,Recife,PE,Pix
6833,2026-02-14,116,Sofá 3 Lugares,Móveis,1,2279.05,2279.05,Feira de Santana,BA,Cartão Crédito
6834,2026-02-14,102,Monitor Full HD 24pol,Informática,2,899.90,1799.80,Recife,PE,Cartão Débito
6835,2026-02-14,110,Monitor Full HD 24pol,Informática,2,854.90,1709.80,São Paulo,SP,Pix
6836,2026-02-15,117,Micro-ondas 30L,Eletrodomésticos,1,617.40,617.40,Brasília,DF,Boleto
6837,2026-02-15,109,Monitor Full HD 24pol,Informática,1,809.91,809.91,Santos,SP,Cartão Débito
6838,2026-02-15,110,Cadeira de Escritório,Móveis,2,664.90,1329.80,Brasília,DF,Cartão Débito
6839,2026-02-15,102,Esteira Elétrica,Esporte e Lazer,2,2754.05,5508.10,São Paulo,SP,Boleto
6840,2026-02-15,116,Airfryer 5L,Eletrodomésticos,3,386.91,1160.73,Recife,PE,Cartão Crédito
6841,2026-02-15,119,Carregador Turbo USB-C,Celulares e Acessórios,5,85.40,427.00,Feira de Santana,BA,Cartão Débito
6842,2026-02-15,104,Máquina de Lavar 12kg,Eletrodomésticos,1,2199.00,2199.00,Rio de Janeiro,RJ,Boleto
6843,2026-02-15,117,Monitor Full HD 24pol,Informática,1,899.90,899.90,São Paulo,SP,Pix
6844,2026-02-15,119,Bicicleta Aro 29,Esporte e Lazer,1,1709.05,1709.05,Feira de Santana,BA,Pix
6845,2026-02-15,105,Micro-ondas 30L,Eletrodomésticos,2,649.90,1299.80,Niterói,RJ,Pix
6846,2026-02-15,110,Kit Halteres 20kg,Esporte e Lazer,1,220.92,220.92,Vitória da Conquista,BA,Cartão Débito
6847,2026-02-15,111,Teclado Mecânico,Informática,1,275.40,275.40,Salvador,BA,Cartão Crédito
6848,2026-02-15,112,Smartphone 128GB,Celulares e Acessórios,3,1619.10,4857.30,Brasília,DF,Pix
6849,2026-02-15,118,Smartphone 128GB,Celulares e Acessórios,2,1799.00,3598.00,Recife,PE,Pix
6850,2026-02-15,108,Geladeira Frost Free 400L,Eletrodomésticos,1,3499.00,3499.00,Porto Alegre,RS,Cartão Crédito
6851,2026-02-15,105,Teclado Mecânico,Informática,4,260.91,1043.64,São Paulo,SP,Cartão Débito
6852,2026-02-15,117,Mesa de Jantar 6 Cadeiras,Móveis,1,1899.00,1899.00,Rio de Janeiro,RJ,Cartão Crédito
6853,2026-02-15,115,Jogo de Aventura,Games,2,224.91,449.82,Curitiba,PR,Pix
6854,2026-02-15,112,Smartphone 128GB,Celulares e Acessórios,1,1709.05,1709.05,Fortaleza,CE,Cartão Débito
6855,2026-02-15,110,Mouse Sem Fio,Informática,2,67.92,135.84,Curitiba,PR,Pix
6856,2026-02-15,103,Console de Videogame,Games,2,2849.05,5698.10,Vitória da Conquista,BA,Cartão Débito
6857,2026-02-16,107,Mouse Sem Fio,Informática,2,79.90,159.80,Uberlândia,MG,Pix
6858,2026-02-16,119,Esteira Elétrica,Esporte e Lazer,2,2899.00,5798.00,Fortaleza,CE,Cartão Débito
6859,2026-02-16,107,Notebook Core i5,Informática,2,3299.90,6599.80,Belo Horizonte,MG,Cartão Débito
6860,2026-02-16,110,Teclado Mecânico,Informática,1,289.90,289.90,Vitória da Conquista,BA,Boleto
6861,2026-02-16,102,Cadeira de Escritório,Móveis,3,594.92,1784.76,Porto Alegre,RS,Boleto
6862,2026-02-16,119,Teclado Mecânico,Informática,2,289.90,579.80,Fortaleza,CE,Pix
6863,2026-02-16,101,Fone Bluetooth,Celulares e Acessórios,2,199.90,399.80,Rio de Janeiro,RJ,Cartão Crédito
6864,2026-02-16,102,Carregador Turbo USB-C,Celulares e Acessórios,6,89.90,539.40,Salvador,BA,Cartão Crédito
6865,2026-02-16,118,Mouse Sem Fio,Informática,2,79.90,159.80,São Paulo,SP,Boleto
6866,2026-02-16,117,Máquina de Lavar 12kg,Eletrodomésticos,2,2199.00,4398.00,Goiânia,GO,Pix
6867,2026-02-16,120,Notebook Core i5,Informática,2,3299.90,6599.80,Uberlândia,MG,Cartão Crédito
6868,2026-02-16,112,Monitor Full HD 24pol,Informática,2,854.90,1709.80,Brasília,DF,Cartão Crédito
6869,2026-02-16,116,Cadeira de Escritório,Móveis,1,699.90,699.90,Uberlândia,MG,Cartão Crédito
6870,2026-02-17,118,Monitor Full HD 24pol,Informática,1,899.90,899.90,Recife,PE,Pix
6871,2026-02-17,119,Monitor Full HD 24pol,Informática,2,899.90,1799.80,Salvador,BA,Boleto
6872,2026-02-17,105,Teclado Mecânico,Informática,1,275.40,275.40,Salvador,BA,Cartão Crédito
6873,2026-02-17,107,Cadeira de Escritório,Móveis,2,699.90,1399.80,Brasília,DF,Boleto
6874,2026-02-17,110,Console de Videogame,Games,2,2999.00,5998.00,Campinas,SP,Pix
6875,2026-02-17,103,Jogo de Aventura,Games,2,249.90,499.80,Salvador,BA,Cartão Crédito
6876,2026-02-17,101,Carregador Turbo USB-C,Celulares e Acessórios,1,85.40,85.40,São Paulo,SP,Boleto
6877,2026-02-17,115,Sofá 3 Lugares,Móveis,2,2399.00,4798.00,Rio de Janeiro,RJ,Boleto
6878,2026-02-17,104,Monitor Full HD 24pol,Informática,3,899.90,2699.70,Niterói,RJ,Cartão Débito
6879,2026-02-17,108,Mesa de Jantar 6 Cadeiras,Móveis,2,1899.00,3798.00,Belo Horizonte,MG,Cartão Crédito
6880,2026-02-17,104,Carregador Turbo USB-C,Celulares e Acessórios,2,85.40,170.80,Campinas,SP,Cartão Débito
6881,2026-02-17,101,Monitor Full HD 24pol,Informática,3,899.90,2699.70,Salvador,BA,Pix
6882,2026-02-17,109,Carregador Turbo USB-C,Celulares e Acessórios,4,89.90,359.60,São Paulo,SP,Pix
6883,2026-02-17,107,Monitor Full HD 24pol,Informática,3,899.90,2699.70,São Paulo,SP,Cartão Crédito
6884,2026-02-18,118,Notebook Core i5,Informática,1,3299.90,3299.90,Curitiba,PR,Pix
6885,2026-02-18,118,Controle Sem Fio,Games,2,349.90,699.80,Salvador,BA,Cartão Crédito
6886,2026-02-18,108,Máquina de Lavar 12kg,Eletrodomésticos,2,2089.05,4178.10,Belo Horizonte,MG,Cartão Débito
6887,2026-02-18,111,Carregador Turbo USB-C,Celulares e Acessórios,5,89.90,449.50,Goiânia,GO,Boleto
6888,2026-02-18,120,Máquina de Lavar 12kg,Eletrodomésticos,2,2199.00,4398.00,Goiânia,GO,Boleto
6889,2026-02-18,102,Máquina de Lavar 12kg,Eletrodomésticos,2,1979.10,3958.20,Vitória da Conquista,BA,Cartão Débito
6890,2026-02-18,110,Máquina de Lavar 12kg,Eletrodomésticos,1,2199.00,2199.00,Vitória da Conquista,BA,Cartão Crédito
6891,2026-02-18,101,Sofá 3 Lugares,Móveis,1,2399.00,2399.00,Campinas,SP,Cartão Crédito
6892,2026-02-18,120,Mesa de Jantar 6 Cadeiras,Móveis,2,1804.05,3608.10,Fortaleza,CE,Boleto
6893,2026-02-18,120,Notebook Core i5,Informática,2,3299.90,6599.80,Recife,PE,Cartão Débito
6894,2026-02-18,115,Mouse Sem Fio,Informática,2,67.92,135.84,Salvador,BA,Boleto
6895,2026-02-18,103,Controle Sem Fio,Games,1,349.90,349.90,Belo Horizonte,MG,Cartão Crédito
6896,2026-02-18,111,Jogo de Aventura,Games,5,249.90,1249.50,Rio de Janeiro,RJ,Boleto
6897,2026-02-18,118,Máquina de Lavar 12kg,Eletrodomésticos,2,2199.00,4398.00,Belo Horizonte,MG,Cartão Crédito
6898,2026-02-18,116,Notebook Core i5,Informática,2,3299.90,6599.80,Fortaleza,CE,Pix
6899,2026-02-18,108,Esteira Elétrica,Esporte e Lazer,1,2609.10,2609.10,Recife,PE,Pix
6900,2026-02-18,106,Micro-ondas 30L,Eletrodomésticos,1,649.90,649.90,Recife,PE,Pix
6901,2026-02-18,108,Geladeira Frost Free 400L,Eletrodomésticos,1,3499.00,3499.00,Recife,PE,Cartão Crédito
6902,2026-02-18,109,Mouse Sem Fio,Informática,2,67.92,135.84,Brasília,DF,Boleto
6903,2026-02-19,118,Notebook Core i5,Informática,2,2969.91,5939.82,Rio de Janeiro,RJ,Pix
6904,2026-02-19,110,Geladeira Frost Free 400L,Eletrodomésticos,2,3499.00,6998.00,Salvador,BA,Pix
6905,2026-02-19,108,Carregador Turbo USB-C,Celulares e Acessórios,5,89.90,449.50,Vitória da Conquista,BA,Cartão Crédito
6906,2026-02-19,105,Máquina de Lavar 12kg,Eletrodomésticos,2,2199.00,4398.00,Campinas,SP,Pix
6907,2026-02-19,113,Monitor Full HD 24pol,Informática,3,899.90,2699.70,Campinas,SP,Cartão Débito
6908,2026-02-19,102,Máquina de Lavar 12kg,Eletrodomésticos,2,2199.00,4398.00,Brasília,DF,Pix
6909,2026-02-19,106,Sofá 3 Lugares,Móveis,1,2399.00,2399.00,Brasília,DF,Boleto
6910,2026-02-19,119,Geladeira Frost Free 400L,Eletrodomésticos,1,3499.00,3499.00,São Paulo,SP,Cartão Débito
6911,2026-02-19,115,Mouse Sem Fio,Informática,1,79.90,79.90,Feira de Santana,BA,Pix
6912,2026-02-19,116,Monitor Full HD 24pol,Informática,1,899.90,899.90,Salvador,BA,Cartão Débito
6913,2026-02-20,116,Teclado Mecânico,Informática,2,275.40,550.80,Curitiba,PR,Boleto
6914,2026-02-20,103,Jogo de Aventura,Games,4,249.90,999.60,Niterói,RJ,Boleto
6915,2026-02-20,109,Kit Halteres 20kg,Esporte e Lazer,4,233.91,935.64,Salvador,BA,Pix
6916,2026-02-20,105,Cadeira de Escritório,Móveis,3,699.90,2099.70,Santos,SP,Pix
6917,2026-02-20,102,Controle Sem Fio,Games,3,349.90,1049.70,Santos,SP,Pix
6918,2026-02-20,117,Bicicleta Aro 29,Esporte e Lazer,2,1799.00,3598.00,Santos,SP,Cartão Débito
6919,2026-02-20,112,Carregador Turbo USB-C,Celulares e Acessórios,6,85.40,512.40,Vitória da Conquista,BA,Pix
6920,2026-02-20,111,Máquina de Lavar 12kg,Eletrodomésticos,2,2089.05,4178.10,Salvador,BA,Pix
6921,2026-02-20,103,Carregador Turbo USB-C,Celulares e Acessórios,2,85.40,170.80,Salvador,BA,Cartão Débito
6922,2026-02-20,112,Carregador Turbo USB-C,Celulares e Acessórios,4,89.90,359.60,São Paulo,SP,Boleto
6923,2026-02-20,107,Cadeira de Escritório,Móveis,1,699.90,699.90,Brasília,DF,Pix
6924,2026-02-20,108,Sofá 3 Lugares,Móveis,1,2159.10,2159.10,Santos,SP,Cartão Crédito
6925,2026-02-20,107,Fone Bluetooth,Celulares e Acessórios,2,179.91,359.82,Goiânia,GO,Cartão Crédito
6926,2026-02-20,118,Cadeira de Escritório,Móveis,2,699.90,1399.80,Brasília,DF,Pix
6927,2026-02-20,116,Carregador Turbo USB-C,Celulares e Acessórios,2,89.90,179.80,Recife,PE,Cartão Débito
6928,2026-02-20,112,Geladeira Frost Free 400L,Eletrodomésticos,1,3499.00,3499.00,Salvador,BA,Boleto
6929,2026-02-20,120,Sofá 3 Lugares,Móveis,1,2399.00,2399.00,Santos,SP,Boleto
6930,2026-02-20,120,Geladeira Frost Free 400L,Eletrodomésticos,1,3499.00,3499.00,Belo Horizonte,MG,Pix
6931,2026-02-20,119,Kit Halteres 20kg,Esporte e Lazer,3,233.91,701.73,São Paulo,SP,Cartão Crédito
6932,2026-02-21,101,Controle Sem Fio,Games,2,349.90,699.80,São Paulo,SP,Cartão Débito
6933,2026-02-21,119,Controle Sem Fio,Games,2,297.42,594.84,Curitiba,PR,Cartão Débito
6934,2026-02-21,104,Geladeira Frost Free 400L,Eletrodomésticos,2,3324.05,6648.10,Uberlândia,MG,Cartão Débito
6935,2026-02-21,117,Bicicleta Aro 29,Esporte e Lazer,2,1619.10,3238.20,Rio de Janeiro,RJ,Cartão Crédito
6936,2026-02-21,116,Smartphone 128GB,Celulares e Acessórios,2,1529.15,3058.30,Porto Alegre,RS,Boleto
6937,2026-02-21,110,Bicicleta Aro 29,Esporte e Lazer,2,1799.00,3598.00,Fortaleza,CE,Boleto
6938,2026-02-21,102,Fone Bluetooth,Celulares e Acessórios,5,199.90,999.50,Rio de Janeiro,RJ,Pix
6939,2026-02-21,101,Máquina de Lavar 12kg,Eletrodomésticos,2,2199.00,4398.00,Porto Alegre,RS,Cartão Crédito
6940,2026-02-21,113,Mesa de Jantar 6 Cadeiras,Móveis,2,1899.00,3798.00,São Paulo,SP,Cartão Crédito
6941,2026-02-21,105,Mouse Sem Fio,Informática,4,79.90,319.60,Uberlândia,MG,Boleto
6942,2026-02-21,109,Sofá 3 Lugares,Móveis,1,2159.10,2159.10,São Paulo,SP,Cartão Crédito
6943,2026-02-21,119,Notebook Core i5,Informática,2,3134.90,6269.80,Goiânia,GO,Pix
6944,2026-02-22,107,Controle Sem Fio,Games,3,349.90,1049.70,Curitiba,PR,Cartão Débito
6945,2026-02-22,111,Micro-ondas 30L,Eletrodomésticos,3,649.90,1949.70,Santos,SP,Boleto
6946,2026-02-22,103,Geladeira Frost Free 400L,Eletrodomésticos,1,3499.00,3499.00,Fortaleza,CE,Pix
6947,2026-02-22,109,Geladeira Frost Free 400L,Eletrodomésticos,1,3499.00,3499.00,Campinas,SP,Cartão Débito
6948,2026-02-22,109,Airfryer 5L,Eletrodomésticos,4,408.40,1633.60,Rio de Janeiro,RJ,Cartão Crédito
6949,2026-02-22,111,Airfryer 5L,Eletrodomésticos,3,429.90,1289.70,Salvador,BA,Cartão Débito
6950,2026-02-22,119,Sofá 3 Lugares,Móveis,1,2399.00,2399.00,Niterói,RJ,Cartão Crédito
6951,2026-02-22,105,Máquina de Lavar 12kg,Eletrodomésticos,1,2199.00,2199.00,Santos,SP,Boleto
6952,2026-02-22,120,Carregador Turbo USB-C,Celulares e Acessórios,5,89.90,449.50,Porto Alegre,RS,Pix
6953,2026-02-22,115,Notebook Core i5,Informática,1,2804.92,2804.92,Goiânia,GO,Cartão Crédito
6954,2026-02-22,117,Jogo de Aventura,Games,2,249.90,499.80,Fortaleza,CE,Cartão Débito
6955,2026-02-22,104,Teclado Mecânico,Informática,3,275.40,826.20,Santos,SP,Cartão Débito
6956,2026-02-22,120,Carregador Turbo USB-C,Celulares e Acessórios,3,89.90,269.70,São Paulo,SP,Cartão Débito
6957,2026-02-22,120,Jogo de Aventura,Games,1,249.90,249.90,Feira de Santana,BA,Cartão Débito
6958,2026-02-22,117,Sofá 3 Lugares,Móveis,1,2159.10,2159.10,Vitória da Conquista,BA,Boleto
6959,2026-02-23,115,Máquina de Lavar 12kg,Eletrodomésticos,1,2199.00,2199.00,Fortaleza,CE,Cartão Débito
6960,2026-02-23,118,Teclado Mecânico,Informática,1,289.90,289.90,Brasília,DF,Cartão Crédito
6961,2026-02-23,106,Cadeira de Escritório,Móveis,2,594.92,1189.84,Goiânia,GO,Pix
6962,2026-02-23,110,Kit Halteres 20kg,Esporte e Lazer,4,259.90,1039.60,Salvador,BA,Boleto
6963,2026-02-23,112,Bicicleta Aro 29,Esporte e Lazer,1,1799.00,1799.00,Fortaleza,CE,Boleto
6964,2026-02-23,107,Mesa de Jantar 6 Cadeiras,Móveis,2,1899.00,3798.00,Goiânia,GO,Cartão Crédito
6965,2026-02-23,105,Micro-ondas 30L,Eletrodomésticos,3,649.90,1949.70,Salvador,BA,Boleto
6966,2026-02-23,108,Teclado Mecânico,Informática,1,275.40,275.40,Curitiba,PR,Cartão Débito
6967,2026-02-23,119,Console de Videogame,Games,2,2849.05,5698.10,Brasília,DF,Cartão Crédito
6968,2026-02-23,108,Teclado Mecânico,Informática,1,289.90,289.90,São Paulo,SP,Cartão Débito
6969,2026-02-24,115,Carregador Turbo USB-C,Celulares e Acessórios,3,89.90,269.70,Vitória da Conquista,BA,Cartão Crédito
6970,2026-02-24,104,Cadeira de Escritório,Móveis,1,699.90,699.90,Recife,PE,Cartão Crédito
6971,2026-02-24,118,Kit Halteres 20kg,Esporte e Lazer,4,259.90,1039.60,Rio de Janeiro,RJ,Cartão Débito
6972,2026-02-24,120,Esteira Elétrica,Esporte e Lazer,1,2899.00,2899.00,Fortaleza,CE,Cartão Crédito
6973,2026-02-24,113,Carregador Turbo USB-C,Celulares e Acessórios,6,89.90,539.40,Santos,SP,Cartão Débito
6974,2026-02-24,111,Controle Sem Fio,Games,3,349.90,1049.70,Santos,SP,Cartão Débito
6975,2026-02-24,105,Micro-ondas 30L,Eletrodomésticos,3,649.90,1949.70,Brasília,DF,Cartão Débito
6976,2026-02-24,103,Carregador Turbo USB-C,Celulares e Acessórios,2,89.90,179.80,Vitória da Conquista,BA,Cartão Débito
6977,2026-02-24,120,Geladeira Frost Free 400L,Eletrodomésticos,2,2974.15,5948.30,Curitiba,PR,Cartão Débito
6978,2026-02-24,119,Console de Videogame,Games,1,2999.00,2999.00,São Paulo,SP,Boleto
6979,2026-02-24,111,Sofá 3 Lugares,Móveis,1,2399.00,2399.00,Belo Horizonte,MG,Pix
6980,2026-02-24,109,Bicicleta Aro 29,Esporte e Lazer,2,1799.00,3598.00,Recife,PE,Pix
6981,2026-02-24,109,Esteira Elétrica,Esporte e Lazer,2,2899.00,5798.00,Campinas,SP,Cartão Débito
6982,2026-02-24,106,Cadeira de Escritório,Móveis,2,699.90,1399.80,Porto Alegre,RS,Cartão Crédito
6983,2026-02-24,110,Teclado Mecânico,Informática,1,260.91,260.91,Campinas,SP,Pix
6984,2026-02-25,111,Sofá 3 Lugares,Móveis,2,2279.05,4558.10,Belo Horizonte,MG,Pix
6985,2026-02-25,112,Carregador Turbo USB-C,Celulares e Acessórios,5,89.90,449.50,Curitiba,PR,Cartão Crédito
6986,2026-02-25,102,Bicicleta Aro 29,Esporte e Lazer,1,1799.00,1799.00,Belo Horizonte,MG,Cartão Débito
6987,2026-02-25,103,Geladeira Frost Free 400L,Eletrodomésticos,2,3324.05,6648.10,Curitiba,PR,Cartão Crédito
6988,2026-02-25,111,Geladeira Frost Free 400L,Eletrodomésticos,1,3149.10,3149.10,Belo Horizonte,MG,Cartão Crédito
6989,2026-02-25,111,Mesa de Jantar 6 Cadeiras,Móveis,1,1804.05,1804.05,Goiânia,GO,Cartão Crédito
6990,2026-02-25,101,Notebook Core i5,Informática,1,3299.90,3299.90,Recife,PE,Pix
6991,2026-02-25,120,Cadeira de Escritório,Móveis,2,699.90,1399.80,Curitiba,PR,Cartão Crédito
6992,2026-02-25,101,Monitor Full HD 24pol,Informática,1,899.90,899.90,Vitória da Conquista,BA,Pix
6993,2026-02-25,106,Controle Sem Fio,Games,3,349.90,1049.70,Belo Horizonte,MG,Cartão Crédito
6994,2026-02-25,120,Micro-ondas 30L,Eletrodomésticos,1,649.90,649.90,Campinas,SP,Boleto
6995,2026-02-25,109,Geladeira Frost Free 400L,Eletrodomésticos,1,3499.00,3499.00,Goiânia,GO,Cartão Crédito
6996,2026-02-25,120,Esteira Elétrica,Esporte e Lazer,1,2899.00,2899.00,Feira de Santana,BA,Cartão Crédito
6997,2026-02-25,110,Geladeira Frost Free 400L,Eletrodomésticos,2,3499.00,6998.00,Salvador,BA,Pix
6998,2026-02-25,107,Console de Videogame,Games,2,2999.00,5998.00,São Paulo,SP,Cartão Crédito
6999,2026-02-25,118,Notebook Core i5,Informática,2,3299.90,6599.80,Belo Horizonte,MG,Pix
7000,2026-02-25,120,Controle Sem Fio,Games,2,332.40,664.80,Uberlândia,MG,Pix
7001,2026-02-25,119,Jogo de Aventura,Games,1,224.91,224.91,Campinas,SP,Cartão Crédito
7002,2026-02-25,117,Smartphone 128GB,Celulares e Acessórios,3,1799.00,5397.00,Uberlândia,MG,Cartão Crédito
7003,2026-02-25,119,Bicicleta Aro 29,Esporte e Lazer,1,1709.05,1709.05,Rio de Janeiro,RJ,Cartão Crédito
7004,2026-02-25,107,Jogo de Aventura,Games,5,237.40,1187.00,Curitiba,PR,Boleto
7005,2026-02-25,101,Kit Halteres 20kg,Esporte e Lazer,1,246.90,246.90,Feira de Santana,BA,Pix
7006,2026-02-26,106,Mesa de Jantar 6 Cadeiras,Móveis,1,1709.10,1709.10,Campinas,SP,Pix
7007,2026-02-26,108,Geladeira Frost Free 400L,Eletrodomésticos,2,3324.05,6648.10,Salvador,BA,Cartão Débito
7008,2026-02-26,101,Bicicleta Aro 29,Esporte e Lazer,1,1529.15,1529.15,Santos,SP,Cartão Crédito
7009,2026-02-26,117,Geladeira Frost Free 400L,Eletrodomésticos,1,3499.00,3499.00,Curitiba,PR,Cartão Débito
7010,2026-02-26,106,Cadeira de Escritório,Móveis,2,699.90,1399.80,São Paulo,SP,Cartão Débito
7011,2026-02-26,107,Console de Videogame,Games,1,2999.00,2999.00,Salvador,BA,Boleto
7012,2026-02-26,113,Geladeira Frost Free 400L,Eletrodomésticos,1,3499.00,3499.00,Brasília,DF,Boleto
7013,2026-02-26,120,Controle Sem Fio,Games,2,349.90,699.80,Fortaleza,CE,Boleto
7014,2026-02-26,117,Console de Videogame,Games,2,2999.00,5998.00,Feira de Santana,BA,Cartão Débito
7015,2026-02-26,101,Smartphone 128GB,Celulares e Acessórios,3,1529.15,4587.45,Goiânia,GO,Pix
7016,2026-02-26,103,Sofá 3 Lugares,Móveis,1,2039.15,2039.15,Santos,SP,Boleto
7017,2026-02-26,108,Notebook Core i5,Informática,1,3299.90,3299.90,Recife,PE,Cartão Crédito
7018,2026-02-26,107,Fone Bluetooth,Celulares e Acessórios,3,199.90,599.70,Goiânia,GO,Cartão Débito
7019,2026-02-26,118,Máquina de Lavar 12kg,Eletrodomésticos,2,2199.00,4398.00,Feira de Santana,BA,Pix
7020,2026-02-26,101,Micro-ondas 30L,Eletrodomésticos,2,649.90,1299.80,Vitória da Conquista,BA,Pix
7021,2026-02-26,119,Bicicleta Aro 29,Esporte e Lazer,2,1799.00,3598.00,Rio de Janeiro,RJ,Cartão Crédito
7022,2026-02-27,106,Notebook Core i5,Informática,1,3299.90,3299.90,Goiânia,GO,Cartão Débito
7023,2026-02-27,104,Carregador Turbo USB-C,Celulares e Acessórios,5,89.90,449.50,Belo Horizonte,MG,Pix
7024,2026-02-27,111,Carregador Turbo USB-C,Celulares e Acessórios,2,89.90,179.80,Feira de Santana,BA,Pix
7025,2026-02-27,116,Máquina de Lavar 12kg,Eletrodomésticos,1,2199.00,2199.00,Salvador,BA,Pix
7026,2026-02-27,117,Monitor Full HD 24pol,Informática,2,899.90,1799.80,Goiânia,GO,Cartão Crédito
7027,2026-02-27,112,Sofá 3 Lugares,Móveis,2,2279.05,4558.10,Recife,PE,Boleto
7028,2026-02-27,110,Jogo de Aventura,Games,5,212.42,1062.10,Feira de Santana,BA,Pix
7029,2026-02-27,113,Carregador Turbo USB-C,Celulares e Acessórios,6,89.90,539.40,Belo Horizonte,MG,Boleto
7030,2026-02-27,116,Mouse Sem Fio,Informática,6,79.90,479.40,São Paulo,SP,Cartão Crédito
7031,2026-02-27,109,Console de Videogame,Games,1,2999.00,2999.00,Belo Horizonte,MG,Pix
7032,2026-02-27,116,Jogo de Aventura,Games,2,249.90,499.80,Curitiba,PR,Cartão Crédito
7033,2026-02-27,102,Sofá 3 Lugares,Móveis,2,2279.05,4558.10,São Paulo,SP,Cartão Crédito
7034,2026-02-27,109,Sofá 3 Lugares,Móveis,2,2399.00,4798.00,Goiânia,GO,Pix
7035,2026-02-27,104,Cadeira de Escritório,Móveis,4,699.90,2799.60,Rio de Janeiro,RJ,Cartão Crédito
7036,2026-02-27,106,Geladeira Frost Free 400L,Eletrodomésticos,1,3149.10,3149.10,Porto Alegre,RS,Cartão Crédito
7037,2026-02-27,113,Mouse Sem Fio,Informática,6,75.90,455.40,Feira de Santana,BA,Pix
7038,2026-02-28,119,Notebook Core i5,Informática,1,3299.90,3299.90,Fortaleza,CE,Boleto
7039,2026-02-28,106,Sofá 3 Lugares,Móveis,1,2399.00,2399.00,Salvador,BA,Cartão Débito
7040,2026-02-28,101,Cadeira de Escritório,Móveis,2,629.91,1259.82,Fortaleza,CE,Pix
7041,2026-02-28,110,Carregador Turbo USB-C,Celulares e Acessórios,1,89.90,89.90,Goiânia,GO,Pix
7042,2026-02-28,113,Micro-ondas 30L,Eletrodomésticos,3,617.40,1852.20,Rio de Janeiro,RJ,Boleto
7043,2026-02-28,112,Micro-ondas 30L,Eletrodomésticos,3,617.40,1852.20,Curitiba,PR,Cartão Crédito
7044,2026-02-28,108,Controle Sem Fio,Games,3,314.91,944.73,Brasília,DF,Cartão Crédito
7045,2026-02-28,117,Airfryer 5L,Eletrodomésticos,3,429.90,1289.70,Campinas,SP,Pix
7046,2026-02-28,105,Smartphone 128GB,Celulares e Acessórios,2,1709.05,3418.10,São Paulo,SP,Pix
7047,2026-02-28,111,Teclado Mecânico,Informática,1,289.90,289.90,Curitiba,PR,Cartão Débito
7048,2026-02-28,106,Smartphone 128GB,Celulares e Acessórios,3,1799.00,5397.00,Campinas,SP,Boleto
7049,2026-02-28,113,Smartphone 128GB,Celulares e Acessórios,3,1619.10,4857.30,Recife,PE,Cartão Débito
7050,2026-02-28,118,Monitor Full HD 24pol,Informática,3,899.90,2699.70,São Paulo,SP,Boleto
7051,2026-02-28,113,Teclado Mecânico,Informática,1,289.90,289.90,Brasília,DF,Pix
7052,2026-02-28,109,Cadeira de Escritório,Móveis,2,699.90,1399.80,Goiânia,GO,Boleto
7053,2026-03-01,104,Fone Bluetooth,Celulares e Acessórios,1,199.90,199.90,Curitiba,PR,Cartão Crédito
7054,2026-03-01,110,Jogo de Aventura,Games,3,249.90,749.70,Santos,SP,Cartão Débito
7055,2026-03-01,109,Máquina de Lavar 12kg,Eletrodomésticos,2,2089.05,4178.10,Rio de Janeiro,RJ,Cartão Crédito
7056,2026-03-01,119,Esteira Elétrica,Esporte e Lazer,2,2899.00,5798.00,Belo Horizonte,MG,Cartão Crédito
7057,2026-03-01,115,Geladeira Frost Free 400L,Eletrodomésticos,1,3499.00,3499.00,Recife,PE,Cartão Crédito
7058,2026-03-01,103,Máquina de Lavar 12kg,Eletrodomésticos,2,2199.00,4398.00,Brasília,DF,Boleto
7059,2026-03-01,113,Controle Sem Fio,Games,2,297.42,594.84,Santos,SP,Cartão Débito
7060,2026-03-01,106,Fone Bluetooth,Celulares e Acessórios,4,199.90,799.60,Porto Alegre,RS,Cartão Débito
7061,2026-03-01,103,Controle Sem Fio,Games,1,349.90,349.90,Brasília,DF,Pix
7062,2026-03-01,106,Geladeira Frost Free 400L,Eletrodomésticos,2,3499.00,6998.00,Niterói,RJ,Cartão Débito
7063,2026-03-01,119,Console de Videogame,Games,1,2999.00,2999.00,Vitória da Conquista,BA,Pix
7064,2026-03-01,102,Smartphone 128GB,Celulares e Acessórios,3,1799.00,5397.00,Curitiba,PR,Pix
7065,2026-03-01,120,Mesa de Jantar 6 Cadeiras,Móveis,2,1899.00,3798.00,São Paulo,SP,Cartão Crédito
7066,2026-03-01,117,Micro-ondas 30L,Eletrodomésticos,1,584.91,584.91,Santos,SP,Cartão Débito
7067,2026-03-01,116,Monitor Full HD 24pol,Informática,1,764.92,764.92,Rio de Janeiro,RJ,Boleto
7068,2026-03-01,117,Micro-ondas 30L,Eletrodomésticos,1,649.90,649.90,São Paulo,SP,Pix
7069,2026-03-01,113,Airfryer 5L,Eletrodomésticos,4,408.40,1633.60,Curitiba,PR,Pix
7070,2026-03-01,119,Teclado Mecânico,Informática,4,289.90,1159.60,Salvador,BA,Cartão Débito
7071,2026-03-01,111,Controle Sem Fio,Games,2,332.40,664.80,Salvador,BA,Cartão Crédito
7072,2026-03-01,110,Jogo de Aventura,Games,5,249.90,1249.50,Salvador,BA,Pix
7073,2026-03-02,104,Máquina de Lavar 12kg,Eletrodomésticos,2,2199.00,4398.00,Porto Alegre,RS,Pix
7074,2026-03-02,106,Mouse Sem Fio,Informática,3,79.90,239.70,Salvador,BA,Pix
7075,2026-03-02,102,Controle Sem Fio,Games,1,314.91,314.91,Porto Alegre,RS,Cartão Crédito
7076,2026-03-02,116,Controle Sem Fio,Games,4,349.90,1399.60,Fortaleza,CE,Cartão Crédito
7077,2026-03-02,118,Notebook Core i5,Informática,2,3134.90,6269.80,Vitória da Conquista,BA,Cartão Crédito
7078,2026-03-02,104,Mouse Sem Fio,Informática,4,79.90,319.60,Santos,SP,Boleto
7079,2026-03-02,103,Smartphone 128GB,Celulares e Acessórios,2,1709.05,3418.10,Santos,SP,Pix
7080,2026-03-02,119,Bicicleta Aro 29,Esporte e Lazer,2,1799.00,3598.00,Niterói,RJ,Pix
7081,2026-03-02,103,Smartphone 128GB,Celulares e Acessórios,3,1709.05,5127.15,Curitiba,PR,Pix
7082,2026-03-02,102,Smartphone 128GB,Celulares e Acessórios,2,1799.00,3598.00,Vitória da Conquista,BA,Boleto
7083,2026-03-02,117,Geladeira Frost Free 400L,Eletrodomésticos,2,3149.10,6298.20,Rio de Janeiro,RJ,Pix
7084,2026-03-02,105,Esteira Elétrica,Esporte e Lazer,2,2899.00,5798.00,Fortaleza,CE,Cartão Crédito
7085,2026-03-02,116,Cadeira de Escritório,Móveis,1,699.90,699.90,Salvador,BA,Cartão Crédito
7086,2026-03-02,118,Kit Halteres 20kg,Esporte e Lazer,3,259.90,779.70,Brasília,DF,Cartão Débito
7087,2026-03-02,115,Mouse Sem Fio,Informática,3,79.90,239.70,Fortaleza,CE,Cartão Crédito
7088,2026-03-02,111,Geladeira Frost Free 400L,Eletrodomésticos,2,3499.00,6998.00,Santos,SP,Pix
7089,2026-03-02,109,Controle Sem Fio,Games,4,349.90,1399.60,Uberlândia,MG,Boleto
7090,2026-03-02,102,Smartphone 128GB,Celulares e Acessórios,2,1799.00,3598.00,Belo Horizonte,MG,Cartão Débito
7091,2026-03-02,110,Console de Videogame,Games,2,2699.10,5398.20,Rio de Janeiro,RJ,Boleto
7092,2026-03-02,104,Controle Sem Fio,Games,3,349.90,1049.70,Salvador,BA,Cartão Crédito
7093,2026-03-03,116,Mesa de Jantar 6 Cadeiras,Móveis,1,1899.00,1899.00,Rio de Janeiro,RJ,Boleto
7094,2026-03-03,115,Esteira Elétrica,Esporte e Lazer,1,2899.00,2899.00,Belo Horizonte,MG,Boleto
7095,2026-03-03,119,Notebook Core i5,Informática,2,3134.90,6269.80,Campinas,SP,Pix
7096,2026-03-03,102,Controle Sem Fio,Games,3,349.90,1049.70,Rio de Janeiro,RJ,Boleto
7097,2026-03-03,110,Teclado Mecânico,Informática,3,289.90,869.70,Goiânia,GO,Pix
7098,2026-03-03,107,Carregador Turbo USB-C,Celulares e Acessórios,2,85.40,170.80,Salvador,BA,Pix
7099,2026-03-03,116,Sofá 3 Lugares,Móveis,1,2039.15,2039.15,Belo Horizonte,MG,Cartão Débito
7100,2026-03-03,116,Notebook Core i5,Informática,1,3299.90,3299.90,Feira de Santana,BA,Cartão Crédito
7101,2026-03-03,119,Micro-ondas 30L,Eletrodomésticos,1,584.91,584.91,Curitiba,PR,Cartão Débito
7102,2026-03-03,119,Sofá 3 Lugares,Móveis,2,2399.00,4798.00,Campinas,SP,Cartão Crédito
7103,2026-03-03,102,Sofá 3 Lugares,Móveis,1,2159.10,2159.10,Fortaleza,CE,Pix
7104,2026-03-03,109,Airfryer 5L,Eletrodomésticos,2,408.40,816.80,Porto Alegre,RS,Boleto
7105,2026-03-03,112,Console de Videogame,Games,1,2999.00,2999.00,Santos,SP,Cartão Débito
7106,2026-03-03,105,Mouse Sem Fio,Informática,6,79.90,479.40,Rio de Janeiro,RJ,Cartão Débito
7107,2026-03-03,118,Console de Videogame,Games,2,2999.00,5998.00,Brasília,DF,Cartão Débito
7108,2026-03-03,110,Monitor Full HD 24pol,Informática,3,764.92,2294.76,Fortaleza,CE,Pix
7109,2026-03-03,109,Mesa de Jantar 6 Cadeiras,Móveis,2,1899.00,3798.00,Salvador,BA,Boleto
7110,2026-03-03,102,Monitor Full HD 24pol,Informática,3,809.91,2429.73,Rio de Janeiro,RJ,Pix
7111,2026-03-03,102,Fone Bluetooth,Celulares e Acessórios,1,189.90,189.90,Brasília,DF,Cartão Débito
7112,2026-03-03,116,Smartphone 128GB,Celulares e Acessórios,2,1709.05,3418.10,Uberlândia,MG,Boleto
7113,2026-03-03,113,Cadeira de Escritório,Móveis,2,699.90,1399.80,Salvador,BA,Boleto
7114,2026-03-04,103,Carregador Turbo USB-C,Celulares e Acessórios,2,80.91,161.82,Goiânia,GO,Cartão Crédito
7115,2026-03-04,102,Máquina de Lavar 12kg,Eletrodomésticos,1,2199.00,2199.00,Belo Horizonte,MG,Cartão Débito
7116,2026-03-04,111,Máquina de Lavar 12kg,Eletrodomésticos,1,2089.05,2089.05,Belo Horizonte,MG,Boleto
7117,2026-03-04,108,Mesa de Jantar 6 Cadeiras,Móveis,1,1899.00,1899.00,Brasília,DF,Boleto
7118,2026-03-04,119,Jogo de Aventura,Games,4,249.90,999.60,Recife,PE,Cartão Débito
7119,2026-03-04,102,Cadeira de Escritório,Móveis,1,699.90,699.90,Niterói,RJ,Pix
7120,2026-03-04,104,Bicicleta Aro 29,Esporte e Lazer,1,1799.00,1799.00,Rio de Janeiro,RJ,Cartão Débito
7121,2026-03-04,110,Geladeira Frost Free 400L,Eletrodomésticos,2,3499.00,6998.00,Vitória da Conquista,BA,Cartão Débito
7122,2026-03-04,112,Mesa de Jantar 6 Cadeiras,Móveis,1,1899.00,1899.00,Rio de Janeiro,RJ,Pix
7123,2026-03-04,105,Carregador Turbo USB-C,Celulares e Acessórios,5,89.90,449.50,Brasília,DF,Cartão Débito
7124,2026-03-04,110,Monitor Full HD 24pol,Informática,2,899.90,1799.80,Salvador,BA,Cartão Crédito
7125,2026-03-04,113,Mouse Sem Fio,Informática,4,79.90,319.60,Santos,SP,Cartão Débito
7126,2026-03-04,102,Kit Halteres 20kg,Esporte e Lazer,4,259.90,1039.60,Belo Horizonte,MG,Pix
7127,2026-03-04,118,Kit Halteres 20kg,Esporte e Lazer,1,259.90,259.90,Curitiba,PR,Cartão Débito
7128,2026-03-04,111,Máquina de Lavar 12kg,Eletrodomésticos,1,2199.00,2199.00,Recife,PE,Cartão Débito
7129,2026-03-04,106,Mesa de Jantar 6 Cadeiras,Móveis,2,1614.15,3228.30,Niterói,RJ,Cartão Crédito
7130,2026-03-05,118,Controle Sem Fio,Games,2,349.90,699.80,Feira de Santana,BA,Pix
7131,2026-03-05,111,Mesa de Jantar 6 Cadeiras,Móveis,1,1899.00,1899.00,Salvador,BA,Boleto
7132,2026-03-05,113,Mouse Sem Fio,Informática,4,75.90,303.60,Campinas,SP,Pix
7133,2026-03-05,109,Console de Videogame,Games,2,2999.00,5998.00,Uberlândia,MG,Cartão Débito
7134,2026-03-05,113,Jogo de Aventura,Games,5,224.91,1124.55,Porto Alegre,RS,Cartão Crédito
7135,2026-03-05,111,Mesa de Jantar 6 Cadeiras,Móveis,2,1709.10,3418.20,São Paulo,SP,Boleto
7136,2026-03-05,112,Airfryer 5L,Eletrodomésticos,4,429.90,1719.60,Porto Alegre,RS,Cartão Débito
7137,2026-03-05,110,Controle Sem Fio,Games,1,332.40,332.40,Niterói,RJ,Pix
7138,2026-03-05,108,Teclado Mecânico,Informática,2,289.90,579.80,Brasília,DF,Pix
7139,2026-03-05,104,Smartphone 128GB,Celulares e Acessórios,2,1799.00,3598.00,Curitiba,PR,Cartão Crédito
7140,2026-03-05,112,Airfryer 5L,Eletrodomésticos,3,408.40,1225.20,Fortaleza,CE,Pix
7141,2026-03-05,117,Console de Videogame,Games,1,2999.00,2999.00,Belo Horizonte,MG,Cartão Débito
7142,2026-03-05,104,Esteira Elétrica,Esporte e Lazer,2,2609.10,5218.20,Santos,SP,Pix
7143,2026-03-05,112,Console de Videogame,Games,2,2999.00,5998.00,São Paulo,SP,Pix
7144,2026-03-05,112,Teclado Mecânico,Informática,4,275.40,1101.60,Salvador,BA,Boleto
7145,2026-03-05,119,Notebook Core i5,Informática,2,3299.90,6599.80,São Paulo,SP,Pix
7146,2026-03-06,111,Teclado Mecânico,Informática,3,289.90,869.70,Salvador,BA,Cartão Crédito
7147,2026-03-06,112,Esteira Elétrica,Esporte e Lazer,2,2899.00,5798.00,Fortaleza,CE,Cartão Crédito
7148,2026-03-06,101,Esteira Elétrica,Esporte e Lazer,2,2899.00,5798.00,São Paulo,SP,Cartão Débito
7149,2026-03-06,118,Máquina de Lavar 12kg,Eletrodomésticos,1,2199.00,2199.00,Salvador,BA,Pix
7150,2026-03-06,108,Notebook Core i5,Informática,1,3134.90,3134.90,Santos,SP,Cartão Crédito
7151,2026-03-06,110,Sofá 3 Lugares,Móveis,1,2399.00,2399.00,Brasília,DF,Cartão Crédito
7152,2026-03-06,102,Controle Sem Fio,Games,1,349.90,349.90,São Paulo,SP,Cartão Crédito
7153,2026-03-06,107,Sofá 3 Lugares,Móveis,2,2279.05,4558.10,Salvador,BA,Cartão Débito
7154,2026-03-06,108,Esteira Elétrica,Esporte e Lazer,1,2899.00,2899.00,São Paulo,SP,Pix
7155,2026-03-06,116,Cadeira de Escritório,Móveis,4,699.90,2799.60,Brasília,DF,Cartão Débito
7156,2026-03-06,115,Jogo de Aventura,Games,1,224.91,224.91,Fortaleza,CE,Boleto
7157,2026-03-06,115,Geladeira Frost Free 400L,Eletrodomésticos,1,3499.00,3499.00,Feira de Santana,BA,Boleto
7158,2026-03-06,102,Airfryer 5L,Eletrodomésticos,1,429.90,429.90,Vitória da Conquista,BA,Pix
7159,2026-03-06,110,Airfryer 5L,Eletrodomésticos,3,365.42,1096.26,Campinas,SP,Cartão Débito
7160,2026-03-06,105,Máquina de Lavar 12kg,Eletrodomésticos,2,2199.00,4398.00,Rio de Janeiro,RJ,Cartão Crédito
7161,2026-03-07,101,Cadeira de Escritório,Móveis,2,664.90,1329.80,Fortaleza,CE,Pix
7162,2026-03-07,103,Kit Halteres 20kg,Esporte e Lazer,4,246.90,987.60,Uberlândia,MG,Cartão Crédito
7163,2026-03-07,118,Airfryer 5L,Eletrodomésticos,2,429.90,859.80,Feira de Santana,BA,Cartão Crédito
7164,2026-03-07,118,Controle Sem Fio,Games,1,349.90,349.90,Brasília,DF,Pix
7165,2026-03-07,117,Monitor Full HD 24pol,Informática,3,899.90,2699.70,Recife,PE,Cartão Crédito
7166,2026-03-07,102,Controle Sem Fio,Games,3,349.90,1049.70,Fortaleza,CE,Cartão Débito
7167,2026-03-07,112,Bicicleta Aro 29,Esporte e Lazer,2,1799.00,3598.00,Curitiba,PR,Cartão Débito
7168,2026-03-07,105,Airfryer 5L,Eletrodomésticos,1,429.90,429.90,Recife,PE,Cartão Débito
7169,2026-03-07,110,Mesa de Jantar 6 Cadeiras,Móveis,2,1899.00,3798.00,Recife,PE,Pix
7170,2026-03-07,108,Monitor Full HD 24pol,Informática,3,899.90,2699.70,Porto Alegre,RS,Cartão Crédito
7171,2026-03-07,112,Airfryer 5L,Eletrodomésticos,2,429.90,859.80,Recife,PE,Pix
7172,2026-03-07,111,Controle Sem Fio,Games,1,349.90,349.90,Vitória da Conquista,BA,Cartão Débito
7173,2026-03-07,103,Carregador Turbo USB-C,Celulares e Acessórios,3,89.90,269.70,Salvador,BA,Boleto
7174,2026-03-08,107,Fone Bluetooth,Celulares e Acessórios,2,199.90,399.80,Santos,SP,Boleto
7175,2026-03-08,111,Smartphone 128GB,Celulares e Acessórios,1,1799.00,1799.00,Belo Horizonte,MG,Boleto
7176,2026-03-08,120,Sofá 3 Lugares,Móveis,2,2399.00,4798.00,Belo Horizonte,MG,Boleto
7177,2026-03-08,111,Jogo de Aventura,Games,5,249.90,1249.50,Fortaleza,CE,Boleto
7178,2026-03-08,104,Cadeira de Escritório,Móveis,1,699.90,699.90,Niterói,RJ,Cartão Débito
7179,2026-03-08,112,Teclado Mecânico,Informática,3,260.91,782.73,Salvador,BA,Cartão Crédito
7180,2026-03-08,105,Fone Bluetooth,Celulares e Acessórios,3,199.90,599.70,Curitiba,PR,Pix
7181,2026-03-08,108,Console de Videogame,Games,1,2999.00,2999.00,Vitória da Conquista,BA,Cartão Crédito
7182,2026-03-08,106,Airfryer 5L,Eletrodomésticos,2,408.40,816.80,Salvador,BA,Boleto
7183,2026-03-08,102,Bicicleta Aro 29,Esporte e Lazer,1,1619.10,1619.10,Feira de Santana,BA,Pix
7184,2026-03-08,105,Esteira Elétrica,Esporte e Lazer,1,2609.10,2609.10,Recife,PE,Pix
7185,2026-03-08,103,Teclado Mecânico,Informática,2,275.40,550.80,Rio de Janeiro,RJ,Cartão Crédito
7186,2026-03-08,108,Monitor Full HD 24pol,Informática,3,899.90,2699.70,Uberlândia,MG,Boleto
7187,2026-03-08,103,Micro-ondas 30L,Eletrodomésticos,3,649.90,1949.70,Feira de Santana,BA,Pix
7188,2026-03-08,102,Máquina de Lavar 12kg,Eletrodomésticos,1,2199.00,2199.00,São Paulo,SP,Pix
7189,2026-03-08,118,Console de Videogame,Games,2,2999.00,5998.00,Campinas,SP,Boleto
7190,2026-03-08,104,Notebook Core i5,Informática,2,3299.90,6599.80,Santos,SP,Pix
7191,2026-03-08,112,Sofá 3 Lugares,Móveis,1,2399.00,2399.00,Niterói,RJ,Pix
7192,2026-03-08,119,Esteira Elétrica,Esporte e Lazer,1,2754.05,2754.05,Brasília,DF,Cartão Crédito
7193,2026-03-09,113,Airfryer 5L,Eletrodomésticos,4,408.40,1633.60,Uberlândia,MG,Cartão Crédito
7194,2026-03-09,119,Bicicleta Aro 29,Esporte e Lazer,2,1799.00,3598.00,Belo Horizonte,MG,Boleto
7195,2026-03-09,106,Jogo de Aventura,Games,5,249.90,1249.50,Goiânia,GO,Cartão Crédito
7196,2026-03-09,109,Console de Videogame,Games,2,2999.00,5998.00,Brasília,DF,Cartão Crédito
7197,2026-03-09,107,Sofá 3 Lugares,Móveis,2,2279.05,4558.10,Fortaleza,CE,Pix
7198,2026-03-09,110,Notebook Core i5,Informática,2,3134.90,6269.80,Recife,PE,Pix
7199,2026-03-09,119,Kit Halteres 20kg,Esporte e Lazer,2,259.90,519.80,Belo Horizonte,MG,Cartão Débito
7200,2026-03-09,112,Geladeira Frost Free 400L,Eletrodomésticos,1,3499.00,3499.00,São Paulo,SP,Cartão Crédito
7201,2026-03-09,110,Máquina de Lavar 12kg,Eletrodomésticos,1,2199.00,2199.00,Fortaleza,CE,Cartão Débito
7202,2026-03-09,109,Máquina de Lavar 12kg,Eletrodomésticos,2,2089.05,4178.10,São Paulo,SP,Cartão Débito
7203,2026-03-09,117,Sofá 3 Lugares,Móveis,2,2399.00,4798.00,Belo Horizonte,MG,Cartão Débito
7204,2026-03-09,107,Console de Videogame,Games,1,2999.00,2999.00,Uberlândia,MG,Cartão Crédito
7205,2026-03-09,107,Console de Videogame,Games,2,2999.00,5998.00,São Paulo,SP,Cartão Débito
7206,2026-03-09,107,Jogo de Aventura,Games,2,249.90,499.80,Belo Horizonte,MG,Pix
7207,2026-03-09,104,Fone Bluetooth,Celulares e Acessórios,2,189.90,379.80,Fortaleza,CE,Cartão Débito
7208,2026-03-10,117,Teclado Mecânico,Informática,3,289.90,869.70,Porto Alegre,RS,Boleto
7209,2026-03-10,106,Micro-ondas 30L,Eletrodomésticos,1,649.90,649.90,Curitiba,PR,Boleto
7210,2026-03-10,103,Monitor Full HD 24pol,Informática,1,854.90,854.90,Rio de Janeiro,RJ,Cartão Crédito
7211,2026-03-10,108,Mesa de Jantar 6 Cadeiras,Móveis,1,1899.00,1899.00,Salvador,BA,Pix
7212,2026-03-10,105,Controle Sem Fio,Games,4,349.90,1399.60,Campinas,SP,Cartão Crédito
7213,2026-03-10,118,Esteira Elétrica,Esporte e Lazer,2,2609.10,5218.20,Campinas,SP,Pix
7214,2026-03-10,107,Teclado Mecânico,Informática,1,289.90,289.90,Salvador,BA,Pix
7215,2026-03-10,112,Carregador Turbo USB-C,Celulares e Acessórios,6,89.90,539.40,Belo Horizonte,MG,Pix
7216,2026-03-10,102,Cadeira de Escritório,Móveis,3,699.90,2099.70,São Paulo,SP,Pix
7217,2026-03-10,111,Geladeira Frost Free 400L,Eletrodomésticos,1,3499.00,3499.00,Recife,PE,Pix
7218,2026-03-10,106,Carregador Turbo USB-C,Celulares e Acessórios,5,85.40,427.00,Curitiba,PR,Pix
7219,2026-03-10,111,Console de Videogame,Games,2,2699.10,5398.20,São Paulo,SP,Pix
7220,2026-03-10,101,Fone Bluetooth,Celulares e Acessórios,1,199.90,199.90,Santos,SP,Pix
7221,2026-03-10,117,Teclado Mecânico,Informática,3,289.90,869.70,Brasília,DF,Cartão Débito
7222,2026-03-10,112,Controle Sem Fio,Games,3,349.90,1049.70,Rio de Janeiro,RJ,Cartão Crédito
7223,2026-03-10,106,Máquina de Lavar 12kg,Eletrodomésticos,2,2199.00,4398.00,Belo Horizonte,MG,Boleto
7224,2026-03-10,107,Airfryer 5L,Eletrodomésticos,1,429.90,429.90,Feira de Santana,BA,Pix
7225,2026-03-10,120,Carregador Turbo USB-C,Celulares e Acessórios,6,85.40,512.40,Brasília,DF,Boleto
7226,2026-03-10,107,Airfryer 5L,Eletrodomésticos,2,386.91,773.82,Uberlândia,MG,Cartão Débito
7227,2026-03-10,112,Sofá 3 Lugares,Móveis,1,2279.05,2279.05,Porto Alegre,RS,Pix
7228,2026-03-11,117,Controle Sem Fio,Games,4,314.91,1259.64,Rio de Janeiro,RJ,Pix
7229,2026-03-11,104,Smartphone 128GB,Celulares e Acessórios,3,1709.05,5127.15,Campinas,SP,Boleto
7230,2026-03-11,111,Cadeira de Escritório,Móveis,3,699.90,2099.70,Salvador,BA,Cartão Crédito
7231,2026-03-11,108,Cadeira de Escritório,Móveis,1,699.90,699.90,Curitiba,PR,Boleto
7232,2026-03-11,119,Controle Sem Fio,Games,1,332.40,332.40,Curitiba,PR,Pix
7233,2026-03-11,119,Controle Sem Fio,Games,2,332.40,664.80,Campinas,SP,Cartão Débito
7234,2026-03-11,103,Jogo de Aventura,Games,2,249.90,499.80,Porto Alegre,RS,Cartão Crédito
7235,2026-03-11,116,Jogo de Aventura,Games,5,249.90,1249.50,Fortaleza,CE,Boleto
7236,2026-03-11,110,Controle Sem Fio,Games,1,349.90,349.90,Fortaleza,CE,Cartão Crédito
7237,2026-03-11,110,Airfryer 5L,Eletrodomésticos,3,386.91,1160.73,Fortaleza,CE,Cartão Crédito
7238,2026-03-11,118,Carregador Turbo USB-C,Celulares e Acessórios,5,89.90,449.50,Porto Alegre,RS,Cartão Débito
7239,2026-03-11,110,Máquina de Lavar 12kg,Eletrodomésticos,1,2199.00,2199.00,Rio de Janeiro,RJ,Cartão Crédito
7240,2026-03-11,101,Geladeira Frost Free 400L,Eletrodomésticos,2,3499.00,6998.00,Curitiba,PR,Boleto
7241,2026-03-11,116,Cadeira de Escritório,Móveis,4,664.90,2659.60,Niterói,RJ,Boleto
7242,2026-03-11,108,Geladeira Frost Free 400L,Eletrodomésticos,2,3324.05,6648.10,Vitória da Conquista,BA,Cartão Crédito
7243,2026-03-11,108,Máquina de Lavar 12kg,Eletrodomésticos,2,2199.00,4398.00,Fortaleza,CE,Pix
7244,2026-03-11,118,Esteira Elétrica,Esporte e Lazer,1,2899.00,2899.00,Rio de Janeiro,RJ,Cartão Crédito
7245,2026-03-11,115,Sofá 3 Lugares,Móveis,2,2399.00,4798.00,Curitiba,PR,Cartão Crédito
7246,2026-03-11,112,Carregador Turbo USB-C,Celulares e Acessórios,5,89.90,449.50,Santos,SP,Pix
7247,2026-03-11,104,Kit Halteres 20kg,Esporte e Lazer,4,259.90,1039.60,Santos,SP,Pix
7248,2026-03-11,101,Controle Sem Fio,Games,2,349.90,699.80,Niterói,RJ,Pix
7249,2026-03-11,111,Fone Bluetooth,Celulares e Acessórios,1,199.90,199.90,Recife,PE,Cartão Crédito
7250,2026-03-12,119,Controle Sem Fio,Games,1,349.90,349.90,Niterói,RJ,Pix
7251,2026-03-12,117,Console de Videogame,Games,1,2999.00,2999.00,Salvador,BA,Boleto
7252,2026-03-12,116,Máquina de Lavar 12kg,Eletrodomésticos,1,2199.00,2199.00,Campinas,SP,Cartão Débito
7253,2026-03-12,119,Monitor Full HD 24pol,Informática,1,899.90,899.90,Salvador,BA,Cartão Débito
7254,2026-03-12,107,Teclado Mecânico,Informática,3,275.40,826.20,Niterói,RJ,Pix
7255,2026-03-12,119,Airfryer 5L,Eletrodomésticos,2,429.90,859.80,Niterói,RJ,Cartão Crédito
7256,2026-03-12,103,Geladeira Frost Free 400L,Eletrodomésticos,1,3324.05,3324.05,Feira de Santana,BA,Pix
7257,2026-03-12,115,Console de Videogame,Games,1,2999.00,2999.00,Rio de Janeiro,RJ,Cartão Crédito
7258,2026-03-12,105,Esteira Elétrica,Esporte e Lazer,1,2899.00,2899.00,Curitiba,PR,Cartão Débito
7259,2026-03-12,107,Notebook Core i5,Informática,1,3299.90,3299.90,Salvador,BA,Cartão Débito
7260,2026-03-12,101,Esteira Elétrica,Esporte e Lazer,1,2899.00,2899.00,Goiânia,GO,Pix
7261,2026-03-12,116,Airfryer 5L,Eletrodomésticos,1,365.42,365.42,Niterói,RJ,Cartão Crédito
7262,2026-03-12,117,Bicicleta Aro 29,Esporte e Lazer,1,1799.00,1799.00,Campinas,SP,Boleto
7263,2026-03-12,104,Máquina de Lavar 12kg,Eletrodomésticos,1,2199.00,2199.00,Santos,SP,Cartão Crédito
7264,2026-03-12,101,Teclado Mecânico,Informática,1,289.90,289.90,Salvador,BA,Cartão Débito
7265,2026-03-12,102,Airfryer 5L,Eletrodomésticos,3,408.40,1225.20,São Paulo,SP,Pix
7266,2026-03-12,106,Console de Videogame,Games,2,2999.00,5998.00,Goiânia,GO,Cartão Crédito
7267,2026-03-12,108,Fone Bluetooth,Celulares e Acessórios,1,199.90,199.90,Porto Alegre,RS,Cartão Crédito
7268,2026-03-12,102,Sofá 3 Lugares,Móveis,1,2399.00,2399.00,Belo Horizonte,MG,Cartão Débito
7269,2026-03-12,107,Controle Sem Fio,Games,3,314.91,944.73,Brasília,DF,Boleto
7270,2026-03-12,108,Bicicleta Aro 29,Esporte e Lazer,1,1529.15,1529.15,Curitiba,PR,Pix
7271,2026-03-12,103,Sofá 3 Lugares,Móveis,1,2399.00,2399.00,Recife,PE,Cartão Débito
7272,2026-03-12,110,Geladeira Frost Free 400L,Eletrodomésticos,2,2974.15,5948.30,Brasília,DF,Cartão Crédito
7273,2026-03-12,117,Monitor Full HD 24pol,Informática,2,899.90,1799.80,Belo Horizonte,MG,Cartão Débito
7274,2026-03-13,111,Airfryer 5L,Eletrodomésticos,1,408.40,408.40,Vitória da Conquista,BA,Boleto
7275,2026-03-13,109,Controle Sem Fio,Games,3,349.90,1049.70,Curitiba,PR,Cartão Crédito
7276,2026-03-13,104,Notebook Core i5,Informática,1,3299.90,3299.90,Feira de Santana,BA,Boleto
7277,2026-03-13,109,Console de Videogame,Games,1,2849.05,2849.05,Recife,PE,Pix
7278,2026-03-13,112,Máquina de Lavar 12kg,Eletrodomésticos,1,2199.00,2199.00,Rio de Janeiro,RJ,Pix
7279,2026-03-13,105,Airfryer 5L,Eletrodomésticos,1,365.42,365.42,Vitória da Conquista,BA,Cartão Débito
7280,2026-03-13,111,Console de Videogame,Games,1,2999.00,2999.00,Belo Horizonte,MG,Cartão Crédito
7281,2026-03-13,109,Notebook Core i5,Informática,1,3299.90,3299.90,Fortaleza,CE,Pix
7282,2026-03-13,103,Monitor Full HD 24pol,Informática,2,809.91,1619.82,Campinas,SP,Pix
7283,2026-03-13,105,Carregador Turbo USB-C,Celulares e Acessórios,2,89.90,179.80,Salvador,BA,Cartão Débito
7284,2026-03-13,108,Esteira Elétrica,Esporte e Lazer,1,2899.00,2899.00,Feira de Santana,BA,Cartão Crédito
7285,2026-03-13,104,Mouse Sem Fio,Informática,2,79.90,159.80,Campinas,SP,Cartão Crédito
7286,2026-03-14,120,Airfryer 5L,Eletrodomésticos,2,429.90,859.80,Brasília,DF,Cartão Débito
7287,2026-03-14,120,Carregador Turbo USB-C,Celulares e Acessórios,3,89.90,269.70,São Paulo,SP,Cartão Débito
7288,2026-03-14,110,Mesa de Jantar 6 Cadeiras,Móveis,1,1899.00,1899.00,Goiânia,GO,Cartão Crédito
7289,2026-03-14,102,Sofá 3 Lugares,Móveis,2,2399.00,4798.00,Brasília,DF,Pix
7290,2026-03-14,107,Smartphone 128GB,Celulares e Acessórios,3,1799.00,5397.00,Porto Alegre,RS,Boleto
7291,2026-03-14,101,Carregador Turbo USB-C,Celulares e Acessórios,4,89.90,359.60,Rio de Janeiro,RJ,Boleto
7292,2026-03-14,120,Teclado Mecânico,Informática,4,289.90,1159.60,Curitiba,PR,Pix
7293,2026-03-14,105,Cadeira de Escritório,Móveis,2,699.90,1399.80,Feira de Santana,BA,Pix
7294,2026-03-14,105,Máquina de Lavar 12kg,Eletrodomésticos,1,2199.00,2199.00,Salvador,BA,Cartão Débito
7295,2026-03-14,107,Esteira Elétrica,Esporte e Lazer,2,2899.00,5798.00,Fortaleza,CE,Pix
7296,2026-03-14,119,Console de Videogame,Games,2,2549.15,5098.30,São Paulo,SP,Pix
7297,2026-03-14,118,Jogo de Aventura,Games,3,249.90,749.70,Recife,PE,Cartão Crédito
7298,2026-03-14,106,Smartphone 128GB,Celulares e Acessórios,1,1799.00,1799.00,São Paulo,SP,Pix
7299,2026-03-14,112,Smartphone 128GB,Celulares e Acessórios,1,1799.00,1799.00,São Paulo,SP,Boleto
7300,2026-03-14,112,Teclado Mecânico,Informática,2,289.90,579.80,Porto Alegre,RS,Pix
7301,2026-03-14,119,Teclado Mecânico,Informática,4,289.90,1159.60,Fortaleza,CE,Cartão Crédito
7302,2026-03-14,112,Console de Videogame,Games,1,2999.00,2999.00,Salvador,BA,Cartão Débito
7303,2026-03-15,113,Cadeira de Escritório,Móveis,3,699.90,2099.70,São Paulo,SP,Boleto
7304,2026-03-15,120,Geladeira Frost Free 400L,Eletrodomésticos,1,3149.10,3149.10,Porto Alegre,RS,Pix
7305,2026-03-15,119,Kit Halteres 20kg,Esporte e Lazer,1,259.90,259.90,Uberlândia,MG,Cartão Crédito
7306,2026-03-15,119,Cadeira de Escritório,Móveis,3,699.90,2099.70,Salvador,BA,Cartão Débito
7307,2026-03-15,106,Kit Halteres 20kg,Esporte e Lazer,2,259.90,519.80,Porto Alegre,RS,Pix
7308,2026-03-15,109,Mouse Sem Fio,Informática,1,75.90,75.90,Salvador,BA,Pix
7309,2026-03-15,103,Teclado Mecânico,Informática,2,275.40,550.80,Vitória da Conquista,BA,Cartão Crédito
7310,2026-03-15,117,Geladeira Frost Free 400L,Eletrodomésticos,1,3499.00,3499.00,Feira de Santana,BA,Pix
7311,2026-03-15,108,Geladeira Frost Free 400L,Eletrodomésticos,2,3149.10,6298.20,Campinas,SP,Cartão Crédito
7312,2026-03-15,116,Jogo de Aventura,Games,4,249.90,999.60,Recife,PE,Boleto
7313,2026-03-15,115,Micro-ondas 30L,Eletrodomésticos,1,649.90,649.90,Recife,PE,Cartão Crédito
7314,2026-03-15,111,Kit Halteres 20kg,Esporte e Lazer,4,246.90,987.60,Uberlândia,MG,Pix
7315,2026-03-15,107,Geladeira Frost Free 400L,Eletrodomésticos,1,3499.00,3499.00,São Paulo,SP,Pix
7316,2026-03-15,106,Console de Videogame,Games,2,2999.00,5998.00,Porto Alegre,RS,Cartão Crédito
7317,2026-03-15,102,Esteira Elétrica,Esporte e Lazer,2,2899.00,5798.00,Brasília,DF,Cartão Débito
7318,2026-03-16,110,Carregador Turbo USB-C,Celulares e Acessórios,4,89.90,359.60,Rio de Janeiro,RJ,Pix
7319,2026-03-16,106,Airfryer 5L,Eletrodomésticos,3,429.90,1289.70,Santos,SP,Boleto
7320,2026-03-16,119,Controle Sem Fio,Games,2,349.90,699.80,São Paulo,SP,Cartão Crédito
7321,2026-03-16,118,Jogo de Aventura,Games,3,249.90,749.70,Niterói,RJ,Cartão Débito
7322,2026-03-16,105,Teclado Mecânico,Informática,4,289.90,1159.60,Rio de Janeiro,RJ,Cartão Crédito
7323,2026-03-16,119,Notebook Core i5,Informática,1,3299.90,3299.90,Belo Horizonte,MG,Pix
7324,2026-03-16,116,Carregador Turbo USB-C,Celulares e Acessórios,5,80.91,404.55,Uberlândia,MG,Boleto
7325,2026-03-16,109,Mesa de Jantar 6 Cadeiras,Móveis,2,1899.00,3798.00,Salvador,BA,Boleto
7326,2026-03-16,106,Geladeira Frost Free 400L,Eletrodomésticos,2,3499.00,6998.00,Goiânia,GO,Pix
7327,2026-03-16,120,Controle Sem Fio,Games,3,349.90,1049.70,Fortaleza,CE,Boleto
7328,2026-03-16,104,Micro-ondas 30L,Eletrodomésticos,2,649.90,1299.80,São Paulo,SP,Cartão Crédito
7329,2026-03-16,118,Controle Sem Fio,Games,4,349.90,1399.60,Santos,SP,Pix
7330,2026-03-16,112,Mesa de Jantar 6 Cadeiras,Móveis,1,1709.10,1709.10,Goiânia,GO,Cartão Débito
7331,2026-03-16,113,Máquina de Lavar 12kg,Eletrodomésticos,2,1979.10,3958.20,São Paulo,SP,Cartão Débito
7332,2026-03-16,108,Console de Videogame,Games,2,2999.00,5998.00,Salvador,BA,Cartão Crédito
7333,2026-03-16,110,Máquina de Lavar 12kg,Eletrodomésticos,2,2199.00,4398.00,Goiânia,GO,Boleto
7334,2026-03-16,106,Jogo de Aventura,Games,2,249.90,499.80,São Paulo,SP,Pix
7335,2026-03-16,109,Teclado Mecânico,Informática,3,275.40,826.20,Rio de Janeiro,RJ,Cartão Débito
7336,2026-03-17,104,Monitor Full HD 24pol,Informática,1,899.90,899.90,Brasília,DF,Cartão Crédito
7337,2026-03-17,120,Console de Videogame,Games,2,2699.10,5398.20,Feira de Santana,BA,Pix
7338,2026-03-17,115,Console de Videogame,Games,1,2849.05,2849.05,Brasília,DF,Pix
7339,2026-03-17,116,Micro-ondas 30L,Eletrodomésticos,1,584.91,584.91,Vitória da Conquista,BA,Pix
7340,2026-03-17,102,Carregador Turbo USB-C,Celulares e Acessórios,1,89.90,89.90,Goiânia,GO,Boleto
7341,2026-03-17,105,Sofá 3 Lugares,Móveis,1,2279.05,2279.05,Goiânia,GO,Boleto
7342,2026-03-17,104,Cadeira de Escritório,Móveis,2,699.90,1399.80,Curitiba,PR,Boleto
7343,2026-03-17,120,Máquina de Lavar 12kg,Eletrodomésticos,2,2089.05,4178.10,Fortaleza,CE,Cartão Débito
7344,2026-03-17,118,Kit Halteres 20kg,Esporte e Lazer,1,259.90,259.90,Salvador,BA,Cartão Débito
7345,2026-03-17,103,Bicicleta Aro 29,Esporte e Lazer,2,1799.00,3598.00,Recife,PE,Cartão Crédito
7346,2026-03-17,109,Airfryer 5L,Eletrodomésticos,3,408.40,1225.20,Recife,PE,Boleto
7347,2026-03-17,119,Mesa de Jantar 6 Cadeiras,Móveis,1,1899.00,1899.00,Curitiba,PR,Boleto
7348,2026-03-17,102,Notebook Core i5,Informática,1,3299.90,3299.90,Uberlândia,MG,Cartão Débito
7349,2026-03-17,110,Console de Videogame,Games,1,2999.00,2999.00,Vitória da Conquista,BA,Cartão Débito
7350,2026-03-17,104,Notebook Core i5,Informática,2,3299.90,6599.80,Salvador,BA,Pix
7351,2026-03-17,102,Smartphone 128GB,Celulares e Acessórios,2,1799.00,3598.00,Salvador,BA,Cartão Crédito
7352,2026-03-17,102,Console de Videogame,Games,2,2999.00,5998.00,Curitiba,PR,Cartão Débito
7353,2026-03-17,115,Kit Halteres 20kg,Esporte e Lazer,4,246.90,987.60,Porto Alegre,RS,Boleto
7354,2026-03-17,119,Kit Halteres 20kg,Esporte e Lazer,2,259.90,519.80,Brasília,DF,Cartão Crédito
7355,2026-03-17,110,Sofá 3 Lugares,Móveis,1,2399.00,2399.00,Belo Horizonte,MG,Cartão Crédito
7356,2026-03-17,104,Teclado Mecânico,Informática,1,275.40,275.40,São Paulo,SP,Pix
7357,2026-03-17,113,Esteira Elétrica,Esporte e Lazer,1,2754.05,2754.05,Porto Alegre,RS,Cartão Crédito
7358,2026-03-17,102,Console de Videogame,Games,2,2999.00,5998.00,Porto Alegre,RS,Pix
7359,2026-03-18,103,Sofá 3 Lugares,Móveis,2,2399.00,4798.00,Porto Alegre,RS,Pix
7360,2026-03-18,109,Bicicleta Aro 29,Esporte e Lazer,1,1709.05,1709.05,Vitória da Conquista,BA,Cartão Débito
7361,2026-03-18,112,Esteira Elétrica,Esporte e Lazer,2,2899.00,5798.00,Salvador,BA,Cartão Débito
7362,2026-03-18,103,Geladeira Frost Free 400L,Eletrodomésticos,2,3149.10,6298.20,São Paulo,SP,Pix
7363,2026-03-18,106,Jogo de Aventura,Games,2,237.40,474.80,Porto Alegre,RS,Cartão Débito
7364,2026-03-18,115,Smartphone 128GB,Celulares e Acessórios,3,1619.10,4857.30,Feira de Santana,BA,Boleto
7365,2026-03-18,105,Sofá 3 Lugares,Móveis,1,2399.00,2399.00,Campinas,SP,Boleto
7366,2026-03-18,119,Airfryer 5L,Eletrodomésticos,1,429.90,429.90,Belo Horizonte,MG,Boleto
7367,2026-03-18,111,Controle Sem Fio,Games,3,349.90,1049.70,Recife,PE,Cartão Crédito
7368,2026-03-18,118,Jogo de Aventura,Games,2,249.90,499.80,Goiânia,GO,Pix
7369,2026-03-18,111,Sofá 3 Lugares,Móveis,1,2159.10,2159.10,Rio de Janeiro,RJ,Boleto
7370,2026-03-18,107,Kit Halteres 20kg,Esporte e Lazer,4,259.90,1039.60,Santos,SP,Pix
7371,2026-03-18,115,Monitor Full HD 24pol,Informática,1,899.90,899.90,Curitiba,PR,Cartão Crédito
7372,2026-03-19,103,Jogo de Aventura,Games,5,249.90,1249.50,Belo Horizonte,MG,Pix
7373,2026-03-19,113,Airfryer 5L,Eletrodomésticos,3,386.91,1160.73,Fortaleza,CE,Pix
7374,2026-03-19,110,Smartphone 128GB,Celulares e Acessórios,3,1709.05,5127.15,São Paulo,SP,Pix
7375,2026-03-19,108,Micro-ondas 30L,Eletrodomésticos,3,649.90,1949.70,Fortaleza,CE,Cartão Débito
7376,2026-03-19,115,Teclado Mecânico,Informática,1,260.91,260.91,Rio de Janeiro,RJ,Boleto
7377,2026-03-19,113,Mesa de Jantar 6 Cadeiras,Móveis,2,1614.15,3228.30,Santos,SP,Pix
7378,2026-03-19,111,Kit Halteres 20kg,Esporte e Lazer,3,259.90,779.70,Recife,PE,Cartão Crédito
7379,2026-03-19,104,Cadeira de Escritório,Móveis,1,594.92,594.92,Niterói,RJ,Boleto
7380,2026-03-19,115,Kit Halteres 20kg,Esporte e Lazer,2,259.90,519.80,São Paulo,SP,Boleto
7381,2026-03-19,117,Smartphone 128GB,Celulares e Acessórios,1,1799.00,1799.00,Brasília,DF,Pix
7382,2026-03-19,108,Teclado Mecânico,Informática,4,289.90,1159.60,Vitória da Conquista,BA,Cartão Débito
7383,2026-03-19,105,Carregador Turbo USB-C,Celulares e Acessórios,6,89.90,539.40,Santos,SP,Pix
7384,2026-03-19,119,Airfryer 5L,Eletrodomésticos,2,429.90,859.80,Goiânia,GO,Boleto
7385,2026-03-19,118,Esteira Elétrica,Esporte e Lazer,1,2754.05,2754.05,São Paulo,SP,Boleto
7386,2026-03-19,105,Mesa de Jantar 6 Cadeiras,Móveis,1,1899.00,1899.00,Feira de Santana,BA,Cartão Débito
7387,2026-03-19,120,Geladeira Frost Free 400L,Eletrodomésticos,2,3499.00,6998.00,Rio de Janeiro,RJ,Pix
7388,2026-03-19,106,Controle Sem Fio,Games,2,349.90,699.80,Belo Horizonte,MG,Cartão Débito
7389,2026-03-20,102,Notebook Core i5,Informática,1,3299.90,3299.90,Porto Alegre,RS,Cartão Crédito
7390,2026-03-20,107,Sofá 3 Lugares,Móveis,1,2399.00,2399.00,Uberlândia,MG,Cartão Crédito
7391,2026-03-20,110,Esteira Elétrica,Esporte e Lazer,2,2464.15,4928.30,Rio de Janeiro,RJ,Pix
7392,2026-03-20,120,Jogo de Aventura,Games,3,249.90,749.70,São Paulo,SP,Boleto
7393,2026-03-20,116,Airfryer 5L,Eletrodomésticos,4,429.90,1719.60,Campinas,SP,Pix
7394,2026-03-20,109,Monitor Full HD 24pol,Informática,3,899.90,2699.70,Campinas,SP,Pix
7395,2026-03-20,109,Esteira Elétrica,Esporte e Lazer,2,2899.00,5798.00,Recife,PE,Cartão Crédito
7396,2026-03-20,118,Smartphone 128GB,Celulares e Acessórios,1,1799.00,1799.00,Porto Alegre,RS,Cartão Débito
7397,2026-03-20,109,Mesa de Jantar 6 Cadeiras,Móveis,1,1614.15,1614.15,Niterói,RJ,Cartão Crédito
7398,2026-03-20,120,Smartphone 128GB,Celulares e Acessórios,3,1709.05,5127.15,Fortaleza,CE,Cartão Débito
7399,2026-03-20,116,Teclado Mecânico,Informática,2,289.90,579.80,São Paulo,SP,Cartão Débito
7400,2026-03-20,117,Bicicleta Aro 29,Esporte e Lazer,2,1709.05,3418.10,Brasília,DF,Cartão Crédito
7401,2026-03-20,116,Notebook Core i5,Informática,2,3299.90,6599.80,Fortaleza,CE,Boleto
7402,2026-03-21,111,Mesa de Jantar 6 Cadeiras,Móveis,1,1804.05,1804.05,Porto Alegre,RS,Cartão Crédito
7403,2026-03-21,120,Sofá 3 Lugares,Móveis,2,2279.05,4558.10,Uberlândia,MG,Cartão Crédito
7404,2026-03-21,120,Micro-ondas 30L,Eletrodomésticos,3,649.90,1949.70,São Paulo,SP,Pix
7405,2026-03-21,120,Cadeira de Escritório,Móveis,2,699.90,1399.80,Porto Alegre,RS,Pix
7406,2026-03-21,116,Esteira Elétrica,Esporte e Lazer,2,2899.00,5798.00,Feira de Santana,BA,Cartão Crédito
7407,2026-03-21,115,Airfryer 5L,Eletrodomésticos,1,429.90,429.90,Salvador,BA,Pix
7408,2026-03-21,111,Mouse Sem Fio,Informática,6,67.92,407.52,Salvador,BA,Boleto
7409,2026-03-21,112,Sofá 3 Lugares,Móveis,1,2399.00,2399.00,Rio de Janeiro,RJ,Cartão Débito
7410,2026-03-21,109,Mesa de Jantar 6 Cadeiras,Móveis,2,1614.15,3228.30,Salvador,BA,Cartão Débito
7411,2026-03-21,101,Sofá 3 Lugares,Móveis,1,2399.00,2399.00,Brasília,DF,Pix
7412,2026-03-21,116,Controle Sem Fio,Games,4,297.42,1189.68,Vitória da Conquista,BA,Cartão Crédito
7413,2026-03-21,101,Mesa de Jantar 6 Cadeiras,Móveis,2,1899.00,3798.00,Campinas,SP,Pix
7414,2026-03-21,117,Sofá 3 Lugares,Móveis,1,2279.05,2279.05,Curitiba,PR,Pix
7415,2026-03-21,109,Teclado Mecânico,Informática,3,289.90,869.70,Rio de Janeiro,RJ,Cartão Crédito
7416,2026-03-22,102,Notebook Core i5,Informática,2,3299.90,6599.80,Curitiba,PR,Pix
7417,2026-03-22,117,Mouse Sem Fio,Informática,5,79.90,399.50,Recife,PE,Pix
7418,2026-03-22,109,Esteira Elétrica,Esporte e Lazer,1,2899.00,2899.00,Fortaleza,CE,Pix
7419,2026-03-22,104,Kit Halteres 20kg,Esporte e Lazer,4,259.90,1039.60,Campinas,SP,Cartão Crédito
7420,2026-03-22,108,Bicicleta Aro 29,Esporte e Lazer,1,1709.05,1709.05,Curitiba,PR,Boleto
7421,2026-03-22,111,Smartphone 128GB,Celulares e Acessórios,1,1529.15,1529.15,Belo Horizonte,MG,Pix
7422,2026-03-22,112,Mouse Sem Fio,Informática,6,79.90,479.40,Porto Alegre,RS,Cartão Débito
7423,2026-03-22,106,Esteira Elétrica,Esporte e Lazer,2,2754.05,5508.10,Recife,PE,Cartão Débito
7424,2026-03-22,108,Geladeira Frost Free 400L,Eletrodomésticos,1,3324.05,3324.05,Recife,PE,Cartão Débito
7425,2026-03-22,105,Mesa de Jantar 6 Cadeiras,Móveis,1,1899.00,1899.00,Salvador,BA,Pix
7426,2026-03-22,116,Micro-ondas 30L,Eletrodomésticos,2,617.40,1234.80,Brasília,DF,Cartão Crédito
7427,2026-03-22,119,Jogo de Aventura,Games,3,237.40,712.20,Goiânia,GO,Cartão Crédito
7428,2026-03-22,116,Controle Sem Fio,Games,3,314.91,944.73,Rio de Janeiro,RJ,Cartão Crédito
7429,2026-03-22,120,Esteira Elétrica,Esporte e Lazer,1,2899.00,2899.00,Curitiba,PR,Cartão Débito
7430,2026-03-23,111,Mouse Sem Fio,Informática,4,79.90,319.60,Curitiba,PR,Cartão Débito
7431,2026-03-23,102,Console de Videogame,Games,2,2999.00,5998.00,São Paulo,SP,Cartão Crédito
7432,2026-03-23,102,Carregador Turbo USB-C,Celulares e Acessórios,3,89.90,269.70,Campinas,SP,Pix
7433,2026-03-23,106,Console de Videogame,Games,2,2699.10,5398.20,Curitiba,PR,Cartão Crédito
7434,2026-03-23,104,Micro-ondas 30L,Eletrodomésticos,1,617.40,617.40,Porto Alegre,RS,Boleto
7435,2026-03-23,115,Kit Halteres 20kg,Esporte e Lazer,4,259.90,1039.60,Porto Alegre,RS,Cartão Crédito
7436,2026-03-23,112,Controle Sem Fio,Games,1,349.90,349.90,Salvador,BA,Pix
7437,2026-03-23,108,Máquina de Lavar 12kg,Eletrodomésticos,2,2199.00,4398.00,Recife,PE,Cartão Crédito
7438,2026-03-23,106,Sofá 3 Lugares,Móveis,1,2279.05,2279.05,Porto Alegre,RS,Boleto
7439,2026-03-23,117,Smartphone 128GB,Celulares e Acessórios,2,1799.00,3598.00,Fortaleza,CE,Pix
7440,2026-03-23,110,Cadeira de Escritório,Móveis,4,699.90,2799.60,Vitória da Conquista,BA,Boleto
7441,2026-03-23,101,Jogo de Aventura,Games,3,237.40,712.20,São Paulo,SP,Boleto
7442,2026-03-23,115,Console de Videogame,Games,1,2999.00,2999.00,Goiânia,GO,Cartão Débito
7443,2026-03-23,113,Kit Halteres 20kg,Esporte e Lazer,1,259.90,259.90,Rio de Janeiro,RJ,Boleto
7444,2026-03-23,109,Esteira Elétrica,Esporte e Lazer,2,2899.00,5798.00,Vitória da Conquista,BA,Cartão Crédito
7445,2026-03-23,113,Bicicleta Aro 29,Esporte e Lazer,1,1799.00,1799.00,Belo Horizonte,MG,Cartão Crédito
7446,2026-03-23,109,Smartphone 128GB,Celulares e Acessórios,3,1799.00,5397.00,Recife,PE,Cartão Crédito
7447,2026-03-23,112,Smartphone 128GB,Celulares e Acessórios,2,1799.00,3598.00,Recife,PE,Boleto
7448,2026-03-24,105,Kit Halteres 20kg,Esporte e Lazer,1,259.90,259.90,Fortaleza,CE,Cartão Débito
7449,2026-03-24,103,Jogo de Aventura,Games,2,237.40,474.80,São Paulo,SP,Cartão Débito
7450,2026-03-24,116,Cadeira de Escritório,Móveis,4,699.90,2799.60,Porto Alegre,RS,Cartão Débito
7451,2026-03-24,110,Smartphone 128GB,Celulares e Acessórios,1,1799.00,1799.00,Vitória da Conquista,BA,Cartão Crédito
7452,2026-03-24,110,Esteira Elétrica,Esporte e Lazer,1,2899.00,2899.00,Rio de Janeiro,RJ,Pix
7453,2026-03-24,105,Jogo de Aventura,Games,2,249.90,499.80,Niterói,RJ,Boleto
7454,2026-03-24,103,Console de Videogame,Games,1,2999.00,2999.00,Salvador,BA,Cartão Crédito
7455,2026-03-24,103,Kit Halteres 20kg,Esporte e Lazer,1,259.90,259.90,Santos,SP,Cartão Débito
7456,2026-03-24,115,Controle Sem Fio,Games,2,349.90,699.80,Rio de Janeiro,RJ,Cartão Crédito
7457,2026-03-25,119,Monitor Full HD 24pol,Informática,3,854.90,2564.70,Rio de Janeiro,RJ,Cartão Débito
7458,2026-03-25,117,Controle Sem Fio,Games,1,332.40,332.40,Salvador,BA,Cartão Débito
7459,2026-03-25,113,Geladeira Frost Free 400L,Eletrodomésticos,2,3499.00,6998.00,Rio de Janeiro,RJ,Pix
7460,2026-03-25,104,Teclado Mecânico,Informática,4,289.90,1159.60,Uberlândia,MG,Cartão Crédito
7461,2026-03-25,106,Smartphone 128GB,Celulares e Acessórios,3,1799.00,5397.00,Fortaleza,CE,Pix
7462,2026-03-25,118,Sofá 3 Lugares,Móveis,1,2399.00,2399.00,Santos,SP,Cartão Débito
7463,2026-03-25,106,Máquina de Lavar 12kg,Eletrodomésticos,2,1979.10,3958.20,Vitória da Conquista,BA,Cartão Crédito
7464,2026-03-25,107,Airfryer 5L,Eletrodomésticos,3,429.90,1289.70,Santos,SP,Boleto
7465,2026-03-25,116,Carregador Turbo USB-C,Celulares e Acessórios,5,89.90,449.50,Salvador,BA,Pix
7466,2026-03-25,116,Micro-ondas 30L,Eletrodomésticos,1,649.90,649.90,Feira de Santana,BA,Boleto
7467,2026-03-25,118,Cadeira de Escritório,Móveis,3,699.90,2099.70,Salvador,BA,Pix
7468,2026-03-25,120,Geladeira Frost Free 400L,Eletrodomésticos,2,3499.00,6998.00,Belo Horizonte,MG,Boleto
7469,2026-03-26,115,Carregador Turbo USB-C,Celulares e Acessórios,4,85.40,341.60,São Paulo,SP,Boleto
7470,2026-03-26,117,Micro-ondas 30L,Eletrodomésticos,1,617.40,617.40,Vitória da Conquista,BA,Pix
7471,2026-03-26,107,Geladeira Frost Free 400L,Eletrodomésticos,1,3499.00,3499.00,Brasília,DF,Boleto
7472,2026-03-26,109,Mouse Sem Fio,Informática,1,67.92,67.92,Uberlândia,MG,Cartão Crédito
7473,2026-03-26,116,Airfryer 5L,Eletrodomésticos,4,429.90,1719.60,Santos,SP,Cartão Débito
7474,2026-03-26,119,Fone Bluetooth,Celulares e Acessórios,2,199.90,399.80,Fortaleza,CE,Boleto
7475,2026-03-26,117,Teclado Mecânico,Informática,3,289.90,869.70,Goiânia,GO,Cartão Débito
7476,2026-03-26,117,Jogo de Aventura,Games,1,249.90,249.90,Rio de Janeiro,RJ,Cartão Crédito
7477,2026-03-26,104,Controle Sem Fio,Games,2,349.90,699.80,Curitiba,PR,Pix
7478,2026-03-26,120,Kit Halteres 20kg,Esporte e Lazer,1,259.90,259.90,Santos,SP,Cartão Débito
7479,2026-03-27,111,Teclado Mecânico,Informática,3,260.91,782.73,Fortaleza,CE,Cartão Crédito
7480,2026-03-27,116,Smartphone 128GB,Celulares e Acessórios,1,1709.05,1709.05,Salvador,BA,Boleto
7481,2026-03-27,118,Sofá 3 Lugares,Móveis,2,2399.00,4798.00,Recife,PE,Cartão Débito
7482,2026-03-27,115,Mouse Sem Fio,Informática,5,79.90,399.50,Brasília,DF,Pix
7483,2026-03-27,110,Monitor Full HD 24pol,Informática,2,854.90,1709.80,Recife,PE,Cartão Crédito
7484,2026-03-27,104,Console de Videogame,Games,2,2849.05,5698.10,São Paulo,SP,Cartão Débito
7485,2026-03-27,113,Mouse Sem Fio,Informática,2,79.90,159.80,Goiânia,GO,Cartão Crédito
7486,2026-03-27,120,Micro-ondas 30L,Eletrodomésticos,3,649.90,1949.70,Salvador,BA,Cartão Crédito
7487,2026-03-27,110,Máquina de Lavar 12kg,Eletrodomésticos,2,1979.10,3958.20,Recife,PE,Pix
7488,2026-03-27,119,Máquina de Lavar 12kg,Eletrodomésticos,2,2199.00,4398.00,Recife,PE,Cartão Crédito
7489,2026-03-28,111,Micro-ondas 30L,Eletrodomésticos,1,649.90,649.90,Rio de Janeiro,RJ,Pix
7490,2026-03-28,117,Micro-ondas 30L,Eletrodomésticos,3,649.90,1949.70,Goiânia,GO,Cartão Crédito
7491,2026-03-28,108,Máquina de Lavar 12kg,Eletrodomésticos,2,2199.00,4398.00,Niterói,RJ,Cartão Débito
7492,2026-03-28,113,Smartphone 128GB,Celulares e Acessórios,2,1799.00,3598.00,Rio de Janeiro,RJ,Boleto
7493,2026-03-28,112,Monitor Full HD 24pol,Informática,2,899.90,1799.80,Rio de Janeiro,RJ,Pix
7494,2026-03-28,118,Bicicleta Aro 29,Esporte e Lazer,1,1799.00,1799.00,Brasília,DF,Cartão Crédito
7495,2026-03-28,118,Carregador Turbo USB-C,Celulares e Acessórios,1,89.90,89.90,Belo Horizonte,MG,Cartão Crédito
7496,2026-03-28,108,Mouse Sem Fio,Informática,3,79.90,239.70,Salvador,BA,Cartão Crédito
7497,2026-03-28,116,Sofá 3 Lugares,Móveis,2,2399.00,4798.00,Rio de Janeiro,RJ,Cartão Crédito
7498,2026-03-28,102,Micro-ondas 30L,Eletrodomésticos,2,649.90,1299.80,Salvador,BA,Pix
7499,2026-03-28,105,Micro-ondas 30L,Eletrodomésticos,2,649.90,1299.80,Campinas,SP,Cartão Crédito
7500,2026-03-28,120,Kit Halteres 20kg,Esporte e Lazer,4,259.90,1039.60,São Paulo,SP,Cartão Débito
7501,2026-03-28,101,Teclado Mecânico,Informática,4,289.90,1159.60,Rio de Janeiro,RJ,Cartão Débito
7502,2026-03-28,120,Controle Sem Fio,Games,4,349.90,1399.60,Vitória da Conquista,BA,Boleto
7503,2026-03-28,112,Notebook Core i5,Informática,1,3299.90,3299.90,Recife,PE,Pix
7504,2026-03-28,111,Kit Halteres 20kg,Esporte e Lazer,3,259.90,779.70,Porto Alegre,RS,Boleto
7505,2026-03-28,112,Controle Sem Fio,Games,4,332.40,1329.60,Salvador,BA,Cartão Débito
7506,2026-03-28,103,Sofá 3 Lugares,Móveis,2,2399.00,4798.00,Rio de Janeiro,RJ,Pix
7507,2026-03-29,104,Fone Bluetooth,Celulares e Acessórios,2,179.91,359.82,Porto Alegre,RS,Pix
7508,2026-03-29,116,Esteira Elétrica,Esporte e Lazer,2,2899.00,5798.00,Santos,SP,Boleto
7509,2026-03-29,101,Cadeira de Escritório,Móveis,1,699.90,699.90,Rio de Janeiro,RJ,Pix
7510,2026-03-29,110,Jogo de Aventura,Games,1,249.90,249.90,Salvador,BA,Boleto
7511,2026-03-29,109,Controle Sem Fio,Games,3,349.90,1049.70,Brasília,DF,Cartão Crédito
7512,2026-03-29,107,Monitor Full HD 24pol,Informática,1,899.90,899.90,Niterói,RJ,Cartão Crédito
7513,2026-03-29,108,Controle Sem Fio,Games,2,349.90,699.80,Goiânia,GO,Pix
7514,2026-03-29,118,Monitor Full HD 24pol,Informática,1,899.90,899.90,São Paulo,SP,Pix
7515,2026-03-29,106,Carregador Turbo USB-C,Celulares e Acessórios,3,85.40,256.20,Curitiba,PR,Cartão Crédito
7516,2026-03-29,102,Controle Sem Fio,Games,1,314.91,314.91,Salvador,BA,Cartão Crédito
7517,2026-03-29,112,Teclado Mecânico,Informática,3,289.90,869.70,Belo Horizonte,MG,Boleto
7518,2026-03-29,120,Sofá 3 Lugares,Móveis,1,2279.05,2279.05,Salvador,BA,Boleto
7519,2026-03-29,118,Máquina de Lavar 12kg,Eletrodomésticos,2,2199.00,4398.00,Salvador,BA,Cartão Crédito
7520,2026-03-29,107,Smartphone 128GB,Celulares e Acessórios,1,1799.00,1799.00,Goiânia,GO,Cartão Débito
7521,2026-03-29,102,Console de Videogame,Games,2,2999.00,5998.00,Niterói,RJ,Boleto
7522,2026-03-29,101,Esteira Elétrica,Esporte e Lazer,1,2899.00,2899.00,Brasília,DF,Cartão Débito
7523,2026-03-29,119,Mouse Sem Fio,Informática,3,79.90,239.70,São Paulo,SP,Cartão Crédito
7524,2026-03-30,104,Máquina de Lavar 12kg,Eletrodomésticos,1,2089.05,2089.05,Salvador,BA,Boleto
7525,2026-03-30,115,Bicicleta Aro 29,Esporte e Lazer,1,1799.00,1799.00,Belo Horizonte,MG,Cartão Débito
7526,2026-03-30,120,Sofá 3 Lugares,Móveis,2,2039.15,4078.30,Niterói,RJ,Cartão Crédito
7527,2026-03-30,106,Sofá 3 Lugares,Móveis,2,2399.00,4798.00,Feira de Santana,BA,Boleto
7528,2026-03-30,113,Sofá 3 Lugares,Móveis,1,2399.00,2399.00,São Paulo,SP,Pix
7529,2026-03-30,108,Carregador Turbo USB-C,Celulares e Acessórios,6,76.42,458.52,Curitiba,PR,Boleto
7530,2026-03-30,110,Esteira Elétrica,Esporte e Lazer,1,2899.00,2899.00,São Paulo,SP,Pix
7531,2026-03-30,110,Monitor Full HD 24pol,Informática,1,899.90,899.90,Niterói,RJ,Cartão Débito
7532,2026-03-30,106,Carregador Turbo USB-C,Celulares e Acessórios,4,89.90,359.60,Porto Alegre,RS,Pix
7533,2026-03-30,106,Smartphone 128GB,Celulares e Acessórios,3,1799.00,5397.00,Fortaleza,CE,Cartão Débito
7534,2026-03-30,113,Geladeira Frost Free 400L,Eletrodomésticos,2,3149.10,6298.20,Salvador,BA,Cartão Crédito
7535,2026-03-30,107,Monitor Full HD 24pol,Informática,1,899.90,899.90,Niterói,RJ,Pix
7536,2026-03-30,103,Controle Sem Fio,Games,4,332.40,1329.60,Salvador,BA,Boleto
7537,2026-03-30,113,Micro-ondas 30L,Eletrodomésticos,2,584.91,1169.82,Uberlândia,MG,Pix
7538,2026-03-30,115,Cadeira de Escritório,Móveis,1,664.90,664.90,Campinas,SP,Cartão Débito
7539,2026-03-30,108,Mouse Sem Fio,Informática,5,79.90,399.50,Campinas,SP,Cartão Crédito
7540,2026-03-30,118,Carregador Turbo USB-C,Celulares e Acessórios,2,85.40,170.80,Curitiba,PR,Pix
7541,2026-03-30,119,Carregador Turbo USB-C,Celulares e Acessórios,5,89.90,449.50,Campinas,SP,Pix
7542,2026-03-30,109,Esteira Elétrica,Esporte e Lazer,1,2899.00,2899.00,Rio de Janeiro,RJ,Cartão Débito
7543,2026-03-31,103,Smartphone 128GB,Celulares e Acessórios,1,1529.15,1529.15,Fortaleza,CE,Cartão Crédito
7544,2026-03-31,103,Carregador Turbo USB-C,Celulares e Acessórios,5,80.91,404.55,Salvador,BA,Cartão Crédito
7545,2026-03-31,105,Notebook Core i5,Informática,2,3299.90,6599.80,Curitiba,PR,Cartão Crédito
7546,2026-03-31,104,Esteira Elétrica,Esporte e Lazer,1,2609.10,2609.10,Belo Horizonte,MG,Boleto
7547,2026-03-31,109,Cadeira de Escritório,Móveis,4,699.90,2799.60,Curitiba,PR,Cartão Crédito
7548,2026-03-31,105,Kit Halteres 20kg,Esporte e Lazer,2,259.90,519.80,Vitória da Conquista,BA,Cartão Crédito
7549,2026-03-31,112,Micro-ondas 30L,Eletrodomésticos,2,649.90,1299.80,Salvador,BA,Pix
7550,2026-03-31,104,Mouse Sem Fio,Informática,6,79.90,479.40,Fortaleza,CE,Cartão Crédito
7551,2026-03-31,102,Carregador Turbo USB-C,Celulares e Acessórios,4,89.90,359.60,Brasília,DF,Cartão Débito
7552,2026-03-31,108,Jogo de Aventura,Games,1,249.90,249.90,Uberlândia,MG,Cartão Crédito
7553,2026-03-31,105,Carregador Turbo USB-C,Celulares e Acessórios,6,80.91,485.46,Uberlândia,MG,Cartão Crédito
7554,2026-03-31,107,Cadeira de Escritório,Móveis,2,629.91,1259.82,Goiânia,GO,Boleto
7555,2026-03-31,101,Mouse Sem Fio,Informática,5,79.90,399.50,Goiânia,GO,Cartão Crédito
7556,2026-03-31,103,Bicicleta Aro 29,Esporte e Lazer,2,1619.10,3238.20,Curitiba,PR,Cartão Débito
7557,2026-03-31,110,Airfryer 5L,Eletrodomésticos,3,365.42,1096.26,Vitória da Conquista,BA,Cartão Débito
7558,2026-03-31,107,Controle Sem Fio,Games,2,349.90,699.80,Porto Alegre,RS,Boleto
7559,2026-03-31,108,Cadeira de Escritório,Móveis,1,699.90,699.90,Recife,PE,Cartão Crédito
7560,2026-03-31,112,Carregador Turbo USB-C,Celulares e Acessórios,5,89.90,449.50,Santos,SP,Cartão Débito
7561,2026-03-31,115,Teclado Mecânico,Informática,4,275.40,1101.60,Santos,SP,Cartão Crédito
7562,2026-03-31,113,Bicicleta Aro 29,Esporte e Lazer,2,1799.00,3598.00,Porto Alegre,RS,Cartão Débito
7563,2026-03-31,102,Console de Videogame,Games,1,2999.00,2999.00,Rio de Janeiro,RJ,Pix
7564,2026-04-01,119,Smartphone 128GB,Celulares e Acessórios,2,1709.05,3418.10,Belo Horizonte,MG,Cartão Débito
7565,2026-04-01,109,Esteira Elétrica,Esporte e Lazer,2,2899.00,5798.00,Feira de Santana,BA,Cartão Crédito
7566,2026-04-01,117,Monitor Full HD 24pol,Informática,1,899.90,899.90,Belo Horizonte,MG,Cartão Débito
7567,2026-04-01,108,Jogo de Aventura,Games,4,249.90,999.60,Porto Alegre,RS,Pix
7568,2026-04-01,112,Notebook Core i5,Informática,2,3299.90,6599.80,Brasília,DF,Cartão Crédito
7569,2026-04-01,115,Cadeira de Escritório,Móveis,4,594.92,2379.68,Uberlândia,MG,Cartão Débito
7570,2026-04-01,109,Mesa de Jantar 6 Cadeiras,Móveis,1,1899.00,1899.00,Feira de Santana,BA,Cartão Crédito
7571,2026-04-01,101,Kit Halteres 20kg,Esporte e Lazer,2,259.90,519.80,Feira de Santana,BA,Cartão Débito
7572,2026-04-01,120,Sofá 3 Lugares,Móveis,1,2399.00,2399.00,Recife,PE,Pix
7573,2026-04-01,116,Teclado Mecânico,Informática,1,289.90,289.90,Fortaleza,CE,Boleto
7574,2026-04-01,107,Jogo de Aventura,Games,5,212.42,1062.10,São Paulo,SP,Pix
7575,2026-04-01,104,Smartphone 128GB,Celulares e Acessórios,3,1799.00,5397.00,São Paulo,SP,Pix
7576,2026-04-01,115,Carregador Turbo USB-C,Celulares e Acessórios,5,89.90,449.50,Salvador,BA,Pix
7577,2026-04-01,104,Bicicleta Aro 29,Esporte e Lazer,2,1799.00,3598.00,Salvador,BA,Pix
7578,2026-04-01,102,Cadeira de Escritório,Móveis,4,699.90,2799.60,Rio de Janeiro,RJ,Pix
7579,2026-04-01,106,Sofá 3 Lugares,Móveis,2,2399.00,4798.00,Feira de Santana,BA,Boleto
7580,2026-04-01,118,Fone Bluetooth,Celulares e Acessórios,2,199.90,399.80,Porto Alegre,RS,Cartão Crédito
7581,2026-04-01,101,Controle Sem Fio,Games,2,314.91,629.82,São Paulo,SP,Cartão Crédito
7582,2026-04-01,109,Jogo de Aventura,Games,1,237.40,237.40,Feira de Santana,BA,Pix
7583,2026-04-01,104,Jogo de Aventura,Games,4,224.91,899.64,Recife,PE,Cartão Crédito
7584,2026-04-01,103,Smartphone 128GB,Celulares e Acessórios,1,1709.05,1709.05,Vitória da Conquista,BA,Cartão Crédito
7585,2026-04-02,102,Airfryer 5L,Eletrodomésticos,3,408.40,1225.20,Porto Alegre,RS,Cartão Débito
7586,2026-04-02,117,Jogo de Aventura,Games,3,249.90,749.70,Santos,SP,Pix
7587,2026-04-02,110,Monitor Full HD 24pol,Informática,2,899.90,1799.80,Niterói,RJ,Boleto
7588,2026-04-02,112,Teclado Mecânico,Informática,4,289.90,1159.60,Rio de Janeiro,RJ,Pix
7589,2026-04-02,108,Geladeira Frost Free 400L,Eletrodomésticos,1,3324.05,3324.05,Feira de Santana,BA,Cartão Crédito
7590,2026-04-02,116,Micro-ondas 30L,Eletrodomésticos,1,649.90,649.90,Salvador,BA,Cartão Crédito
7591,2026-04-02,106,Mesa de Jantar 6 Cadeiras,Móveis,1,1899.00,1899.00,Porto Alegre,RS,Cartão Débito
7592,2026-04-02,116,Notebook Core i5,Informática,2,2969.91,5939.82,Brasília,DF,Boleto
7593,2026-04-02,109,Controle Sem Fio,Games,4,349.90,1399.60,Santos,SP,Cartão Débito
7594,2026-04-02,112,Cadeira de Escritório,Móveis,3,699.90,2099.70,Niterói,RJ,Cartão Crédito
7595,2026-04-02,103,Kit Halteres 20kg,Esporte e Lazer,3,259.90,779.70,Recife,PE,Cartão Débito
7596,2026-04-02,102,Jogo de Aventura,Games,4,237.40,949.60,Fortaleza,CE,Boleto
7597,2026-04-02,116,Smartphone 128GB,Celulares e Acessórios,1,1799.00,1799.00,Vitória da Conquista,BA,Cartão Crédito
7598,2026-04-02,117,Teclado Mecânico,Informática,2,289.90,579.80,Vitória da Conquista,BA,Cartão Crédito
7599,2026-04-02,111,Monitor Full HD 24pol,Informática,3,899.90,2699.70,Salvador,BA,Pix
7600,2026-04-02,119,Mouse Sem Fio,Informática,4,79.90,319.60,Fortaleza,CE,Boleto
7601,2026-04-02,120,Mouse Sem Fio,Informática,4,79.90,319.60,Goiânia,GO,Cartão Débito
7602,2026-04-02,110,Esteira Elétrica,Esporte e Lazer,1,2899.00,2899.00,Curitiba,PR,Boleto
7603,2026-04-02,105,Cadeira de Escritório,Móveis,3,699.90,2099.70,Curitiba,PR,Pix
7604,2026-04-03,106,Kit Halteres 20kg,Esporte e Lazer,3,246.90,740.70,Rio de Janeiro,RJ,Pix
7605,2026-04-03,112,Sofá 3 Lugares,Móveis,1,2399.00,2399.00,Rio de Janeiro,RJ,Pix
7606,2026-04-03,113,Notebook Core i5,Informática,2,2804.92,5609.84,São Paulo,SP,Cartão Crédito
7607,2026-04-03,107,Console de Videogame,Games,2,2999.00,5998.00,Rio de Janeiro,RJ,Pix
7608,2026-04-03,119,Micro-ondas 30L,Eletrodomésticos,3,649.90,1949.70,Salvador,BA,Boleto
7609,2026-04-03,113,Console de Videogame,Games,2,2999.00,5998.00,Salvador,BA,Cartão Débito
7610,2026-04-03,118,Esteira Elétrica,Esporte e Lazer,1,2754.05,2754.05,Santos,SP,Pix
7611,2026-04-03,104,Geladeira Frost Free 400L,Eletrodomésticos,1,3499.00,3499.00,Belo Horizonte,MG,Cartão Crédito
7612,2026-04-03,118,Controle Sem Fio,Games,1,349.90,349.90,Niterói,RJ,Cartão Débito
7613,2026-04-03,115,Sofá 3 Lugares,Móveis,2,2159.10,4318.20,São Paulo,SP,Cartão Crédito
7614,2026-04-03,107,Mouse Sem Fio,Informática,2,79.90,159.80,Salvador,BA,Boleto
7615,2026-04-03,104,Monitor Full HD 24pol,Informática,1,854.90,854.90,Goiânia,GO,Boleto
7616,2026-04-03,109,Cadeira de Escritório,Móveis,1,699.90,699.90,Porto Alegre,RS,Cartão Crédito
7617,2026-04-03,110,Bicicleta Aro 29,Esporte e Lazer,2,1709.05,3418.10,Brasília,DF,Cartão Crédito
7618,2026-04-03,120,Cadeira de Escritório,Móveis,4,664.90,2659.60,Salvador,BA,Pix
7619,2026-04-03,106,Console de Videogame,Games,1,2999.00,2999.00,Porto Alegre,RS,Boleto
7620,2026-04-03,116,Cadeira de Escritório,Móveis,4,664.90,2659.60,Goiânia,GO,Pix
7621,2026-04-03,103,Bicicleta Aro 29,Esporte e Lazer,2,1799.00,3598.00,São Paulo,SP,Cartão Crédito
7622,2026-04-03,113,Jogo de Aventura,Games,4,249.90,999.60,Recife,PE,Cartão Crédito
7623,2026-04-03,108,Mouse Sem Fio,Informática,2,79.90,159.80,Porto Alegre,RS,Pix
7624,2026-04-03,110,Esteira Elétrica,Esporte e Lazer,2,2899.00,5798.00,São Paulo,SP,Cartão Débito
7625,2026-04-04,118,Monitor Full HD 24pol,Informática,1,854.90,854.90,Santos,SP,Cartão Crédito
7626,2026-04-04,116,Airfryer 5L,Eletrodomésticos,3,429.90,1289.70,Goiânia,GO,Cartão Crédito
7627,2026-04-04,102,Mouse Sem Fio,Informática,4,79.90,319.60,Brasília,DF,Pix
7628,2026-04-04,110,Sofá 3 Lugares,Móveis,1,2159.10,2159.10,São Paulo,SP,Boleto
7629,2026-04-04,117,Console de Videogame,Games,2,2999.00,5998.00,Curitiba,PR,Cartão Débito
7630,2026-04-04,105,Teclado Mecânico,Informática,1,275.40,275.40,Curitiba,PR,Cartão Crédito
7631,2026-04-04,115,Smartphone 128GB,Celulares e Acessórios,1,1799.00,1799.00,Fortaleza,CE,Cartão Crédito
7632,2026-04-04,117,Mesa de Jantar 6 Cadeiras,Móveis,1,1709.10,1709.10,Vitória da Conquista,BA,Pix
7633,2026-04-04,120,Kit Halteres 20kg,Esporte e Lazer,1,259.90,259.90,Rio de Janeiro,RJ,Cartão Débito
7634,2026-04-04,118,Bicicleta Aro 29,Esporte e Lazer,1,1799.00,1799.00,São Paulo,SP,Boleto
7635,2026-04-04,112,Notebook Core i5,Informática,2,3134.90,6269.80,Porto Alegre,RS,Cartão Débito
7636,2026-04-04,105,Smartphone 128GB,Celulares e Acessórios,2,1799.00,3598.00,Santos,SP,Pix
7637,2026-04-05,108,Bicicleta Aro 29,Esporte e Lazer,1,1799.00,1799.00,Fortaleza,CE,Pix
7638,2026-04-05,115,Bicicleta Aro 29,Esporte e Lazer,2,1709.05,3418.10,Brasília,DF,Cartão Crédito
7639,2026-04-05,112,Smartphone 128GB,Celulares e Acessórios,3,1529.15,4587.45,Feira de Santana,BA,Cartão Crédito
7640,2026-04-05,111,Bicicleta Aro 29,Esporte e Lazer,2,1799.00,3598.00,Feira de Santana,BA,Pix
7641,2026-04-05,106,Fone Bluetooth,Celulares e Acessórios,2,199.90,399.80,Salvador,BA,Cartão Débito
7642,2026-04-05,119,Micro-ondas 30L,Eletrodomésticos,1,649.90,649.90,Vitória da Conquista,BA,Cartão Crédito
7643,2026-04-05,110,Console de Videogame,Games,1,2999.00,2999.00,Belo Horizonte,MG,Boleto
7644,2026-04-05,107,Micro-ondas 30L,Eletrodomésticos,2,649.90,1299.80,Niterói,RJ,Pix
7645,2026-04-05,106,Bicicleta Aro 29,Esporte e Lazer,2,1799.00,3598.00,Recife,PE,Cartão Crédito
7646,2026-04-05,104,Mouse Sem Fio,Informática,1,79.90,79.90,São Paulo,SP,Cartão Débito
7647,2026-04-06,115,Airfryer 5L,Eletrodomésticos,1,408.40,408.40,Rio de Janeiro,RJ,Pix
7648,2026-04-06,110,Mouse Sem Fio,Informática,4,79.90,319.60,Goiânia,GO,Pix
7649,2026-04-06,118,Micro-ondas 30L,Eletrodomésticos,3,649.90,1949.70,Curitiba,PR,Cartão Crédito
7650,2026-04-06,115,Airfryer 5L,Eletrodomésticos,2,429.90,859.80,Goiânia,GO,Cartão Débito
7651,2026-04-06,115,Mouse Sem Fio,Informática,6,79.90,479.40,Fortaleza,CE,Cartão Débito
7652,2026-04-06,101,Monitor Full HD 24pol,Informática,1,854.90,854.90,Belo Horizonte,MG,Cartão Crédito
7653,2026-04-06,111,Geladeira Frost Free 400L,Eletrodomésticos,1,3499.00,3499.00,Porto Alegre,RS,Pix
7654,2026-04-06,113,Mesa de Jantar 6 Cadeiras,Móveis,2,1899.00,3798.00,Belo Horizonte,MG,Pix
7655,2026-04-06,106,Mouse Sem Fio,Informática,6,75.90,455.40,Santos,SP,Boleto
7656,2026-04-06,107,Kit Halteres 20kg,Esporte e Lazer,1,246.90,246.90,Brasília,DF,Cartão Débito
7657,2026-04-06,110,Airfryer 5L,Eletrodomésticos,1,429.90,429.90,Belo Horizonte,MG,Boleto
7658,2026-04-06,117,Cadeira de Escritório,Móveis,1,594.92,594.92,Campinas,SP,Boleto
7659,2026-04-06,119,Cadeira de Escritório,Móveis,2,699.90,1399.80,São Paulo,SP,Pix
7660,2026-04-06,103,Fone Bluetooth,Celulares e Acessórios,1,169.92,169.92,Salvador,BA,Pix
7661,2026-04-06,107,Teclado Mecânico,Informática,2,246.42,492.84,Niterói,RJ,Boleto
7662,2026-04-07,113,Mesa de Jantar 6 Cadeiras,Móveis,1,1899.00,1899.00,Rio de Janeiro,RJ,Cartão Crédito
7663,2026-04-07,101,Esteira Elétrica,Esporte e Lazer,1,2899.00,2899.00,Vitória da Conquista,BA,Boleto
7664,2026-04-07,105,Teclado Mecânico,Informática,2,289.90,579.80,Porto Alegre,RS,Boleto
7665,2026-04-07,108,Geladeira Frost Free 400L,Eletrodomésticos,2,2974.15,5948.30,Fortaleza,CE,Pix
7666,2026-04-07,120,Esteira Elétrica,Esporte e Lazer,2,2899.00,5798.00,Curitiba,PR,Pix
7667,2026-04-07,108,Sofá 3 Lugares,Móveis,1,2399.00,2399.00,Goiânia,GO,Cartão Débito
7668,2026-04-07,106,Sofá 3 Lugares,Móveis,2,2159.10,4318.20,Salvador,BA,Cartão Crédito
7669,2026-04-07,106,Geladeira Frost Free 400L,Eletrodomésticos,1,3499.00,3499.00,Santos,SP,Cartão Débito
7670,2026-04-07,106,Airfryer 5L,Eletrodomésticos,3,429.90,1289.70,Recife,PE,Pix
7671,2026-04-07,116,Kit Halteres 20kg,Esporte e Lazer,4,220.92,883.68,Salvador,BA,Boleto
7672,2026-04-07,102,Carregador Turbo USB-C,Celulares e Acessórios,3,80.91,242.73,Rio de Janeiro,RJ,Cartão Débito
7673,2026-04-07,109,Airfryer 5L,Eletrodomésticos,2,429.90,859.80,Porto Alegre,RS,Boleto
7674,2026-04-07,116,Notebook Core i5,Informática,2,3299.90,6599.80,Niterói,RJ,Cartão Crédito
7675,2026-04-07,120,Mouse Sem Fio,Informática,6,79.90,479.40,Rio de Janeiro,RJ,Cartão Crédito
7676,2026-04-07,103,Mesa de Jantar 6 Cadeiras,Móveis,2,1899.00,3798.00,Rio de Janeiro,RJ,Cartão Crédito
7677,2026-04-08,102,Micro-ondas 30L,Eletrodomésticos,2,649.90,1299.80,Santos,SP,Cartão Crédito
7678,2026-04-08,117,Sofá 3 Lugares,Móveis,1,2159.10,2159.10,Curitiba,PR,Pix
7679,2026-04-08,116,Monitor Full HD 24pol,Informática,1,899.90,899.90,Belo Horizonte,MG,Cartão Crédito
7680,2026-04-08,120,Sofá 3 Lugares,Móveis,2,2399.00,4798.00,Porto Alegre,RS,Cartão Débito
7681,2026-04-08,115,Teclado Mecânico,Informática,2,289.90,579.80,Brasília,DF,Pix
7682,2026-04-08,120,Geladeira Frost Free 400L,Eletrodomésticos,1,3499.00,3499.00,Niterói,RJ,Pix
7683,2026-04-08,110,Máquina de Lavar 12kg,Eletrodomésticos,2,2199.00,4398.00,São Paulo,SP,Boleto
7684,2026-04-08,101,Console de Videogame,Games,2,2999.00,5998.00,São Paulo,SP,Pix
7685,2026-04-08,105,Sofá 3 Lugares,Móveis,2,2399.00,4798.00,Recife,PE,Cartão Débito
7686,2026-04-08,112,Console de Videogame,Games,1,2999.00,2999.00,Curitiba,PR,Cartão Crédito
7687,2026-04-08,105,Mesa de Jantar 6 Cadeiras,Móveis,2,1899.00,3798.00,Campinas,SP,Cartão Crédito
7688,2026-04-08,115,Bicicleta Aro 29,Esporte e Lazer,2,1619.10,3238.20,Campinas,SP,Cartão Débito
7689,2026-04-08,101,Carregador Turbo USB-C,Celulares e Acessórios,5,85.40,427.00,São Paulo,SP,Cartão Débito
7690,2026-04-08,119,Smartphone 128GB,Celulares e Acessórios,2,1799.00,3598.00,Brasília,DF,Pix
7691,2026-04-09,112,Máquina de Lavar 12kg,Eletrodomésticos,2,2199.00,4398.00,Brasília,DF,Pix
7692,2026-04-09,112,Smartphone 128GB,Celulares e Acessórios,1,1799.00,1799.00,Campinas,SP,Cartão Crédito
7693,2026-04-09,108,Cadeira de Escritório,Móveis,2,664.90,1329.80,Santos,SP,Cartão Débito
7694,2026-04-09,119,Carregador Turbo USB-C,Celulares e Acessórios,6,89.90,539.40,Santos,SP,Pix
7695,2026-04-09,104,Sofá 3 Lugares,Móveis,1,2399.00,2399.00,São Paulo,SP,Cartão Débito
7696,2026-04-09,113,Monitor Full HD 24pol,Informática,2,854.90,1709.80,Porto Alegre,RS,Pix
7697,2026-04-09,113,Mesa de Jantar 6 Cadeiras,Móveis,2,1899.00,3798.00,Belo Horizonte,MG,Cartão Crédito
7698,2026-04-09,108,Monitor Full HD 24pol,Informática,3,899.90,2699.70,Belo Horizonte,MG,Pix
7699,2026-04-09,120,Mouse Sem Fio,Informática,3,79.90,239.70,Rio de Janeiro,RJ,Pix
7700,2026-04-09,103,Geladeira Frost Free 400L,Eletrodomésticos,1,3499.00,3499.00,São Paulo,SP,Pix
7701,2026-04-09,117,Micro-ondas 30L,Eletrodomésticos,3,649.90,1949.70,Salvador,BA,Cartão Débito
7702,2026-04-09,103,Jogo de Aventura,Games,2,249.90,499.80,Goiânia,GO,Boleto
7703,2026-04-09,120,Fone Bluetooth,Celulares e Acessórios,4,199.90,799.60,Campinas,SP,Boleto
7704,2026-04-09,106,Monitor Full HD 24pol,Informática,3,899.90,2699.70,Brasília,DF,Pix
7705,2026-04-09,101,Controle Sem Fio,Games,3,332.40,997.20,Fortaleza,CE,Cartão Débito
7706,2026-04-09,115,Sofá 3 Lugares,Móveis,1,2399.00,2399.00,Vitória da Conquista,BA,Pix
7707,2026-04-09,113,Mesa de Jantar 6 Cadeiras,Móveis,1,1804.05,1804.05,Vitória da Conquista,BA,Cartão Débito
7708,2026-04-09,119,Mouse Sem Fio,Informática,4,75.90,303.60,Brasília,DF,Cartão Débito
7709,2026-04-09,108,Kit Halteres 20kg,Esporte e Lazer,1,220.92,220.92,Goiânia,GO,Cartão Crédito
7710,2026-04-09,111,Teclado Mecânico,Informática,4,289.90,1159.60,Vitória da Conquista,BA,Boleto
7711,2026-04-09,109,Geladeira Frost Free 400L,Eletrodomésticos,1,3499.00,3499.00,Goiânia,GO,Cartão Débito
7712,2026-04-09,110,Bicicleta Aro 29,Esporte e Lazer,2,1799.00,3598.00,Curitiba,PR,Boleto
7713,2026-04-09,106,Bicicleta Aro 29,Esporte e Lazer,1,1799.00,1799.00,Uberlândia,MG,Boleto
7714,2026-04-09,116,Smartphone 128GB,Celulares e Acessórios,1,1799.00,1799.00,Vitória da Conquista,BA,Cartão Crédito
7715,2026-04-10,103,Sofá 3 Lugares,Móveis,2,2399.00,4798.00,Recife,PE,Pix
7716,2026-04-10,110,Airfryer 5L,Eletrodomésticos,4,429.90,1719.60,Campinas,SP,Pix
7717,2026-04-10,115,Máquina de Lavar 12kg,Eletrodomésticos,1,2199.00,2199.00,Goiânia,GO,Pix
7718,2026-04-10,118,Mesa de Jantar 6 Cadeiras,Móveis,1,1899.00,1899.00,Porto Alegre,RS,Cartão Crédito
7719,2026-04-10,117,Controle Sem Fio,Games,4,349.90,1399.60,São Paulo,SP,Cartão Crédito
7720,2026-04-10,106,Teclado Mecânico,Informática,1,260.91,260.91,Rio de Janeiro,RJ,Cartão Crédito
7721,2026-04-10,111,Mouse Sem Fio,Informática,6,79.90,479.40,Niterói,RJ,Pix
7722,2026-04-10,117,Monitor Full HD 24pol,Informática,2,809.91,1619.82,Santos,SP,Cartão Crédito
7723,2026-04-10,107,Esteira Elétrica,Esporte e Lazer,1,2464.15,2464.15,Rio de Janeiro,RJ,Cartão Crédito
7724,2026-04-10,111,Bicicleta Aro 29,Esporte e Lazer,1,1799.00,1799.00,Curitiba,PR,Pix
7725,2026-04-10,117,Jogo de Aventura,Games,5,249.90,1249.50,Curitiba,PR,Cartão Crédito
7726,2026-04-10,106,Teclado Mecânico,Informática,1,289.90,289.90,Uberlândia,MG,Boleto
7727,2026-04-10,111,Teclado Mecânico,Informática,3,289.90,869.70,Campinas,SP,Pix
7728,2026-04-10,101,Smartphone 128GB,Celulares e Acessórios,2,1799.00,3598.00,São Paulo,SP,Cartão Crédito
7729,2026-04-10,104,Airfryer 5L,Eletrodomésticos,4,408.40,1633.60,São Paulo,SP,Pix
7730,2026-04-10,106,Monitor Full HD 24pol,Informática,1,899.90,899.90,Uberlândia,MG,Cartão Crédito
7731,2026-04-10,116,Monitor Full HD 24pol,Informática,3,899.90,2699.70,Niterói,RJ,Boleto
7732,2026-04-10,103,Kit Halteres 20kg,Esporte e Lazer,1,259.90,259.90,Fortaleza,CE,Boleto
7733,2026-04-11,111,Geladeira Frost Free 400L,Eletrodomésticos,2,3149.10,6298.20,Fortaleza,CE,Cartão Débito
7734,2026-04-11,119,Mouse Sem Fio,Informática,2,67.92,135.84,Brasília,DF,Pix
7735,2026-04-11,113,Mouse Sem Fio,Informática,3,75.90,227.70,Campinas,SP,Boleto
7736,2026-04-11,104,Máquina de Lavar 12kg,Eletrodomésticos,1,2199.00,2199.00,São Paulo,SP,Cartão Crédito
7737,2026-04-11,119,Jogo de Aventura,Games,3,249.90,749.70,Niterói,RJ,Cartão Débito
7738,2026-04-11,109,Monitor Full HD 24pol,Informática,2,809.91,1619.82,Salvador,BA,Pix
7739,2026-04-11,115,Smartphone 128GB,Celulares e Acessórios,1,1709.05,1709.05,Fortaleza,CE,Cartão Débito
7740,2026-04-11,102,Jogo de Aventura,Games,1,249.90,249.90,Fortaleza,CE,Boleto
7741,2026-04-11,105,Esteira Elétrica,Esporte e Lazer,1,2899.00,2899.00,Vitória da Conquista,BA,Cartão Débito
7742,2026-04-11,102,Fone Bluetooth,Celulares e Acessórios,4,199.90,799.60,Porto Alegre,RS,Pix
7743,2026-04-11,117,Mesa de Jantar 6 Cadeiras,Móveis,2,1899.00,3798.00,Curitiba,PR,Cartão Débito
7744,2026-04-11,116,Geladeira Frost Free 400L,Eletrodomésticos,2,3499.00,6998.00,Salvador,BA,Boleto
7745,2026-04-11,108,Máquina de Lavar 12kg,Eletrodomésticos,1,2089.05,2089.05,Belo Horizonte,MG,Cartão Crédito
7746,2026-04-11,118,Geladeira Frost Free 400L,Eletrodomésticos,2,3324.05,6648.10,Campinas,SP,Pix
7747,2026-04-11,113,Sofá 3 Lugares,Móveis,1,2399.00,2399.00,Brasília,DF,Pix
7748,2026-04-12,105,Mouse Sem Fio,Informática,3,79.90,239.70,Niterói,RJ,Cartão Débito
7749,2026-04-12,117,Mesa de Jantar 6 Cadeiras,Móveis,1,1899.00,1899.00,São Paulo,SP,Cartão Débito
7750,2026-04-12,109,Geladeira Frost Free 400L,Eletrodomésticos,1,3149.10,3149.10,Niterói,RJ,Pix
7751,2026-04-12,105,Carregador Turbo USB-C,Celulares e Acessórios,5,89.90,449.50,Feira de Santana,BA,Cartão Débito
7752,2026-04-12,104,Monitor Full HD 24pol,Informática,1,899.90,899.90,Uberlândia,MG,Cartão Crédito
7753,2026-04-12,112,Monitor Full HD 24pol,Informática,3,899.90,2699.70,Santos,SP,Boleto
7754,2026-04-12,117,Geladeira Frost Free 400L,Eletrodomésticos,2,3499.00,6998.00,Feira de Santana,BA,Pix
7755,2026-04-12,116,Mouse Sem Fio,Informática,6,79.90,479.40,Fortaleza,CE,Cartão Crédito
7756,2026-04-12,109,Carregador Turbo USB-C,Celulares e Acessórios,2,80.91,161.82,Salvador,BA,Pix
7757,2026-04-12,106,Bicicleta Aro 29,Esporte e Lazer,2,1799.00,3598.00,Fortaleza,CE,Boleto
7758,2026-04-12,120,Teclado Mecânico,Informática,4,289.90,1159.60,Curitiba,PR,Pix
7759,2026-04-12,120,Controle Sem Fio,Games,4,349.90,1399.60,Niterói,RJ,Boleto
7760,2026-04-12,107,Micro-ondas 30L,Eletrodomésticos,2,649.90,1299.80,Brasília,DF,Cartão Débito
7761,2026-04-12,104,Jogo de Aventura,Games,2,249.90,499.80,Brasília,DF,Pix
7762,2026-04-13,102,Cadeira de Escritório,Móveis,4,629.91,2519.64,Brasília,DF,Cartão Crédito
7763,2026-04-13,114,Geladeira Frost Free 400L,Eletrodomésticos,2,3324.05,6648.10,Niterói,RJ,Pix
7764,2026-04-13,103,Kit Halteres 20kg,Esporte e Lazer,2,259.90,519.80,Belo Horizonte,MG,Pix
7765,2026-04-13,106,Fone Bluetooth,Celulares e Acessórios,1,189.90,189.90,Curitiba,PR,Cartão Crédito
7766,2026-04-13,117,Controle Sem Fio,Games,4,349.90,1399.60,Brasília,DF,Cartão Débito
7767,2026-04-13,113,Fone Bluetooth,Celulares e Acessórios,1,199.90,199.90,Porto Alegre,RS,Boleto
7768,2026-04-13,119,Bicicleta Aro 29,Esporte e Lazer,1,1799.00,1799.00,Rio de Janeiro,RJ,Cartão Crédito
7769,2026-04-13,109,Geladeira Frost Free 400L,Eletrodomésticos,2,3499.00,6998.00,Uberlândia,MG,Cartão Crédito
7770,2026-04-13,113,Console de Videogame,Games,1,2699.10,2699.10,Vitória da Conquista,BA,Cartão Débito
7771,2026-04-13,112,Controle Sem Fio,Games,4,349.90,1399.60,Belo Horizonte,MG,Pix
7772,2026-04-13,101,Fone Bluetooth,Celulares e Acessórios,5,199.90,999.50,Porto Alegre,RS,Cartão Débito
7773,2026-04-13,112,Cadeira de Escritório,Móveis,3,664.90,1994.70,Curitiba,PR,Pix
7774,2026-04-13,113,Console de Videogame,Games,2,2999.00,5998.00,Campinas,SP,Cartão Débito
7775,2026-04-13,107,Cadeira de Escritório,Móveis,1,629.91,629.91,Recife,PE,Cartão Crédito
7776,2026-04-13,105,Kit Halteres 20kg,Esporte e Lazer,1,259.90,259.90,Niterói,RJ,Cartão Débito
7777,2026-04-13,103,Esteira Elétrica,Esporte e Lazer,1,2609.10,2609.10,Curitiba,PR,Cartão Débito
7778,2026-04-13,116,Cadeira de Escritório,Móveis,2,699.90,1399.80,Salvador,BA,Cartão Crédito
7779,2026-04-14,119,Bicicleta Aro 29,Esporte e Lazer,1,1799.00,1799.00,Salvador,BA,Cartão Débito
7780,2026-04-14,105,Smartphone 128GB,Celulares e Acessórios,2,1799.00,3598.00,Rio de Janeiro,RJ,Pix
7781,2026-04-14,108,Mesa de Jantar 6 Cadeiras,Móveis,1,1899.00,1899.00,Porto Alegre,RS,Cartão Débito
7782,2026-04-14,106,Jogo de Aventura,Games,2,249.90,499.80,Santos,SP,Cartão Crédito
7783,2026-04-14,120,Geladeira Frost Free 400L,Eletrodomésticos,1,3499.00,3499.00,Brasília,DF,Boleto
7784,2026-04-14,117,Kit Halteres 20kg,Esporte e Lazer,2,259.90,519.80,Brasília,DF,Cartão Crédito
7785,2026-04-14,119,Carregador Turbo USB-C,Celulares e Acessórios,5,89.90,449.50,Fortaleza,CE,Boleto
7786,2026-04-14,117,Carregador Turbo USB-C,Celulares e Acessórios,4,89.90,359.60,Belo Horizonte,MG,Boleto
7787,2026-04-14,114,Fone Bluetooth,Celulares e Acessórios,1,199.90,199.90,Campinas,SP,Cartão Débito
7788,2026-04-14,105,Esteira Elétrica,Esporte e Lazer,2,2899.00,5798.00,Uberlândia,MG,Pix
7789,2026-04-14,101,Cadeira de Escritório,Móveis,2,699.90,1399.80,Brasília,DF,Cartão Débito
7790,2026-04-14,113,Console de Videogame,Games,2,2999.00,5998.00,Belo Horizonte,MG,Boleto
7791,2026-04-14,115,Fone Bluetooth,Celulares e Acessórios,5,199.90,999.50,Uberlândia,MG,Cartão Débito
7792,2026-04-15,106,Carregador Turbo USB-C,Celulares e Acessórios,1,89.90,89.90,Salvador,BA,Pix
7793,2026-04-15,118,Teclado Mecânico,Informática,3,289.90,869.70,Curitiba,PR,Cartão Crédito
7794,2026-04-15,116,Monitor Full HD 24pol,Informática,3,899.90,2699.70,Brasília,DF,Cartão Débito
7795,2026-04-15,103,Máquina de Lavar 12kg,Eletrodomésticos,2,2199.00,4398.00,Niterói,RJ,Pix
7796,2026-04-15,109,Sofá 3 Lugares,Móveis,1,2399.00,2399.00,Porto Alegre,RS,Cartão Débito
7797,2026-04-15,108,Monitor Full HD 24pol,Informática,2,899.90,1799.80,Niterói,RJ,Pix
7798,2026-04-15,112,Máquina de Lavar 12kg,Eletrodomésticos,1,2199.00,2199.00,Brasília,DF,Pix
7799,2026-04-15,110,Monitor Full HD 24pol,Informática,3,899.90,2699.70,Uberlândia,MG,Cartão Crédito
7800,2026-04-15,101,Máquina de Lavar 12kg,Eletrodomésticos,2,1979.10,3958.20,São Paulo,SP,Cartão Crédito
7801,2026-04-15,119,Mouse Sem Fio,Informática,4,75.90,303.60,Rio de Janeiro,RJ,Pix
7802,2026-04-15,112,Kit Halteres 20kg,Esporte e Lazer,2,259.90,519.80,Recife,PE,Cartão Crédito
7803,2026-04-15,118,Console de Videogame,Games,2,2849.05,5698.10,Salvador,BA,Cartão Crédito
7804,2026-04-15,102,Carregador Turbo USB-C,Celulares e Acessórios,4,89.90,359.60,Niterói,RJ,Cartão Crédito
7805,2026-04-15,107,Fone Bluetooth,Celulares e Acessórios,1,199.90,199.90,Porto Alegre,RS,Boleto
7806,2026-04-16,120,Airfryer 5L,Eletrodomésticos,4,408.40,1633.60,Niterói,RJ,Cartão Débito
7807,2026-04-16,115,Geladeira Frost Free 400L,Eletrodomésticos,1,3499.00,3499.00,Santos,SP,Cartão Crédito
7808,2026-04-16,106,Mouse Sem Fio,Informática,1,67.92,67.92,Vitória da Conquista,BA,Cartão Crédito
7809,2026-04-16,102,Teclado Mecânico,Informática,1,289.90,289.90,Rio de Janeiro,RJ,Pix
7810,2026-04-16,114,Teclado Mecânico,Informática,3,289.90,869.70,Fortaleza,CE,Cartão Crédito
7811,2026-04-16,117,Máquina de Lavar 12kg,Eletrodomésticos,2,2199.00,4398.00,Belo Horizonte,MG,Pix
7812,2026-04-16,120,Geladeira Frost Free 400L,Eletrodomésticos,1,2974.15,2974.15,Santos,SP,Cartão Crédito
7813,2026-04-16,120,Esteira Elétrica,Esporte e Lazer,1,2899.00,2899.00,Uberlândia,MG,Cartão Crédito
7814,2026-04-16,104,Máquina de Lavar 12kg,Eletrodomésticos,2,2199.00,4398.00,Campinas,SP,Boleto
7815,2026-04-16,113,Esteira Elétrica,Esporte e Lazer,1,2609.10,2609.10,Campinas,SP,Boleto
7816,2026-04-16,102,Airfryer 5L,Eletrodomésticos,2,429.90,859.80,Uberlândia,MG,Cartão Débito
7817,2026-04-16,116,Smartphone 128GB,Celulares e Acessórios,3,1799.00,5397.00,Rio de Janeiro,RJ,Cartão Crédito
7818,2026-04-16,118,Controle Sem Fio,Games,2,349.90,699.80,Vitória da Conquista,BA,Cartão Débito
7819,2026-04-16,111,Geladeira Frost Free 400L,Eletrodomésticos,2,3324.05,6648.10,Belo Horizonte,MG,Boleto
7820,2026-04-16,115,Smartphone 128GB,Celulares e Acessórios,3,1619.10,4857.30,São Paulo,SP,Cartão Crédito
7821,2026-04-16,116,Carregador Turbo USB-C,Celulares e Acessórios,5,89.90,449.50,Uberlândia,MG,Cartão Crédito
7822,2026-04-16,110,Mouse Sem Fio,Informática,6,79.90,479.40,Fortaleza,CE,Cartão Crédito
7823,2026-04-16,111,Mouse Sem Fio,Informática,5,75.90,379.50,Brasília,DF,Cartão Crédito
7824,2026-04-17,110,Sofá 3 Lugares,Móveis,2,2399.00,4798.00,Santos,SP,Cartão Crédito
7825,2026-04-17,116,Esteira Elétrica,Esporte e Lazer,1,2899.00,2899.00,Salvador,BA,Cartão Crédito
7826,2026-04-17,102,Geladeira Frost Free 400L,Eletrodomésticos,1,3499.00,3499.00,Fortaleza,CE,Cartão Débito
7827,2026-04-17,101,Smartphone 128GB,Celulares e Acessórios,1,1709.05,1709.05,Rio de Janeiro,RJ,Cartão Crédito
7828,2026-04-17,102,Micro-ondas 30L,Eletrodomésticos,1,649.90,649.90,Vitória da Conquista,BA,Cartão Crédito
7829,2026-04-17,116,Smartphone 128GB,Celulares e Acessórios,3,1799.00,5397.00,Salvador,BA,Cartão Débito
7830,2026-04-17,104,Cadeira de Escritório,Móveis,4,699.90,2799.60,Brasília,DF,Pix
7831,2026-04-17,105,Carregador Turbo USB-C,Celulares e Acessórios,6,76.42,458.52,Fortaleza,CE,Cartão Crédito
7832,2026-04-17,107,Fone Bluetooth,Celulares e Acessórios,5,199.90,999.50,Rio de Janeiro,RJ,Cartão Crédito
7833,2026-04-17,106,Esteira Elétrica,Esporte e Lazer,2,2899.00,5798.00,Niterói,RJ,Pix
7834,2026-04-17,117,Controle Sem Fio,Games,3,297.42,892.26,Curitiba,PR,Cartão Crédito
7835,2026-04-17,104,Micro-ondas 30L,Eletrodomésticos,1,649.90,649.90,Porto Alegre,RS,Pix
7836,2026-04-17,104,Máquina de Lavar 12kg,Eletrodomésticos,2,2199.00,4398.00,Vitória da Conquista,BA,Boleto
7837,2026-04-17,101,Sofá 3 Lugares,Móveis,2,2399.00,4798.00,Belo Horizonte,MG,Boleto
7838,2026-04-17,117,Airfryer 5L,Eletrodomésticos,2,386.91,773.82,Salvador,BA,Pix
7839,2026-04-17,115,Sofá 3 Lugares,Móveis,2,2399.00,4798.00,Feira de Santana,BA,Boleto
7840,2026-04-17,106,Esteira Elétrica,Esporte e Lazer,2,2899.00,5798.00,Niterói,RJ,Cartão Débito
7841,2026-04-17,120,Esteira Elétrica,Esporte e Lazer,2,2899.00,5798.00,Feira de Santana,BA,Boleto
7842,2026-04-17,110,Airfryer 5L,Eletrodomésticos,3,429.90,1289.70,Recife,PE,Cartão Crédito
7843,2026-04-18,103,Airfryer 5L,Eletrodomésticos,3,429.90,1289.70,Campinas,SP,Pix
7844,2026-04-18,120,Mouse Sem Fio,Informática,3,79.90,239.70,Campinas,SP,Cartão Crédito
7845,2026-04-18,113,Controle Sem Fio,Games,3,349.90,1049.70,Goiânia,GO,Boleto
7846,2026-04-18,112,Monitor Full HD 24pol,Informática,1,809.91,809.91,Brasília,DF,Pix
7847,2026-04-18,119,Jogo de Aventura,Games,3,237.40,712.20,Vitória da Conquista,BA,Cartão Crédito
7848,2026-04-18,106,Carregador Turbo USB-C,Celulares e Acessórios,6,89.90,539.40,Curitiba,PR,Boleto
7849,2026-04-18,108,Fone Bluetooth,Celulares e Acessórios,3,169.92,509.76,Uberlândia,MG,Cartão Crédito
7850,2026-04-18,114,Sofá 3 Lugares,Móveis,1,2399.00,2399.00,Uberlândia,MG,Pix
7851,2026-04-18,116,Smartphone 128GB,Celulares e Acessórios,1,1799.00,1799.00,Salvador,BA,Boleto
7852,2026-04-18,119,Micro-ondas 30L,Eletrodomésticos,2,649.90,1299.80,São Paulo,SP,Boleto
7853,2026-04-18,109,Console de Videogame,Games,2,2849.05,5698.10,Belo Horizonte,MG,Pix
7854,2026-04-18,103,Carregador Turbo USB-C,Celulares e Acessórios,6,89.90,539.40,Recife,PE,Cartão Débito
7855,2026-04-18,103,Teclado Mecânico,Informática,2,289.90,579.80,Campinas,SP,Boleto
7856,2026-04-18,109,Cadeira de Escritório,Móveis,4,699.90,2799.60,Rio de Janeiro,RJ,Boleto
7857,2026-04-19,117,Mesa de Jantar 6 Cadeiras,Móveis,2,1614.15,3228.30,Salvador,BA,Cartão Crédito
7858,2026-04-19,115,Mouse Sem Fio,Informática,5,75.90,379.50,Uberlândia,MG,Pix
7859,2026-04-19,119,Smartphone 128GB,Celulares e Acessórios,1,1709.05,1709.05,Vitória da Conquista,BA,Cartão Crédito
7860,2026-04-19,113,Teclado Mecânico,Informática,2,289.90,579.80,Salvador,BA,Pix
7861,2026-04-19,118,Micro-ondas 30L,Eletrodomésticos,3,584.91,1754.73,Belo Horizonte,MG,Cartão Crédito
7862,2026-04-19,101,Console de Videogame,Games,2,2999.00,5998.00,Salvador,BA,Boleto
7863,2026-04-19,114,Controle Sem Fio,Games,2,297.42,594.84,Brasília,DF,Boleto
7864,2026-04-19,109,Sofá 3 Lugares,Móveis,1,2399.00,2399.00,Brasília,DF,Cartão Crédito
7865,2026-04-19,109,Console de Videogame,Games,1,2699.10,2699.10,Niterói,RJ,Boleto
7866,2026-04-19,115,Micro-ondas 30L,Eletrodomésticos,3,649.90,1949.70,Campinas,SP,Boleto
7867,2026-04-19,120,Monitor Full HD 24pol,Informática,2,899.90,1799.80,Fortaleza,CE,Cartão Débito
7868,2026-04-19,119,Console de Videogame,Games,1,2999.00,2999.00,Niterói,RJ,Pix
7869,2026-04-19,106,Carregador Turbo USB-C,Celulares e Acessórios,5,76.42,382.10,São Paulo,SP,Boleto
7870,2026-04-19,107,Sofá 3 Lugares,Móveis,1,2159.10,2159.10,Feira de Santana,BA,Boleto
7871,2026-04-19,103,Bicicleta Aro 29,Esporte e Lazer,2,1709.05,3418.10,Salvador,BA,Cartão Crédito
7872,2026-04-19,104,Teclado Mecânico,Informática,1,289.90,289.90,Fortaleza,CE,Pix
7873,2026-04-19,110,Micro-ondas 30L,Eletrodomésticos,1,649.90,649.90,Goiânia,GO,Pix
7874,2026-04-20,110,Smartphone 128GB,Celulares e Acessórios,3,1619.10,4857.30,Fortaleza,CE,Boleto
7875,2026-04-20,106,Fone Bluetooth,Celulares e Acessórios,4,179.91,719.64,Brasília,DF,Boleto
7876,2026-04-20,107,Esteira Elétrica,Esporte e Lazer,1,2754.05,2754.05,Fortaleza,CE,Pix
7877,2026-04-20,116,Teclado Mecânico,Informática,4,289.90,1159.60,Belo Horizonte,MG,Boleto
7878,2026-04-20,106,Geladeira Frost Free 400L,Eletrodomésticos,1,3499.00,3499.00,Rio de Janeiro,RJ,Boleto
7879,2026-04-20,108,Carregador Turbo USB-C,Celulares e Acessórios,6,80.91,485.46,São Paulo,SP,Boleto
7880,2026-04-20,117,Sofá 3 Lugares,Móveis,1,2399.00,2399.00,São Paulo,SP,Pix
7881,2026-04-20,106,Smartphone 128GB,Celulares e Acessórios,2,1799.00,3598.00,Rio de Janeiro,RJ,Pix
7882,2026-04-20,111,Máquina de Lavar 12kg,Eletrodomésticos,1,2199.00,2199.00,Curitiba,PR,Boleto
7883,2026-04-20,117,Fone Bluetooth,Celulares e Acessórios,5,179.91,899.55,Vitória da Conquista,BA,Boleto
7884,2026-04-21,116,Sofá 3 Lugares,Móveis,2,2399.00,4798.00,Curitiba,PR,Pix
7885,2026-04-21,107,Airfryer 5L,Eletrodomésticos,2,386.91,773.82,Brasília,DF,Pix
7886,2026-04-21,106,Airfryer 5L,Eletrodomésticos,2,429.90,859.80,Recife,PE,Cartão Crédito
7887,2026-04-21,114,Fone Bluetooth,Celulares e Acessórios,2,199.90,399.80,São Paulo,SP,Boleto
7888,2026-04-21,119,Micro-ondas 30L,Eletrodomésticos,1,617.40,617.40,Santos,SP,Cartão Crédito
7889,2026-04-21,116,Máquina de Lavar 12kg,Eletrodomésticos,2,1979.10,3958.20,Campinas,SP,Pix
7890,2026-04-21,116,Esteira Elétrica,Esporte e Lazer,2,2899.00,5798.00,Recife,PE,Cartão Crédito
7891,2026-04-21,115,Teclado Mecânico,Informática,3,275.40,826.20,Goiânia,GO,Pix
7892,2026-04-21,114,Jogo de Aventura,Games,2,212.42,424.84,São Paulo,SP,Pix
7893,2026-04-21,118,Carregador Turbo USB-C,Celulares e Acessórios,5,89.90,449.50,Fortaleza,CE,Cartão Crédito
7894,2026-04-21,107,Esteira Elétrica,Esporte e Lazer,2,2464.15,4928.30,Salvador,BA,Cartão Crédito
7895,2026-04-21,119,Console de Videogame,Games,1,2699.10,2699.10,Belo Horizonte,MG,Pix
7896,2026-04-21,110,Kit Halteres 20kg,Esporte e Lazer,3,259.90,779.70,Feira de Santana,BA,Cartão Crédito
7897,2026-04-21,115,Monitor Full HD 24pol,Informática,2,899.90,1799.80,Salvador,BA,Cartão Débito
7898,2026-04-21,119,Smartphone 128GB,Celulares e Acessórios,2,1799.00,3598.00,Brasília,DF,Cartão Crédito
7899,2026-04-21,109,Sofá 3 Lugares,Móveis,1,2399.00,2399.00,Salvador,BA,Pix
7900,2026-04-21,117,Esteira Elétrica,Esporte e Lazer,2,2899.00,5798.00,Santos,SP,Pix
7901,2026-04-21,110,Monitor Full HD 24pol,Informática,3,899.90,2699.70,Rio de Janeiro,RJ,Boleto
7902,2026-04-21,108,Mouse Sem Fio,Informática,1,79.90,79.90,Belo Horizonte,MG,Boleto
7903,2026-04-21,119,Micro-ondas 30L,Eletrodomésticos,3,649.90,1949.70,Campinas,SP,Pix
7904,2026-04-21,109,Geladeira Frost Free 400L,Eletrodomésticos,2,3499.00,6998.00,Curitiba,PR,Cartão Débito
7905,2026-04-21,108,Micro-ondas 30L,Eletrodomésticos,2,649.90,1299.80,Salvador,BA,Pix
7906,2026-04-21,114,Controle Sem Fio,Games,2,349.90,699.80,Porto Alegre,RS,Cartão Débito
7907,2026-04-21,111,Fone Bluetooth,Celulares e Acessórios,1,199.90,199.90,Salvador,BA,Cartão Crédito
7908,2026-04-21,112,Máquina de Lavar 12kg,Eletrodomésticos,2,2199.00,4398.00,Santos,SP,Boleto
7909,2026-04-22,103,Smartphone 128GB,Celulares e Acessórios,1,1799.00,1799.00,Feira de Santana,BA,Pix
7910,2026-04-22,101,Controle Sem Fio,Games,1,349.90,349.90,Fortaleza,CE,Cartão Débito
7911,2026-04-22,109,Cadeira de Escritório,Móveis,4,664.90,2659.60,Uberlândia,MG,Boleto
7912,2026-04-22,105,Console de Videogame,Games,1,2999.00,2999.00,Niterói,RJ,Cartão Crédito
7913,2026-04-22,104,Notebook Core i5,Informática,2,3299.90,6599.80,São Paulo,SP,Cartão Crédito
7914,2026-04-22,116,Esteira Elétrica,Esporte e Lazer,1,2609.10,2609.10,Fortaleza,CE,Cartão Débito
7915,2026-04-22,103,Notebook Core i5,Informática,2,3299.90,6599.80,Salvador,BA,Pix
7916,2026-04-22,105,Teclado Mecânico,Informática,1,260.91,260.91,Rio de Janeiro,RJ,Boleto
7917,2026-04-22,119,Sofá 3 Lugares,Móveis,2,2279.05,4558.10,Brasília,DF,Cartão Crédito
7918,2026-04-22,112,Controle Sem Fio,Games,4,349.90,1399.60,Curitiba,PR,Boleto
7919,2026-04-22,103,Monitor Full HD 24pol,Informática,3,764.92,2294.76,Niterói,RJ,Boleto
7920,2026-04-22,112,Monitor Full HD 24pol,Informática,1,899.90,899.90,Salvador,BA,Cartão Crédito
7921,2026-04-22,107,Fone Bluetooth,Celulares e Acessórios,5,199.90,999.50,Goiânia,GO,Pix
7922,2026-04-22,103,Carregador Turbo USB-C,Celulares e Acessórios,4,80.91,323.64,Brasília,DF,Cartão Crédito
7923,2026-04-22,110,Console de Videogame,Games,1,2849.05,2849.05,Fortaleza,CE,Boleto
7924,2026-04-22,106,Controle Sem Fio,Games,3,332.40,997.20,Feira de Santana,BA,Cartão Crédito
7925,2026-04-22,118,Carregador Turbo USB-C,Celulares e Acessórios,2,89.90,179.80,Belo Horizonte,MG,Cartão Crédito
7926,2026-04-23,112,Mouse Sem Fio,Informática,4,79.90,319.60,São Paulo,SP,Pix
7927,2026-04-23,104,Teclado Mecânico,Informática,2,289.90,579.80,Fortaleza,CE,Pix
7928,2026-04-23,118,Kit Halteres 20kg,Esporte e Lazer,4,259.90,1039.60,Salvador,BA,Pix
7929,2026-04-23,102,Geladeira Frost Free 400L,Eletrodomésticos,2,3149.10,6298.20,São Paulo,SP,Cartão Crédito
7930,2026-04-23,108,Mouse Sem Fio,Informática,2,79.90,159.80,Salvador,BA,Cartão Crédito
7931,2026-04-23,114,Mouse Sem Fio,Informática,4,79.90,319.60,Campinas,SP,Pix
7932,2026-04-23,112,Teclado Mecânico,Informática,1,246.42,246.42,Salvador,BA,Boleto
7933,2026-04-23,115,Teclado Mecânico,Informática,1,289.90,289.90,Feira de Santana,BA,Boleto
7934,2026-04-23,120,Geladeira Frost Free 400L,Eletrodomésticos,1,2974.15,2974.15,São Paulo,SP,Boleto
7935,2026-04-23,113,Mesa de Jantar 6 Cadeiras,Móveis,1,1899.00,1899.00,Brasília,DF,Cartão Débito
7936,2026-04-23,111,Monitor Full HD 24pol,Informática,1,899.90,899.90,Fortaleza,CE,Pix
7937,2026-04-23,105,Geladeira Frost Free 400L,Eletrodomésticos,1,3499.00,3499.00,Fortaleza,CE,Pix
7938,2026-04-23,112,Teclado Mecânico,Informática,2,289.90,579.80,Goiânia,GO,Cartão Débito
7939,2026-04-23,102,Monitor Full HD 24pol,Informática,1,899.90,899.90,Recife,PE,Cartão Crédito
7940,2026-04-23,120,Controle Sem Fio,Games,2,349.90,699.80,Salvador,BA,Pix
7941,2026-04-23,108,Carregador Turbo USB-C,Celulares e Acessórios,4,89.90,359.60,Salvador,BA,Pix
7942,2026-04-23,113,Cadeira de Escritório,Móveis,3,699.90,2099.70,Rio de Janeiro,RJ,Boleto
7943,2026-04-23,113,Carregador Turbo USB-C,Celulares e Acessórios,5,89.90,449.50,Feira de Santana,BA,Cartão Crédito
7944,2026-04-23,117,Máquina de Lavar 12kg,Eletrodomésticos,2,2199.00,4398.00,Salvador,BA,Cartão Crédito
7945,2026-04-23,110,Kit Halteres 20kg,Esporte e Lazer,3,259.90,779.70,Fortaleza,CE,Boleto
7946,2026-04-24,119,Máquina de Lavar 12kg,Eletrodomésticos,2,2089.05,4178.10,Belo Horizonte,MG,Cartão Débito
7947,2026-04-24,103,Console de Videogame,Games,2,2849.05,5698.10,Niterói,RJ,Pix
7948,2026-04-24,107,Teclado Mecânico,Informática,1,289.90,289.90,Vitória da Conquista,BA,Pix
7949,2026-04-24,102,Console de Videogame,Games,1,2999.00,2999.00,Goiânia,GO,Pix
7950,2026-04-24,109,Mesa de Jantar 6 Cadeiras,Móveis,2,1899.00,3798.00,Rio de Janeiro,RJ,Boleto
7951,2026-04-24,103,Teclado Mecânico,Informática,4,289.90,1159.60,Niterói,RJ,Boleto
7952,2026-04-24,119,Teclado Mecânico,Informática,3,260.91,782.73,Salvador,BA,Cartão Crédito
7953,2026-04-24,117,Monitor Full HD 24pol,Informática,2,809.91,1619.82,Curitiba,PR,Cartão Crédito
7954,2026-04-24,112,Mouse Sem Fio,Informática,3,79.90,239.70,Fortaleza,CE,Cartão Crédito
7955,2026-04-24,102,Mesa de Jantar 6 Cadeiras,Móveis,1,1899.00,1899.00,Vitória da Conquista,BA,Pix
7956,2026-04-24,115,Monitor Full HD 24pol,Informática,1,854.90,854.90,Uberlândia,MG,Pix
7957,2026-04-24,113,Bicicleta Aro 29,Esporte e Lazer,1,1799.00,1799.00,Rio de Janeiro,RJ,Pix
7958,2026-04-24,103,Jogo de Aventura,Games,3,249.90,749.70,Salvador,BA,Boleto
7959,2026-04-24,112,Monitor Full HD 24pol,Informática,2,899.90,1799.80,Recife,PE,Pix
7960,2026-04-24,106,Máquina de Lavar 12kg,Eletrodomésticos,1,2089.05,2089.05,Belo Horizonte,MG,Cartão Débito
7961,2026-04-24,110,Esteira Elétrica,Esporte e Lazer,1,2899.00,2899.00,Santos,SP,Pix
7962,2026-04-24,114,Fone Bluetooth,Celulares e Acessórios,5,189.90,949.50,Campinas,SP,Pix
7963,2026-04-24,107,Smartphone 128GB,Celulares e Acessórios,3,1799.00,5397.00,Campinas,SP,Cartão Crédito
7964,2026-04-24,116,Smartphone 128GB,Celulares e Acessórios,1,1529.15,1529.15,Uberlândia,MG,Cartão Débito
7965,2026-04-24,113,Fone Bluetooth,Celulares e Acessórios,2,199.90,399.80,Salvador,BA,Cartão Crédito
7966,2026-04-25,115,Notebook Core i5,Informática,1,2969.91,2969.91,Belo Horizonte,MG,Pix
7967,2026-04-25,116,Geladeira Frost Free 400L,Eletrodomésticos,1,3499.00,3499.00,São Paulo,SP,Pix
7968,2026-04-25,115,Esteira Elétrica,Esporte e Lazer,1,2899.00,2899.00,Uberlândia,MG,Cartão Crédito
7969,2026-04-25,120,Mouse Sem Fio,Informática,1,71.91,71.91,Belo Horizonte,MG,Cartão Débito
7970,2026-04-25,105,Fone Bluetooth,Celulares e Acessórios,5,179.91,899.55,Feira de Santana,BA,Cartão Débito
7971,2026-04-25,103,Smartphone 128GB,Celulares e Acessórios,2,1799.00,3598.00,Rio de Janeiro,RJ,Cartão Crédito
7972,2026-04-25,114,Controle Sem Fio,Games,3,349.90,1049.70,Goiânia,GO,Boleto
7973,2026-04-25,109,Smartphone 128GB,Celulares e Acessórios,1,1799.00,1799.00,Rio de Janeiro,RJ,Pix
7974,2026-04-25,114,Kit Halteres 20kg,Esporte e Lazer,4,259.90,1039.60,Salvador,BA,Boleto
7975,2026-04-25,111,Teclado Mecânico,Informática,3,289.90,869.70,Niterói,RJ,Cartão Débito
7976,2026-04-25,115,Monitor Full HD 24pol,Informática,3,899.90,2699.70,Campinas,SP,Pix
7977,2026-04-25,109,Mouse Sem Fio,Informática,1,79.90,79.90,Porto Alegre,RS,Cartão Crédito
7978,2026-04-25,102,Geladeira Frost Free 400L,Eletrodomésticos,1,2974.15,2974.15,Campinas,SP,Boleto
7979,2026-04-25,108,Mouse Sem Fio,Informática,5,79.90,399.50,Brasília,DF,Cartão Crédito
7980,2026-04-25,108,Monitor Full HD 24pol,Informática,1,899.90,899.90,Belo Horizonte,MG,Pix
7981,2026-04-25,112,Bicicleta Aro 29,Esporte e Lazer,2,1799.00,3598.00,Uberlândia,MG,Pix
7982,2026-04-25,108,Fone Bluetooth,Celulares e Acessórios,4,189.90,759.60,Porto Alegre,RS,Pix
7983,2026-04-25,101,Teclado Mecânico,Informática,4,289.90,1159.60,Fortaleza,CE,Boleto
7984,2026-04-25,111,Controle Sem Fio,Games,2,349.90,699.80,Goiânia,GO,Pix
7985,2026-04-25,111,Carregador Turbo USB-C,Celulares e Acessórios,6,89.90,539.40,Brasília,DF,Boleto
7986,2026-04-25,107,Airfryer 5L,Eletrodomésticos,3,429.90,1289.70,Belo Horizonte,MG,Pix
7987,2026-04-25,106,Monitor Full HD 24pol,Informática,3,854.90,2564.70,Rio de Janeiro,RJ,Cartão Débito
7988,2026-04-25,112,Smartphone 128GB,Celulares e Acessórios,1,1799.00,1799.00,São Paulo,SP,Cartão Crédito
7989,2026-04-25,113,Console de Videogame,Games,2,2999.00,5998.00,Santos,SP,Pix
7990,2026-04-25,109,Mouse Sem Fio,Informática,2,75.90,151.80,Recife,PE,Cartão Crédito
7991,2026-04-25,106,Mesa de Jantar 6 Cadeiras,Móveis,1,1709.10,1709.10,Porto Alegre,RS,Cartão Crédito
7992,2026-04-26,113,Fone Bluetooth,Celulares e Acessórios,2,199.90,399.80,Santos,SP,Cartão Débito
7993,2026-04-26,108,Smartphone 128GB,Celulares e Acessórios,3,1529.15,4587.45,Brasília,DF,Cartão Crédito
7994,2026-04-26,116,Console de Videogame,Games,1,2699.10,2699.10,Feira de Santana,BA,Boleto
7995,2026-04-26,108,Esteira Elétrica,Esporte e Lazer,1,2899.00,2899.00,Campinas,SP,Boleto
7996,2026-04-26,120,Geladeira Frost Free 400L,Eletrodomésticos,1,3499.00,3499.00,Rio de Janeiro,RJ,Pix
7997,2026-04-26,109,Controle Sem Fio,Games,2,349.90,699.80,Rio de Janeiro,RJ,Cartão Débito
7998,2026-04-26,101,Monitor Full HD 24pol,Informática,3,899.90,2699.70,Feira de Santana,BA,Boleto
7999,2026-04-26,104,Kit Halteres 20kg,Esporte e Lazer,1,259.90,259.90,Goiânia,GO,Cartão Débito
8000,2026-04-26,108,Máquina de Lavar 12kg,Eletrodomésticos,1,1979.10,1979.10,Salvador,BA,Cartão Débito
8001,2026-04-26,103,Cadeira de Escritório,Móveis,3,699.90,2099.70,Belo Horizonte,MG,Pix
8002,2026-04-26,101,Jogo de Aventura,Games,1,249.90,249.90,Fortaleza,CE,Boleto
8003,2026-04-26,112,Kit Halteres 20kg,Esporte e Lazer,4,246.90,987.60,Belo Horizonte,MG,Cartão Crédito
8004,2026-04-26,114,Mouse Sem Fio,Informática,6,75.90,455.40,Santos,SP,Pix
8005,2026-04-27,104,Controle Sem Fio,Games,4,314.91,1259.64,Goiânia,GO,Cartão Débito
8006,2026-04-27,114,Airfryer 5L,Eletrodomésticos,2,429.90,859.80,Rio de Janeiro,RJ,Cartão Débito
8007,2026-04-27,120,Teclado Mecânico,Informática,3,275.40,826.20,Brasília,DF,Cartão Crédito
8008,2026-04-27,101,Mouse Sem Fio,Informática,3,79.90,239.70,Niterói,RJ,Cartão Débito
8009,2026-04-27,105,Smartphone 128GB,Celulares e Acessórios,2,1619.10,3238.20,Recife,PE,Cartão Débito
8010,2026-04-27,106,Monitor Full HD 24pol,Informática,1,899.90,899.90,Belo Horizonte,MG,Cartão Crédito
8011,2026-04-27,120,Teclado Mecânico,Informática,4,289.90,1159.60,Santos,SP,Pix
8012,2026-04-28,111,Notebook Core i5,Informática,2,3299.90,6599.80,Brasília,DF,Pix
8013,2026-04-28,116,Controle Sem Fio,Games,1,349.90,349.90,São Paulo,SP,Pix
8014,2026-04-28,120,Sofá 3 Lugares,Móveis,1,2399.00,2399.00,Belo Horizonte,MG,Pix
8015,2026-04-28,112,Monitor Full HD 24pol,Informática,1,899.90,899.90,Salvador,BA,Cartão Crédito
8016,2026-04-28,106,Mesa de Jantar 6 Cadeiras,Móveis,2,1899.00,3798.00,Goiânia,GO,Cartão Débito
8017,2026-04-28,106,Mouse Sem Fio,Informática,1,79.90,79.90,Belo Horizonte,MG,Cartão Crédito
8018,2026-04-28,120,Notebook Core i5,Informática,1,2969.91,2969.91,Curitiba,PR,Cartão Crédito
8019,2026-04-28,112,Monitor Full HD 24pol,Informática,3,809.91,2429.73,Rio de Janeiro,RJ,Cartão Crédito
8020,2026-04-28,120,Mesa de Jantar 6 Cadeiras,Móveis,1,1899.00,1899.00,Rio de Janeiro,RJ,Cartão Débito
8021,2026-04-28,117,Jogo de Aventura,Games,5,249.90,1249.50,Uberlândia,MG,Boleto
8022,2026-04-28,105,Console de Videogame,Games,1,2999.00,2999.00,Belo Horizonte,MG,Cartão Débito
8023,2026-04-28,110,Sofá 3 Lugares,Móveis,2,2399.00,4798.00,Rio de Janeiro,RJ,Pix
8024,2026-04-28,111,Teclado Mecânico,Informática,3,289.90,869.70,Fortaleza,CE,Pix
8025,2026-04-28,115,Smartphone 128GB,Celulares e Acessórios,2,1799.00,3598.00,São Paulo,SP,Cartão Crédito
8026,2026-04-28,102,Notebook Core i5,Informática,2,2969.91,5939.82,Salvador,BA,Pix
8027,2026-04-28,109,Mouse Sem Fio,Informática,2,79.90,159.80,Salvador,BA,Cartão Débito
8028,2026-04-28,108,Smartphone 128GB,Celulares e Acessórios,1,1799.00,1799.00,Recife,PE,Boleto
8029,2026-04-28,106,Cadeira de Escritório,Móveis,1,699.90,699.90,Campinas,SP,Pix
8030,2026-04-28,108,Máquina de Lavar 12kg,Eletrodomésticos,2,2199.00,4398.00,Vitória da Conquista,BA,Pix
8031,2026-04-28,112,Teclado Mecânico,Informática,3,289.90,869.70,Goiânia,GO,Boleto
8032,2026-04-28,119,Controle Sem Fio,Games,1,349.90,349.90,Belo Horizonte,MG,Boleto
8033,2026-04-28,117,Airfryer 5L,Eletrodomésticos,4,429.90,1719.60,Campinas,SP,Pix
8034,2026-04-28,111,Micro-ondas 30L,Eletrodomésticos,1,649.90,649.90,Niterói,RJ,Pix
8035,2026-04-28,115,Cadeira de Escritório,Móveis,1,664.90,664.90,Curitiba,PR,Cartão Débito
8036,2026-04-28,103,Fone Bluetooth,Celulares e Acessórios,2,189.90,379.80,Uberlândia,MG,Cartão Crédito
8037,2026-04-28,114,Sofá 3 Lugares,Móveis,1,2399.00,2399.00,Feira de Santana,BA,Cartão Crédito
8038,2026-04-28,111,Console de Videogame,Games,2,2999.00,5998.00,São Paulo,SP,Cartão Crédito
8039,2026-04-28,107,Carregador Turbo USB-C,Celulares e Acessórios,4,89.90,359.60,Fortaleza,CE,Pix
8040,2026-04-28,103,Carregador Turbo USB-C,Celulares e Acessórios,6,76.42,458.52,Belo Horizonte,MG,Cartão Débito
8041,2026-04-29,111,Mouse Sem Fio,Informática,3,79.90,239.70,Belo Horizonte,MG,Pix
8042,2026-04-29,119,Micro-ondas 30L,Eletrodomésticos,1,649.90,649.90,Feira de Santana,BA,Cartão Débito
8043,2026-04-29,104,Teclado Mecânico,Informática,3,289.90,869.70,Niterói,RJ,Cartão Débito
8044,2026-04-29,114,Mouse Sem Fio,Informática,2,75.90,151.80,Curitiba,PR,Cartão Crédito
8045,2026-04-29,112,Carregador Turbo USB-C,Celulares e Acessórios,3,85.40,256.20,Fortaleza,CE,Cartão Débito
8046,2026-04-29,104,Smartphone 128GB,Celulares e Acessórios,3,1619.10,4857.30,Brasília,DF,Cartão Débito
8047,2026-04-29,114,Smartphone 128GB,Celulares e Acessórios,3,1799.00,5397.00,Recife,PE,Cartão Débito
8048,2026-04-29,104,Smartphone 128GB,Celulares e Acessórios,2,1619.10,3238.20,Brasília,DF,Pix
8049,2026-04-29,101,Mouse Sem Fio,Informática,5,75.90,379.50,Curitiba,PR,Cartão Crédito
8050,2026-04-29,108,Notebook Core i5,Informática,1,3299.90,3299.90,São Paulo,SP,Cartão Débito
8051,2026-04-29,118,Cadeira de Escritório,Móveis,2,699.90,1399.80,Recife,PE,Cartão Crédito
8052,2026-04-29,102,Sofá 3 Lugares,Móveis,1,2159.10,2159.10,Santos,SP,Pix
8053,2026-04-29,120,Notebook Core i5,Informática,1,3299.90,3299.90,Campinas,SP,Boleto
8054,2026-04-29,106,Console de Videogame,Games,2,2999.00,5998.00,Campinas,SP,Pix
8055,2026-04-29,103,Cadeira de Escritório,Móveis,3,699.90,2099.70,Niterói,RJ,Pix
8056,2026-04-29,104,Kit Halteres 20kg,Esporte e Lazer,3,259.90,779.70,Uberlândia,MG,Boleto
8057,2026-04-30,117,Carregador Turbo USB-C,Celulares e Acessórios,4,80.91,323.64,Curitiba,PR,Cartão Crédito
8058,2026-04-30,104,Monitor Full HD 24pol,Informática,1,899.90,899.90,Vitória da Conquista,BA,Boleto
8059,2026-04-30,103,Micro-ondas 30L,Eletrodomésticos,2,649.90,1299.80,Niterói,RJ,Boleto
8060,2026-04-30,104,Kit Halteres 20kg,Esporte e Lazer,1,259.90,259.90,Santos,SP,Cartão Débito
8061,2026-04-30,115,Controle Sem Fio,Games,4,349.90,1399.60,Uberlândia,MG,Cartão Crédito
8062,2026-04-30,113,Monitor Full HD 24pol,Informática,2,854.90,1709.80,Vitória da Conquista,BA,Cartão Crédito
8063,2026-04-30,107,Esteira Elétrica,Esporte e Lazer,1,2899.00,2899.00,Brasília,DF,Pix
8064,2026-04-30,113,Sofá 3 Lugares,Móveis,1,2399.00,2399.00,São Paulo,SP,Cartão Débito
8065,2026-04-30,110,Cadeira de Escritório,Móveis,4,699.90,2799.60,Porto Alegre,RS,Pix
8066,2026-04-30,114,Kit Halteres 20kg,Esporte e Lazer,4,246.90,987.60,Porto Alegre,RS,Cartão Débito
8067,2026-04-30,118,Controle Sem Fio,Games,2,349.90,699.80,Rio de Janeiro,RJ,Cartão Débito
8068,2026-04-30,120,Smartphone 128GB,Celulares e Acessórios,2,1799.00,3598.00,São Paulo,SP,Boleto
8069,2026-04-30,112,Jogo de Aventura,Games,1,249.90,249.90,Brasília,DF,Cartão Débito
8070,2026-04-30,101,Fone Bluetooth,Celulares e Acessórios,2,189.90,379.80,Rio de Janeiro,RJ,Cartão Débito
8071,2026-05-01,104,Geladeira Frost Free 400L,Eletrodomésticos,2,3499.00,6998.00,Feira de Santana,BA,Pix
8072,2026-05-01,115,Controle Sem Fio,Games,4,349.90,1399.60,Uberlândia,MG,Cartão Débito
8073,2026-05-01,116,Kit Halteres 20kg,Esporte e Lazer,3,259.90,779.70,Santos,SP,Boleto
8074,2026-05-01,113,Smartphone 128GB,Celulares e Acessórios,3,1799.00,5397.00,Uberlândia,MG,Pix
8075,2026-05-01,105,Cadeira de Escritório,Móveis,1,664.90,664.90,Salvador,BA,Cartão Débito
8076,2026-05-01,112,Controle Sem Fio,Games,3,349.90,1049.70,Santos,SP,Cartão Débito
8077,2026-05-01,106,Fone Bluetooth,Celulares e Acessórios,2,179.91,359.82,Recife,PE,Boleto
8078,2026-05-01,112,Micro-ondas 30L,Eletrodomésticos,3,617.40,1852.20,Salvador,BA,Boleto
8079,2026-05-01,109,Teclado Mecânico,Informática,4,289.90,1159.60,Salvador,BA,Pix
8080,2026-05-01,114,Teclado Mecânico,Informática,3,275.40,826.20,Salvador,BA,Boleto
8081,2026-05-01,107,Monitor Full HD 24pol,Informática,3,899.90,2699.70,Brasília,DF,Boleto
8082,2026-05-01,112,Mesa de Jantar 6 Cadeiras,Móveis,1,1899.00,1899.00,Fortaleza,CE,Boleto
8083,2026-05-01,120,Cadeira de Escritório,Móveis,2,699.90,1399.80,Campinas,SP,Cartão Crédito
8084,2026-05-01,112,Smartphone 128GB,Celulares e Acessórios,2,1529.15,3058.30,Porto Alegre,RS,Cartão Crédito
8085,2026-05-01,102,Mouse Sem Fio,Informática,2,79.90,159.80,São Paulo,SP,Boleto
8086,2026-05-01,113,Cadeira de Escritório,Móveis,3,664.90,1994.70,Vitória da Conquista,BA,Boleto
8087,2026-05-01,111,Controle Sem Fio,Games,4,349.90,1399.60,São Paulo,SP,Pix
8088,2026-05-01,101,Máquina de Lavar 12kg,Eletrodomésticos,2,2199.00,4398.00,Belo Horizonte,MG,Cartão Débito
8089,2026-05-01,107,Jogo de Aventura,Games,5,237.40,1187.00,Uberlândia,MG,Cartão Débito
8090,2026-05-01,116,Kit Halteres 20kg,Esporte e Lazer,1,259.90,259.90,Brasília,DF,Pix
8091,2026-05-01,114,Teclado Mecânico,Informática,3,289.90,869.70,Santos,SP,Boleto
8092,2026-05-01,105,Sofá 3 Lugares,Móveis,2,2399.00,4798.00,Vitória da Conquista,BA,Pix
8093,2026-05-01,111,Controle Sem Fio,Games,3,349.90,1049.70,Porto Alegre,RS,Pix
8094,2026-05-01,112,Geladeira Frost Free 400L,Eletrodomésticos,2,3324.05,6648.10,Salvador,BA,Boleto
8095,2026-05-02,102,Smartphone 128GB,Celulares e Acessórios,3,1799.00,5397.00,São Paulo,SP,Cartão Crédito
8096,2026-05-02,107,Máquina de Lavar 12kg,Eletrodomésticos,2,2089.05,4178.10,Rio de Janeiro,RJ,Pix
8097,2026-05-02,119,Console de Videogame,Games,2,2849.05,5698.10,Vitória da Conquista,BA,Cartão Débito
8098,2026-05-02,117,Mouse Sem Fio,Informática,3,75.90,227.70,Curitiba,PR,Cartão Crédito
8099,2026-05-02,101,Mesa de Jantar 6 Cadeiras,Móveis,1,1899.00,1899.00,Goiânia,GO,Boleto
8100,2026-05-02,114,Cadeira de Escritório,Móveis,4,699.90,2799.60,Fortaleza,CE,Pix
8101,2026-05-02,119,Jogo de Aventura,Games,2,249.90,499.80,Santos,SP,Boleto
8102,2026-05-02,112,Jogo de Aventura,Games,4,249.90,999.60,Fortaleza,CE,Boleto
8103,2026-05-02,115,Controle Sem Fio,Games,3,314.91,944.73,Salvador,BA,Boleto
8104,2026-05-02,108,Bicicleta Aro 29,Esporte e Lazer,1,1709.05,1709.05,Goiânia,GO,Cartão Crédito
8105,2026-05-02,101,Controle Sem Fio,Games,1,349.90,349.90,Niterói,RJ,Cartão Débito
8106,2026-05-02,113,Controle Sem Fio,Games,2,314.91,629.82,Curitiba,PR,Cartão Débito
8107,2026-05-02,119,Mesa de Jantar 6 Cadeiras,Móveis,1,1899.00,1899.00,Recife,PE,Cartão Crédito
8108,2026-05-02,101,Sofá 3 Lugares,Móveis,1,2399.00,2399.00,Goiânia,GO,Pix
8109,2026-05-02,117,Airfryer 5L,Eletrodomésticos,1,365.42,365.42,Niterói,RJ,Pix
8110,2026-05-02,113,Monitor Full HD 24pol,Informática,3,899.90,2699.70,Goiânia,GO,Pix
8111,2026-05-03,113,Console de Videogame,Games,2,2999.00,5998.00,Recife,PE,Cartão Crédito
8112,2026-05-03,113,Console de Videogame,Games,1,2849.05,2849.05,Brasília,DF,Pix
8113,2026-05-03,101,Máquina de Lavar 12kg,Eletrodomésticos,1,2089.05,2089.05,Belo Horizonte,MG,Cartão Débito
8114,2026-05-03,104,Monitor Full HD 24pol,Informática,3,764.92,2294.76,Campinas,SP,Cartão Débito
8115,2026-05-03,120,Fone Bluetooth,Celulares e Acessórios,3,199.90,599.70,Uberlândia,MG,Pix
8116,2026-05-03,102,Mouse Sem Fio,Informática,2,79.90,159.80,Salvador,BA,Pix
8117,2026-05-03,111,Micro-ondas 30L,Eletrodomésticos,3,552.42,1657.26,Goiânia,GO,Pix
8118,2026-05-03,105,Carregador Turbo USB-C,Celulares e Acessórios,6,89.90,539.40,Belo Horizonte,MG,Cartão Crédito
8119,2026-05-03,110,Jogo de Aventura,Games,2,237.40,474.80,Salvador,BA,Pix
8120,2026-05-03,102,Micro-ondas 30L,Eletrodomésticos,3,649.90,1949.70,Vitória da Conquista,BA,Cartão Crédito
8121,2026-05-03,101,Console de Videogame,Games,1,2999.00,2999.00,Feira de Santana,BA,Cartão Crédito
8122,2026-05-03,111,Monitor Full HD 24pol,Informática,1,899.90,899.90,Belo Horizonte,MG,Cartão Débito
8123,2026-05-03,108,Teclado Mecânico,Informática,1,289.90,289.90,Uberlândia,MG,Boleto
8124,2026-05-03,120,Mouse Sem Fio,Informática,1,79.90,79.90,São Paulo,SP,Pix
8125,2026-05-03,113,Geladeira Frost Free 400L,Eletrodomésticos,2,3149.10,6298.20,São Paulo,SP,Pix
8126,2026-05-03,110,Esteira Elétrica,Esporte e Lazer,2,2899.00,5798.00,Campinas,SP,Cartão Crédito
8127,2026-05-03,107,Console de Videogame,Games,1,2849.05,2849.05,Salvador,BA,Cartão Débito
8128,2026-05-04,107,Fone Bluetooth,Celulares e Acessórios,1,199.90,199.90,Goiânia,GO,Cartão Crédito
8129,2026-05-04,105,Esteira Elétrica,Esporte e Lazer,1,2899.00,2899.00,Recife,PE,Cartão Crédito
8130,2026-05-04,106,Máquina de Lavar 12kg,Eletrodomésticos,1,1979.10,1979.10,Recife,PE,Cartão Débito
8131,2026-05-04,102,Monitor Full HD 24pol,Informática,3,899.90,2699.70,Belo Horizonte,MG,Pix
8132,2026-05-04,111,Jogo de Aventura,Games,5,224.91,1124.55,Rio de Janeiro,RJ,Cartão Débito
8133,2026-05-04,102,Monitor Full HD 24pol,Informática,2,899.90,1799.80,Salvador,BA,Pix
8134,2026-05-04,117,Mesa de Jantar 6 Cadeiras,Móveis,2,1709.10,3418.20,Porto Alegre,RS,Cartão Crédito
8135,2026-05-04,101,Mesa de Jantar 6 Cadeiras,Móveis,1,1899.00,1899.00,Santos,SP,Cartão Crédito
8136,2026-05-04,116,Jogo de Aventura,Games,4,249.90,999.60,Recife,PE,Cartão Débito
8137,2026-05-04,101,Fone Bluetooth,Celulares e Acessórios,5,199.90,999.50,Salvador,BA,Boleto
8138,2026-05-04,106,Smartphone 128GB,Celulares e Acessórios,1,1799.00,1799.00,Niterói,RJ,Cartão Crédito
8139,2026-05-04,113,Micro-ondas 30L,Eletrodomésticos,2,617.40,1234.80,Salvador,BA,Cartão Crédito
8140,2026-05-04,116,Monitor Full HD 24pol,Informática,3,854.90,2564.70,Belo Horizonte,MG,Cartão Crédito
8141,2026-05-04,112,Console de Videogame,Games,2,2849.05,5698.10,Fortaleza,CE,Boleto
8142,2026-05-04,113,Esteira Elétrica,Esporte e Lazer,1,2464.15,2464.15,São Paulo,SP,Cartão Crédito
8143,2026-05-04,118,Teclado Mecânico,Informática,1,289.90,289.90,São Paulo,SP,Cartão Débito
8144,2026-05-04,114,Monitor Full HD 24pol,Informática,3,899.90,2699.70,São Paulo,SP,Pix
8145,2026-05-05,102,Carregador Turbo USB-C,Celulares e Acessórios,6,89.90,539.40,Curitiba,PR,Cartão Débito
8146,2026-05-05,115,Mouse Sem Fio,Informática,5,79.90,399.50,São Paulo,SP,Pix
8147,2026-05-05,116,Cadeira de Escritório,Móveis,4,699.90,2799.60,Campinas,SP,Cartão Crédito
8148,2026-05-05,119,Smartphone 128GB,Celulares e Acessórios,2,1709.05,3418.10,Porto Alegre,RS,Cartão Crédito
8149,2026-05-05,105,Bicicleta Aro 29,Esporte e Lazer,1,1799.00,1799.00,Vitória da Conquista,BA,Boleto
8150,2026-05-05,114,Esteira Elétrica,Esporte e Lazer,2,2899.00,5798.00,Feira de Santana,BA,Cartão Débito
8151,2026-05-05,116,Teclado Mecânico,Informática,2,289.90,579.80,Goiânia,GO,Cartão Crédito
8152,2026-05-05,115,Airfryer 5L,Eletrodomésticos,3,429.90,1289.70,Porto Alegre,RS,Cartão Débito
8153,2026-05-05,111,Cadeira de Escritório,Móveis,3,699.90,2099.70,Rio de Janeiro,RJ,Pix
8154,2026-05-05,112,Esteira Elétrica,Esporte e Lazer,2,2899.00,5798.00,Feira de Santana,BA,Cartão Crédito
8155,2026-05-05,111,Controle Sem Fio,Games,2,314.91,629.82,Santos,SP,Pix
8156,2026-05-05,108,Mouse Sem Fio,Informática,2,79.90,159.80,Niterói,RJ,Cartão Crédito
8157,2026-05-05,111,Monitor Full HD 24pol,Informática,2,899.90,1799.80,Goiânia,GO,Cartão Crédito
8158,2026-05-05,113,Airfryer 5L,Eletrodomésticos,2,429.90,859.80,Curitiba,PR,Boleto
8159,2026-05-05,115,Sofá 3 Lugares,Móveis,2,2399.00,4798.00,Rio de Janeiro,RJ,Boleto
8160,2026-05-05,112,Kit Halteres 20kg,Esporte e Lazer,4,259.90,1039.60,Fortaleza,CE,Cartão Débito
8161,2026-05-05,115,Sofá 3 Lugares,Móveis,2,2399.00,4798.00,Campinas,SP,Cartão Débito
8162,2026-05-06,107,Notebook Core i5,Informática,2,3299.90,6599.80,Niterói,RJ,Pix
8163,2026-05-06,112,Smartphone 128GB,Celulares e Acessórios,3,1799.00,5397.00,Feira de Santana,BA,Cartão Crédito
8164,2026-05-06,103,Smartphone 128GB,Celulares e Acessórios,1,1799.00,1799.00,Goiânia,GO,Pix
8165,2026-05-06,101,Máquina de Lavar 12kg,Eletrodomésticos,1,2199.00,2199.00,Campinas,SP,Boleto
8166,2026-05-06,112,Jogo de Aventura,Games,1,249.90,249.90,Vitória da Conquista,BA,Boleto
8167,2026-05-06,113,Máquina de Lavar 12kg,Eletrodomésticos,2,2089.05,4178.10,Brasília,DF,Pix
8168,2026-05-06,108,Mesa de Jantar 6 Cadeiras,Móveis,1,1709.10,1709.10,Fortaleza,CE,Cartão Crédito
8169,2026-05-06,103,Jogo de Aventura,Games,2,224.91,449.82,Rio de Janeiro,RJ,Boleto
8170,2026-05-06,114,Kit Halteres 20kg,Esporte e Lazer,2,259.90,519.80,Recife,PE,Cartão Crédito
8171,2026-05-06,101,Micro-ondas 30L,Eletrodomésticos,3,649.90,1949.70,Curitiba,PR,Pix
8172,2026-05-06,120,Teclado Mecânico,Informática,2,289.90,579.80,Campinas,SP,Pix
8173,2026-05-06,113,Smartphone 128GB,Celulares e Acessórios,2,1709.05,3418.10,São Paulo,SP,Cartão Débito
8174,2026-05-06,119,Console de Videogame,Games,2,2849.05,5698.10,Curitiba,PR,Boleto
8175,2026-05-06,116,Monitor Full HD 24pol,Informática,2,899.90,1799.80,Belo Horizonte,MG,Cartão Crédito
8176,2026-05-06,101,Console de Videogame,Games,2,2699.10,5398.20,Porto Alegre,RS,Pix
8177,2026-05-06,112,Smartphone 128GB,Celulares e Acessórios,1,1799.00,1799.00,Niterói,RJ,Cartão Débito
8178,2026-05-06,103,Esteira Elétrica,Esporte e Lazer,2,2899.00,5798.00,Goiânia,GO,Pix
8179,2026-05-06,105,Mouse Sem Fio,Informática,1,79.90,79.90,Fortaleza,CE,Pix
8180,2026-05-06,105,Geladeira Frost Free 400L,Eletrodomésticos,2,2974.15,5948.30,Rio de Janeiro,RJ,Cartão Débito
8181,2026-05-06,114,Esteira Elétrica,Esporte e Lazer,1,2899.00,2899.00,Fortaleza,CE,Cartão Crédito
8182,2026-05-06,108,Sofá 3 Lugares,Móveis,2,2399.00,4798.00,Belo Horizonte,MG,Cartão Crédito
8183,2026-05-07,113,Notebook Core i5,Informática,2,3299.90,6599.80,Campinas,SP,Cartão Débito
8184,2026-05-07,109,Controle Sem Fio,Games,2,349.90,699.80,Salvador,BA,Pix
8185,2026-05-07,104,Fone Bluetooth,Celulares e Acessórios,2,179.91,359.82,Salvador,BA,Boleto
8186,2026-05-07,112,Smartphone 128GB,Celulares e Acessórios,3,1799.00,5397.00,Feira de Santana,BA,Boleto
8187,2026-05-07,101,Fone Bluetooth,Celulares e Acessórios,4,199.90,799.60,Santos,SP,Pix
8188,2026-05-07,110,Controle Sem Fio,Games,3,349.90,1049.70,Fortaleza,CE,Cartão Crédito
8189,2026-05-07,120,Carregador Turbo USB-C,Celulares e Acessórios,1,89.90,89.90,Campinas,SP,Cartão Crédito
8190,2026-05-07,111,Fone Bluetooth,Celulares e Acessórios,5,199.90,999.50,Porto Alegre,RS,Pix
8191,2026-05-07,103,Console de Videogame,Games,2,2999.00,5998.00,Porto Alegre,RS,Pix
8192,2026-05-07,113,Mouse Sem Fio,Informática,1,79.90,79.90,Salvador,BA,Cartão Crédito
8193,2026-05-07,120,Esteira Elétrica,Esporte e Lazer,2,2609.10,5218.20,Fortaleza,CE,Cartão Débito
8194,2026-05-07,115,Esteira Elétrica,Esporte e Lazer,2,2899.00,5798.00,Salvador,BA,Cartão Débito
8195,2026-05-07,103,Fone Bluetooth,Celulares e Acessórios,2,199.90,399.80,Rio de Janeiro,RJ,Cartão Débito
8196,2026-05-08,114,Console de Videogame,Games,1,2849.05,2849.05,Feira de Santana,BA,Cartão Crédito
8197,2026-05-08,118,Fone Bluetooth,Celulares e Acessórios,2,189.90,379.80,Santos,SP,Boleto
8198,2026-05-08,113,Fone Bluetooth,Celulares e Acessórios,1,199.90,199.90,Goiânia,GO,Pix
8199,2026-05-08,101,Mesa de Jantar 6 Cadeiras,Móveis,1,1899.00,1899.00,Recife,PE,Cartão Débito
8200,2026-05-08,102,Airfryer 5L,Eletrodomésticos,1,429.90,429.90,Fortaleza,CE,Boleto
8201,2026-05-08,117,Airfryer 5L,Eletrodomésticos,3,408.40,1225.20,Uberlândia,MG,Boleto
8202,2026-05-08,106,Micro-ondas 30L,Eletrodomésticos,3,649.90,1949.70,Campinas,SP,Cartão Débito
8203,2026-05-08,108,Micro-ondas 30L,Eletrodomésticos,2,649.90,1299.80,Uberlândia,MG,Boleto
8204,2026-05-08,102,Geladeira Frost Free 400L,Eletrodomésticos,2,3324.05,6648.10,Recife,PE,Pix
8205,2026-05-08,113,Monitor Full HD 24pol,Informática,1,809.91,809.91,Goiânia,GO,Pix
8206,2026-05-08,120,Console de Videogame,Games,2,2999.00,5998.00,Curitiba,PR,Cartão Crédito
8207,2026-05-09,102,Jogo de Aventura,Games,5,224.91,1124.55,Feira de Santana,BA,Pix
8208,2026-05-09,101,Fone Bluetooth,Celulares e Acessórios,3,199.90,599.70,Campinas,SP,Cartão Débito
8209,2026-05-09,115,Bicicleta Aro 29,Esporte e Lazer,2,1709.05,3418.10,Campinas,SP,Boleto
8210,2026-05-09,117,Fone Bluetooth,Celulares e Acessórios,4,199.90,799.60,Rio de Janeiro,RJ,Boleto
8211,2026-05-09,110,Cadeira de Escritório,Móveis,3,699.90,2099.70,Goiânia,GO,Cartão Débito
8212,2026-05-09,118,Esteira Elétrica,Esporte e Lazer,2,2609.10,5218.20,Belo Horizonte,MG,Boleto
8213,2026-05-09,119,Controle Sem Fio,Games,4,349.90,1399.60,Uberlândia,MG,Pix
8214,2026-05-09,101,Geladeira Frost Free 400L,Eletrodomésticos,2,3149.10,6298.20,Salvador,BA,Boleto
8215,2026-05-09,113,Teclado Mecânico,Informática,2,275.40,550.80,Feira de Santana,BA,Cartão Crédito
8216,2026-05-09,113,Máquina de Lavar 12kg,Eletrodomésticos,1,1869.15,1869.15,São Paulo,SP,Pix
8217,2026-05-09,105,Bicicleta Aro 29,Esporte e Lazer,2,1799.00,3598.00,Porto Alegre,RS,Cartão Crédito
8218,2026-05-09,105,Carregador Turbo USB-C,Celulares e Acessórios,2,89.90,179.80,São Paulo,SP,Cartão Débito
8219,2026-05-09,112,Máquina de Lavar 12kg,Eletrodomésticos,2,2199.00,4398.00,Feira de Santana,BA,Cartão Crédito
8220,2026-05-09,114,Teclado Mecânico,Informática,1,260.91,260.91,Vitória da Conquista,BA,Boleto
8221,2026-05-09,112,Fone Bluetooth,Celulares e Acessórios,3,199.90,599.70,São Paulo,SP,Boleto
8222,2026-05-09,117,Teclado Mecânico,Informática,1,246.42,246.42,Fortaleza,CE,Cartão Débito
8223,2026-05-09,109,Teclado Mecânico,Informática,2,289.90,579.80,Recife,PE,Boleto
8224,2026-05-10,110,Airfryer 5L,Eletrodomésticos,3,429.90,1289.70,Goiânia,GO,Pix
8225,2026-05-10,107,Carregador Turbo USB-C,Celulares e Acessórios,5,89.90,449.50,São Paulo,SP,Cartão Crédito
8226,2026-05-10,103,Controle Sem Fio,Games,4,349.90,1399.60,Vitória da Conquista,BA,Pix
8227,2026-05-10,103,Geladeira Frost Free 400L,Eletrodomésticos,1,3499.00,3499.00,Rio de Janeiro,RJ,Pix
8228,2026-05-10,117,Monitor Full HD 24pol,Informática,1,899.90,899.90,Feira de Santana,BA,Boleto
8229,2026-05-10,111,Mesa de Jantar 6 Cadeiras,Móveis,2,1804.05,3608.10,Porto Alegre,RS,Boleto
8230,2026-05-10,105,Airfryer 5L,Eletrodomésticos,1,408.40,408.40,Feira de Santana,BA,Boleto
8231,2026-05-10,108,Controle Sem Fio,Games,3,349.90,1049.70,Niterói,RJ,Cartão Crédito
8232,2026-05-10,117,Sofá 3 Lugares,Móveis,1,2399.00,2399.00,Belo Horizonte,MG,Pix
8233,2026-05-10,110,Fone Bluetooth,Celulares e Acessórios,1,199.90,199.90,Goiânia,GO,Boleto
8234,2026-05-10,120,Esteira Elétrica,Esporte e Lazer,2,2754.05,5508.10,Campinas,SP,Pix
8235,2026-05-10,116,Monitor Full HD 24pol,Informática,2,809.91,1619.82,Belo Horizonte,MG,Cartão Crédito
8236,2026-05-10,116,Geladeira Frost Free 400L,Eletrodomésticos,2,3499.00,6998.00,Porto Alegre,RS,Boleto
8237,2026-05-10,103,Fone Bluetooth,Celulares e Acessórios,1,169.92,169.92,Santos,SP,Boleto
8238,2026-05-10,111,Monitor Full HD 24pol,Informática,3,899.90,2699.70,Campinas,SP,Boleto
8239,2026-05-10,106,Máquina de Lavar 12kg,Eletrodomésticos,2,2199.00,4398.00,Campinas,SP,Cartão Débito
8240,2026-05-10,107,Airfryer 5L,Eletrodomésticos,1,408.40,408.40,Niterói,RJ,Boleto
8241,2026-05-10,110,Mesa de Jantar 6 Cadeiras,Móveis,2,1899.00,3798.00,Feira de Santana,BA,Cartão Débito
8242,2026-05-11,114,Geladeira Frost Free 400L,Eletrodomésticos,2,3149.10,6298.20,Fortaleza,CE,Cartão Crédito
8243,2026-05-11,120,Smartphone 128GB,Celulares e Acessórios,3,1799.00,5397.00,Curitiba,PR,Cartão Crédito
8244,2026-05-11,113,Monitor Full HD 24pol,Informática,2,899.90,1799.80,São Paulo,SP,Cartão Débito
8245,2026-05-11,105,Máquina de Lavar 12kg,Eletrodomésticos,1,2199.00,2199.00,Uberlândia,MG,Pix
8246,2026-05-11,107,Fone Bluetooth,Celulares e Acessórios,2,199.90,399.80,Fortaleza,CE,Cartão Crédito
8247,2026-05-11,102,Sofá 3 Lugares,Móveis,2,2399.00,4798.00,Brasília,DF,Pix
8248,2026-05-11,107,Micro-ondas 30L,Eletrodomésticos,2,649.90,1299.80,São Paulo,SP,Boleto
8249,2026-05-11,108,Console de Videogame,Games,1,2999.00,2999.00,Salvador,BA,Pix
8250,2026-05-11,109,Notebook Core i5,Informática,2,3134.90,6269.80,Porto Alegre,RS,Pix
8251,2026-05-11,113,Teclado Mecânico,Informática,4,289.90,1159.60,Belo Horizonte,MG,Pix
8252,2026-05-11,107,Fone Bluetooth,Celulares e Acessórios,2,199.90,399.80,Feira de Santana,BA,Pix
8253,2026-05-11,108,Fone Bluetooth,Celulares e Acessórios,3,199.90,599.70,Feira de Santana,BA,Pix
8254,2026-05-11,108,Airfryer 5L,Eletrodomésticos,1,429.90,429.90,Vitória da Conquista,BA,Pix
8255,2026-05-12,115,Sofá 3 Lugares,Móveis,2,2399.00,4798.00,Campinas,SP,Pix
8256,2026-05-12,111,Geladeira Frost Free 400L,Eletrodomésticos,2,3499.00,6998.00,São Paulo,SP,Cartão Crédito
8257,2026-05-12,117,Sofá 3 Lugares,Móveis,1,2399.00,2399.00,Campinas,SP,Cartão Crédito
8258,2026-05-12,119,Esteira Elétrica,Esporte e Lazer,2,2754.05,5508.10,Santos,SP,Boleto
8259,2026-05-12,101,Monitor Full HD 24pol,Informática,2,899.90,1799.80,Recife,PE,Pix
8260,2026-05-12,105,Sofá 3 Lugares,Móveis,2,2399.00,4798.00,Belo Horizonte,MG,Cartão Crédito
8261,2026-05-12,113,Kit Halteres 20kg,Esporte e Lazer,4,246.90,987.60,Fortaleza,CE,Cartão Crédito
8262,2026-05-12,113,Esteira Elétrica,Esporte e Lazer,1,2464.15,2464.15,Goiânia,GO,Cartão Crédito
8263,2026-05-12,113,Airfryer 5L,Eletrodomésticos,1,386.91,386.91,Santos,SP,Cartão Crédito
8264,2026-05-12,101,Controle Sem Fio,Games,3,349.90,1049.70,Santos,SP,Pix
8265,2026-05-12,102,Esteira Elétrica,Esporte e Lazer,1,2609.10,2609.10,Niterói,RJ,Pix
8266,2026-05-12,116,Monitor Full HD 24pol,Informática,3,764.92,2294.76,Uberlândia,MG,Cartão Débito
8267,2026-05-12,105,Geladeira Frost Free 400L,Eletrodomésticos,1,3324.05,3324.05,Curitiba,PR,Boleto
8268,2026-05-12,115,Esteira Elétrica,Esporte e Lazer,1,2899.00,2899.00,Salvador,BA,Pix
8269,2026-05-12,109,Smartphone 128GB,Celulares e Acessórios,2,1799.00,3598.00,Porto Alegre,RS,Cartão Crédito
8270,2026-05-12,104,Mesa de Jantar 6 Cadeiras,Móveis,1,1614.15,1614.15,São Paulo,SP,Pix
8271,2026-05-12,102,Bicicleta Aro 29,Esporte e Lazer,2,1799.00,3598.00,Uberlândia,MG,Pix
8272,2026-05-12,115,Console de Videogame,Games,1,2999.00,2999.00,Feira de Santana,BA,Cartão Crédito
8273,2026-05-12,107,Sofá 3 Lugares,Móveis,1,2399.00,2399.00,Santos,SP,Cartão Débito
8274,2026-05-12,108,Esteira Elétrica,Esporte e Lazer,1,2899.00,2899.00,Feira de Santana,BA,Cartão Crédito
8275,2026-05-13,120,Máquina de Lavar 12kg,Eletrodomésticos,1,1869.15,1869.15,Goiânia,GO,Pix
8276,2026-05-13,119,Mesa de Jantar 6 Cadeiras,Móveis,2,1899.00,3798.00,Rio de Janeiro,RJ,Cartão Crédito
8277,2026-05-13,117,Teclado Mecânico,Informática,3,275.40,826.20,Vitória da Conquista,BA,Pix
8278,2026-05-13,117,Máquina de Lavar 12kg,Eletrodomésticos,1,1979.10,1979.10,Niterói,RJ,Cartão Crédito
8279,2026-05-13,115,Controle Sem Fio,Games,3,349.90,1049.70,São Paulo,SP,Cartão Crédito
8280,2026-05-13,101,Teclado Mecânico,Informática,2,289.90,579.80,Goiânia,GO,Cartão Crédito
8281,2026-05-13,112,Esteira Elétrica,Esporte e Lazer,1,2899.00,2899.00,Rio de Janeiro,RJ,Cartão Débito
8282,2026-05-13,118,Smartphone 128GB,Celulares e Acessórios,2,1799.00,3598.00,Rio de Janeiro,RJ,Boleto
8283,2026-05-13,108,Monitor Full HD 24pol,Informática,2,899.90,1799.80,Fortaleza,CE,Cartão Crédito
8284,2026-05-13,119,Kit Halteres 20kg,Esporte e Lazer,4,259.90,1039.60,Brasília,DF,Cartão Crédito
8285,2026-05-13,114,Micro-ondas 30L,Eletrodomésticos,2,649.90,1299.80,Salvador,BA,Cartão Crédito
8286,2026-05-13,118,Sofá 3 Lugares,Móveis,1,2399.00,2399.00,Salvador,BA,Boleto
8287,2026-05-13,103,Smartphone 128GB,Celulares e Acessórios,2,1799.00,3598.00,Salvador,BA,Boleto
8288,2026-05-14,101,Monitor Full HD 24pol,Informática,2,899.90,1799.80,Recife,PE,Pix
8289,2026-05-14,106,Mesa de Jantar 6 Cadeiras,Móveis,1,1804.05,1804.05,Porto Alegre,RS,Cartão Débito
8290,2026-05-14,106,Máquina de Lavar 12kg,Eletrodomésticos,2,1979.10,3958.20,Campinas,SP,Cartão Débito
8291,2026-05-14,116,Geladeira Frost Free 400L,Eletrodomésticos,2,3499.00,6998.00,Campinas,SP,Boleto
8292,2026-05-14,105,Airfryer 5L,Eletrodomésticos,1,429.90,429.90,Rio de Janeiro,RJ,Boleto
8293,2026-05-14,108,Console de Videogame,Games,1,2999.00,2999.00,Fortaleza,CE,Boleto
8294,2026-05-14,105,Cadeira de Escritório,Móveis,4,664.90,2659.60,Goiânia,GO,Boleto
8295,2026-05-14,117,Mouse Sem Fio,Informática,2,79.90,159.80,Santos,SP,Pix
8296,2026-05-14,116,Smartphone 128GB,Celulares e Acessórios,2,1799.00,3598.00,Curitiba,PR,Cartão Débito
8297,2026-05-14,102,Mouse Sem Fio,Informática,2,79.90,159.80,Campinas,SP,Cartão Débito
8298,2026-05-14,109,Airfryer 5L,Eletrodomésticos,3,429.90,1289.70,São Paulo,SP,Cartão Crédito
8299,2026-05-14,115,Controle Sem Fio,Games,4,349.90,1399.60,São Paulo,SP,Pix
8300,2026-05-14,103,Kit Halteres 20kg,Esporte e Lazer,1,259.90,259.90,Belo Horizonte,MG,Cartão Débito
8301,2026-05-15,115,Fone Bluetooth,Celulares e Acessórios,2,199.90,399.80,Uberlândia,MG,Cartão Crédito
8302,2026-05-15,109,Kit Halteres 20kg,Esporte e Lazer,3,259.90,779.70,Brasília,DF,Cartão Débito
8303,2026-05-15,108,Smartphone 128GB,Celulares e Acessórios,1,1799.00,1799.00,Recife,PE,Cartão Débito
8304,2026-05-15,101,Mouse Sem Fio,Informática,3,79.90,239.70,Curitiba,PR,Cartão Débito
8305,2026-05-15,118,Console de Videogame,Games,1,2999.00,2999.00,Salvador,BA,Boleto
8306,2026-05-15,106,Notebook Core i5,Informática,2,3299.90,6599.80,Uberlândia,MG,Cartão Débito
8307,2026-05-15,106,Cadeira de Escritório,Móveis,2,699.90,1399.80,Curitiba,PR,Boleto
8308,2026-05-15,112,Controle Sem Fio,Games,3,349.90,1049.70,Vitória da Conquista,BA,Cartão Crédito
8309,2026-05-15,119,Smartphone 128GB,Celulares e Acessórios,1,1529.15,1529.15,Recife,PE,Cartão Crédito
8310,2026-05-15,114,Teclado Mecânico,Informática,1,289.90,289.90,Recife,PE,Cartão Débito
8311,2026-05-15,116,Notebook Core i5,Informática,2,3299.90,6599.80,São Paulo,SP,Pix
8312,2026-05-15,105,Airfryer 5L,Eletrodomésticos,4,365.42,1461.68,Brasília,DF,Pix
8313,2026-05-15,104,Bicicleta Aro 29,Esporte e Lazer,2,1799.00,3598.00,São Paulo,SP,Pix
8314,2026-05-16,116,Bicicleta Aro 29,Esporte e Lazer,2,1799.00,3598.00,Brasília,DF,Cartão Crédito
8315,2026-05-16,106,Esteira Elétrica,Esporte e Lazer,1,2609.10,2609.10,Curitiba,PR,Pix
8316,2026-05-16,115,Micro-ondas 30L,Eletrodomésticos,3,649.90,1949.70,Brasília,DF,Boleto
8317,2026-05-16,115,Teclado Mecânico,Informática,1,289.90,289.90,Santos,SP,Pix
8318,2026-05-16,105,Notebook Core i5,Informática,2,3299.90,6599.80,Santos,SP,Cartão Débito
8319,2026-05-16,106,Geladeira Frost Free 400L,Eletrodomésticos,2,3499.00,6998.00,Goiânia,GO,Pix
8320,2026-05-16,103,Fone Bluetooth,Celulares e Acessórios,2,189.90,379.80,Rio de Janeiro,RJ,Cartão Débito
8321,2026-05-16,106,Sofá 3 Lugares,Móveis,2,2399.00,4798.00,Belo Horizonte,MG,Cartão Crédito
8322,2026-05-16,119,Teclado Mecânico,Informática,3,289.90,869.70,Brasília,DF,Cartão Crédito
8323,2026-05-16,108,Sofá 3 Lugares,Móveis,2,2399.00,4798.00,Campinas,SP,Cartão Débito
8324,2026-05-16,112,Fone Bluetooth,Celulares e Acessórios,1,199.90,199.90,Recife,PE,Cartão Débito
8325,2026-05-16,104,Teclado Mecânico,Informática,4,289.90,1159.60,Feira de Santana,BA,Boleto
8326,2026-05-16,103,Notebook Core i5,Informática,1,2969.91,2969.91,Fortaleza,CE,Boleto
8327,2026-05-16,102,Esteira Elétrica,Esporte e Lazer,2,2899.00,5798.00,Vitória da Conquista,BA,Cartão Débito
8328,2026-05-16,114,Micro-ondas 30L,Eletrodomésticos,2,649.90,1299.80,São Paulo,SP,Pix
8329,2026-05-16,115,Geladeira Frost Free 400L,Eletrodomésticos,1,3324.05,3324.05,Salvador,BA,Pix
8330,2026-05-16,101,Smartphone 128GB,Celulares e Acessórios,3,1619.10,4857.30,Curitiba,PR,Cartão Crédito
8331,2026-05-16,120,Bicicleta Aro 29,Esporte e Lazer,1,1799.00,1799.00,Rio de Janeiro,RJ,Cartão Crédito
8332,2026-05-16,110,Notebook Core i5,Informática,2,2969.91,5939.82,Goiânia,GO,Cartão Crédito
8333,2026-05-16,115,Kit Halteres 20kg,Esporte e Lazer,3,259.90,779.70,Feira de Santana,BA,Pix
8334,2026-05-16,120,Console de Videogame,Games,1,2999.00,2999.00,Goiânia,GO,Cartão Crédito
8335,2026-05-16,101,Máquina de Lavar 12kg,Eletrodomésticos,2,2199.00,4398.00,Uberlândia,MG,Cartão Débito
8336,2026-05-16,107,Console de Videogame,Games,2,2999.00,5998.00,Niterói,RJ,Boleto
8337,2026-05-16,104,Mesa de Jantar 6 Cadeiras,Móveis,1,1899.00,1899.00,Porto Alegre,RS,Cartão Débito
8338,2026-05-16,102,Cadeira de Escritório,Móveis,2,699.90,1399.80,São Paulo,SP,Pix
8339,2026-05-16,103,Jogo de Aventura,Games,4,249.90,999.60,Recife,PE,Pix
8340,2026-05-17,108,Monitor Full HD 24pol,Informática,1,899.90,899.90,Uberlândia,MG,Cartão Crédito
8341,2026-05-17,102,Controle Sem Fio,Games,4,332.40,1329.60,Rio de Janeiro,RJ,Cartão Débito
8342,2026-05-17,119,Console de Videogame,Games,1,2699.10,2699.10,São Paulo,SP,Pix
8343,2026-05-17,117,Jogo de Aventura,Games,2,249.90,499.80,Campinas,SP,Boleto
8344,2026-05-17,106,Geladeira Frost Free 400L,Eletrodomésticos,2,3149.10,6298.20,Curitiba,PR,Cartão Débito
8345,2026-05-17,113,Máquina de Lavar 12kg,Eletrodomésticos,1,2199.00,2199.00,Niterói,RJ,Boleto
8346,2026-05-17,101,Teclado Mecânico,Informática,3,289.90,869.70,Campinas,SP,Cartão Débito
8347,2026-05-17,116,Controle Sem Fio,Games,2,349.90,699.80,Niterói,RJ,Cartão Crédito
8348,2026-05-17,102,Esteira Elétrica,Esporte e Lazer,1,2899.00,2899.00,Recife,PE,Pix
8349,2026-05-17,107,Máquina de Lavar 12kg,Eletrodomésticos,1,2199.00,2199.00,Fortaleza,CE,Pix
8350,2026-05-17,115,Controle Sem Fio,Games,1,314.91,314.91,Goiânia,GO,Pix
8351,2026-05-17,105,Console de Videogame,Games,2,2999.00,5998.00,Fortaleza,CE,Cartão Crédito
8352,2026-05-17,118,Mouse Sem Fio,Informática,2,71.91,143.82,Curitiba,PR,Cartão Débito
8353,2026-05-17,115,Mouse Sem Fio,Informática,6,79.90,479.40,Recife,PE,Pix
8354,2026-05-17,102,Cadeira de Escritório,Móveis,2,699.90,1399.80,Fortaleza,CE,Pix
8355,2026-05-17,101,Mesa de Jantar 6 Cadeiras,Móveis,1,1709.10,1709.10,Fortaleza,CE,Pix
8356,2026-05-18,120,Controle Sem Fio,Games,3,349.90,1049.70,Salvador,BA,Boleto
8357,2026-05-18,118,Máquina de Lavar 12kg,Eletrodomésticos,1,2199.00,2199.00,Rio de Janeiro,RJ,Pix
8358,2026-05-18,117,Notebook Core i5,Informática,1,3134.90,3134.90,Recife,PE,Pix
8359,2026-05-18,112,Carregador Turbo USB-C,Celulares e Acessórios,1,89.90,89.90,Goiânia,GO,Cartão Débito
8360,2026-05-18,108,Sofá 3 Lugares,Móveis,1,2399.00,2399.00,Fortaleza,CE,Cartão Débito
8361,2026-05-18,105,Console de Videogame,Games,2,2999.00,5998.00,Rio de Janeiro,RJ,Cartão Crédito
8362,2026-05-18,109,Fone Bluetooth,Celulares e Acessórios,3,179.91,539.73,Curitiba,PR,Cartão Crédito
8363,2026-05-18,111,Notebook Core i5,Informática,1,2969.91,2969.91,Rio de Janeiro,RJ,Pix
8364,2026-05-18,106,Bicicleta Aro 29,Esporte e Lazer,2,1529.15,3058.30,São Paulo,SP,Pix
8365,2026-05-18,118,Geladeira Frost Free 400L,Eletrodomésticos,2,3499.00,6998.00,Goiânia,GO,Cartão Crédito
8366,2026-05-18,109,Bicicleta Aro 29,Esporte e Lazer,1,1799.00,1799.00,Curitiba,PR,Boleto
8367,2026-05-18,111,Jogo de Aventura,Games,4,249.90,999.60,Niterói,RJ,Boleto
8368,2026-05-18,104,Carregador Turbo USB-C,Celulares e Acessórios,2,89.90,179.80,Rio de Janeiro,RJ,Cartão Crédito
8369,2026-05-18,111,Mesa de Jantar 6 Cadeiras,Móveis,2,1899.00,3798.00,Santos,SP,Boleto
8370,2026-05-18,110,Controle Sem Fio,Games,2,314.91,629.82,São Paulo,SP,Cartão Crédito
8371,2026-05-18,102,Controle Sem Fio,Games,2,349.90,699.80,Fortaleza,CE,Cartão Débito
8372,2026-05-18,118,Geladeira Frost Free 400L,Eletrodomésticos,2,3499.00,6998.00,São Paulo,SP,Cartão Crédito
8373,2026-05-19,114,Controle Sem Fio,Games,3,349.90,1049.70,Campinas,SP,Boleto
8374,2026-05-19,106,Airfryer 5L,Eletrodomésticos,2,429.90,859.80,Campinas,SP,Pix
8375,2026-05-19,109,Esteira Elétrica,Esporte e Lazer,2,2609.10,5218.20,Fortaleza,CE,Cartão Débito
8376,2026-05-19,112,Micro-ondas 30L,Eletrodomésticos,2,649.90,1299.80,Niterói,RJ,Pix
8377,2026-05-19,109,Sofá 3 Lugares,Móveis,1,2279.05,2279.05,Feira de Santana,BA,Cartão Crédito
8378,2026-05-19,112,Jogo de Aventura,Games,5,237.40,1187.00,Recife,PE,Boleto
8379,2026-05-19,109,Mouse Sem Fio,Informática,6,79.90,479.40,Feira de Santana,BA,Cartão Débito
8380,2026-05-19,117,Kit Halteres 20kg,Esporte e Lazer,3,246.90,740.70,Rio de Janeiro,RJ,Pix
8381,2026-05-19,116,Micro-ondas 30L,Eletrodomésticos,2,649.90,1299.80,Recife,PE,Cartão Crédito
8382,2026-05-19,114,Sofá 3 Lugares,Móveis,1,2399.00,2399.00,Fortaleza,CE,Pix
8383,2026-05-19,104,Airfryer 5L,Eletrodomésticos,3,429.90,1289.70,Uberlândia,MG,Boleto
8384,2026-05-19,111,Bicicleta Aro 29,Esporte e Lazer,1,1529.15,1529.15,Brasília,DF,Cartão Débito
8385,2026-05-19,109,Mesa de Jantar 6 Cadeiras,Móveis,2,1899.00,3798.00,São Paulo,SP,Pix
8386,2026-05-19,120,Console de Videogame,Games,1,2999.00,2999.00,Goiânia,GO,Boleto
8387,2026-05-19,107,Máquina de Lavar 12kg,Eletrodomésticos,2,2089.05,4178.10,Fortaleza,CE,Cartão Débito
8388,2026-05-19,120,Monitor Full HD 24pol,Informática,1,899.90,899.90,Campinas,SP,Cartão Débito
8389,2026-05-19,112,Máquina de Lavar 12kg,Eletrodomésticos,1,2199.00,2199.00,Campinas,SP,Cartão Débito
8390,2026-05-19,102,Carregador Turbo USB-C,Celulares e Acessórios,1,89.90,89.90,Rio de Janeiro,RJ,Cartão Crédito
8391,2026-05-19,107,Console de Videogame,Games,1,2999.00,2999.00,Porto Alegre,RS,Pix
8392,2026-05-19,101,Bicicleta Aro 29,Esporte e Lazer,2,1799.00,3598.00,Salvador,BA,Cartão Débito
8393,2026-05-19,113,Kit Halteres 20kg,Esporte e Lazer,2,259.90,519.80,Vitória da Conquista,BA,Boleto
8394,2026-05-19,118,Mesa de Jantar 6 Cadeiras,Móveis,1,1899.00,1899.00,Belo Horizonte,MG,Pix
8395,2026-05-20,106,Smartphone 128GB,Celulares e Acessórios,1,1799.00,1799.00,Vitória da Conquista,BA,Boleto
8396,2026-05-20,114,Notebook Core i5,Informática,1,2804.92,2804.92,Niterói,RJ,Cartão Crédito
8397,2026-05-20,101,Cadeira de Escritório,Móveis,2,629.91,1259.82,Vitória da Conquista,BA,Pix
8398,2026-05-20,102,Mesa de Jantar 6 Cadeiras,Móveis,2,1804.05,3608.10,Goiânia,GO,Pix
8399,2026-05-20,108,Fone Bluetooth,Celulares e Acessórios,2,199.90,399.80,Rio de Janeiro,RJ,Pix
8400,2026-05-20,117,Mouse Sem Fio,Informática,1,79.90,79.90,Vitória da Conquista,BA,Cartão Débito
8401,2026-05-20,111,Sofá 3 Lugares,Móveis,2,2399.00,4798.00,Recife,PE,Boleto
8402,2026-05-20,119,Geladeira Frost Free 400L,Eletrodomésticos,1,3499.00,3499.00,Curitiba,PR,Cartão Crédito
8403,2026-05-20,107,Micro-ondas 30L,Eletrodomésticos,1,649.90,649.90,Feira de Santana,BA,Boleto
8404,2026-05-20,102,Carregador Turbo USB-C,Celulares e Acessórios,3,80.91,242.73,São Paulo,SP,Pix
8405,2026-05-20,114,Teclado Mecânico,Informática,2,260.91,521.82,Belo Horizonte,MG,Cartão Crédito
8406,2026-05-20,119,Smartphone 128GB,Celulares e Acessórios,2,1799.00,3598.00,Rio de Janeiro,RJ,Pix
8407,2026-05-21,116,Cadeira de Escritório,Móveis,4,699.90,2799.60,Goiânia,GO,Cartão Débito
8408,2026-05-21,102,Jogo de Aventura,Games,2,249.90,499.80,Fortaleza,CE,Cartão Débito
8409,2026-05-21,112,Smartphone 128GB,Celulares e Acessórios,3,1799.00,5397.00,Rio de Janeiro,RJ,Cartão Crédito
8410,2026-05-21,104,Micro-ondas 30L,Eletrodomésticos,3,552.42,1657.26,Uberlândia,MG,Pix
8411,2026-05-21,105,Smartphone 128GB,Celulares e Acessórios,3,1799.00,5397.00,São Paulo,SP,Cartão Débito
8412,2026-05-21,105,Kit Halteres 20kg,Esporte e Lazer,4,233.91,935.64,Porto Alegre,RS,Cartão Débito
8413,2026-05-21,104,Smartphone 128GB,Celulares e Acessórios,2,1799.00,3598.00,Curitiba,PR,Pix
8414,2026-05-21,115,Mesa de Jantar 6 Cadeiras,Móveis,1,1614.15,1614.15,São Paulo,SP,Cartão Débito
8415,2026-05-21,110,Smartphone 128GB,Celulares e Acessórios,2,1799.00,3598.00,Brasília,DF,Pix
8416,2026-05-21,108,Monitor Full HD 24pol,Informática,2,764.92,1529.84,Salvador,BA,Boleto
8417,2026-05-21,101,Jogo de Aventura,Games,4,237.40,949.60,Rio de Janeiro,RJ,Pix
8418,2026-05-21,114,Airfryer 5L,Eletrodomésticos,4,429.90,1719.60,Rio de Janeiro,RJ,Cartão Débito
8419,2026-05-21,111,Geladeira Frost Free 400L,Eletrodomésticos,2,3499.00,6998.00,Fortaleza,CE,Boleto
8420,2026-05-22,117,Mouse Sem Fio,Informática,5,79.90,399.50,Belo Horizonte,MG,Boleto
8421,2026-05-22,106,Controle Sem Fio,Games,1,332.40,332.40,Niterói,RJ,Cartão Débito
8422,2026-05-22,108,Carregador Turbo USB-C,Celulares e Acessórios,2,85.40,170.80,Goiânia,GO,Cartão Débito
8423,2026-05-22,102,Máquina de Lavar 12kg,Eletrodomésticos,1,2199.00,2199.00,Fortaleza,CE,Cartão Débito
8424,2026-05-22,106,Notebook Core i5,Informática,1,3299.90,3299.90,Porto Alegre,RS,Boleto
8425,2026-05-22,103,Cadeira de Escritório,Móveis,1,629.91,629.91,Campinas,SP,Pix
8426,2026-05-22,110,Geladeira Frost Free 400L,Eletrodomésticos,2,3499.00,6998.00,Rio de Janeiro,RJ,Cartão Débito
8427,2026-05-22,115,Mouse Sem Fio,Informática,4,75.90,303.60,Campinas,SP,Cartão Crédito
8428,2026-05-22,104,Geladeira Frost Free 400L,Eletrodomésticos,2,3499.00,6998.00,Belo Horizonte,MG,Boleto
8429,2026-05-22,108,Mesa de Jantar 6 Cadeiras,Móveis,1,1709.10,1709.10,Curitiba,PR,Cartão Débito
8430,2026-05-22,102,Carregador Turbo USB-C,Celulares e Acessórios,3,89.90,269.70,Recife,PE,Cartão Débito
8431,2026-05-22,116,Carregador Turbo USB-C,Celulares e Acessórios,6,89.90,539.40,Feira de Santana,BA,Boleto
8432,2026-05-22,120,Esteira Elétrica,Esporte e Lazer,2,2899.00,5798.00,Salvador,BA,Cartão Crédito
8433,2026-05-22,101,Esteira Elétrica,Esporte e Lazer,1,2899.00,2899.00,Goiânia,GO,Boleto
8434,2026-05-22,114,Teclado Mecânico,Informática,4,275.40,1101.60,Brasília,DF,Pix
8435,2026-05-22,110,Máquina de Lavar 12kg,Eletrodomésticos,1,1869.15,1869.15,São Paulo,SP,Pix
8436,2026-05-22,119,Monitor Full HD 24pol,Informática,2,854.90,1709.80,Campinas,SP,Pix
8437,2026-05-22,101,Teclado Mecânico,Informática,3,289.90,869.70,Campinas,SP,Cartão Crédito
8438,2026-05-23,116,Teclado Mecânico,Informática,4,289.90,1159.60,Niterói,RJ,Cartão Crédito
8439,2026-05-23,103,Notebook Core i5,Informática,1,3299.90,3299.90,Recife,PE,Boleto
8440,2026-05-23,113,Smartphone 128GB,Celulares e Acessórios,3,1799.00,5397.00,Brasília,DF,Cartão Crédito
8441,2026-05-23,114,Cadeira de Escritório,Móveis,4,629.91,2519.64,São Paulo,SP,Pix
8442,2026-05-23,102,Mouse Sem Fio,Informática,2,79.90,159.80,Curitiba,PR,Cartão Crédito
8443,2026-05-23,103,Airfryer 5L,Eletrodomésticos,1,408.40,408.40,Recife,PE,Pix
8444,2026-05-23,106,Monitor Full HD 24pol,Informática,2,899.90,1799.80,Brasília,DF,Cartão Crédito
8445,2026-05-23,117,Mouse Sem Fio,Informática,5,75.90,379.50,Campinas,SP,Cartão Débito
8446,2026-05-23,119,Esteira Elétrica,Esporte e Lazer,1,2754.05,2754.05,Recife,PE,Cartão Crédito
8447,2026-05-23,112,Cadeira de Escritório,Móveis,2,629.91,1259.82,Vitória da Conquista,BA,Cartão Crédito
8448,2026-05-23,115,Controle Sem Fio,Games,1,332.40,332.40,Salvador,BA,Cartão Crédito
8449,2026-05-23,115,Monitor Full HD 24pol,Informática,3,899.90,2699.70,Recife,PE,Cartão Débito
8450,2026-05-23,118,Teclado Mecânico,Informática,2,289.90,579.80,Goiânia,GO,Pix
8451,2026-05-23,101,Mesa de Jantar 6 Cadeiras,Móveis,2,1899.00,3798.00,Curitiba,PR,Boleto
8452,2026-05-23,107,Bicicleta Aro 29,Esporte e Lazer,2,1799.00,3598.00,Vitória da Conquista,BA,Cartão Crédito
8453,2026-05-23,115,Mouse Sem Fio,Informática,4,79.90,319.60,São Paulo,SP,Cartão Débito
8454,2026-05-23,113,Bicicleta Aro 29,Esporte e Lazer,2,1619.10,3238.20,Belo Horizonte,MG,Cartão Crédito
8455,2026-05-23,108,Cadeira de Escritório,Móveis,3,664.90,1994.70,Fortaleza,CE,Cartão Débito
8456,2026-05-23,103,Cadeira de Escritório,Móveis,4,699.90,2799.60,Curitiba,PR,Pix
8457,2026-05-23,111,Bicicleta Aro 29,Esporte e Lazer,2,1799.00,3598.00,Niterói,RJ,Cartão Crédito
8458,2026-05-23,101,Carregador Turbo USB-C,Celulares e Acessórios,6,89.90,539.40,Salvador,BA,Cartão Crédito
8459,2026-05-24,108,Fone Bluetooth,Celulares e Acessórios,1,199.90,199.90,Salvador,BA,Pix
8460,2026-05-24,103,Esteira Elétrica,Esporte e Lazer,2,2899.00,5798.00,São Paulo,SP,Boleto
8461,2026-05-24,112,Máquina de Lavar 12kg,Eletrodomésticos,2,2199.00,4398.00,Campinas,SP,Boleto
8462,2026-05-24,108,Esteira Elétrica,Esporte e Lazer,1,2899.00,2899.00,Fortaleza,CE,Pix
8463,2026-05-24,114,Notebook Core i5,Informática,2,2969.91,5939.82,Brasília,DF,Cartão Crédito
8464,2026-05-24,102,Fone Bluetooth,Celulares e Acessórios,4,179.91,719.64,Salvador,BA,Boleto
8465,2026-05-24,116,Esteira Elétrica,Esporte e Lazer,1,2754.05,2754.05,Vitória da Conquista,BA,Boleto
8466,2026-05-24,108,Mesa de Jantar 6 Cadeiras,Móveis,1,1804.05,1804.05,Belo Horizonte,MG,Cartão Crédito
8467,2026-05-24,119,Carregador Turbo USB-C,Celulares e Acessórios,6,89.90,539.40,São Paulo,SP,Cartão Débito
8468,2026-05-24,116,Geladeira Frost Free 400L,Eletrodomésticos,1,3499.00,3499.00,Campinas,SP,Boleto
8469,2026-05-24,107,Teclado Mecânico,Informática,3,260.91,782.73,Brasília,DF,Boleto
8470,2026-05-24,107,Carregador Turbo USB-C,Celulares e Acessórios,5,89.90,449.50,Uberlândia,MG,Boleto
8471,2026-05-24,112,Mesa de Jantar 6 Cadeiras,Móveis,2,1899.00,3798.00,Brasília,DF,Cartão Crédito
8472,2026-05-24,108,Esteira Elétrica,Esporte e Lazer,1,2754.05,2754.05,Niterói,RJ,Pix
8473,2026-05-24,111,Máquina de Lavar 12kg,Eletrodomésticos,1,2199.00,2199.00,Campinas,SP,Pix
8474,2026-05-24,109,Geladeira Frost Free 400L,Eletrodomésticos,1,3499.00,3499.00,Fortaleza,CE,Pix
8475,2026-05-24,104,Micro-ondas 30L,Eletrodomésticos,2,617.40,1234.80,São Paulo,SP,Pix
8476,2026-05-24,119,Smartphone 128GB,Celulares e Acessórios,3,1799.00,5397.00,Campinas,SP,Boleto
8477,2026-05-25,104,Máquina de Lavar 12kg,Eletrodomésticos,2,1979.10,3958.20,Feira de Santana,BA,Cartão Débito
8478,2026-05-25,116,Teclado Mecânico,Informática,1,289.90,289.90,Feira de Santana,BA,Boleto
8479,2026-05-25,117,Console de Videogame,Games,1,2849.05,2849.05,São Paulo,SP,Pix
8480,2026-05-25,116,Sofá 3 Lugares,Móveis,2,2279.05,4558.10,Recife,PE,Cartão Crédito
8481,2026-05-25,119,Teclado Mecânico,Informática,2,289.90,579.80,Belo Horizonte,MG,Cartão Crédito
8482,2026-05-25,119,Geladeira Frost Free 400L,Eletrodomésticos,1,3324.05,3324.05,Porto Alegre,RS,Pix
8483,2026-05-25,103,Controle Sem Fio,Games,1,349.90,349.90,Campinas,SP,Pix
8484,2026-05-25,107,Monitor Full HD 24pol,Informática,1,899.90,899.90,Feira de Santana,BA,Boleto
8485,2026-05-25,107,Notebook Core i5,Informática,1,3299.90,3299.90,Feira de Santana,BA,Pix
8486,2026-05-25,109,Console de Videogame,Games,1,2699.10,2699.10,Santos,SP,Boleto
8487,2026-05-25,104,Notebook Core i5,Informática,1,3299.90,3299.90,Niterói,RJ,Cartão Crédito
8488,2026-05-25,102,Geladeira Frost Free 400L,Eletrodomésticos,2,3499.00,6998.00,Fortaleza,CE,Boleto
8489,2026-05-25,111,Micro-ondas 30L,Eletrodomésticos,3,617.40,1852.20,Feira de Santana,BA,Boleto
8490,2026-05-25,118,Máquina de Lavar 12kg,Eletrodomésticos,2,2089.05,4178.10,Vitória da Conquista,BA,Cartão Crédito
8491,2026-05-25,109,Máquina de Lavar 12kg,Eletrodomésticos,2,2199.00,4398.00,Belo Horizonte,MG,Boleto
8492,2026-05-25,101,Micro-ondas 30L,Eletrodomésticos,2,649.90,1299.80,Fortaleza,CE,Boleto
8493,2026-05-25,107,Jogo de Aventura,Games,2,249.90,499.80,Rio de Janeiro,RJ,Pix
8494,2026-05-25,120,Máquina de Lavar 12kg,Eletrodomésticos,1,2199.00,2199.00,Uberlândia,MG,Pix
8495,2026-05-25,104,Esteira Elétrica,Esporte e Lazer,1,2899.00,2899.00,Feira de Santana,BA,Cartão Débito
8496,2026-05-26,120,Teclado Mecânico,Informática,4,289.90,1159.60,Recife,PE,Cartão Débito
8497,2026-05-26,107,Monitor Full HD 24pol,Informática,2,809.91,1619.82,Porto Alegre,RS,Cartão Crédito
8498,2026-05-26,107,Airfryer 5L,Eletrodomésticos,1,429.90,429.90,Rio de Janeiro,RJ,Cartão Crédito
8499,2026-05-26,116,Monitor Full HD 24pol,Informática,3,854.90,2564.70,Rio de Janeiro,RJ,Cartão Crédito
8500,2026-05-26,110,Máquina de Lavar 12kg,Eletrodomésticos,2,1979.10,3958.20,Salvador,BA,Boleto
8501,2026-05-26,119,Geladeira Frost Free 400L,Eletrodomésticos,2,3499.00,6998.00,Brasília,DF,Cartão Débito
8502,2026-05-26,116,Bicicleta Aro 29,Esporte e Lazer,1,1619.10,1619.10,Feira de Santana,BA,Boleto
8503,2026-05-26,108,Teclado Mecânico,Informática,2,289.90,579.80,Santos,SP,Cartão Crédito
8504,2026-05-26,118,Cadeira de Escritório,Móveis,1,664.90,664.90,Recife,PE,Pix
8505,2026-05-26,116,Mouse Sem Fio,Informática,2,75.90,151.80,Goiânia,GO,Pix
8506,2026-05-26,119,Notebook Core i5,Informática,1,3134.90,3134.90,Feira de Santana,BA,Pix
8507,2026-05-26,119,Mesa de Jantar 6 Cadeiras,Móveis,1,1899.00,1899.00,Curitiba,PR,Cartão Débito
8508,2026-05-26,102,Controle Sem Fio,Games,1,349.90,349.90,Fortaleza,CE,Pix
8509,2026-05-26,110,Mesa de Jantar 6 Cadeiras,Móveis,2,1899.00,3798.00,Recife,PE,Boleto
8510,2026-05-26,112,Console de Videogame,Games,2,2699.10,5398.20,Campinas,SP,Cartão Crédito
8511,2026-05-26,106,Esteira Elétrica,Esporte e Lazer,1,2899.00,2899.00,Belo Horizonte,MG,Cartão Crédito
8512,2026-05-26,108,Console de Videogame,Games,2,2849.05,5698.10,Belo Horizonte,MG,Cartão Débito
8513,2026-05-26,117,Micro-ondas 30L,Eletrodomésticos,3,649.90,1949.70,São Paulo,SP,Boleto
8514,2026-05-26,106,Smartphone 128GB,Celulares e Acessórios,1,1799.00,1799.00,Uberlândia,MG,Cartão Débito
8515,2026-05-26,110,Mesa de Jantar 6 Cadeiras,Móveis,2,1899.00,3798.00,Niterói,RJ,Pix
8516,2026-05-26,119,Fone Bluetooth,Celulares e Acessórios,1,199.90,199.90,Salvador,BA,Cartão Crédito
8517,2026-05-26,114,Esteira Elétrica,Esporte e Lazer,1,2899.00,2899.00,Porto Alegre,RS,Pix
8518,2026-05-26,113,Cadeira de Escritório,Móveis,4,699.90,2799.60,Brasília,DF,Pix
8519,2026-05-27,109,Cadeira de Escritório,Móveis,3,629.91,1889.73,Feira de Santana,BA,Pix
8520,2026-05-27,106,Teclado Mecânico,Informática,2,260.91,521.82,Porto Alegre,RS,Pix
8521,2026-05-27,111,Mouse Sem Fio,Informática,2,79.90,159.80,Belo Horizonte,MG,Cartão Crédito
8522,2026-05-27,105,Monitor Full HD 24pol,Informática,1,854.90,854.90,Rio de Janeiro,RJ,Boleto
8523,2026-05-27,111,Console de Videogame,Games,1,2699.10,2699.10,Porto Alegre,RS,Boleto
8524,2026-05-27,111,Console de Videogame,Games,1,2999.00,2999.00,Curitiba,PR,Cartão Crédito
8525,2026-05-27,108,Jogo de Aventura,Games,1,249.90,249.90,Salvador,BA,Cartão Crédito
8526,2026-05-27,120,Smartphone 128GB,Celulares e Acessórios,3,1799.00,5397.00,Rio de Janeiro,RJ,Cartão Crédito
8527,2026-05-27,113,Bicicleta Aro 29,Esporte e Lazer,2,1619.10,3238.20,Goiânia,GO,Pix
8528,2026-05-27,108,Mouse Sem Fio,Informática,2,75.90,151.80,Curitiba,PR,Cartão Débito
8529,2026-05-27,108,Mouse Sem Fio,Informática,2,79.90,159.80,Vitória da Conquista,BA,Cartão Crédito
8530,2026-05-27,104,Mouse Sem Fio,Informática,1,71.91,71.91,São Paulo,SP,Boleto
8531,2026-05-27,111,Micro-ondas 30L,Eletrodomésticos,1,617.40,617.40,Rio de Janeiro,RJ,Cartão Débito
8532,2026-05-27,117,Sofá 3 Lugares,Móveis,1,2159.10,2159.10,Campinas,SP,Cartão Crédito
8533,2026-05-27,101,Teclado Mecânico,Informática,1,289.90,289.90,Brasília,DF,Cartão Crédito
8534,2026-05-27,120,Mouse Sem Fio,Informática,6,71.91,431.46,Rio de Janeiro,RJ,Cartão Crédito
8535,2026-05-27,111,Notebook Core i5,Informática,2,3299.90,6599.80,Salvador,BA,Pix
8536,2026-05-27,113,Esteira Elétrica,Esporte e Lazer,2,2899.00,5798.00,Feira de Santana,BA,Cartão Crédito
8537,2026-05-27,116,Bicicleta Aro 29,Esporte e Lazer,1,1799.00,1799.00,Rio de Janeiro,RJ,Cartão Crédito
8538,2026-05-28,119,Jogo de Aventura,Games,4,249.90,999.60,Porto Alegre,RS,Cartão Crédito
8539,2026-05-28,116,Micro-ondas 30L,Eletrodomésticos,2,617.40,1234.80,Belo Horizonte,MG,Boleto
8540,2026-05-28,120,Monitor Full HD 24pol,Informática,2,899.90,1799.80,São Paulo,SP,Cartão Débito
8541,2026-05-28,114,Airfryer 5L,Eletrodomésticos,4,429.90,1719.60,Fortaleza,CE,Pix
8542,2026-05-28,107,Teclado Mecânico,Informática,1,289.90,289.90,Fortaleza,CE,Cartão Crédito
8543,2026-05-28,108,Fone Bluetooth,Celulares e Acessórios,4,199.90,799.60,Campinas,SP,Cartão Crédito
8544,2026-05-28,113,Fone Bluetooth,Celulares e Acessórios,2,199.90,399.80,Recife,PE,Cartão Débito
8545,2026-05-28,108,Controle Sem Fio,Games,2,349.90,699.80,Goiânia,GO,Pix
8546,2026-05-28,109,Teclado Mecânico,Informática,2,289.90,579.80,Porto Alegre,RS,Cartão Crédito
8547,2026-05-28,106,Kit Halteres 20kg,Esporte e Lazer,2,259.90,519.80,Salvador,BA,Cartão Crédito
8548,2026-05-28,106,Máquina de Lavar 12kg,Eletrodomésticos,2,2199.00,4398.00,Vitória da Conquista,BA,Pix
8549,2026-05-28,104,Esteira Elétrica,Esporte e Lazer,1,2899.00,2899.00,Uberlândia,MG,Cartão Crédito
8550,2026-05-28,109,Airfryer 5L,Eletrodomésticos,3,429.90,1289.70,Curitiba,PR,Pix
8551,2026-05-28,116,Fone Bluetooth,Celulares e Acessórios,5,169.92,849.60,Brasília,DF,Boleto
8552,2026-05-28,120,Jogo de Aventura,Games,4,249.90,999.60,Curitiba,PR,Pix
8553,2026-05-28,103,Carregador Turbo USB-C,Celulares e Acessórios,1,89.90,89.90,Goiânia,GO,Pix
8554,2026-05-28,113,Notebook Core i5,Informática,1,3299.90,3299.90,Vitória da Conquista,BA,Pix
8555,2026-05-28,101,Bicicleta Aro 29,Esporte e Lazer,2,1799.00,3598.00,São Paulo,SP,Cartão Crédito
8556,2026-05-29,113,Airfryer 5L,Eletrodomésticos,1,429.90,429.90,Uberlândia,MG,Pix
8557,2026-05-29,108,Máquina de Lavar 12kg,Eletrodomésticos,1,2199.00,2199.00,Curitiba,PR,Pix
8558,2026-05-29,112,Máquina de Lavar 12kg,Eletrodomésticos,2,2199.00,4398.00,Salvador,BA,Cartão Crédito
8559,2026-05-29,116,Máquina de Lavar 12kg,Eletrodomésticos,2,2199.00,4398.00,Rio de Janeiro,RJ,Cartão Crédito
8560,2026-05-29,108,Monitor Full HD 24pol,Informática,1,899.90,899.90,São Paulo,SP,Cartão Débito
8561,2026-05-29,117,Controle Sem Fio,Games,2,297.42,594.84,Vitória da Conquista,BA,Boleto
8562,2026-05-29,118,Mesa de Jantar 6 Cadeiras,Móveis,1,1804.05,1804.05,Salvador,BA,Cartão Débito
8563,2026-05-29,112,Cadeira de Escritório,Móveis,3,664.90,1994.70,Curitiba,PR,Pix
8564,2026-05-29,115,Monitor Full HD 24pol,Informática,2,854.90,1709.80,Rio de Janeiro,RJ,Pix
8565,2026-05-29,109,Console de Videogame,Games,2,2849.05,5698.10,Niterói,RJ,Cartão Crédito
8566,2026-05-29,117,Esteira Elétrica,Esporte e Lazer,2,2899.00,5798.00,Goiânia,GO,Boleto
8567,2026-05-29,109,Carregador Turbo USB-C,Celulares e Acessórios,4,85.40,341.60,Vitória da Conquista,BA,Pix
8568,2026-05-29,113,Fone Bluetooth,Celulares e Acessórios,2,189.90,379.80,Uberlândia,MG,Cartão Crédito
8569,2026-05-30,105,Monitor Full HD 24pol,Informática,2,899.90,1799.80,Recife,PE,Pix
8570,2026-05-30,104,Console de Videogame,Games,2,2999.00,5998.00,Rio de Janeiro,RJ,Cartão Débito
8571,2026-05-30,119,Mesa de Jantar 6 Cadeiras,Móveis,2,1899.00,3798.00,São Paulo,SP,Cartão Crédito
8572,2026-05-30,106,Carregador Turbo USB-C,Celulares e Acessórios,1,89.90,89.90,Curitiba,PR,Boleto
8573,2026-05-30,113,Kit Halteres 20kg,Esporte e Lazer,4,259.90,1039.60,São Paulo,SP,Cartão Débito
8574,2026-05-30,110,Notebook Core i5,Informática,1,3299.90,3299.90,Uberlândia,MG,Boleto
8575,2026-05-30,109,Sofá 3 Lugares,Móveis,2,2399.00,4798.00,Rio de Janeiro,RJ,Cartão Débito
8576,2026-05-30,108,Console de Videogame,Games,2,2999.00,5998.00,Niterói,RJ,Pix
8577,2026-05-30,102,Smartphone 128GB,Celulares e Acessórios,2,1619.10,3238.20,Belo Horizonte,MG,Cartão Débito
8578,2026-05-30,120,Monitor Full HD 24pol,Informática,1,854.90,854.90,Brasília,DF,Cartão Débito
8579,2026-05-30,104,Esteira Elétrica,Esporte e Lazer,2,2899.00,5798.00,Fortaleza,CE,Cartão Débito
8580,2026-05-30,104,Esteira Elétrica,Esporte e Lazer,1,2464.15,2464.15,Fortaleza,CE,Cartão Débito
8581,2026-05-30,101,Jogo de Aventura,Games,4,249.90,999.60,Recife,PE,Pix
8582,2026-05-31,116,Micro-ondas 30L,Eletrodomésticos,3,617.40,1852.20,Belo Horizonte,MG,Pix
8583,2026-05-31,106,Mouse Sem Fio,Informática,4,79.90,319.60,São Paulo,SP,Pix
8584,2026-05-31,103,Máquina de Lavar 12kg,Eletrodomésticos,2,2199.00,4398.00,Uberlândia,MG,Cartão Débito
8585,2026-05-31,116,Controle Sem Fio,Games,4,349.90,1399.60,Recife,PE,Pix
8586,2026-05-31,107,Mouse Sem Fio,Informática,5,79.90,399.50,São Paulo,SP,Cartão Débito
8587,2026-05-31,108,Sofá 3 Lugares,Móveis,1,2159.10,2159.10,Recife,PE,Pix
8588,2026-05-31,114,Mouse Sem Fio,Informática,3,79.90,239.70,Feira de Santana,BA,Cartão Crédito
8589,2026-05-31,115,Mesa de Jantar 6 Cadeiras,Móveis,1,1804.05,1804.05,Niterói,RJ,Boleto
8590,2026-05-31,109,Cadeira de Escritório,Móveis,2,699.90,1399.80,Niterói,RJ,Pix
8591,2026-05-31,104,Bicicleta Aro 29,Esporte e Lazer,2,1709.05,3418.10,Belo Horizonte,MG,Cartão Débito
8592,2026-05-31,105,Carregador Turbo USB-C,Celulares e Acessórios,3,80.91,242.73,Campinas,SP,Pix
8593,2026-05-31,103,Mesa de Jantar 6 Cadeiras,Móveis,2,1899.00,3798.00,Rio de Janeiro,RJ,Pix
8594,2026-05-31,107,Geladeira Frost Free 400L,Eletrodomésticos,2,3499.00,6998.00,Vitória da Conquista,BA,Cartão Débito
8595,2026-06-01,118,Smartphone 128GB,Celulares e Acessórios,1,1709.05,1709.05,Rio de Janeiro,RJ,Pix
8596,2026-06-01,118,Console de Videogame,Games,2,2699.10,5398.20,Fortaleza,CE,Cartão Débito
8597,2026-06-01,106,Geladeira Frost Free 400L,Eletrodomésticos,2,3499.00,6998.00,Rio de Janeiro,RJ,Cartão Crédito
8598,2026-06-01,120,Geladeira Frost Free 400L,Eletrodomésticos,1,3324.05,3324.05,Belo Horizonte,MG,Cartão Crédito
8599,2026-06-01,120,Smartphone 128GB,Celulares e Acessórios,1,1799.00,1799.00,Belo Horizonte,MG,Cartão Débito
8600,2026-06-01,107,Jogo de Aventura,Games,3,237.40,712.20,Belo Horizonte,MG,Cartão Débito
8601,2026-06-01,109,Monitor Full HD 24pol,Informática,2,899.90,1799.80,Campinas,SP,Cartão Crédito
8602,2026-06-01,106,Controle Sem Fio,Games,2,297.42,594.84,Campinas,SP,Pix
8603,2026-06-01,107,Controle Sem Fio,Games,1,349.90,349.90,Feira de Santana,BA,Cartão Débito
8604,2026-06-01,104,Notebook Core i5,Informática,1,3299.90,3299.90,Brasília,DF,Pix
8605,2026-06-01,115,Mouse Sem Fio,Informática,6,79.90,479.40,Rio de Janeiro,RJ,Pix
8606,2026-06-01,106,Esteira Elétrica,Esporte e Lazer,2,2899.00,5798.00,Uberlândia,MG,Boleto
8607,2026-06-01,118,Máquina de Lavar 12kg,Eletrodomésticos,1,2199.00,2199.00,Rio de Janeiro,RJ,Cartão Crédito
8608,2026-06-01,101,Carregador Turbo USB-C,Celulares e Acessórios,6,85.40,512.40,Vitória da Conquista,BA,Boleto
8609,2026-06-01,117,Monitor Full HD 24pol,Informática,3,854.90,2564.70,Brasília,DF,Pix
8610,2026-06-02,102,Micro-ondas 30L,Eletrodomésticos,1,649.90,649.90,Belo Horizonte,MG,Cartão Débito
8611,2026-06-02,118,Cadeira de Escritório,Móveis,2,699.90,1399.80,Recife,PE,Boleto
8612,2026-06-02,107,Controle Sem Fio,Games,3,349.90,1049.70,Feira de Santana,BA,Cartão Débito
8613,2026-06-02,108,Mouse Sem Fio,Informática,5,79.90,399.50,Campinas,SP,Cartão Crédito
8614,2026-06-02,119,Esteira Elétrica,Esporte e Lazer,2,2899.00,5798.00,Belo Horizonte,MG,Cartão Débito
8615,2026-06-03,114,Mesa de Jantar 6 Cadeiras,Móveis,2,1899.00,3798.00,Campinas,SP,Cartão Crédito
8616,2026-06-03,120,Teclado Mecânico,Informática,2,289.90,579.80,Fortaleza,CE,Pix
8617,2026-06-03,101,Máquina de Lavar 12kg,Eletrodomésticos,2,1979.10,3958.20,Feira de Santana,BA,Cartão Débito
8618,2026-06-03,120,Controle Sem Fio,Games,3,349.90,1049.70,Brasília,DF,Cartão Débito
8619,2026-06-03,115,Sofá 3 Lugares,Móveis,1,2399.00,2399.00,Porto Alegre,RS,Cartão Crédito
8620,2026-06-03,120,Teclado Mecânico,Informática,3,289.90,869.70,São Paulo,SP,Pix
8621,2026-06-03,116,Micro-ondas 30L,Eletrodomésticos,1,649.90,649.90,Curitiba,PR,Cartão Débito
8622,2026-06-03,107,Airfryer 5L,Eletrodomésticos,3,429.90,1289.70,Feira de Santana,BA,Cartão Crédito
8623,2026-06-03,118,Carregador Turbo USB-C,Celulares e Acessórios,6,76.42,458.52,Fortaleza,CE,Cartão Débito
8624,2026-06-03,116,Monitor Full HD 24pol,Informática,2,809.91,1619.82,Rio de Janeiro,RJ,Pix
8625,2026-06-03,111,Monitor Full HD 24pol,Informática,1,899.90,899.90,Curitiba,PR,Cartão Crédito
8626,2026-06-03,107,Sofá 3 Lugares,Móveis,1,2399.00,2399.00,Curitiba,PR,Boleto
8627,2026-06-03,109,Smartphone 128GB,Celulares e Acessórios,2,1799.00,3598.00,Goiânia,GO,Cartão Crédito
8628,2026-06-03,112,Bicicleta Aro 29,Esporte e Lazer,1,1709.05,1709.05,Uberlândia,MG,Pix
8629,2026-06-03,105,Console de Videogame,Games,2,2999.00,5998.00,Rio de Janeiro,RJ,Pix
8630,2026-06-03,119,Smartphone 128GB,Celulares e Acessórios,2,1799.00,3598.00,Uberlândia,MG,Cartão Crédito
8631,2026-06-03,112,Console de Videogame,Games,2,2999.00,5998.00,Belo Horizonte,MG,Boleto
8632,2026-06-03,115,Monitor Full HD 24pol,Informática,2,899.90,1799.80,Recife,PE,Boleto
8633,2026-06-04,102,Máquina de Lavar 12kg,Eletrodomésticos,2,2199.00,4398.00,Curitiba,PR,Cartão Débito
8634,2026-06-04,117,Teclado Mecânico,Informática,4,275.40,1101.60,Brasília,DF,Boleto
8635,2026-06-04,103,Máquina de Lavar 12kg,Eletrodomésticos,2,2199.00,4398.00,Santos,SP,Pix
8636,2026-06-04,116,Mouse Sem Fio,Informática,4,79.90,319.60,Salvador,BA,Pix
8637,2026-06-04,104,Jogo de Aventura,Games,3,249.90,749.70,Salvador,BA,Cartão Crédito
8638,2026-06-04,115,Bicicleta Aro 29,Esporte e Lazer,2,1799.00,3598.00,Fortaleza,CE,Pix
8639,2026-06-04,109,Carregador Turbo USB-C,Celulares e Acessórios,2,89.90,179.80,Curitiba,PR,Pix
8640,2026-06-04,119,Controle Sem Fio,Games,4,349.90,1399.60,Goiânia,GO,Pix
8641,2026-06-05,111,Monitor Full HD 24pol,Informática,1,899.90,899.90,São Paulo,SP,Cartão Débito
8642,2026-06-05,119,Máquina de Lavar 12kg,Eletrodomésticos,1,2199.00,2199.00,São Paulo,SP,Boleto
8643,2026-06-05,119,Mesa de Jantar 6 Cadeiras,Móveis,1,1899.00,1899.00,Campinas,SP,Pix
8644,2026-06-05,110,Controle Sem Fio,Games,2,349.90,699.80,Porto Alegre,RS,Pix
8645,2026-06-05,113,Console de Videogame,Games,2,2999.00,5998.00,Recife,PE,Pix
8646,2026-06-05,116,Teclado Mecânico,Informática,3,275.40,826.20,Fortaleza,CE,Cartão Crédito
8647,2026-06-05,105,Monitor Full HD 24pol,Informática,3,809.91,2429.73,Uberlândia,MG,Cartão Crédito
8648,2026-06-05,115,Mouse Sem Fio,Informática,3,71.91,215.73,Salvador,BA,Boleto
8649,2026-06-05,119,Airfryer 5L,Eletrodomésticos,1,429.90,429.90,Feira de Santana,BA,Boleto
8650,2026-06-05,117,Monitor Full HD 24pol,Informática,2,899.90,1799.80,Porto Alegre,RS,Pix
8651,2026-06-05,119,Fone Bluetooth,Celulares e Acessórios,5,199.90,999.50,Curitiba,PR,Pix
8652,2026-06-05,107,Airfryer 5L,Eletrodomésticos,2,429.90,859.80,Goiânia,GO,Cartão Crédito
8653,2026-06-05,110,Bicicleta Aro 29,Esporte e Lazer,2,1799.00,3598.00,Porto Alegre,RS,Cartão Crédito
8654,2026-06-05,106,Bicicleta Aro 29,Esporte e Lazer,2,1799.00,3598.00,Rio de Janeiro,RJ,Pix
8655,2026-06-05,115,Jogo de Aventura,Games,3,237.40,712.20,Niterói,RJ,Cartão Crédito
8656,2026-06-05,104,Kit Halteres 20kg,Esporte e Lazer,3,259.90,779.70,Feira de Santana,BA,Cartão Crédito
8657,2026-06-06,104,Cadeira de Escritório,Móveis,1,699.90,699.90,São Paulo,SP,Pix
8658,2026-06-06,113,Console de Videogame,Games,2,2999.00,5998.00,Brasília,DF,Boleto
8659,2026-06-06,118,Carregador Turbo USB-C,Celulares e Acessórios,1,85.40,85.40,Recife,PE,Cartão Débito
8660,2026-06-06,101,Máquina de Lavar 12kg,Eletrodomésticos,1,2199.00,2199.00,Uberlândia,MG,Boleto
8661,2026-06-06,116,Kit Halteres 20kg,Esporte e Lazer,3,259.90,779.70,Fortaleza,CE,Cartão Crédito
8662,2026-06-06,117,Airfryer 5L,Eletrodomésticos,4,365.42,1461.68,Rio de Janeiro,RJ,Boleto
8663,2026-06-06,114,Sofá 3 Lugares,Móveis,2,2399.00,4798.00,Salvador,BA,Pix
8664,2026-06-06,120,Máquina de Lavar 12kg,Eletrodomésticos,1,2199.00,2199.00,São Paulo,SP,Boleto
8665,2026-06-06,113,Fone Bluetooth,Celulares e Acessórios,2,199.90,399.80,São Paulo,SP,Boleto
8666,2026-06-06,108,Geladeira Frost Free 400L,Eletrodomésticos,1,3499.00,3499.00,Rio de Janeiro,RJ,Boleto
8667,2026-06-06,109,Cadeira de Escritório,Móveis,3,699.90,2099.70,Salvador,BA,Cartão Débito
8668,2026-06-06,109,Mouse Sem Fio,Informática,3,79.90,239.70,Campinas,SP,Cartão Débito
8669,2026-06-06,117,Bicicleta Aro 29,Esporte e Lazer,2,1619.10,3238.20,Feira de Santana,BA,Cartão Crédito
8670,2026-06-06,106,Carregador Turbo USB-C,Celulares e Acessórios,6,80.91,485.46,Uberlândia,MG,Cartão Débito
8671,2026-06-06,120,Fone Bluetooth,Celulares e Acessórios,3,199.90,599.70,Salvador,BA,Cartão Crédito
8672,2026-06-06,116,Console de Videogame,Games,1,2999.00,2999.00,Vitória da Conquista,BA,Cartão Débito
8673,2026-06-06,115,Geladeira Frost Free 400L,Eletrodomésticos,1,3499.00,3499.00,Rio de Janeiro,RJ,Pix
8674,2026-06-06,103,Mesa de Jantar 6 Cadeiras,Móveis,2,1614.15,3228.30,Fortaleza,CE,Cartão Crédito
8675,2026-06-07,109,Geladeira Frost Free 400L,Eletrodomésticos,1,3324.05,3324.05,Campinas,SP,Boleto
8676,2026-06-07,102,Fone Bluetooth,Celulares e Acessórios,2,199.90,399.80,Porto Alegre,RS,Cartão Crédito
8677,2026-06-07,104,Fone Bluetooth,Celulares e Acessórios,5,199.90,999.50,Campinas,SP,Boleto
8678,2026-06-07,107,Teclado Mecânico,Informática,2,289.90,579.80,Recife,PE,Pix
8679,2026-06-07,109,Micro-ondas 30L,Eletrodomésticos,3,649.90,1949.70,Fortaleza,CE,Cartão Crédito
8680,2026-06-07,106,Geladeira Frost Free 400L,Eletrodomésticos,2,3499.00,6998.00,Goiânia,GO,Cartão Crédito
8681,2026-06-07,105,Sofá 3 Lugares,Móveis,1,2399.00,2399.00,Curitiba,PR,Cartão Débito
8682,2026-06-07,108,Console de Videogame,Games,1,2999.00,2999.00,Rio de Janeiro,RJ,Cartão Débito
8683,2026-06-07,120,Bicicleta Aro 29,Esporte e Lazer,1,1799.00,1799.00,Recife,PE,Cartão Débito
8684,2026-06-07,107,Controle Sem Fio,Games,1,349.90,349.90,Salvador,BA,Pix
8685,2026-06-07,109,Airfryer 5L,Eletrodomésticos,1,408.40,408.40,Goiânia,GO,Cartão Crédito
8686,2026-06-07,120,Cadeira de Escritório,Móveis,1,699.90,699.90,Goiânia,GO,Pix
8687,2026-06-07,118,Esteira Elétrica,Esporte e Lazer,2,2899.00,5798.00,Salvador,BA,Cartão Crédito
8688,2026-06-08,104,Bicicleta Aro 29,Esporte e Lazer,2,1799.00,3598.00,Salvador,BA,Boleto
8689,2026-06-08,104,Jogo de Aventura,Games,4,224.91,899.64,Fortaleza,CE,Pix
8690,2026-06-08,117,Controle Sem Fio,Games,1,349.90,349.90,Curitiba,PR,Cartão Crédito
8691,2026-06-08,111,Airfryer 5L,Eletrodomésticos,2,429.90,859.80,Goiânia,GO,Pix
8692,2026-06-08,117,Fone Bluetooth,Celulares e Acessórios,1,199.90,199.90,Recife,PE,Boleto
8693,2026-06-08,104,Máquina de Lavar 12kg,Eletrodomésticos,1,2089.05,2089.05,Vitória da Conquista,BA,Boleto
8694,2026-06-08,109,Controle Sem Fio,Games,4,349.90,1399.60,Porto Alegre,RS,Pix
8695,2026-06-08,115,Cadeira de Escritório,Móveis,2,699.90,1399.80,São Paulo,SP,Boleto
8696,2026-06-08,115,Controle Sem Fio,Games,4,349.90,1399.60,Brasília,DF,Cartão Crédito
8697,2026-06-08,109,Kit Halteres 20kg,Esporte e Lazer,1,259.90,259.90,Porto Alegre,RS,Pix
8698,2026-06-08,118,Bicicleta Aro 29,Esporte e Lazer,2,1709.05,3418.10,Belo Horizonte,MG,Cartão Crédito
8699,2026-06-08,115,Airfryer 5L,Eletrodomésticos,1,408.40,408.40,Feira de Santana,BA,Cartão Débito
8700,2026-06-08,119,Micro-ondas 30L,Eletrodomésticos,1,649.90,649.90,Goiânia,GO,Boleto
8701,2026-06-08,113,Console de Videogame,Games,2,2549.15,5098.30,Rio de Janeiro,RJ,Cartão Crédito
8702,2026-06-08,111,Bicicleta Aro 29,Esporte e Lazer,1,1799.00,1799.00,Porto Alegre,RS,Pix
8703,2026-06-08,113,Console de Videogame,Games,2,2699.10,5398.20,Porto Alegre,RS,Cartão Crédito
8704,2026-06-08,115,Teclado Mecânico,Informática,2,289.90,579.80,Rio de Janeiro,RJ,Cartão Crédito
8705,2026-06-08,109,Console de Videogame,Games,2,2999.00,5998.00,Niterói,RJ,Boleto
8706,2026-06-08,118,Controle Sem Fio,Games,3,349.90,1049.70,Recife,PE,Cartão Débito
8707,2026-06-08,104,Kit Halteres 20kg,Esporte e Lazer,3,259.90,779.70,Recife,PE,Cartão Crédito
8708,2026-06-08,117,Sofá 3 Lugares,Móveis,2,2399.00,4798.00,Fortaleza,CE,Pix
8709,2026-06-08,109,Sofá 3 Lugares,Móveis,2,2399.00,4798.00,Santos,SP,Boleto
8710,2026-06-08,102,Notebook Core i5,Informática,1,3299.90,3299.90,Brasília,DF,Cartão Débito
8711,2026-06-09,114,Sofá 3 Lugares,Móveis,1,2399.00,2399.00,Feira de Santana,BA,Pix
8712,2026-06-09,115,Cadeira de Escritório,Móveis,4,629.91,2519.64,Santos,SP,Cartão Débito
8713,2026-06-09,117,Geladeira Frost Free 400L,Eletrodomésticos,1,3149.10,3149.10,São Paulo,SP,Cartão Crédito
8714,2026-06-09,111,Carregador Turbo USB-C,Celulares e Acessórios,4,80.91,323.64,Salvador,BA,Pix
8715,2026-06-09,118,Airfryer 5L,Eletrodomésticos,3,429.90,1289.70,São Paulo,SP,Pix
8716,2026-06-09,103,Smartphone 128GB,Celulares e Acessórios,2,1799.00,3598.00,Santos,SP,Cartão Crédito
8717,2026-06-09,105,Sofá 3 Lugares,Móveis,2,2399.00,4798.00,Rio de Janeiro,RJ,Pix
8718,2026-06-09,114,Mouse Sem Fio,Informática,3,79.90,239.70,Belo Horizonte,MG,Cartão Débito
8719,2026-06-09,103,Controle Sem Fio,Games,1,314.91,314.91,São Paulo,SP,Pix
8720,2026-06-09,103,Airfryer 5L,Eletrodomésticos,4,429.90,1719.60,Uberlândia,MG,Cartão Débito
8721,2026-06-09,113,Airfryer 5L,Eletrodomésticos,4,365.42,1461.68,Rio de Janeiro,RJ,Cartão Crédito
8722,2026-06-09,104,Carregador Turbo USB-C,Celulares e Acessórios,2,85.40,170.80,São Paulo,SP,Boleto
8723,2026-06-09,101,Controle Sem Fio,Games,2,297.42,594.84,Campinas,SP,Cartão Débito
8724,2026-06-09,112,Esteira Elétrica,Esporte e Lazer,1,2899.00,2899.00,Feira de Santana,BA,Boleto
8725,2026-06-10,101,Kit Halteres 20kg,Esporte e Lazer,1,259.90,259.90,Belo Horizonte,MG,Cartão Crédito
8726,2026-06-10,107,Console de Videogame,Games,2,2999.00,5998.00,Vitória da Conquista,BA,Pix
8727,2026-06-10,118,Carregador Turbo USB-C,Celulares e Acessórios,6,89.90,539.40,Brasília,DF,Pix
8728,2026-06-10,109,Fone Bluetooth,Celulares e Acessórios,4,179.91,719.64,Santos,SP,Boleto
8729,2026-06-10,112,Console de Videogame,Games,2,2999.00,5998.00,Goiânia,GO,Cartão Débito
8730,2026-06-10,118,Fone Bluetooth,Celulares e Acessórios,4,199.90,799.60,Feira de Santana,BA,Boleto
8731,2026-06-10,104,Smartphone 128GB,Celulares e Acessórios,2,1799.00,3598.00,São Paulo,SP,Cartão Crédito
8732,2026-06-10,103,Jogo de Aventura,Games,2,249.90,499.80,Goiânia,GO,Boleto
8733,2026-06-10,110,Monitor Full HD 24pol,Informática,3,809.91,2429.73,Curitiba,PR,Cartão Débito
8734,2026-06-10,114,Smartphone 128GB,Celulares e Acessórios,2,1619.10,3238.20,Vitória da Conquista,BA,Cartão Crédito
8735,2026-06-10,103,Kit Halteres 20kg,Esporte e Lazer,4,259.90,1039.60,Brasília,DF,Pix
8736,2026-06-10,109,Sofá 3 Lugares,Móveis,2,2399.00,4798.00,Salvador,BA,Pix
8737,2026-06-10,112,Geladeira Frost Free 400L,Eletrodomésticos,2,3499.00,6998.00,Belo Horizonte,MG,Cartão Débito
8738,2026-06-10,116,Sofá 3 Lugares,Móveis,2,2399.00,4798.00,Uberlândia,MG,Boleto
8739,2026-06-10,104,Mouse Sem Fio,Informática,3,79.90,239.70,Recife,PE,Pix
8740,2026-06-10,112,Fone Bluetooth,Celulares e Acessórios,5,199.90,999.50,Campinas,SP,Boleto
8741,2026-06-10,103,Controle Sem Fio,Games,4,349.90,1399.60,São Paulo,SP,Cartão Crédito
8742,2026-06-11,111,Kit Halteres 20kg,Esporte e Lazer,2,259.90,519.80,Salvador,BA,Boleto
8743,2026-06-11,116,Sofá 3 Lugares,Móveis,2,2159.10,4318.20,Santos,SP,Pix
8744,2026-06-11,114,Micro-ondas 30L,Eletrodomésticos,1,649.90,649.90,Santos,SP,Pix
8745,2026-06-11,102,Jogo de Aventura,Games,4,249.90,999.60,Salvador,BA,Pix
8746,2026-06-11,110,Esteira Elétrica,Esporte e Lazer,1,2899.00,2899.00,Fortaleza,CE,Cartão Débito
8747,2026-06-11,101,Teclado Mecânico,Informática,4,260.91,1043.64,Porto Alegre,RS,Cartão Crédito
8748,2026-06-11,108,Bicicleta Aro 29,Esporte e Lazer,2,1799.00,3598.00,Uberlândia,MG,Pix
8749,2026-06-11,107,Carregador Turbo USB-C,Celulares e Acessórios,1,76.42,76.42,Niterói,RJ,Pix
8750,2026-06-11,106,Geladeira Frost Free 400L,Eletrodomésticos,1,3149.10,3149.10,Rio de Janeiro,RJ,Cartão Crédito
8751,2026-06-11,113,Kit Halteres 20kg,Esporte e Lazer,2,246.90,493.80,São Paulo,SP,Pix
8752,2026-06-11,118,Geladeira Frost Free 400L,Eletrodomésticos,1,3149.10,3149.10,Brasília,DF,Cartão Débito
8753,2026-06-11,101,Kit Halteres 20kg,Esporte e Lazer,4,259.90,1039.60,São Paulo,SP,Cartão Crédito
8754,2026-06-11,102,Máquina de Lavar 12kg,Eletrodomésticos,2,2199.00,4398.00,Fortaleza,CE,Pix
8755,2026-06-11,105,Fone Bluetooth,Celulares e Acessórios,5,169.92,849.60,Brasília,DF,Cartão Crédito
8756,2026-06-11,115,Smartphone 128GB,Celulares e Acessórios,1,1709.05,1709.05,São Paulo,SP,Boleto
8757,2026-06-11,107,Carregador Turbo USB-C,Celulares e Acessórios,3,89.90,269.70,Belo Horizonte,MG,Boleto
8758,2026-06-11,110,Airfryer 5L,Eletrodomésticos,2,429.90,859.80,Uberlândia,MG,Pix
8759,2026-06-11,104,Airfryer 5L,Eletrodomésticos,4,429.90,1719.60,Belo Horizonte,MG,Boleto
8760,2026-06-11,118,Bicicleta Aro 29,Esporte e Lazer,2,1709.05,3418.10,São Paulo,SP,Pix
8761,2026-06-11,119,Geladeira Frost Free 400L,Eletrodomésticos,2,3499.00,6998.00,São Paulo,SP,Cartão Débito
8762,2026-06-12,108,Mouse Sem Fio,Informática,4,79.90,319.60,Vitória da Conquista,BA,Pix
8763,2026-06-12,111,Smartphone 128GB,Celulares e Acessórios,1,1619.10,1619.10,Campinas,SP,Cartão Débito
8764,2026-06-12,107,Fone Bluetooth,Celulares e Acessórios,3,199.90,599.70,São Paulo,SP,Cartão Crédito
8765,2026-06-12,101,Geladeira Frost Free 400L,Eletrodomésticos,2,3499.00,6998.00,Salvador,BA,Pix
8766,2026-06-12,120,Monitor Full HD 24pol,Informática,1,854.90,854.90,Curitiba,PR,Cartão Débito
8767,2026-06-12,115,Smartphone 128GB,Celulares e Acessórios,3,1529.15,4587.45,Recife,PE,Pix
8768,2026-06-12,108,Fone Bluetooth,Celulares e Acessórios,1,199.90,199.90,Belo Horizonte,MG,Cartão Crédito
8769,2026-06-12,103,Kit Halteres 20kg,Esporte e Lazer,4,259.90,1039.60,Goiânia,GO,Cartão Débito
8770,2026-06-12,116,Airfryer 5L,Eletrodomésticos,4,429.90,1719.60,Goiânia,GO,Cartão Crédito
8771,2026-06-12,115,Geladeira Frost Free 400L,Eletrodomésticos,1,3499.00,3499.00,Belo Horizonte,MG,Cartão Débito
8772,2026-06-12,118,Mouse Sem Fio,Informática,5,79.90,399.50,Curitiba,PR,Cartão Débito
8773,2026-06-12,120,Mouse Sem Fio,Informática,2,71.91,143.82,Campinas,SP,Cartão Crédito
8774,2026-06-13,106,Airfryer 5L,Eletrodomésticos,4,429.90,1719.60,Salvador,BA,Cartão Crédito
8775,2026-06-13,101,Mouse Sem Fio,Informática,6,67.92,407.52,Belo Horizonte,MG,Cartão Débito
8776,2026-06-13,109,Console de Videogame,Games,2,2999.00,5998.00,Brasília,DF,Cartão Débito
8777,2026-06-13,117,Bicicleta Aro 29,Esporte e Lazer,2,1799.00,3598.00,Curitiba,PR,Pix
8778,2026-06-13,120,Geladeira Frost Free 400L,Eletrodomésticos,1,3499.00,3499.00,Niterói,RJ,Cartão Débito
8779,2026-06-13,116,Teclado Mecânico,Informática,3,275.40,826.20,Recife,PE,Cartão Crédito
8780,2026-06-13,111,Smartphone 128GB,Celulares e Acessórios,1,1799.00,1799.00,Santos,SP,Cartão Crédito
8781,2026-06-13,119,Smartphone 128GB,Celulares e Acessórios,3,1529.15,4587.45,Curitiba,PR,Cartão Débito
8782,2026-06-13,112,Teclado Mecânico,Informática,4,246.42,985.68,Uberlândia,MG,Boleto
8783,2026-06-13,109,Console de Videogame,Games,2,2999.00,5998.00,Campinas,SP,Cartão Débito
8784,2026-06-13,114,Sofá 3 Lugares,Móveis,1,2279.05,2279.05,Recife,PE,Boleto
8785,2026-06-13,118,Airfryer 5L,Eletrodomésticos,3,429.90,1289.70,Vitória da Conquista,BA,Boleto
8786,2026-06-13,107,Mesa de Jantar 6 Cadeiras,Móveis,2,1899.00,3798.00,Salvador,BA,Cartão Crédito
8787,2026-06-14,109,Mesa de Jantar 6 Cadeiras,Móveis,1,1899.00,1899.00,Feira de Santana,BA,Cartão Crédito
8788,2026-06-14,117,Esteira Elétrica,Esporte e Lazer,1,2754.05,2754.05,Rio de Janeiro,RJ,Cartão Crédito
8789,2026-06-14,110,Airfryer 5L,Eletrodomésticos,3,429.90,1289.70,Santos,SP,Pix
8790,2026-06-14,101,Geladeira Frost Free 400L,Eletrodomésticos,1,3499.00,3499.00,Feira de Santana,BA,Cartão Crédito
8791,2026-06-14,101,Kit Halteres 20kg,Esporte e Lazer,3,233.91,701.73,Salvador,BA,Cartão Débito
8792,2026-06-14,113,Teclado Mecânico,Informática,3,289.90,869.70,Rio de Janeiro,RJ,Pix
8793,2026-06-14,109,Teclado Mecânico,Informática,3,289.90,869.70,São Paulo,SP,Pix
8794,2026-06-14,116,Cadeira de Escritório,Móveis,2,629.91,1259.82,Fortaleza,CE,Cartão Crédito
8795,2026-06-14,105,Mesa de Jantar 6 Cadeiras,Móveis,1,1899.00,1899.00,Brasília,DF,Cartão Crédito
8796,2026-06-14,105,Fone Bluetooth,Celulares e Acessórios,2,199.90,399.80,Goiânia,GO,Pix
8797,2026-06-14,104,Micro-ondas 30L,Eletrodomésticos,1,617.40,617.40,Goiânia,GO,Boleto
8798,2026-06-14,116,Bicicleta Aro 29,Esporte e Lazer,1,1709.05,1709.05,Curitiba,PR,Boleto
8799,2026-06-14,113,Notebook Core i5,Informática,1,3299.90,3299.90,Curitiba,PR,Cartão Crédito
8800,2026-06-14,108,Airfryer 5L,Eletrodomésticos,3,429.90,1289.70,Brasília,DF,Boleto
8801,2026-06-15,119,Geladeira Frost Free 400L,Eletrodomésticos,1,3499.00,3499.00,Curitiba,PR,Pix
8802,2026-06-15,109,Airfryer 5L,Eletrodomésticos,2,408.40,816.80,Rio de Janeiro,RJ,Boleto
8803,2026-06-15,104,Esteira Elétrica,Esporte e Lazer,2,2899.00,5798.00,Salvador,BA,Cartão Crédito
8804,2026-06-15,110,Bicicleta Aro 29,Esporte e Lazer,1,1799.00,1799.00,Salvador,BA,Cartão Crédito
8805,2026-06-15,106,Geladeira Frost Free 400L,Eletrodomésticos,1,3499.00,3499.00,Rio de Janeiro,RJ,Pix
8806,2026-06-15,103,Mesa de Jantar 6 Cadeiras,Móveis,1,1709.10,1709.10,Feira de Santana,BA,Cartão Débito
8807,2026-06-15,114,Fone Bluetooth,Celulares e Acessórios,4,199.90,799.60,Curitiba,PR,Boleto
8808,2026-06-15,109,Controle Sem Fio,Games,2,349.90,699.80,Curitiba,PR,Cartão Crédito
8809,2026-06-15,110,Console de Videogame,Games,2,2999.00,5998.00,Rio de Janeiro,RJ,Cartão Crédito
8810,2026-06-15,120,Micro-ondas 30L,Eletrodomésticos,1,649.90,649.90,São Paulo,SP,Cartão Crédito
8811,2026-06-15,102,Notebook Core i5,Informática,2,3134.90,6269.80,Rio de Janeiro,RJ,Cartão Crédito
8812,2026-06-15,109,Geladeira Frost Free 400L,Eletrodomésticos,2,3499.00,6998.00,Recife,PE,Cartão Crédito
8813,2026-06-15,113,Mesa de Jantar 6 Cadeiras,Móveis,1,1899.00,1899.00,Rio de Janeiro,RJ,Pix
8814,2026-06-15,105,Console de Videogame,Games,2,2699.10,5398.20,São Paulo,SP,Boleto
8815,2026-06-15,120,Micro-ondas 30L,Eletrodomésticos,1,649.90,649.90,Vitória da Conquista,BA,Cartão Débito
8816,2026-06-15,106,Notebook Core i5,Informática,1,3134.90,3134.90,Niterói,RJ,Cartão Crédito
8817,2026-06-15,116,Mesa de Jantar 6 Cadeiras,Móveis,2,1709.10,3418.20,Curitiba,PR,Pix
8818,2026-06-16,120,Smartphone 128GB,Celulares e Acessórios,1,1799.00,1799.00,Recife,PE,Pix
8819,2026-06-16,114,Carregador Turbo USB-C,Celulares e Acessórios,2,89.90,179.80,Belo Horizonte,MG,Pix
8820,2026-06-16,106,Cadeira de Escritório,Móveis,4,699.90,2799.60,Rio de Janeiro,RJ,Boleto
8821,2026-06-16,110,Jogo de Aventura,Games,1,224.91,224.91,São Paulo,SP,Pix
8822,2026-06-16,103,Geladeira Frost Free 400L,Eletrodomésticos,2,3324.05,6648.10,Campinas,SP,Boleto
8823,2026-06-16,102,Máquina de Lavar 12kg,Eletrodomésticos,1,2199.00,2199.00,Curitiba,PR,Pix
8824,2026-06-16,101,Teclado Mecânico,Informática,3,289.90,869.70,Belo Horizonte,MG,Pix
8825,2026-06-16,117,Monitor Full HD 24pol,Informática,1,899.90,899.90,Belo Horizonte,MG,Cartão Crédito
8826,2026-06-16,102,Geladeira Frost Free 400L,Eletrodomésticos,2,3324.05,6648.10,Feira de Santana,BA,Pix
8827,2026-06-16,103,Fone Bluetooth,Celulares e Acessórios,2,199.90,399.80,Vitória da Conquista,BA,Cartão Débito
8828,2026-06-16,104,Bicicleta Aro 29,Esporte e Lazer,1,1799.00,1799.00,Fortaleza,CE,Cartão Crédito
8829,2026-06-16,116,Kit Halteres 20kg,Esporte e Lazer,3,233.91,701.73,Brasília,DF,Cartão Crédito
8830,2026-06-16,112,Micro-ondas 30L,Eletrodomésticos,3,617.40,1852.20,Salvador,BA,Pix
8831,2026-06-16,102,Sofá 3 Lugares,Móveis,1,2399.00,2399.00,Porto Alegre,RS,Boleto
8832,2026-06-16,110,Kit Halteres 20kg,Esporte e Lazer,3,259.90,779.70,Vitória da Conquista,BA,Cartão Crédito
8833,2026-06-17,101,Notebook Core i5,Informática,1,3299.90,3299.90,Vitória da Conquista,BA,Cartão Débito
8834,2026-06-17,115,Controle Sem Fio,Games,2,332.40,664.80,Porto Alegre,RS,Cartão Débito
8835,2026-06-17,103,Jogo de Aventura,Games,1,249.90,249.90,Belo Horizonte,MG,Pix
8836,2026-06-17,117,Máquina de Lavar 12kg,Eletrodomésticos,2,2199.00,4398.00,Porto Alegre,RS,Boleto
8837,2026-06-17,120,Mesa de Jantar 6 Cadeiras,Móveis,2,1899.00,3798.00,Salvador,BA,Cartão Crédito
8838,2026-06-17,116,Cadeira de Escritório,Móveis,3,699.90,2099.70,Fortaleza,CE,Cartão Crédito
8839,2026-06-17,101,Airfryer 5L,Eletrodomésticos,4,408.40,1633.60,Vitória da Conquista,BA,Boleto
8840,2026-06-17,106,Micro-ondas 30L,Eletrodomésticos,2,649.90,1299.80,São Paulo,SP,Cartão Débito
8841,2026-06-17,110,Teclado Mecânico,Informática,2,289.90,579.80,Niterói,RJ,Pix
8842,2026-06-17,113,Sofá 3 Lugares,Móveis,2,2399.00,4798.00,Belo Horizonte,MG,Cartão Débito
8843,2026-06-17,115,Carregador Turbo USB-C,Celulares e Acessórios,5,89.90,449.50,São Paulo,SP,Cartão Débito
8844,2026-06-17,117,Monitor Full HD 24pol,Informática,3,899.90,2699.70,Campinas,SP,Cartão Crédito
8845,2026-06-17,105,Notebook Core i5,Informática,1,3134.90,3134.90,Curitiba,PR,Boleto
8846,2026-06-17,105,Teclado Mecânico,Informática,3,289.90,869.70,Vitória da Conquista,BA,Cartão Crédito
8847,2026-06-17,109,Geladeira Frost Free 400L,Eletrodomésticos,2,3499.00,6998.00,Feira de Santana,BA,Pix
8848,2026-06-17,120,Mouse Sem Fio,Informática,2,67.92,135.84,Vitória da Conquista,BA,Boleto
8849,2026-06-18,101,Kit Halteres 20kg,Esporte e Lazer,2,259.90,519.80,São Paulo,SP,Cartão Débito
8850,2026-06-18,116,Máquina de Lavar 12kg,Eletrodomésticos,1,2199.00,2199.00,Santos,SP,Pix
8851,2026-06-18,109,Notebook Core i5,Informática,2,3299.90,6599.80,Uberlândia,MG,Cartão Crédito
8852,2026-06-18,103,Sofá 3 Lugares,Móveis,1,2039.15,2039.15,Curitiba,PR,Cartão Crédito
8853,2026-06-18,109,Bicicleta Aro 29,Esporte e Lazer,2,1799.00,3598.00,Brasília,DF,Cartão Débito
8854,2026-06-18,102,Esteira Elétrica,Esporte e Lazer,2,2899.00,5798.00,Curitiba,PR,Boleto
8855,2026-06-18,118,Fone Bluetooth,Celulares e Acessórios,1,199.90,199.90,Fortaleza,CE,Cartão Crédito
8856,2026-06-18,115,Controle Sem Fio,Games,4,349.90,1399.60,Rio de Janeiro,RJ,Boleto
8857,2026-06-18,115,Carregador Turbo USB-C,Celulares e Acessórios,2,89.90,179.80,Campinas,SP,Cartão Débito
8858,2026-06-18,109,Console de Videogame,Games,2,2999.00,5998.00,Recife,PE,Cartão Crédito
8859,2026-06-18,112,Console de Videogame,Games,2,2999.00,5998.00,Salvador,BA,Pix
8860,2026-06-18,119,Monitor Full HD 24pol,Informática,3,899.90,2699.70,Recife,PE,Cartão Débito
8861,2026-06-18,117,Bicicleta Aro 29,Esporte e Lazer,2,1799.00,3598.00,Brasília,DF,Boleto
8862,2026-06-18,120,Cadeira de Escritório,Móveis,3,699.90,2099.70,Campinas,SP,Cartão Débito
8863,2026-06-18,105,Esteira Elétrica,Esporte e Lazer,1,2899.00,2899.00,Vitória da Conquista,BA,Pix
8864,2026-06-18,106,Fone Bluetooth,Celulares e Acessórios,2,189.90,379.80,Fortaleza,CE,Pix
8865,2026-06-18,102,Teclado Mecânico,Informática,1,260.91,260.91,Vitória da Conquista,BA,Boleto
8866,2026-06-18,103,Micro-ondas 30L,Eletrodomésticos,2,649.90,1299.80,Rio de Janeiro,RJ,Boleto
8867,2026-06-18,107,Máquina de Lavar 12kg,Eletrodomésticos,1,2199.00,2199.00,Belo Horizonte,MG,Pix
8868,2026-06-19,118,Mesa de Jantar 6 Cadeiras,Móveis,2,1899.00,3798.00,Santos,SP,Boleto
8869,2026-06-19,113,Fone Bluetooth,Celulares e Acessórios,4,199.90,799.60,Belo Horizonte,MG,Boleto
8870,2026-06-19,115,Fone Bluetooth,Celulares e Acessórios,5,199.90,999.50,Porto Alegre,RS,Cartão Crédito
8871,2026-06-19,112,Teclado Mecânico,Informática,3,275.40,826.20,Rio de Janeiro,RJ,Boleto
8872,2026-06-19,115,Máquina de Lavar 12kg,Eletrodomésticos,2,2199.00,4398.00,Niterói,RJ,Pix
8873,2026-06-19,101,Mouse Sem Fio,Informática,2,79.90,159.80,Goiânia,GO,Pix
8874,2026-06-19,111,Micro-ondas 30L,Eletrodomésticos,3,649.90,1949.70,Uberlândia,MG,Pix
8875,2026-06-19,108,Carregador Turbo USB-C,Celulares e Acessórios,2,89.90,179.80,Belo Horizonte,MG,Boleto
8876,2026-06-19,110,Controle Sem Fio,Games,2,349.90,699.80,Niterói,RJ,Cartão Crédito
8877,2026-06-19,110,Teclado Mecânico,Informática,3,275.40,826.20,Recife,PE,Boleto
8878,2026-06-19,112,Jogo de Aventura,Games,1,249.90,249.90,Brasília,DF,Cartão Crédito
8879,2026-06-19,115,Fone Bluetooth,Celulares e Acessórios,1,179.91,179.91,Recife,PE,Pix
8880,2026-06-19,113,Cadeira de Escritório,Móveis,1,664.90,664.90,Feira de Santana,BA,Pix
8881,2026-06-19,120,Geladeira Frost Free 400L,Eletrodomésticos,2,3499.00,6998.00,Porto Alegre,RS,Cartão Crédito
8882,2026-06-19,113,Bicicleta Aro 29,Esporte e Lazer,2,1709.05,3418.10,Porto Alegre,RS,Boleto
8883,2026-06-19,120,Teclado Mecânico,Informática,2,289.90,579.80,Santos,SP,Cartão Débito
8884,2026-06-19,109,Notebook Core i5,Informática,1,3299.90,3299.90,São Paulo,SP,Cartão Crédito
8885,2026-06-19,116,Carregador Turbo USB-C,Celulares e Acessórios,2,80.91,161.82,Vitória da Conquista,BA,Cartão Débito
8886,2026-06-19,114,Esteira Elétrica,Esporte e Lazer,2,2609.10,5218.20,Uberlândia,MG,Pix
8887,2026-06-19,114,Controle Sem Fio,Games,3,349.90,1049.70,Campinas,SP,Cartão Débito
8888,2026-06-19,109,Monitor Full HD 24pol,Informática,3,899.90,2699.70,Curitiba,PR,Cartão Crédito
8889,2026-06-19,115,Monitor Full HD 24pol,Informática,2,899.90,1799.80,Belo Horizonte,MG,Boleto
8890,2026-06-19,103,Kit Halteres 20kg,Esporte e Lazer,4,259.90,1039.60,Belo Horizonte,MG,Cartão Crédito
8891,2026-06-19,119,Fone Bluetooth,Celulares e Acessórios,5,199.90,999.50,São Paulo,SP,Cartão Crédito
8892,2026-06-20,111,Console de Videogame,Games,1,2999.00,2999.00,Curitiba,PR,Pix
8893,2026-06-20,105,Controle Sem Fio,Games,2,349.90,699.80,Campinas,SP,Cartão Crédito
8894,2026-06-20,117,Geladeira Frost Free 400L,Eletrodomésticos,1,3499.00,3499.00,Rio de Janeiro,RJ,Cartão Débito
8895,2026-06-20,118,Esteira Elétrica,Esporte e Lazer,2,2899.00,5798.00,Porto Alegre,RS,Cartão Débito
8896,2026-06-20,120,Máquina de Lavar 12kg,Eletrodomésticos,1,2089.05,2089.05,Vitória da Conquista,BA,Cartão Crédito
8897,2026-06-20,104,Smartphone 128GB,Celulares e Acessórios,3,1709.05,5127.15,Belo Horizonte,MG,Boleto
8898,2026-06-20,104,Fone Bluetooth,Celulares e Acessórios,1,199.90,199.90,Salvador,BA,Cartão Débito
8899,2026-06-20,101,Kit Halteres 20kg,Esporte e Lazer,2,259.90,519.80,Porto Alegre,RS,Cartão Crédito
8900,2026-06-20,106,Controle Sem Fio,Games,3,349.90,1049.70,Goiânia,GO,Cartão Crédito
8901,2026-06-20,103,Teclado Mecânico,Informática,1,289.90,289.90,Brasília,DF,Cartão Débito
8902,2026-06-20,107,Geladeira Frost Free 400L,Eletrodomésticos,1,3324.05,3324.05,Rio de Janeiro,RJ,Cartão Débito
8903,2026-06-21,105,Cadeira de Escritório,Móveis,2,699.90,1399.80,Curitiba,PR,Cartão Crédito
8904,2026-06-21,115,Monitor Full HD 24pol,Informática,2,854.90,1709.80,Porto Alegre,RS,Cartão Crédito
8905,2026-06-21,106,Mesa de Jantar 6 Cadeiras,Móveis,1,1899.00,1899.00,Uberlândia,MG,Pix
8906,2026-06-21,107,Kit Halteres 20kg,Esporte e Lazer,2,233.91,467.82,Vitória da Conquista,BA,Pix
8907,2026-06-21,113,Airfryer 5L,Eletrodomésticos,1,408.40,408.40,Curitiba,PR,Cartão Crédito
8908,2026-06-21,110,Cadeira de Escritório,Móveis,3,699.90,2099.70,Rio de Janeiro,RJ,Cartão Débito
8909,2026-06-21,112,Notebook Core i5,Informática,1,2969.91,2969.91,Santos,SP,Pix
8910,2026-06-21,105,Airfryer 5L,Eletrodomésticos,3,429.90,1289.70,Porto Alegre,RS,Cartão Crédito
8911,2026-06-21,116,Teclado Mecânico,Informática,1,260.91,260.91,Rio de Janeiro,RJ,Cartão Crédito
8912,2026-06-21,102,Micro-ondas 30L,Eletrodomésticos,2,649.90,1299.80,Belo Horizonte,MG,Cartão Débito
8913,2026-06-21,103,Smartphone 128GB,Celulares e Acessórios,2,1799.00,3598.00,Rio de Janeiro,RJ,Cartão Crédito
8914,2026-06-21,101,Monitor Full HD 24pol,Informática,3,899.90,2699.70,Goiânia,GO,Pix
8915,2026-06-21,108,Geladeira Frost Free 400L,Eletrodomésticos,1,3149.10,3149.10,Santos,SP,Cartão Crédito
8916,2026-06-21,106,Mesa de Jantar 6 Cadeiras,Móveis,2,1899.00,3798.00,Rio de Janeiro,RJ,Cartão Crédito
8917,2026-06-21,119,Fone Bluetooth,Celulares e Acessórios,5,189.90,949.50,Goiânia,GO,Cartão Crédito
8918,2026-06-22,118,Sofá 3 Lugares,Móveis,2,2399.00,4798.00,Uberlândia,MG,Cartão Crédito
8919,2026-06-22,115,Geladeira Frost Free 400L,Eletrodomésticos,1,3499.00,3499.00,Campinas,SP,Cartão Crédito
8920,2026-06-22,103,Mouse Sem Fio,Informática,4,75.90,303.60,Santos,SP,Cartão Crédito
8921,2026-06-22,119,Sofá 3 Lugares,Móveis,2,2399.00,4798.00,Recife,PE,Pix
8922,2026-06-22,113,Carregador Turbo USB-C,Celulares e Acessórios,3,80.91,242.73,Rio de Janeiro,RJ,Cartão Crédito
8923,2026-06-22,116,Geladeira Frost Free 400L,Eletrodomésticos,2,3499.00,6998.00,Santos,SP,Cartão Crédito
8924,2026-06-22,106,Teclado Mecânico,Informática,4,289.90,1159.60,São Paulo,SP,Cartão Crédito
8925,2026-06-22,103,Micro-ondas 30L,Eletrodomésticos,1,649.90,649.90,Niterói,RJ,Cartão Débito
8926,2026-06-22,101,Bicicleta Aro 29,Esporte e Lazer,1,1799.00,1799.00,São Paulo,SP,Cartão Crédito
8927,2026-06-22,110,Kit Halteres 20kg,Esporte e Lazer,3,246.90,740.70,Brasília,DF,Cartão Débito
8928,2026-06-22,117,Airfryer 5L,Eletrodomésticos,2,429.90,859.80,Niterói,RJ,Boleto
8929,2026-06-22,118,Máquina de Lavar 12kg,Eletrodomésticos,2,2199.00,4398.00,Uberlândia,MG,Cartão Débito
8930,2026-06-22,106,Cadeira de Escritório,Móveis,3,699.90,2099.70,Curitiba,PR,Cartão Débito
8931,2026-06-22,119,Smartphone 128GB,Celulares e Acessórios,2,1619.10,3238.20,Porto Alegre,RS,Pix
8932,2026-06-22,115,Máquina de Lavar 12kg,Eletrodomésticos,1,2199.00,2199.00,Santos,SP,Pix
8933,2026-06-22,103,Mesa de Jantar 6 Cadeiras,Móveis,2,1899.00,3798.00,São Paulo,SP,Boleto
8934,2026-06-22,108,Micro-ondas 30L,Eletrodomésticos,1,649.90,649.90,Campinas,SP,Cartão Crédito
8935,2026-06-23,116,Kit Halteres 20kg,Esporte e Lazer,4,259.90,1039.60,Recife,PE,Cartão Débito
8936,2026-06-23,119,Console de Videogame,Games,2,2999.00,5998.00,Santos,SP,Cartão Débito
8937,2026-06-23,120,Monitor Full HD 24pol,Informática,2,899.90,1799.80,Brasília,DF,Pix
8938,2026-06-23,110,Notebook Core i5,Informática,1,2804.92,2804.92,Rio de Janeiro,RJ,Boleto
8939,2026-06-23,108,Notebook Core i5,Informática,2,3299.90,6599.80,São Paulo,SP,Pix
8940,2026-06-23,117,Máquina de Lavar 12kg,Eletrodomésticos,1,1979.10,1979.10,Porto Alegre,RS,Boleto
8941,2026-06-23,114,Console de Videogame,Games,1,2999.00,2999.00,Rio de Janeiro,RJ,Cartão Crédito
8942,2026-06-23,101,Máquina de Lavar 12kg,Eletrodomésticos,2,1979.10,3958.20,Porto Alegre,RS,Pix
8943,2026-06-23,107,Teclado Mecânico,Informática,1,289.90,289.90,São Paulo,SP,Cartão Crédito
8944,2026-06-23,114,Airfryer 5L,Eletrodomésticos,4,386.91,1547.64,Salvador,BA,Cartão Débito
8945,2026-06-23,114,Máquina de Lavar 12kg,Eletrodomésticos,2,2199.00,4398.00,Brasília,DF,Cartão Crédito
8946,2026-06-23,107,Geladeira Frost Free 400L,Eletrodomésticos,2,3499.00,6998.00,Porto Alegre,RS,Pix
8947,2026-06-23,116,Fone Bluetooth,Celulares e Acessórios,2,199.90,399.80,Uberlândia,MG,Pix
8948,2026-06-23,109,Geladeira Frost Free 400L,Eletrodomésticos,1,3499.00,3499.00,Campinas,SP,Cartão Crédito
8949,2026-06-24,111,Jogo de Aventura,Games,2,249.90,499.80,Niterói,RJ,Boleto
8950,2026-06-24,108,Airfryer 5L,Eletrodomésticos,3,429.90,1289.70,Belo Horizonte,MG,Boleto
8951,2026-06-24,110,Smartphone 128GB,Celulares e Acessórios,3,1799.00,5397.00,Vitória da Conquista,BA,Cartão Débito
8952,2026-06-24,117,Geladeira Frost Free 400L,Eletrodomésticos,1,3499.00,3499.00,Rio de Janeiro,RJ,Boleto
8953,2026-06-24,114,Jogo de Aventura,Games,5,249.90,1249.50,Salvador,BA,Pix
8954,2026-06-24,118,Esteira Elétrica,Esporte e Lazer,1,2899.00,2899.00,Fortaleza,CE,Boleto
8955,2026-06-24,116,Carregador Turbo USB-C,Celulares e Acessórios,5,89.90,449.50,Brasília,DF,Cartão Débito
8956,2026-06-24,107,Geladeira Frost Free 400L,Eletrodomésticos,2,3499.00,6998.00,São Paulo,SP,Pix
8957,2026-06-24,118,Bicicleta Aro 29,Esporte e Lazer,1,1799.00,1799.00,Brasília,DF,Boleto
8958,2026-06-24,112,Mouse Sem Fio,Informática,3,67.92,203.76,Brasília,DF,Pix
8959,2026-06-24,101,Monitor Full HD 24pol,Informática,2,899.90,1799.80,Brasília,DF,Cartão Crédito
8960,2026-06-24,119,Mouse Sem Fio,Informática,5,79.90,399.50,Brasília,DF,Cartão Crédito
8961,2026-06-25,108,Esteira Elétrica,Esporte e Lazer,1,2899.00,2899.00,Recife,PE,Cartão Crédito
8962,2026-06-25,113,Smartphone 128GB,Celulares e Acessórios,2,1799.00,3598.00,Rio de Janeiro,RJ,Boleto
8963,2026-06-25,117,Mouse Sem Fio,Informática,1,79.90,79.90,Rio de Janeiro,RJ,Cartão Crédito
8964,2026-06-25,119,Máquina de Lavar 12kg,Eletrodomésticos,1,2199.00,2199.00,Belo Horizonte,MG,Pix
8965,2026-06-25,114,Máquina de Lavar 12kg,Eletrodomésticos,1,2089.05,2089.05,São Paulo,SP,Boleto
8966,2026-06-25,111,Geladeira Frost Free 400L,Eletrodomésticos,1,3499.00,3499.00,Goiânia,GO,Cartão Débito
8967,2026-06-25,108,Monitor Full HD 24pol,Informática,2,899.90,1799.80,Goiânia,GO,Cartão Crédito
8968,2026-06-25,120,Notebook Core i5,Informática,2,3299.90,6599.80,Fortaleza,CE,Pix
8969,2026-06-25,115,Bicicleta Aro 29,Esporte e Lazer,2,1799.00,3598.00,Belo Horizonte,MG,Boleto
8970,2026-06-25,102,Mouse Sem Fio,Informática,4,79.90,319.60,Curitiba,PR,Cartão Débito
8971,2026-06-25,111,Teclado Mecânico,Informática,2,289.90,579.80,Feira de Santana,BA,Cartão Crédito
8972,2026-06-25,117,Geladeira Frost Free 400L,Eletrodomésticos,1,3499.00,3499.00,Salvador,BA,Boleto
8973,2026-06-25,104,Kit Halteres 20kg,Esporte e Lazer,4,246.90,987.60,Uberlândia,MG,Pix
8974,2026-06-25,111,Console de Videogame,Games,2,2999.00,5998.00,Belo Horizonte,MG,Cartão Crédito
8975,2026-06-26,120,Bicicleta Aro 29,Esporte e Lazer,1,1709.05,1709.05,Fortaleza,CE,Boleto
8976,2026-06-26,117,Smartphone 128GB,Celulares e Acessórios,1,1799.00,1799.00,Vitória da Conquista,BA,Cartão Crédito
8977,2026-06-26,109,Geladeira Frost Free 400L,Eletrodomésticos,2,3499.00,6998.00,Campinas,SP,Pix
8978,2026-06-26,102,Geladeira Frost Free 400L,Eletrodomésticos,2,3499.00,6998.00,Vitória da Conquista,BA,Cartão Crédito
8979,2026-06-26,112,Smartphone 128GB,Celulares e Acessórios,2,1709.05,3418.10,Rio de Janeiro,RJ,Cartão Crédito
8980,2026-06-26,119,Jogo de Aventura,Games,2,249.90,499.80,Curitiba,PR,Cartão Débito
8981,2026-06-26,118,Sofá 3 Lugares,Móveis,2,2399.00,4798.00,São Paulo,SP,Boleto
8982,2026-06-26,113,Controle Sem Fio,Games,3,332.40,997.20,Rio de Janeiro,RJ,Cartão Crédito
8983,2026-06-26,110,Sofá 3 Lugares,Móveis,1,2399.00,2399.00,Fortaleza,CE,Cartão Débito
8984,2026-06-26,116,Kit Halteres 20kg,Esporte e Lazer,4,246.90,987.60,Curitiba,PR,Cartão Débito
8985,2026-06-26,112,Teclado Mecânico,Informática,2,275.40,550.80,Rio de Janeiro,RJ,Cartão Débito
8986,2026-06-26,113,Console de Videogame,Games,1,2849.05,2849.05,Brasília,DF,Cartão Crédito
8987,2026-06-26,110,Console de Videogame,Games,1,2999.00,2999.00,Santos,SP,Pix
8988,2026-06-26,117,Airfryer 5L,Eletrodomésticos,4,429.90,1719.60,Curitiba,PR,Cartão Débito
8989,2026-06-26,113,Fone Bluetooth,Celulares e Acessórios,4,199.90,799.60,Recife,PE,Boleto
8990,2026-06-26,105,Sofá 3 Lugares,Móveis,2,2159.10,4318.20,Fortaleza,CE,Cartão Débito
8991,2026-06-26,107,Smartphone 128GB,Celulares e Acessórios,3,1799.00,5397.00,Feira de Santana,BA,Cartão Débito
8992,2026-06-27,101,Airfryer 5L,Eletrodomésticos,2,429.90,859.80,Belo Horizonte,MG,Cartão Crédito
8993,2026-06-27,113,Mouse Sem Fio,Informática,3,79.90,239.70,Goiânia,GO,Cartão Crédito
8994,2026-06-27,101,Máquina de Lavar 12kg,Eletrodomésticos,1,2089.05,2089.05,Curitiba,PR,Cartão Crédito
8995,2026-06-27,119,Smartphone 128GB,Celulares e Acessórios,2,1799.00,3598.00,Vitória da Conquista,BA,Pix
8996,2026-06-27,109,Cadeira de Escritório,Móveis,4,699.90,2799.60,Belo Horizonte,MG,Cartão Crédito
8997,2026-06-27,110,Bicicleta Aro 29,Esporte e Lazer,2,1709.05,3418.10,Porto Alegre,RS,Pix
8998,2026-06-27,110,Controle Sem Fio,Games,3,349.90,1049.70,Campinas,SP,Cartão Crédito
8999,2026-06-27,115,Sofá 3 Lugares,Móveis,2,2279.05,4558.10,Curitiba,PR,Cartão Débito
9000,2026-06-27,116,Teclado Mecânico,Informática,1,289.90,289.90,Fortaleza,CE,Cartão Crédito
9001,2026-06-27,111,Fone Bluetooth,Celulares e Acessórios,4,199.90,799.60,Uberlândia,MG,Boleto
9002,2026-06-27,108,Geladeira Frost Free 400L,Eletrodomésticos,2,3499.00,6998.00,Recife,PE,Pix
9003,2026-06-27,118,Máquina de Lavar 12kg,Eletrodomésticos,2,2199.00,4398.00,Feira de Santana,BA,Pix
9004,2026-06-27,109,Monitor Full HD 24pol,Informática,2,809.91,1619.82,Salvador,BA,Cartão Crédito
9005,2026-06-27,117,Fone Bluetooth,Celulares e Acessórios,1,189.90,189.90,Curitiba,PR,Pix
9006,2026-06-27,112,Kit Halteres 20kg,Esporte e Lazer,1,259.90,259.90,Feira de Santana,BA,Cartão Crédito
9007,2026-06-27,105,Fone Bluetooth,Celulares e Acessórios,4,199.90,799.60,Goiânia,GO,Cartão Débito
9008,2026-06-27,104,Carregador Turbo USB-C,Celulares e Acessórios,4,89.90,359.60,Uberlândia,MG,Pix
9009,2026-06-28,103,Teclado Mecânico,Informática,4,289.90,1159.60,Rio de Janeiro,RJ,Boleto
9010,2026-06-28,104,Console de Videogame,Games,1,2999.00,2999.00,Rio de Janeiro,RJ,Cartão Crédito
9011,2026-06-28,104,Smartphone 128GB,Celulares e Acessórios,1,1799.00,1799.00,Niterói,RJ,Pix
9012,2026-06-28,102,Sofá 3 Lugares,Móveis,1,2399.00,2399.00,Salvador,BA,Cartão Crédito
9013,2026-06-28,101,Monitor Full HD 24pol,Informática,1,899.90,899.90,Belo Horizonte,MG,Pix
9014,2026-06-28,102,Bicicleta Aro 29,Esporte e Lazer,1,1799.00,1799.00,Santos,SP,Cartão Débito
9015,2026-06-28,119,Cadeira de Escritório,Móveis,1,699.90,699.90,Rio de Janeiro,RJ,Pix
9016,2026-06-28,103,Máquina de Lavar 12kg,Eletrodomésticos,2,1869.15,3738.30,Belo Horizonte,MG,Cartão Crédito
9017,2026-06-28,118,Sofá 3 Lugares,Móveis,1,2399.00,2399.00,Belo Horizonte,MG,Pix
9018,2026-06-28,111,Geladeira Frost Free 400L,Eletrodomésticos,1,3499.00,3499.00,São Paulo,SP,Pix
9019,2026-06-28,117,Geladeira Frost Free 400L,Eletrodomésticos,2,3149.10,6298.20,Belo Horizonte,MG,Cartão Débito
9020,2026-06-28,105,Mesa de Jantar 6 Cadeiras,Móveis,1,1899.00,1899.00,Salvador,BA,Cartão Crédito
9021,2026-06-28,108,Kit Halteres 20kg,Esporte e Lazer,1,259.90,259.90,Rio de Janeiro,RJ,Cartão Débito
9022,2026-06-28,107,Console de Videogame,Games,2,2849.05,5698.10,Santos,SP,Boleto
9023,2026-06-28,120,Cadeira de Escritório,Móveis,1,699.90,699.90,Uberlândia,MG,Boleto
9024,2026-06-28,109,Monitor Full HD 24pol,Informática,2,899.90,1799.80,São Paulo,SP,Boleto
9025,2026-06-28,104,Kit Halteres 20kg,Esporte e Lazer,1,233.91,233.91,Vitória da Conquista,BA,Boleto
9026,2026-06-29,107,Controle Sem Fio,Games,2,314.91,629.82,Salvador,BA,Cartão Crédito
9027,2026-06-29,112,Console de Videogame,Games,2,2999.00,5998.00,Curitiba,PR,Boleto
9028,2026-06-29,115,Micro-ondas 30L,Eletrodomésticos,1,649.90,649.90,São Paulo,SP,Pix
9029,2026-06-29,119,Jogo de Aventura,Games,4,249.90,999.60,Goiânia,GO,Cartão Débito
9030,2026-06-29,114,Mouse Sem Fio,Informática,6,79.90,479.40,Campinas,SP,Cartão Crédito
9031,2026-06-29,116,Teclado Mecânico,Informática,4,289.90,1159.60,Recife,PE,Pix
9032,2026-06-29,119,Airfryer 5L,Eletrodomésticos,4,429.90,1719.60,Recife,PE,Pix
9033,2026-06-29,113,Máquina de Lavar 12kg,Eletrodomésticos,1,2199.00,2199.00,Goiânia,GO,Boleto
9034,2026-06-29,103,Carregador Turbo USB-C,Celulares e Acessórios,3,89.90,269.70,Curitiba,PR,Cartão Crédito
9035,2026-06-29,117,Teclado Mecânico,Informática,4,260.91,1043.64,São Paulo,SP,Cartão Crédito
9036,2026-06-29,114,Máquina de Lavar 12kg,Eletrodomésticos,2,2089.05,4178.10,Recife,PE,Cartão Crédito
9037,2026-06-29,111,Monitor Full HD 24pol,Informática,3,899.90,2699.70,Curitiba,PR,Cartão Débito
9038,2026-06-29,116,Controle Sem Fio,Games,3,332.40,997.20,São Paulo,SP,Pix
9039,2026-06-30,114,Teclado Mecânico,Informática,2,260.91,521.82,Recife,PE,Boleto
9040,2026-06-30,105,Micro-ondas 30L,Eletrodomésticos,2,649.90,1299.80,Niterói,RJ,Cartão Crédito
9041,2026-06-30,120,Monitor Full HD 24pol,Informática,1,899.90,899.90,Niterói,RJ,Cartão Débito
9042,2026-06-30,118,Bicicleta Aro 29,Esporte e Lazer,2,1799.00,3598.00,Belo Horizonte,MG,Cartão Crédito
9043,2026-06-30,120,Mesa de Jantar 6 Cadeiras,Móveis,2,1899.00,3798.00,Brasília,DF,Cartão Crédito
9044,2026-06-30,106,Esteira Elétrica,Esporte e Lazer,2,2609.10,5218.20,Porto Alegre,RS,Cartão Crédito
9045,2026-06-30,103,Kit Halteres 20kg,Esporte e Lazer,4,259.90,1039.60,Curitiba,PR,Pix
9046,2026-06-30,117,Mesa de Jantar 6 Cadeiras,Móveis,2,1899.00,3798.00,Porto Alegre,RS,Cartão Crédito
9047,2026-06-30,115,Carregador Turbo USB-C,Celulares e Acessórios,4,89.90,359.60,Recife,PE,Pix
9048,2026-06-30,106,Console de Videogame,Games,2,2999.00,5998.00,Fortaleza,CE,Cartão Crédito
9049,2026-06-30,117,Controle Sem Fio,Games,2,349.90,699.80,Belo Horizonte,MG,Boleto
9050,2026-06-30,107,Monitor Full HD 24pol,Informática,2,899.90,1799.80,Curitiba,PR,Cartão Crédito
9051,2026-06-30,114,Mesa de Jantar 6 Cadeiras,Móveis,1,1709.10,1709.10,São Paulo,SP,Cartão Crédito
9052,2026-06-30,109,Fone Bluetooth,Celulares e Acessórios,5,199.90,999.50,Feira de Santana,BA,Pix
9053,2026-06-30,118,Cadeira de Escritório,Móveis,2,699.90,1399.80,São Paulo,SP,Cartão Crédito
9054,2026-06-30,103,Jogo de Aventura,Games,2,249.90,499.80,Santos,SP,Cartão Débito
9055,2026-06-30,111,Notebook Core i5,Informática,2,3134.90,6269.80,Campinas,SP,Cartão Débito
9056,2026-07-01,113,Controle Sem Fio,Games,2,314.91,629.82,Campinas,SP,Cartão Débito
9057,2026-07-01,116,Cadeira de Escritório,Móveis,1,699.90,699.90,São Paulo,SP,Cartão Débito
9058,2026-07-01,101,Geladeira Frost Free 400L,Eletrodomésticos,1,3499.00,3499.00,Curitiba,PR,Cartão Débito
9059,2026-07-01,114,Controle Sem Fio,Games,2,349.90,699.80,Brasília,DF,Cartão Crédito
9060,2026-07-01,114,Mouse Sem Fio,Informática,1,79.90,79.90,São Paulo,SP,Boleto
9061,2026-07-01,106,Mesa de Jantar 6 Cadeiras,Móveis,1,1899.00,1899.00,Fortaleza,CE,Cartão Crédito
9062,2026-07-01,108,Micro-ondas 30L,Eletrodomésticos,3,649.90,1949.70,Uberlândia,MG,Cartão Crédito
9063,2026-07-01,101,Fone Bluetooth,Celulares e Acessórios,4,199.90,799.60,Salvador,BA,Cartão Crédito
9064,2026-07-01,102,Geladeira Frost Free 400L,Eletrodomésticos,1,3499.00,3499.00,São Paulo,SP,Pix
9065,2026-07-01,113,Monitor Full HD 24pol,Informática,2,899.90,1799.80,Curitiba,PR,Pix
9066,2026-07-01,104,Jogo de Aventura,Games,2,249.90,499.80,Belo Horizonte,MG,Cartão Crédito
9067,2026-07-01,112,Geladeira Frost Free 400L,Eletrodomésticos,1,3149.10,3149.10,Belo Horizonte,MG,Cartão Débito
9068,2026-07-01,109,Console de Videogame,Games,1,2999.00,2999.00,São Paulo,SP,Cartão Débito
9069,2026-07-01,105,Notebook Core i5,Informática,2,3299.90,6599.80,Belo Horizonte,MG,Pix
9070,2026-07-01,114,Esteira Elétrica,Esporte e Lazer,2,2754.05,5508.10,Vitória da Conquista,BA,Boleto
9071,2026-07-02,107,Cadeira de Escritório,Móveis,3,699.90,2099.70,Campinas,SP,Boleto
9072,2026-07-02,105,Smartphone 128GB,Celulares e Acessórios,1,1619.10,1619.10,São Paulo,SP,Cartão Débito
9073,2026-07-02,104,Máquina de Lavar 12kg,Eletrodomésticos,1,2199.00,2199.00,Recife,PE,Pix
9074,2026-07-02,118,Cadeira de Escritório,Móveis,3,699.90,2099.70,Campinas,SP,Pix
9075,2026-07-02,106,Smartphone 128GB,Celulares e Acessórios,3,1529.15,4587.45,São Paulo,SP,Cartão Crédito
9076,2026-07-02,110,Geladeira Frost Free 400L,Eletrodomésticos,2,3499.00,6998.00,Vitória da Conquista,BA,Cartão Crédito
9077,2026-07-02,110,Notebook Core i5,Informática,1,3299.90,3299.90,Belo Horizonte,MG,Cartão Débito
9078,2026-07-02,115,Jogo de Aventura,Games,5,224.91,1124.55,Campinas,SP,Cartão Crédito
9079,2026-07-02,101,Micro-ondas 30L,Eletrodomésticos,1,649.90,649.90,Niterói,RJ,Cartão Crédito
9080,2026-07-02,105,Notebook Core i5,Informática,2,3134.90,6269.80,Brasília,DF,Cartão Crédito
9081,2026-07-02,113,Smartphone 128GB,Celulares e Acessórios,2,1799.00,3598.00,Campinas,SP,Cartão Crédito
9082,2026-07-03,111,Mesa de Jantar 6 Cadeiras,Móveis,2,1804.05,3608.10,Vitória da Conquista,BA,Cartão Crédito
9083,2026-07-03,112,Máquina de Lavar 12kg,Eletrodomésticos,1,1979.10,1979.10,Porto Alegre,RS,Cartão Débito
9084,2026-07-03,107,Smartphone 128GB,Celulares e Acessórios,3,1529.15,4587.45,Feira de Santana,BA,Cartão Débito
9085,2026-07-03,102,Airfryer 5L,Eletrodomésticos,1,429.90,429.90,Uberlândia,MG,Boleto
9086,2026-07-03,103,Esteira Elétrica,Esporte e Lazer,1,2899.00,2899.00,Niterói,RJ,Pix
9087,2026-07-03,107,Notebook Core i5,Informática,2,3299.90,6599.80,Belo Horizonte,MG,Boleto
9088,2026-07-03,116,Geladeira Frost Free 400L,Eletrodomésticos,1,3499.00,3499.00,Fortaleza,CE,Cartão Crédito
9089,2026-07-03,120,Cadeira de Escritório,Móveis,3,629.91,1889.73,Uberlândia,MG,Pix
9090,2026-07-03,109,Teclado Mecânico,Informática,2,275.40,550.80,Goiânia,GO,Pix
9091,2026-07-03,113,Teclado Mecânico,Informática,2,289.90,579.80,Campinas,SP,Cartão Crédito
9092,2026-07-03,111,Notebook Core i5,Informática,2,2969.91,5939.82,Campinas,SP,Boleto
9093,2026-07-03,117,Console de Videogame,Games,1,2999.00,2999.00,Uberlândia,MG,Boleto
9094,2026-07-03,117,Notebook Core i5,Informática,1,3299.90,3299.90,Brasília,DF,Pix
9095,2026-07-03,101,Esteira Elétrica,Esporte e Lazer,2,2754.05,5508.10,Goiânia,GO,Cartão Crédito
9096,2026-07-03,103,Sofá 3 Lugares,Móveis,2,2399.00,4798.00,Uberlândia,MG,Cartão Crédito
9097,2026-07-04,101,Carregador Turbo USB-C,Celulares e Acessórios,1,89.90,89.90,Goiânia,GO,Cartão Crédito
9098,2026-07-04,103,Esteira Elétrica,Esporte e Lazer,1,2899.00,2899.00,Campinas,SP,Boleto
9099,2026-07-04,103,Sofá 3 Lugares,Móveis,1,2159.10,2159.10,Santos,SP,Pix
9100,2026-07-04,119,Sofá 3 Lugares,Móveis,2,2399.00,4798.00,Recife,PE,Cartão Débito
9101,2026-07-04,117,Console de Videogame,Games,1,2999.00,2999.00,Porto Alegre,RS,Cartão Débito
9102,2026-07-04,108,Bicicleta Aro 29,Esporte e Lazer,2,1799.00,3598.00,Rio de Janeiro,RJ,Cartão Crédito
9103,2026-07-04,118,Console de Videogame,Games,1,2849.05,2849.05,Santos,SP,Cartão Crédito
9104,2026-07-04,113,Sofá 3 Lugares,Móveis,1,2279.05,2279.05,Rio de Janeiro,RJ,Pix
9105,2026-07-04,119,Controle Sem Fio,Games,2,349.90,699.80,Feira de Santana,BA,Pix
9106,2026-07-04,107,Micro-ondas 30L,Eletrodomésticos,3,649.90,1949.70,Recife,PE,Cartão Débito
9107,2026-07-04,117,Teclado Mecânico,Informática,1,289.90,289.90,Rio de Janeiro,RJ,Pix
9108,2026-07-04,105,Mouse Sem Fio,Informática,1,79.90,79.90,Uberlândia,MG,Cartão Crédito
9109,2026-07-04,109,Airfryer 5L,Eletrodomésticos,4,429.90,1719.60,Santos,SP,Pix
9110,2026-07-04,101,Fone Bluetooth,Celulares e Acessórios,3,199.90,599.70,Niterói,RJ,Cartão Crédito
9111,2026-07-04,106,Monitor Full HD 24pol,Informática,3,899.90,2699.70,Fortaleza,CE,Boleto
9112,2026-07-04,116,Carregador Turbo USB-C,Celulares e Acessórios,2,85.40,170.80,Rio de Janeiro,RJ,Pix
9113,2026-07-04,102,Mouse Sem Fio,Informática,1,75.90,75.90,Santos,SP,Cartão Crédito
9114,2026-07-04,106,Mouse Sem Fio,Informática,6,79.90,479.40,Curitiba,PR,Cartão Débito
9115,2026-07-04,108,Jogo de Aventura,Games,3,249.90,749.70,Salvador,BA,Cartão Crédito
9116,2026-07-05,105,Sofá 3 Lugares,Móveis,1,2039.15,2039.15,Rio de Janeiro,RJ,Boleto
9117,2026-07-05,114,Kit Halteres 20kg,Esporte e Lazer,2,259.90,519.80,Salvador,BA,Cartão Débito
9118,2026-07-05,120,Sofá 3 Lugares,Móveis,2,2399.00,4798.00,Goiânia,GO,Cartão Débito
9119,2026-07-05,102,Jogo de Aventura,Games,2,224.91,449.82,Belo Horizonte,MG,Cartão Crédito
9120,2026-07-05,118,Controle Sem Fio,Games,4,349.90,1399.60,Salvador,BA,Cartão Crédito
9121,2026-07-05,113,Mesa de Jantar 6 Cadeiras,Móveis,2,1804.05,3608.10,Fortaleza,CE,Cartão Crédito
9122,2026-07-05,116,Teclado Mecânico,Informática,3,289.90,869.70,São Paulo,SP,Cartão Crédito
9123,2026-07-05,105,Teclado Mecânico,Informática,1,246.42,246.42,Fortaleza,CE,Cartão Crédito
9124,2026-07-05,101,Console de Videogame,Games,2,2999.00,5998.00,Brasília,DF,Pix
9125,2026-07-05,114,Notebook Core i5,Informática,1,3134.90,3134.90,Curitiba,PR,Cartão Crédito
9126,2026-07-05,111,Esteira Elétrica,Esporte e Lazer,2,2899.00,5798.00,Santos,SP,Pix
9127,2026-07-06,117,Airfryer 5L,Eletrodomésticos,2,386.91,773.82,Feira de Santana,BA,Boleto
9128,2026-07-06,112,Notebook Core i5,Informática,2,3299.90,6599.80,Fortaleza,CE,Boleto
9129,2026-07-06,103,Bicicleta Aro 29,Esporte e Lazer,1,1619.10,1619.10,Goiânia,GO,Boleto
9130,2026-07-06,111,Monitor Full HD 24pol,Informática,3,899.90,2699.70,Santos,SP,Boleto
9131,2026-07-06,102,Smartphone 128GB,Celulares e Acessórios,2,1709.05,3418.10,Curitiba,PR,Cartão Crédito
9132,2026-07-06,110,Mesa de Jantar 6 Cadeiras,Móveis,1,1614.15,1614.15,Recife,PE,Cartão Crédito
9133,2026-07-06,105,Máquina de Lavar 12kg,Eletrodomésticos,1,2199.00,2199.00,Brasília,DF,Boleto
9134,2026-07-06,120,Máquina de Lavar 12kg,Eletrodomésticos,2,2089.05,4178.10,Porto Alegre,RS,Cartão Crédito
9135,2026-07-06,106,Teclado Mecânico,Informática,3,289.90,869.70,Rio de Janeiro,RJ,Cartão Crédito
9136,2026-07-06,112,Bicicleta Aro 29,Esporte e Lazer,1,1799.00,1799.00,Fortaleza,CE,Cartão Crédito
9137,2026-07-06,118,Smartphone 128GB,Celulares e Acessórios,2,1709.05,3418.10,Niterói,RJ,Pix
9138,2026-07-06,103,Smartphone 128GB,Celulares e Acessórios,1,1529.15,1529.15,Niterói,RJ,Pix
9139,2026-07-06,106,Geladeira Frost Free 400L,Eletrodomésticos,1,3499.00,3499.00,Santos,SP,Cartão Débito
9140,2026-07-06,112,Notebook Core i5,Informática,2,3299.90,6599.80,Fortaleza,CE,Cartão Crédito
9141,2026-07-06,115,Kit Halteres 20kg,Esporte e Lazer,4,259.90,1039.60,Belo Horizonte,MG,Cartão Crédito
9142,2026-07-06,115,Jogo de Aventura,Games,1,249.90,249.90,Fortaleza,CE,Cartão Débito
9143,2026-07-06,112,Kit Halteres 20kg,Esporte e Lazer,1,259.90,259.90,Recife,PE,Boleto
9144,2026-07-06,118,Teclado Mecânico,Informática,1,289.90,289.90,Feira de Santana,BA,Boleto
9145,2026-07-06,117,Máquina de Lavar 12kg,Eletrodomésticos,2,1869.15,3738.30,São Paulo,SP,Boleto
9146,2026-07-07,113,Sofá 3 Lugares,Móveis,2,2399.00,4798.00,Porto Alegre,RS,Cartão Crédito
9147,2026-07-07,114,Mesa de Jantar 6 Cadeiras,Móveis,2,1899.00,3798.00,Niterói,RJ,Cartão Débito
9148,2026-07-07,102,Jogo de Aventura,Games,1,237.40,237.40,Feira de Santana,BA,Pix
9149,2026-07-07,107,Console de Videogame,Games,2,2999.00,5998.00,São Paulo,SP,Pix
9150,2026-07-07,108,Teclado Mecânico,Informática,4,246.42,985.68,Rio de Janeiro,RJ,Pix
9151,2026-07-07,114,Geladeira Frost Free 400L,Eletrodomésticos,1,3149.10,3149.10,Salvador,BA,Pix
9152,2026-07-07,107,Máquina de Lavar 12kg,Eletrodomésticos,1,2199.00,2199.00,Brasília,DF,Boleto
9153,2026-07-07,120,Monitor Full HD 24pol,Informática,3,899.90,2699.70,Campinas,SP,Boleto
9154,2026-07-07,106,Jogo de Aventura,Games,3,249.90,749.70,São Paulo,SP,Pix
9155,2026-07-07,120,Airfryer 5L,Eletrodomésticos,4,386.91,1547.64,Salvador,BA,Pix
9156,2026-07-07,112,Máquina de Lavar 12kg,Eletrodomésticos,1,2199.00,2199.00,Belo Horizonte,MG,Cartão Crédito
9157,2026-07-07,115,Geladeira Frost Free 400L,Eletrodomésticos,2,3499.00,6998.00,Belo Horizonte,MG,Pix
9158,2026-07-07,116,Carregador Turbo USB-C,Celulares e Acessórios,5,89.90,449.50,Uberlândia,MG,Cartão Débito
9159,2026-07-07,108,Máquina de Lavar 12kg,Eletrodomésticos,2,2089.05,4178.10,Salvador,BA,Pix
9160,2026-07-07,106,Kit Halteres 20kg,Esporte e Lazer,2,259.90,519.80,Belo Horizonte,MG,Pix
9161,2026-07-07,101,Jogo de Aventura,Games,4,212.42,849.68,Curitiba,PR,Pix
9162,2026-07-07,112,Cadeira de Escritório,Móveis,2,664.90,1329.80,Salvador,BA,Cartão Débito
9163,2026-07-07,112,Máquina de Lavar 12kg,Eletrodomésticos,1,2199.00,2199.00,Niterói,RJ,Pix
9164,2026-07-07,101,Máquina de Lavar 12kg,Eletrodomésticos,2,2199.00,4398.00,Vitória da Conquista,BA,Pix
9165,2026-07-07,107,Notebook Core i5,Informática,1,3134.90,3134.90,Rio de Janeiro,RJ,Pix
9166,2026-07-07,104,Kit Halteres 20kg,Esporte e Lazer,4,233.91,935.64,Niterói,RJ,Cartão Débito
9167,2026-07-08,105,Fone Bluetooth,Celulares e Acessórios,1,199.90,199.90,Rio de Janeiro,RJ,Cartão Crédito
9168,2026-07-08,117,Sofá 3 Lugares,Móveis,2,2399.00,4798.00,Porto Alegre,RS,Boleto
9169,2026-07-08,119,Cadeira de Escritório,Móveis,1,699.90,699.90,Porto Alegre,RS,Pix
9170,2026-07-08,102,Mouse Sem Fio,Informática,4,79.90,319.60,Fortaleza,CE,Pix
9171,2026-07-08,113,Controle Sem Fio,Games,3,349.90,1049.70,Goiânia,GO,Boleto
9172,2026-07-08,119,Teclado Mecânico,Informática,1,260.91,260.91,Vitória da Conquista,BA,Cartão Crédito
9173,2026-07-08,101,Cadeira de Escritório,Móveis,3,699.90,2099.70,Curitiba,PR,Pix
9174,2026-07-08,108,Mouse Sem Fio,Informática,3,79.90,239.70,Brasília,DF,Cartão Crédito
9175,2026-07-08,106,Geladeira Frost Free 400L,Eletrodomésticos,2,3499.00,6998.00,Porto Alegre,RS,Cartão Crédito
9176,2026-07-08,109,Teclado Mecânico,Informática,1,289.90,289.90,Goiânia,GO,Boleto
9177,2026-07-08,101,Mesa de Jantar 6 Cadeiras,Móveis,1,1899.00,1899.00,Goiânia,GO,Cartão Crédito
9178,2026-07-08,110,Kit Halteres 20kg,Esporte e Lazer,4,259.90,1039.60,Recife,PE,Pix
9179,2026-07-08,105,Micro-ondas 30L,Eletrodomésticos,1,552.42,552.42,Curitiba,PR,Cartão Débito
9180,2026-07-08,105,Mouse Sem Fio,Informática,5,67.92,339.60,Fortaleza,CE,Boleto
9181,2026-07-08,118,Micro-ondas 30L,Eletrodomésticos,1,649.90,649.90,Santos,SP,Boleto
9182,2026-07-08,115,Console de Videogame,Games,1,2699.10,2699.10,Belo Horizonte,MG,Cartão Débito
9183,2026-07-08,115,Kit Halteres 20kg,Esporte e Lazer,3,259.90,779.70,Campinas,SP,Cartão Débito
9184,2026-07-08,115,Console de Videogame,Games,1,2999.00,2999.00,Campinas,SP,Pix
9185,2026-07-08,116,Carregador Turbo USB-C,Celulares e Acessórios,6,89.90,539.40,Goiânia,GO,Cartão Crédito
9186,2026-07-08,102,Geladeira Frost Free 400L,Eletrodomésticos,2,3499.00,6998.00,Niterói,RJ,Boleto
9187,2026-07-08,116,Fone Bluetooth,Celulares e Acessórios,5,189.90,949.50,Santos,SP,Pix
9188,2026-07-09,119,Geladeira Frost Free 400L,Eletrodomésticos,1,3149.10,3149.10,Santos,SP,Pix
9189,2026-07-09,106,Jogo de Aventura,Games,3,237.40,712.20,Recife,PE,Pix
9190,2026-07-09,101,Cadeira de Escritório,Móveis,1,594.92,594.92,Fortaleza,CE,Cartão Crédito
9191,2026-07-09,116,Teclado Mecânico,Informática,2,260.91,521.82,Brasília,DF,Boleto
9192,2026-07-09,113,Controle Sem Fio,Games,2,349.90,699.80,Belo Horizonte,MG,Cartão Débito
9193,2026-07-09,116,Sofá 3 Lugares,Móveis,2,2399.00,4798.00,Goiânia,GO,Boleto
9194,2026-07-09,103,Cadeira de Escritório,Móveis,4,699.90,2799.60,Santos,SP,Cartão Débito
9195,2026-07-09,116,Geladeira Frost Free 400L,Eletrodomésticos,1,3499.00,3499.00,Salvador,BA,Boleto
9196,2026-07-09,115,Smartphone 128GB,Celulares e Acessórios,3,1799.00,5397.00,Brasília,DF,Cartão Débito
9197,2026-07-09,115,Micro-ondas 30L,Eletrodomésticos,2,649.90,1299.80,São Paulo,SP,Boleto
9198,2026-07-09,117,Kit Halteres 20kg,Esporte e Lazer,3,259.90,779.70,Fortaleza,CE,Cartão Débito
9199,2026-07-09,109,Controle Sem Fio,Games,4,349.90,1399.60,São Paulo,SP,Cartão Crédito
9200,2026-07-09,114,Esteira Elétrica,Esporte e Lazer,1,2899.00,2899.00,Campinas,SP,Pix
9201,2026-07-09,118,Monitor Full HD 24pol,Informática,3,854.90,2564.70,Salvador,BA,Cartão Débito
9202,2026-07-09,103,Airfryer 5L,Eletrodomésticos,3,429.90,1289.70,Fortaleza,CE,Pix
9203,2026-07-09,113,Console de Videogame,Games,2,2999.00,5998.00,São Paulo,SP,Boleto
9204,2026-07-09,113,Mouse Sem Fio,Informática,3,79.90,239.70,Porto Alegre,RS,Cartão Débito
9205,2026-07-09,119,Geladeira Frost Free 400L,Eletrodomésticos,2,3324.05,6648.10,Campinas,SP,Cartão Crédito
9206,2026-07-09,102,Jogo de Aventura,Games,3,224.91,674.73,Salvador,BA,Boleto
9207,2026-07-09,113,Máquina de Lavar 12kg,Eletrodomésticos,2,2199.00,4398.00,Curitiba,PR,Cartão Débito
9208,2026-07-10,118,Esteira Elétrica,Esporte e Lazer,1,2899.00,2899.00,Rio de Janeiro,RJ,Pix
9209,2026-07-10,104,Controle Sem Fio,Games,1,349.90,349.90,São Paulo,SP,Pix
9210,2026-07-10,110,Carregador Turbo USB-C,Celulares e Acessórios,2,89.90,179.80,Belo Horizonte,MG,Boleto
9211,2026-07-10,113,Console de Videogame,Games,1,2849.05,2849.05,São Paulo,SP,Cartão Débito
9212,2026-07-10,108,Controle Sem Fio,Games,4,349.90,1399.60,Salvador,BA,Pix
9213,2026-07-10,111,Console de Videogame,Games,2,2999.00,5998.00,Fortaleza,CE,Cartão Crédito
9214,2026-07-10,116,Fone Bluetooth,Celulares e Acessórios,4,199.90,799.60,Rio de Janeiro,RJ,Cartão Crédito
9215,2026-07-10,117,Sofá 3 Lugares,Móveis,2,2399.00,4798.00,Curitiba,PR,Pix
9216,2026-07-10,107,Micro-ondas 30L,Eletrodomésticos,3,649.90,1949.70,Campinas,SP,Pix
9217,2026-07-10,118,Máquina de Lavar 12kg,Eletrodomésticos,2,2199.00,4398.00,Santos,SP,Cartão Débito
9218,2026-07-10,103,Máquina de Lavar 12kg,Eletrodomésticos,2,2199.00,4398.00,Recife,PE,Boleto
9219,2026-07-10,110,Sofá 3 Lugares,Móveis,1,2399.00,2399.00,Feira de Santana,BA,Pix
9220,2026-07-10,117,Airfryer 5L,Eletrodomésticos,2,408.40,816.80,Feira de Santana,BA,Boleto
9221,2026-07-10,110,Teclado Mecânico,Informática,4,289.90,1159.60,Belo Horizonte,MG,Pix
9222,2026-07-10,114,Bicicleta Aro 29,Esporte e Lazer,1,1529.15,1529.15,São Paulo,SP,Boleto
9223,2026-07-10,120,Kit Halteres 20kg,Esporte e Lazer,4,259.90,1039.60,Belo Horizonte,MG,Boleto
9224,2026-07-10,107,Micro-ondas 30L,Eletrodomésticos,1,649.90,649.90,Curitiba,PR,Cartão Débito
9225,2026-07-10,102,Sofá 3 Lugares,Móveis,2,2399.00,4798.00,Goiânia,GO,Cartão Débito
9226,2026-07-10,106,Teclado Mecânico,Informática,3,289.90,869.70,Fortaleza,CE,Cartão Débito
9227,2026-07-11,115,Máquina de Lavar 12kg,Eletrodomésticos,2,2089.05,4178.10,Campinas,SP,Boleto
9228,2026-07-11,107,Esteira Elétrica,Esporte e Lazer,2,2899.00,5798.00,Campinas,SP,Cartão Crédito
9229,2026-07-11,104,Carregador Turbo USB-C,Celulares e Acessórios,6,89.90,539.40,Campinas,SP,Cartão Crédito
9230,2026-07-11,106,Esteira Elétrica,Esporte e Lazer,1,2899.00,2899.00,Recife,PE,Pix
9231,2026-07-11,110,Micro-ondas 30L,Eletrodomésticos,3,552.42,1657.26,Fortaleza,CE,Boleto
9232,2026-07-11,108,Controle Sem Fio,Games,3,349.90,1049.70,São Paulo,SP,Boleto
9233,2026-07-11,118,Cadeira de Escritório,Móveis,3,629.91,1889.73,Recife,PE,Pix
9234,2026-07-11,119,Sofá 3 Lugares,Móveis,1,2399.00,2399.00,Feira de Santana,BA,Pix
9235,2026-07-11,114,Controle Sem Fio,Games,2,349.90,699.80,Uberlândia,MG,Pix
9236,2026-07-11,106,Máquina de Lavar 12kg,Eletrodomésticos,2,2199.00,4398.00,Uberlândia,MG,Cartão Débito
9237,2026-07-11,117,Kit Halteres 20kg,Esporte e Lazer,3,259.90,779.70,Recife,PE,Cartão Crédito
9238,2026-07-11,103,Notebook Core i5,Informática,1,3134.90,3134.90,Rio de Janeiro,RJ,Cartão Crédito
9239,2026-07-11,101,Jogo de Aventura,Games,1,249.90,249.90,Vitória da Conquista,BA,Pix
9240,2026-07-12,102,Console de Videogame,Games,1,2849.05,2849.05,Goiânia,GO,Pix
9241,2026-07-12,106,Smartphone 128GB,Celulares e Acessórios,3,1799.00,5397.00,Fortaleza,CE,Cartão Crédito
9242,2026-07-12,107,Monitor Full HD 24pol,Informática,2,899.90,1799.80,Salvador,BA,Cartão Débito
9243,2026-07-12,115,Monitor Full HD 24pol,Informática,1,854.90,854.90,Belo Horizonte,MG,Boleto
9244,2026-07-12,111,Console de Videogame,Games,2,2699.10,5398.20,Vitória da Conquista,BA,Pix
9245,2026-07-12,106,Mouse Sem Fio,Informática,4,79.90,319.60,Niterói,RJ,Pix
9246,2026-07-12,118,Kit Halteres 20kg,Esporte e Lazer,1,246.90,246.90,Belo Horizonte,MG,Cartão Débito
9247,2026-07-12,119,Esteira Elétrica,Esporte e Lazer,1,2899.00,2899.00,Uberlândia,MG,Cartão Débito
9248,2026-07-12,102,Máquina de Lavar 12kg,Eletrodomésticos,2,2089.05,4178.10,Recife,PE,Cartão Crédito
9249,2026-07-12,106,Monitor Full HD 24pol,Informática,1,809.91,809.91,Fortaleza,CE,Cartão Crédito
9250,2026-07-12,110,Bicicleta Aro 29,Esporte e Lazer,1,1799.00,1799.00,Brasília,DF,Cartão Crédito
9251,2026-07-12,104,Carregador Turbo USB-C,Celulares e Acessórios,1,89.90,89.90,Rio de Janeiro,RJ,Cartão Débito
9252,2026-07-12,108,Controle Sem Fio,Games,1,349.90,349.90,Brasília,DF,Pix
9253,2026-07-12,101,Geladeira Frost Free 400L,Eletrodomésticos,1,3499.00,3499.00,Belo Horizonte,MG,Pix
9254,2026-07-12,104,Carregador Turbo USB-C,Celulares e Acessórios,1,89.90,89.90,Curitiba,PR,Pix
9255,2026-07-12,116,Kit Halteres 20kg,Esporte e Lazer,3,246.90,740.70,Vitória da Conquista,BA,Pix
9256,2026-07-12,110,Geladeira Frost Free 400L,Eletrodomésticos,2,3324.05,6648.10,Campinas,SP,Pix
9257,2026-07-13,109,Fone Bluetooth,Celulares e Acessórios,3,189.90,569.70,Fortaleza,CE,Cartão Crédito
9258,2026-07-13,116,Mesa de Jantar 6 Cadeiras,Móveis,1,1709.10,1709.10,Goiânia,GO,Cartão Crédito
9259,2026-07-13,119,Fone Bluetooth,Celulares e Acessórios,4,189.90,759.60,Uberlândia,MG,Pix
9260,2026-07-13,111,Airfryer 5L,Eletrodomésticos,4,429.90,1719.60,Niterói,RJ,Cartão Débito
9261,2026-07-13,105,Airfryer 5L,Eletrodomésticos,4,429.90,1719.60,Curitiba,PR,Pix
9262,2026-07-13,119,Teclado Mecânico,Informática,1,260.91,260.91,Rio de Janeiro,RJ,Pix
9263,2026-07-13,111,Smartphone 128GB,Celulares e Acessórios,2,1709.05,3418.10,Feira de Santana,BA,Cartão Crédito
9264,2026-07-13,118,Jogo de Aventura,Games,1,249.90,249.90,Goiânia,GO,Cartão Crédito
9265,2026-07-13,119,Smartphone 128GB,Celulares e Acessórios,3,1799.00,5397.00,Recife,PE,Pix
9266,2026-07-13,104,Controle Sem Fio,Games,2,349.90,699.80,Curitiba,PR,Cartão Crédito
9267,2026-07-13,109,Controle Sem Fio,Games,2,349.90,699.80,Recife,PE,Pix
9268,2026-07-13,106,Mesa de Jantar 6 Cadeiras,Móveis,2,1614.15,3228.30,Salvador,BA,Cartão Crédito
9269,2026-07-13,113,Sofá 3 Lugares,Móveis,2,2159.10,4318.20,Brasília,DF,Cartão Débito
9270,2026-07-13,116,Mesa de Jantar 6 Cadeiras,Móveis,1,1804.05,1804.05,Vitória da Conquista,BA,Cartão Crédito
9271,2026-07-13,106,Fone Bluetooth,Celulares e Acessórios,3,179.91,539.73,Salvador,BA,Cartão Crédito
9272,2026-07-13,115,Mesa de Jantar 6 Cadeiras,Móveis,1,1899.00,1899.00,Vitória da Conquista,BA,Boleto
9273,2026-07-13,112,Fone Bluetooth,Celulares e Acessórios,3,199.90,599.70,Belo Horizonte,MG,Boleto
9274,2026-07-13,107,Micro-ondas 30L,Eletrodomésticos,3,617.40,1852.20,São Paulo,SP,Pix
9275,2026-07-13,106,Cadeira de Escritório,Móveis,1,699.90,699.90,Recife,PE,Cartão Crédito
9276,2026-07-14,117,Máquina de Lavar 12kg,Eletrodomésticos,2,2199.00,4398.00,Curitiba,PR,Cartão Crédito
9277,2026-07-14,113,Carregador Turbo USB-C,Celulares e Acessórios,3,76.42,229.26,Porto Alegre,RS,Pix
9278,2026-07-14,116,Mouse Sem Fio,Informática,6,79.90,479.40,Vitória da Conquista,BA,Pix
9279,2026-07-14,113,Console de Videogame,Games,2,2999.00,5998.00,Vitória da Conquista,BA,Cartão Débito
9280,2026-07-14,107,Controle Sem Fio,Games,1,332.40,332.40,Rio de Janeiro,RJ,Boleto
9281,2026-07-14,102,Console de Videogame,Games,1,2849.05,2849.05,Curitiba,PR,Cartão Débito
9282,2026-07-14,118,Sofá 3 Lugares,Móveis,2,2399.00,4798.00,Campinas,SP,Pix
9283,2026-07-14,117,Console de Videogame,Games,2,2849.05,5698.10,Niterói,RJ,Boleto
9284,2026-07-14,118,Teclado Mecânico,Informática,4,289.90,1159.60,Recife,PE,Boleto
9285,2026-07-14,104,Fone Bluetooth,Celulares e Acessórios,3,189.90,569.70,Belo Horizonte,MG,Boleto
9286,2026-07-14,113,Teclado Mecânico,Informática,1,289.90,289.90,Salvador,BA,Cartão Crédito
9287,2026-07-14,107,Máquina de Lavar 12kg,Eletrodomésticos,1,2199.00,2199.00,Salvador,BA,Pix
9288,2026-07-14,116,Controle Sem Fio,Games,2,349.90,699.80,Rio de Janeiro,RJ,Cartão Débito
9289,2026-07-14,111,Console de Videogame,Games,2,2999.00,5998.00,São Paulo,SP,Cartão Débito
9290,2026-07-14,107,Cadeira de Escritório,Móveis,3,699.90,2099.70,Recife,PE,Cartão Débito
9291,2026-07-14,101,Notebook Core i5,Informática,2,3134.90,6269.80,Porto Alegre,RS,Cartão Crédito
9292,2026-07-14,117,Micro-ondas 30L,Eletrodomésticos,2,649.90,1299.80,Salvador,BA,Cartão Crédito
9293,2026-07-14,108,Geladeira Frost Free 400L,Eletrodomésticos,2,3499.00,6998.00,Fortaleza,CE,Cartão Débito
9294,2026-07-14,115,Monitor Full HD 24pol,Informática,1,899.90,899.90,Salvador,BA,Cartão Crédito
9295,2026-07-14,101,Mouse Sem Fio,Informática,6,75.90,455.40,Vitória da Conquista,BA,Pix
9296,2026-07-14,115,Cadeira de Escritório,Móveis,4,699.90,2799.60,Goiânia,GO,Boleto
9297,2026-07-15,117,Micro-ondas 30L,Eletrodomésticos,3,649.90,1949.70,São Paulo,SP,Cartão Débito
9298,2026-07-15,110,Esteira Elétrica,Esporte e Lazer,2,2899.00,5798.00,Rio de Janeiro,RJ,Pix
9299,2026-07-15,117,Smartphone 128GB,Celulares e Acessórios,2,1619.10,3238.20,Santos,SP,Cartão Débito
9300,2026-07-15,118,Máquina de Lavar 12kg,Eletrodomésticos,1,2199.00,2199.00,Salvador,BA,Pix
9301,2026-07-15,103,Micro-ondas 30L,Eletrodomésticos,3,649.90,1949.70,São Paulo,SP,Cartão Crédito
9302,2026-07-15,105,Carregador Turbo USB-C,Celulares e Acessórios,4,89.90,359.60,Goiânia,GO,Boleto
9303,2026-07-15,102,Notebook Core i5,Informática,1,3299.90,3299.90,Belo Horizonte,MG,Boleto
9304,2026-07-15,110,Geladeira Frost Free 400L,Eletrodomésticos,1,3499.00,3499.00,Rio de Janeiro,RJ,Cartão Débito
9305,2026-07-15,114,Sofá 3 Lugares,Móveis,2,2399.00,4798.00,Vitória da Conquista,BA,Pix
9306,2026-07-15,116,Geladeira Frost Free 400L,Eletrodomésticos,2,3499.00,6998.00,Curitiba,PR,Pix
9307,2026-07-15,105,Console de Videogame,Games,1,2999.00,2999.00,Salvador,BA,Pix
9308,2026-07-15,118,Teclado Mecânico,Informática,2,289.90,579.80,Recife,PE,Pix
9309,2026-07-15,109,Carregador Turbo USB-C,Celulares e Acessórios,2,76.42,152.84,Recife,PE,Boleto
9310,2026-07-15,103,Cadeira de Escritório,Móveis,1,699.90,699.90,Salvador,BA,Boleto
9311,2026-07-15,108,Teclado Mecânico,Informática,2,289.90,579.80,Belo Horizonte,MG,Boleto
9312,2026-07-15,109,Sofá 3 Lugares,Móveis,2,2159.10,4318.20,Feira de Santana,BA,Cartão Crédito
9313,2026-07-15,107,Cadeira de Escritório,Móveis,1,699.90,699.90,Niterói,RJ,Cartão Débito
9314,2026-07-15,107,Mesa de Jantar 6 Cadeiras,Móveis,2,1899.00,3798.00,Porto Alegre,RS,Pix
9315,2026-07-15,108,Kit Halteres 20kg,Esporte e Lazer,3,259.90,779.70,Salvador,BA,Cartão Débito
9316,2026-07-16,118,Carregador Turbo USB-C,Celulares e Acessórios,2,89.90,179.80,Niterói,RJ,Cartão Crédito
9317,2026-07-16,118,Kit Halteres 20kg,Esporte e Lazer,2,233.91,467.82,Belo Horizonte,MG,Cartão Crédito
9318,2026-07-16,103,Notebook Core i5,Informática,1,3299.90,3299.90,Rio de Janeiro,RJ,Boleto
9319,2026-07-16,106,Carregador Turbo USB-C,Celulares e Acessórios,1,89.90,89.90,Recife,PE,Cartão Débito
9320,2026-07-16,115,Kit Halteres 20kg,Esporte e Lazer,4,220.92,883.68,São Paulo,SP,Cartão Débito
9321,2026-07-16,112,Airfryer 5L,Eletrodomésticos,2,429.90,859.80,São Paulo,SP,Pix
9322,2026-07-16,101,Teclado Mecânico,Informática,4,246.42,985.68,Fortaleza,CE,Cartão Débito
9323,2026-07-16,101,Sofá 3 Lugares,Móveis,2,2399.00,4798.00,Porto Alegre,RS,Pix
9324,2026-07-16,109,Notebook Core i5,Informática,2,3299.90,6599.80,Niterói,RJ,Pix
9325,2026-07-16,114,Smartphone 128GB,Celulares e Acessórios,3,1799.00,5397.00,São Paulo,SP,Cartão Débito
9326,2026-07-16,111,Fone Bluetooth,Celulares e Acessórios,2,179.91,359.82,São Paulo,SP,Cartão Crédito
9327,2026-07-16,111,Fone Bluetooth,Celulares e Acessórios,1,179.91,179.91,Porto Alegre,RS,Cartão Débito
9328,2026-07-16,116,Geladeira Frost Free 400L,Eletrodomésticos,1,3499.00,3499.00,Brasília,DF,Pix
9329,2026-07-16,111,Fone Bluetooth,Celulares e Acessórios,4,169.92,679.68,Campinas,SP,Boleto
9330,2026-07-16,108,Micro-ondas 30L,Eletrodomésticos,1,649.90,649.90,Curitiba,PR,Cartão Crédito
9331,2026-07-16,117,Notebook Core i5,Informática,1,3299.90,3299.90,Brasília,DF,Cartão Crédito
9332,2026-07-16,105,Smartphone 128GB,Celulares e Acessórios,1,1799.00,1799.00,Recife,PE,Pix
9333,2026-07-16,116,Carregador Turbo USB-C,Celulares e Acessórios,1,89.90,89.90,Brasília,DF,Cartão Crédito
9334,2026-07-16,118,Jogo de Aventura,Games,5,249.90,1249.50,Santos,SP,Pix
9335,2026-07-16,114,Esteira Elétrica,Esporte e Lazer,1,2899.00,2899.00,Rio de Janeiro,RJ,Cartão Débito
9336,2026-07-17,108,Console de Videogame,Games,2,2999.00,5998.00,Porto Alegre,RS,Cartão Crédito
9337,2026-07-17,109,Esteira Elétrica,Esporte e Lazer,2,2754.05,5508.10,Recife,PE,Boleto
9338,2026-07-17,109,Máquina de Lavar 12kg,Eletrodomésticos,2,1869.15,3738.30,Belo Horizonte,MG,Cartão Crédito
9339,2026-07-17,111,Airfryer 5L,Eletrodomésticos,2,429.90,859.80,Belo Horizonte,MG,Pix
9340,2026-07-17,120,Airfryer 5L,Eletrodomésticos,1,429.90,429.90,São Paulo,SP,Cartão Crédito
9341,2026-07-17,114,Mouse Sem Fio,Informática,6,79.90,479.40,Goiânia,GO,Boleto
9342,2026-07-17,111,Console de Videogame,Games,2,2999.00,5998.00,Goiânia,GO,Pix
9343,2026-07-17,116,Sofá 3 Lugares,Móveis,1,2399.00,2399.00,Vitória da Conquista,BA,Cartão Débito
9344,2026-07-17,104,Notebook Core i5,Informática,1,3299.90,3299.90,Santos,SP,Boleto
9345,2026-07-17,109,Jogo de Aventura,Games,3,249.90,749.70,Brasília,DF,Pix
9346,2026-07-17,119,Máquina de Lavar 12kg,Eletrodomésticos,2,2199.00,4398.00,Brasília,DF,Cartão Crédito
9347,2026-07-17,102,Kit Halteres 20kg,Esporte e Lazer,1,246.90,246.90,São Paulo,SP,Cartão Crédito
9348,2026-07-17,110,Console de Videogame,Games,1,2849.05,2849.05,Vitória da Conquista,BA,Cartão Crédito
9349,2026-07-17,109,Esteira Elétrica,Esporte e Lazer,2,2899.00,5798.00,Rio de Janeiro,RJ,Cartão Crédito
9350,2026-07-17,103,Jogo de Aventura,Games,4,249.90,999.60,Curitiba,PR,Cartão Crédito
9351,2026-07-17,103,Carregador Turbo USB-C,Celulares e Acessórios,4,89.90,359.60,Porto Alegre,RS,Cartão Crédito
9352,2026-07-17,102,Micro-ondas 30L,Eletrodomésticos,1,649.90,649.90,São Paulo,SP,Pix
9353,2026-07-18,104,Smartphone 128GB,Celulares e Acessórios,2,1709.05,3418.10,Brasília,DF,Cartão Crédito
9354,2026-07-18,107,Máquina de Lavar 12kg,Eletrodomésticos,2,2199.00,4398.00,Curitiba,PR,Cartão Crédito
9355,2026-07-18,102,Sofá 3 Lugares,Móveis,1,2399.00,2399.00,Campinas,SP,Boleto
9356,2026-07-18,117,Sofá 3 Lugares,Móveis,2,2399.00,4798.00,Brasília,DF,Boleto
9357,2026-07-18,110,Console de Videogame,Games,2,2999.00,5998.00,Salvador,BA,Cartão Crédito
9358,2026-07-18,105,Airfryer 5L,Eletrodomésticos,2,429.90,859.80,Salvador,BA,Cartão Débito
9359,2026-07-18,106,Mouse Sem Fio,Informática,4,79.90,319.60,Uberlândia,MG,Pix
9360,2026-07-18,107,Jogo de Aventura,Games,3,249.90,749.70,Rio de Janeiro,RJ,Cartão Crédito
9361,2026-07-18,110,Máquina de Lavar 12kg,Eletrodomésticos,2,2199.00,4398.00,Feira de Santana,BA,Cartão Crédito
9362,2026-07-18,109,Cadeira de Escritório,Móveis,1,699.90,699.90,Fortaleza,CE,Cartão Débito
9363,2026-07-18,117,Carregador Turbo USB-C,Celulares e Acessórios,3,85.40,256.20,Fortaleza,CE,Cartão Crédito
9364,2026-07-18,101,Notebook Core i5,Informática,1,3299.90,3299.90,Brasília,DF,Cartão Crédito
9365,2026-07-18,118,Cadeira de Escritório,Móveis,2,699.90,1399.80,Salvador,BA,Cartão Crédito
9366,2026-07-18,108,Micro-ondas 30L,Eletrodomésticos,2,649.90,1299.80,Rio de Janeiro,RJ,Cartão Crédito
9367,2026-07-18,115,Jogo de Aventura,Games,4,237.40,949.60,Salvador,BA,Boleto
9368,2026-07-18,101,Mouse Sem Fio,Informática,1,71.91,71.91,Campinas,SP,Pix
9369,2026-07-18,108,Máquina de Lavar 12kg,Eletrodomésticos,1,2199.00,2199.00,Rio de Janeiro,RJ,Cartão Crédito
9370,2026-07-18,120,Carregador Turbo USB-C,Celulares e Acessórios,2,80.91,161.82,Recife,PE,Cartão Crédito
9371,2026-07-18,116,Monitor Full HD 24pol,Informática,1,899.90,899.90,São Paulo,SP,Cartão Débito
9372,2026-07-18,104,Airfryer 5L,Eletrodomésticos,4,429.90,1719.60,Curitiba,PR,Cartão Débito
9373,2026-07-18,109,Monitor Full HD 24pol,Informática,3,899.90,2699.70,Campinas,SP,Cartão Débito
9374,2026-07-19,107,Console de Videogame,Games,2,2549.15,5098.30,São Paulo,SP,Cartão Crédito
9375,2026-07-19,108,Controle Sem Fio,Games,1,349.90,349.90,São Paulo,SP,Cartão Débito
9376,2026-07-19,113,Mouse Sem Fio,Informática,6,79.90,479.40,São Paulo,SP,Cartão Débito
9377,2026-07-19,120,Teclado Mecânico,Informática,4,289.90,1159.60,Porto Alegre,RS,Pix
9378,2026-07-19,119,Fone Bluetooth,Celulares e Acessórios,1,199.90,199.90,Salvador,BA,Pix
9379,2026-07-19,103,Jogo de Aventura,Games,5,249.90,1249.50,Vitória da Conquista,BA,Cartão Débito
9380,2026-07-19,111,Controle Sem Fio,Games,3,349.90,1049.70,Porto Alegre,RS,Boleto
9381,2026-07-19,106,Smartphone 128GB,Celulares e Acessórios,2,1799.00,3598.00,Santos,SP,Pix
9382,2026-07-19,110,Teclado Mecânico,Informática,4,289.90,1159.60,Niterói,RJ,Cartão Débito
9383,2026-07-19,120,Teclado Mecânico,Informática,4,289.90,1159.60,Uberlândia,MG,Cartão Débito
9384,2026-07-19,104,Carregador Turbo USB-C,Celulares e Acessórios,2,89.90,179.80,Vitória da Conquista,BA,Boleto
9385,2026-07-19,101,Airfryer 5L,Eletrodomésticos,2,429.90,859.80,Goiânia,GO,Cartão Débito
9386,2026-07-19,119,Geladeira Frost Free 400L,Eletrodomésticos,1,3499.00,3499.00,Belo Horizonte,MG,Pix
9387,2026-07-19,116,Teclado Mecânico,Informática,4,289.90,1159.60,Belo Horizonte,MG,Cartão Débito
9388,2026-07-19,102,Smartphone 128GB,Celulares e Acessórios,1,1799.00,1799.00,Goiânia,GO,Cartão Crédito
9389,2026-07-19,105,Carregador Turbo USB-C,Celulares e Acessórios,5,85.40,427.00,Curitiba,PR,Boleto
9390,2026-07-19,107,Bicicleta Aro 29,Esporte e Lazer,2,1799.00,3598.00,Curitiba,PR,Boleto
9391,2026-07-20,105,Smartphone 128GB,Celulares e Acessórios,2,1799.00,3598.00,Goiânia,GO,Boleto
9392,2026-07-20,114,Sofá 3 Lugares,Móveis,2,2279.05,4558.10,Brasília,DF,Cartão Crédito
9393,2026-07-20,112,Smartphone 128GB,Celulares e Acessórios,1,1799.00,1799.00,Fortaleza,CE,Cartão Débito
9394,2026-07-20,111,Geladeira Frost Free 400L,Eletrodomésticos,1,3499.00,3499.00,Salvador,BA,Cartão Crédito
9395,2026-07-20,118,Micro-ondas 30L,Eletrodomésticos,3,649.90,1949.70,Uberlândia,MG,Boleto
9396,2026-07-20,106,Teclado Mecânico,Informática,2,289.90,579.80,Belo Horizonte,MG,Cartão Crédito
9397,2026-07-20,120,Monitor Full HD 24pol,Informática,3,899.90,2699.70,Goiânia,GO,Pix
9398,2026-07-20,106,Esteira Elétrica,Esporte e Lazer,1,2899.00,2899.00,São Paulo,SP,Boleto
9399,2026-07-20,116,Monitor Full HD 24pol,Informática,3,899.90,2699.70,Recife,PE,Cartão Crédito
9400,2026-07-20,102,Notebook Core i5,Informática,2,3299.90,6599.80,Fortaleza,CE,Cartão Crédito
9401,2026-07-20,116,Notebook Core i5,Informática,1,3299.90,3299.90,Recife,PE,Pix
9402,2026-07-20,111,Cadeira de Escritório,Móveis,4,664.90,2659.60,Santos,SP,Boleto
9403,2026-07-21,114,Esteira Elétrica,Esporte e Lazer,1,2899.00,2899.00,Niterói,RJ,Cartão Crédito
9404,2026-07-21,111,Geladeira Frost Free 400L,Eletrodomésticos,1,2974.15,2974.15,Curitiba,PR,Pix
9405,2026-07-21,118,Jogo de Aventura,Games,5,249.90,1249.50,Vitória da Conquista,BA,Cartão Débito
9406,2026-07-21,112,Console de Videogame,Games,2,2999.00,5998.00,Feira de Santana,BA,Boleto
9407,2026-07-21,117,Esteira Elétrica,Esporte e Lazer,1,2899.00,2899.00,Uberlândia,MG,Pix
9408,2026-07-21,114,Mesa de Jantar 6 Cadeiras,Móveis,2,1709.10,3418.20,Goiânia,GO,Cartão Débito
9409,2026-07-21,115,Airfryer 5L,Eletrodomésticos,3,429.90,1289.70,Belo Horizonte,MG,Cartão Débito
9410,2026-07-21,119,Geladeira Frost Free 400L,Eletrodomésticos,1,3499.00,3499.00,Belo Horizonte,MG,Boleto
9411,2026-07-21,112,Smartphone 128GB,Celulares e Acessórios,2,1799.00,3598.00,Niterói,RJ,Boleto
9412,2026-07-21,117,Micro-ondas 30L,Eletrodomésticos,1,649.90,649.90,Vitória da Conquista,BA,Boleto
9413,2026-07-21,117,Máquina de Lavar 12kg,Eletrodomésticos,2,2199.00,4398.00,Campinas,SP,Cartão Débito
9414,2026-07-21,118,Kit Halteres 20kg,Esporte e Lazer,4,259.90,1039.60,Niterói,RJ,Cartão Crédito
9415,2026-07-21,114,Smartphone 128GB,Celulares e Acessórios,3,1709.05,5127.15,Salvador,BA,Cartão Débito
9416,2026-07-22,107,Máquina de Lavar 12kg,Eletrodomésticos,1,2089.05,2089.05,Santos,SP,Pix
9417,2026-07-22,120,Esteira Elétrica,Esporte e Lazer,2,2899.00,5798.00,São Paulo,SP,Cartão Débito
9418,2026-07-22,112,Smartphone 128GB,Celulares e Acessórios,2,1799.00,3598.00,Rio de Janeiro,RJ,Pix
9419,2026-07-22,107,Bicicleta Aro 29,Esporte e Lazer,1,1799.00,1799.00,São Paulo,SP,Pix
9420,2026-07-22,112,Bicicleta Aro 29,Esporte e Lazer,2,1709.05,3418.10,Curitiba,PR,Cartão Crédito
9421,2026-07-22,120,Controle Sem Fio,Games,3,314.91,944.73,Rio de Janeiro,RJ,Boleto
9422,2026-07-22,109,Smartphone 128GB,Celulares e Acessórios,1,1799.00,1799.00,São Paulo,SP,Pix
9423,2026-07-22,108,Teclado Mecânico,Informática,3,289.90,869.70,Feira de Santana,BA,Pix
9424,2026-07-22,116,Fone Bluetooth,Celulares e Acessórios,4,199.90,799.60,São Paulo,SP,Cartão Crédito
9425,2026-07-22,113,Console de Videogame,Games,2,2999.00,5998.00,Brasília,DF,Boleto
9426,2026-07-22,104,Teclado Mecânico,Informática,4,260.91,1043.64,São Paulo,SP,Boleto
9427,2026-07-22,110,Monitor Full HD 24pol,Informática,1,899.90,899.90,Curitiba,PR,Cartão Crédito
9428,2026-07-22,102,Geladeira Frost Free 400L,Eletrodomésticos,2,3499.00,6998.00,Campinas,SP,Cartão Débito
9429,2026-07-22,115,Sofá 3 Lugares,Móveis,1,2039.15,2039.15,Fortaleza,CE,Boleto
9430,2026-07-22,106,Jogo de Aventura,Games,5,249.90,1249.50,Belo Horizonte,MG,Cartão Débito
9431,2026-07-22,105,Sofá 3 Lugares,Móveis,1,2399.00,2399.00,Brasília,DF,Pix
9432,2026-07-22,107,Micro-ondas 30L,Eletrodomésticos,1,617.40,617.40,Feira de Santana,BA,Pix
9433,2026-07-22,106,Controle Sem Fio,Games,3,349.90,1049.70,Curitiba,PR,Cartão Crédito
9434,2026-07-23,105,Carregador Turbo USB-C,Celulares e Acessórios,1,89.90,89.90,Uberlândia,MG,Cartão Crédito
9435,2026-07-23,107,Airfryer 5L,Eletrodomésticos,3,429.90,1289.70,São Paulo,SP,Cartão Crédito
9436,2026-07-23,111,Monitor Full HD 24pol,Informática,2,899.90,1799.80,Niterói,RJ,Pix
9437,2026-07-23,102,Teclado Mecânico,Informática,3,289.90,869.70,Fortaleza,CE,Cartão Débito
9438,2026-07-23,115,Controle Sem Fio,Games,3,349.90,1049.70,São Paulo,SP,Cartão Crédito
9439,2026-07-23,116,Monitor Full HD 24pol,Informática,1,764.92,764.92,Goiânia,GO,Pix
9440,2026-07-23,106,Controle Sem Fio,Games,1,349.90,349.90,Brasília,DF,Cartão Crédito
9441,2026-07-23,101,Cadeira de Escritório,Móveis,4,699.90,2799.60,Curitiba,PR,Pix
9442,2026-07-23,114,Jogo de Aventura,Games,2,249.90,499.80,São Paulo,SP,Pix
9443,2026-07-23,115,Esteira Elétrica,Esporte e Lazer,1,2899.00,2899.00,Belo Horizonte,MG,Pix
9444,2026-07-23,101,Console de Videogame,Games,1,2999.00,2999.00,Santos,SP,Cartão Débito
9445,2026-07-23,109,Smartphone 128GB,Celulares e Acessórios,2,1529.15,3058.30,Santos,SP,Cartão Débito
9446,2026-07-23,113,Controle Sem Fio,Games,3,349.90,1049.70,Fortaleza,CE,Cartão Débito
9447,2026-07-23,102,Máquina de Lavar 12kg,Eletrodomésticos,2,2199.00,4398.00,Fortaleza,CE,Pix
9448,2026-07-24,119,Teclado Mecânico,Informática,4,289.90,1159.60,Niterói,RJ,Cartão Débito
9449,2026-07-24,107,Cadeira de Escritório,Móveis,1,699.90,699.90,Belo Horizonte,MG,Pix
9450,2026-07-24,113,Micro-ondas 30L,Eletrodomésticos,1,649.90,649.90,Brasília,DF,Cartão Crédito
9451,2026-07-24,114,Airfryer 5L,Eletrodomésticos,2,429.90,859.80,Curitiba,PR,Cartão Débito
9452,2026-07-24,119,Carregador Turbo USB-C,Celulares e Acessórios,2,89.90,179.80,Salvador,BA,Pix
9453,2026-07-24,101,Esteira Elétrica,Esporte e Lazer,1,2899.00,2899.00,Feira de Santana,BA,Pix
9454,2026-07-24,110,Teclado Mecânico,Informática,4,289.90,1159.60,Porto Alegre,RS,Cartão Crédito
9455,2026-07-24,118,Bicicleta Aro 29,Esporte e Lazer,2,1619.10,3238.20,Santos,SP,Cartão Débito
9456,2026-07-24,104,Esteira Elétrica,Esporte e Lazer,2,2899.00,5798.00,São Paulo,SP,Cartão Débito
9457,2026-07-24,113,Controle Sem Fio,Games,3,349.90,1049.70,Vitória da Conquista,BA,Cartão Débito
9458,2026-07-24,106,Fone Bluetooth,Celulares e Acessórios,1,189.90,189.90,Rio de Janeiro,RJ,Pix
9459,2026-07-24,105,Mouse Sem Fio,Informática,5,75.90,379.50,Porto Alegre,RS,Pix
9460,2026-07-24,108,Máquina de Lavar 12kg,Eletrodomésticos,1,2089.05,2089.05,Brasília,DF,Pix
9461,2026-07-24,119,Monitor Full HD 24pol,Informática,3,899.90,2699.70,Porto Alegre,RS,Pix
9462,2026-07-24,114,Teclado Mecânico,Informática,3,289.90,869.70,Rio de Janeiro,RJ,Cartão Débito
9463,2026-07-25,118,Bicicleta Aro 29,Esporte e Lazer,1,1529.15,1529.15,Vitória da Conquista,BA,Cartão Crédito
9464,2026-07-25,120,Console de Videogame,Games,2,2999.00,5998.00,Recife,PE,Cartão Crédito
9465,2026-07-25,114,Cadeira de Escritório,Móveis,1,699.90,699.90,Fortaleza,CE,Cartão Débito
9466,2026-07-25,104,Micro-ondas 30L,Eletrodomésticos,1,649.90,649.90,Uberlândia,MG,Cartão Crédito
9467,2026-07-25,117,Monitor Full HD 24pol,Informática,3,899.90,2699.70,Recife,PE,Pix
9468,2026-07-25,117,Cadeira de Escritório,Móveis,2,594.92,1189.84,Brasília,DF,Boleto
9469,2026-07-25,117,Sofá 3 Lugares,Móveis,2,2399.00,4798.00,Salvador,BA,Pix
9470,2026-07-25,101,Esteira Elétrica,Esporte e Lazer,2,2899.00,5798.00,Salvador,BA,Cartão Crédito
9471,2026-07-26,120,Mouse Sem Fio,Informática,2,75.90,151.80,Porto Alegre,RS,Cartão Crédito
9472,2026-07-26,108,Carregador Turbo USB-C,Celulares e Acessórios,5,89.90,449.50,Rio de Janeiro,RJ,Cartão Crédito
9473,2026-07-26,102,Mouse Sem Fio,Informática,3,79.90,239.70,Goiânia,GO,Boleto
9474,2026-07-26,117,Notebook Core i5,Informática,2,3299.90,6599.80,Feira de Santana,BA,Cartão Crédito
9475,2026-07-26,117,Esteira Elétrica,Esporte e Lazer,2,2609.10,5218.20,Fortaleza,CE,Pix
9476,2026-07-26,104,Sofá 3 Lugares,Móveis,1,2399.00,2399.00,São Paulo,SP,Cartão Crédito
9477,2026-07-26,104,Fone Bluetooth,Celulares e Acessórios,3,199.90,599.70,Recife,PE,Pix
9478,2026-07-26,102,Máquina de Lavar 12kg,Eletrodomésticos,1,2199.00,2199.00,São Paulo,SP,Cartão Crédito
9479,2026-07-26,107,Carregador Turbo USB-C,Celulares e Acessórios,3,89.90,269.70,Fortaleza,CE,Boleto
9480,2026-07-26,110,Micro-ondas 30L,Eletrodomésticos,1,649.90,649.90,Brasília,DF,Cartão Crédito
9481,2026-07-26,118,Notebook Core i5,Informática,1,3134.90,3134.90,Santos,SP,Pix
9482,2026-07-26,103,Máquina de Lavar 12kg,Eletrodomésticos,2,2199.00,4398.00,Porto Alegre,RS,Boleto
9483,2026-07-26,118,Smartphone 128GB,Celulares e Acessórios,3,1709.05,5127.15,Brasília,DF,Cartão Débito
9484,2026-07-26,120,Carregador Turbo USB-C,Celulares e Acessórios,5,89.90,449.50,Salvador,BA,Pix
9485,2026-07-27,110,Mouse Sem Fio,Informática,4,75.90,303.60,Porto Alegre,RS,Pix
9486,2026-07-27,108,Mesa de Jantar 6 Cadeiras,Móveis,2,1899.00,3798.00,Uberlândia,MG,Pix
9487,2026-07-27,101,Controle Sem Fio,Games,3,332.40,997.20,Feira de Santana,BA,Cartão Crédito
9488,2026-07-27,116,Esteira Elétrica,Esporte e Lazer,2,2754.05,5508.10,Curitiba,PR,Boleto
9489,2026-07-27,119,Geladeira Frost Free 400L,Eletrodomésticos,1,3499.00,3499.00,Uberlândia,MG,Cartão Débito
9490,2026-07-27,102,Mouse Sem Fio,Informática,5,79.90,399.50,Niterói,RJ,Cartão Débito
9491,2026-07-27,111,Bicicleta Aro 29,Esporte e Lazer,1,1709.05,1709.05,Rio de Janeiro,RJ,Pix
9492,2026-07-27,101,Esteira Elétrica,Esporte e Lazer,1,2754.05,2754.05,Rio de Janeiro,RJ,Cartão Crédito
9493,2026-07-27,108,Carregador Turbo USB-C,Celulares e Acessórios,5,80.91,404.55,Fortaleza,CE,Boleto
9494,2026-07-27,112,Kit Halteres 20kg,Esporte e Lazer,2,259.90,519.80,Salvador,BA,Cartão Débito
9495,2026-07-27,103,Geladeira Frost Free 400L,Eletrodomésticos,1,3499.00,3499.00,Brasília,DF,Pix
9496,2026-07-27,117,Monitor Full HD 24pol,Informática,3,899.90,2699.70,Porto Alegre,RS,Cartão Crédito
9497,2026-07-27,108,Geladeira Frost Free 400L,Eletrodomésticos,1,3499.00,3499.00,São Paulo,SP,Cartão Crédito
9498,2026-07-27,110,Kit Halteres 20kg,Esporte e Lazer,1,259.90,259.90,Recife,PE,Pix
9499,2026-07-27,120,Teclado Mecânico,Informática,2,289.90,579.80,Curitiba,PR,Pix
9500,2026-07-27,104,Teclado Mecânico,Informática,3,289.90,869.70,Uberlândia,MG,Cartão Débito
9501,2026-07-27,101,Máquina de Lavar 12kg,Eletrodomésticos,2,1979.10,3958.20,Goiânia,GO,Pix
9502,2026-07-27,115,Smartphone 128GB,Celulares e Acessórios,2,1799.00,3598.00,Belo Horizonte,MG,Cartão Débito
9503,2026-07-28,117,Console de Videogame,Games,2,2999.00,5998.00,Uberlândia,MG,Pix
9504,2026-07-28,120,Máquina de Lavar 12kg,Eletrodomésticos,2,2089.05,4178.10,Belo Horizonte,MG,Pix
9505,2026-07-28,112,Airfryer 5L,Eletrodomésticos,3,408.40,1225.20,Niterói,RJ,Cartão Débito
9506,2026-07-28,106,Airfryer 5L,Eletrodomésticos,1,365.42,365.42,Vitória da Conquista,BA,Pix
9507,2026-07-28,113,Mesa de Jantar 6 Cadeiras,Móveis,2,1899.00,3798.00,Brasília,DF,Pix
9508,2026-07-28,115,Console de Videogame,Games,2,2999.00,5998.00,Fortaleza,CE,Cartão Crédito
9509,2026-07-28,108,Kit Halteres 20kg,Esporte e Lazer,2,259.90,519.80,Santos,SP,Cartão Crédito
9510,2026-07-28,120,Sofá 3 Lugares,Móveis,1,2399.00,2399.00,Salvador,BA,Boleto
9511,2026-07-28,113,Airfryer 5L,Eletrodomésticos,3,408.40,1225.20,Santos,SP,Cartão Crédito
9512,2026-07-28,113,Sofá 3 Lugares,Móveis,1,2399.00,2399.00,Santos,SP,Cartão Débito
9513,2026-07-29,116,Geladeira Frost Free 400L,Eletrodomésticos,1,3499.00,3499.00,Salvador,BA,Boleto
9514,2026-07-29,104,Jogo de Aventura,Games,4,237.40,949.60,Niterói,RJ,Pix
9515,2026-07-29,111,Notebook Core i5,Informática,2,3299.90,6599.80,Belo Horizonte,MG,Cartão Débito
9516,2026-07-29,119,Máquina de Lavar 12kg,Eletrodomésticos,2,2199.00,4398.00,Vitória da Conquista,BA,Boleto
9517,2026-07-29,118,Notebook Core i5,Informática,2,3299.90,6599.80,Campinas,SP,Cartão Crédito
9518,2026-07-29,110,Kit Halteres 20kg,Esporte e Lazer,2,259.90,519.80,Salvador,BA,Pix
9519,2026-07-29,109,Máquina de Lavar 12kg,Eletrodomésticos,1,2199.00,2199.00,Fortaleza,CE,Pix
9520,2026-07-29,118,Monitor Full HD 24pol,Informática,1,899.90,899.90,Belo Horizonte,MG,Pix
9521,2026-07-29,105,Console de Videogame,Games,1,2999.00,2999.00,Brasília,DF,Cartão Crédito
9522,2026-07-29,107,Sofá 3 Lugares,Móveis,2,2039.15,4078.30,Feira de Santana,BA,Pix
9523,2026-07-29,110,Notebook Core i5,Informática,2,3299.90,6599.80,Recife,PE,Pix
9524,2026-07-30,109,Máquina de Lavar 12kg,Eletrodomésticos,1,2089.05,2089.05,São Paulo,SP,Cartão Débito
9525,2026-07-30,116,Esteira Elétrica,Esporte e Lazer,1,2899.00,2899.00,Porto Alegre,RS,Boleto
9526,2026-07-30,113,Jogo de Aventura,Games,5,249.90,1249.50,Rio de Janeiro,RJ,Cartão Crédito
9527,2026-07-30,118,Kit Halteres 20kg,Esporte e Lazer,2,259.90,519.80,Porto Alegre,RS,Cartão Débito
9528,2026-07-30,109,Notebook Core i5,Informática,1,3299.90,3299.90,Niterói,RJ,Pix
9529,2026-07-30,116,Teclado Mecânico,Informática,2,289.90,579.80,Rio de Janeiro,RJ,Pix
9530,2026-07-30,114,Fone Bluetooth,Celulares e Acessórios,5,199.90,999.50,Brasília,DF,Pix
9531,2026-07-30,112,Controle Sem Fio,Games,3,349.90,1049.70,Niterói,RJ,Cartão Crédito
9532,2026-07-30,103,Máquina de Lavar 12kg,Eletrodomésticos,2,2199.00,4398.00,Feira de Santana,BA,Cartão Débito
9533,2026-07-30,111,Carregador Turbo USB-C,Celulares e Acessórios,2,85.40,170.80,Belo Horizonte,MG,Cartão Crédito
9534,2026-07-30,103,Notebook Core i5,Informática,1,3299.90,3299.90,Brasília,DF,Pix
9535,2026-07-30,109,Monitor Full HD 24pol,Informática,3,899.90,2699.70,Vitória da Conquista,BA,Boleto
9536,2026-07-30,106,Jogo de Aventura,Games,1,237.40,237.40,São Paulo,SP,Pix
9537,2026-07-30,103,Jogo de Aventura,Games,2,249.90,499.80,Brasília,DF,Boleto
9538,2026-07-30,104,Kit Halteres 20kg,Esporte e Lazer,4,259.90,1039.60,Vitória da Conquista,BA,Pix
9539,2026-07-30,112,Notebook Core i5,Informática,2,3299.90,6599.80,São Paulo,SP,Boleto
9540,2026-07-30,102,Micro-ondas 30L,Eletrodomésticos,1,649.90,649.90,São Paulo,SP,Pix
9541,2026-07-30,107,Geladeira Frost Free 400L,Eletrodomésticos,1,3149.10,3149.10,Rio de Janeiro,RJ,Cartão Crédito
9542,2026-07-31,114,Mouse Sem Fio,Informática,3,71.91,215.73,Campinas,SP,Cartão Crédito
9543,2026-07-31,115,Jogo de Aventura,Games,1,249.90,249.90,Porto Alegre,RS,Pix
9544,2026-07-31,119,Mouse Sem Fio,Informática,2,75.90,151.80,Curitiba,PR,Cartão Crédito
9545,2026-07-31,101,Geladeira Frost Free 400L,Eletrodomésticos,2,3499.00,6998.00,Uberlândia,MG,Pix
9546,2026-07-31,118,Console de Videogame,Games,1,2999.00,2999.00,São Paulo,SP,Cartão Débito
9547,2026-07-31,108,Airfryer 5L,Eletrodomésticos,1,429.90,429.90,Porto Alegre,RS,Pix
9548,2026-07-31,106,Notebook Core i5,Informática,1,2804.92,2804.92,Goiânia,GO,Cartão Crédito
9549,2026-07-31,114,Jogo de Aventura,Games,3,249.90,749.70,Belo Horizonte,MG,Boleto
9550,2026-07-31,103,Fone Bluetooth,Celulares e Acessórios,4,199.90,799.60,Uberlândia,MG,Cartão Débito
9551,2026-07-31,105,Console de Videogame,Games,2,2999.00,5998.00,Feira de Santana,BA,Pix
9552,2026-07-31,106,Mouse Sem Fio,Informática,5,79.90,399.50,Salvador,BA,Pix
9553,2026-08-01,108,Monitor Full HD 24pol,Informática,1,899.90,899.90,Uberlândia,MG,Cartão Débito
9554,2026-08-01,106,Mouse Sem Fio,Informática,5,79.90,399.50,Goiânia,GO,Cartão Crédito
9555,2026-08-01,117,Carregador Turbo USB-C,Celulares e Acessórios,3,89.90,269.70,Curitiba,PR,Cartão Crédito
9556,2026-08-01,101,Geladeira Frost Free 400L,Eletrodomésticos,2,3499.00,6998.00,Uberlândia,MG,Cartão Crédito
9557,2026-08-01,112,Kit Halteres 20kg,Esporte e Lazer,2,259.90,519.80,Niterói,RJ,Cartão Crédito
9558,2026-08-01,106,Fone Bluetooth,Celulares e Acessórios,2,199.90,399.80,Campinas,SP,Pix
9559,2026-08-01,117,Console de Videogame,Games,1,2999.00,2999.00,Recife,PE,Pix
9560,2026-08-01,116,Jogo de Aventura,Games,5,212.42,1062.10,Feira de Santana,BA,Pix
9561,2026-08-01,103,Micro-ondas 30L,Eletrodomésticos,2,552.42,1104.84,Fortaleza,CE,Cartão Crédito
9562,2026-08-01,103,Máquina de Lavar 12kg,Eletrodomésticos,2,2199.00,4398.00,Santos,SP,Cartão Débito
9563,2026-08-01,103,Monitor Full HD 24pol,Informática,1,899.90,899.90,Fortaleza,CE,Cartão Crédito
9564,2026-08-02,113,Jogo de Aventura,Games,1,249.90,249.90,Porto Alegre,RS,Cartão Crédito
9565,2026-08-02,108,Carregador Turbo USB-C,Celulares e Acessórios,3,80.91,242.73,Feira de Santana,BA,Cartão Crédito
9566,2026-08-02,111,Máquina de Lavar 12kg,Eletrodomésticos,1,2089.05,2089.05,Recife,PE,Pix
9567,2026-08-02,119,Fone Bluetooth,Celulares e Acessórios,1,199.90,199.90,Brasília,DF,Pix
9568,2026-08-02,104,Esteira Elétrica,Esporte e Lazer,1,2899.00,2899.00,Recife,PE,Cartão Débito
9569,2026-08-02,117,Controle Sem Fio,Games,3,349.90,1049.70,Fortaleza,CE,Cartão Crédito
9570,2026-08-02,114,Kit Halteres 20kg,Esporte e Lazer,3,259.90,779.70,Santos,SP,Cartão Débito
9571,2026-08-02,105,Máquina de Lavar 12kg,Eletrodomésticos,2,2089.05,4178.10,Belo Horizonte,MG,Pix
9572,2026-08-02,112,Cadeira de Escritório,Móveis,3,699.90,2099.70,Recife,PE,Boleto
9573,2026-08-02,113,Monitor Full HD 24pol,Informática,1,899.90,899.90,Belo Horizonte,MG,Cartão Crédito
9574,2026-08-02,112,Geladeira Frost Free 400L,Eletrodomésticos,2,3499.00,6998.00,Fortaleza,CE,Cartão Débito
9575,2026-08-02,114,Console de Videogame,Games,1,2999.00,2999.00,Campinas,SP,Cartão Crédito
9576,2026-08-03,111,Mesa de Jantar 6 Cadeiras,Móveis,2,1804.05,3608.10,Salvador,BA,Cartão Débito
9577,2026-08-03,102,Airfryer 5L,Eletrodomésticos,3,429.90,1289.70,Belo Horizonte,MG,Cartão Débito
9578,2026-08-03,102,Carregador Turbo USB-C,Celulares e Acessórios,2,85.40,170.80,Belo Horizonte,MG,Boleto
9579,2026-08-03,119,Mouse Sem Fio,Informática,4,79.90,319.60,Niterói,RJ,Boleto
9580,2026-08-03,102,Fone Bluetooth,Celulares e Acessórios,5,199.90,999.50,Salvador,BA,Cartão Débito
9581,2026-08-03,106,Esteira Elétrica,Esporte e Lazer,2,2899.00,5798.00,Recife,PE,Cartão Débito
9582,2026-08-03,102,Fone Bluetooth,Celulares e Acessórios,2,199.90,399.80,Uberlândia,MG,Cartão Débito
9583,2026-08-03,105,Geladeira Frost Free 400L,Eletrodomésticos,1,3499.00,3499.00,Curitiba,PR,Cartão Crédito
9584,2026-08-03,103,Notebook Core i5,Informática,2,2969.91,5939.82,Recife,PE,Pix
9585,2026-08-03,107,Sofá 3 Lugares,Móveis,2,2399.00,4798.00,Campinas,SP,Boleto
9586,2026-08-03,104,Fone Bluetooth,Celulares e Acessórios,5,199.90,999.50,Brasília,DF,Boleto
9587,2026-08-03,115,Micro-ondas 30L,Eletrodomésticos,1,649.90,649.90,Recife,PE,Boleto
9588,2026-08-03,115,Airfryer 5L,Eletrodomésticos,2,429.90,859.80,São Paulo,SP,Cartão Crédito
9589,2026-08-03,113,Console de Videogame,Games,1,2849.05,2849.05,Salvador,BA,Cartão Crédito
9590,2026-08-03,104,Smartphone 128GB,Celulares e Acessórios,1,1619.10,1619.10,Feira de Santana,BA,Pix
9591,2026-08-03,106,Teclado Mecânico,Informática,2,289.90,579.80,Goiânia,GO,Boleto
9592,2026-08-03,105,Controle Sem Fio,Games,4,349.90,1399.60,Brasília,DF,Cartão Crédito
9593,2026-08-04,108,Notebook Core i5,Informática,1,3299.90,3299.90,Recife,PE,Cartão Crédito
9594,2026-08-04,114,Carregador Turbo USB-C,Celulares e Acessórios,2,89.90,179.80,Brasília,DF,Boleto
9595,2026-08-04,119,Monitor Full HD 24pol,Informática,2,899.90,1799.80,Porto Alegre,RS,Cartão Débito
9596,2026-08-04,120,Notebook Core i5,Informática,2,3299.90,6599.80,Goiânia,GO,Pix
9597,2026-08-04,120,Mesa de Jantar 6 Cadeiras,Móveis,2,1899.00,3798.00,Santos,SP,Cartão Crédito
9598,2026-08-04,109,Sofá 3 Lugares,Móveis,2,2399.00,4798.00,Belo Horizonte,MG,Boleto
9599,2026-08-04,102,Monitor Full HD 24pol,Informática,1,899.90,899.90,Fortaleza,CE,Cartão Crédito
9600,2026-08-04,101,Cadeira de Escritório,Móveis,1,629.91,629.91,Fortaleza,CE,Cartão Débito
9601,2026-08-04,113,Máquina de Lavar 12kg,Eletrodomésticos,2,2199.00,4398.00,Belo Horizonte,MG,Cartão Débito
9602,2026-08-04,106,Airfryer 5L,Eletrodomésticos,3,408.40,1225.20,Curitiba,PR,Cartão Débito
9603,2026-08-04,105,Mouse Sem Fio,Informática,3,79.90,239.70,Fortaleza,CE,Boleto
9604,2026-08-04,110,Kit Halteres 20kg,Esporte e Lazer,2,246.90,493.80,Recife,PE,Cartão Crédito
9605,2026-08-04,104,Fone Bluetooth,Celulares e Acessórios,3,199.90,599.70,Porto Alegre,RS,Boleto
9606,2026-08-04,110,Carregador Turbo USB-C,Celulares e Acessórios,1,80.91,80.91,Porto Alegre,RS,Pix
9607,2026-08-04,117,Monitor Full HD 24pol,Informática,2,899.90,1799.80,Vitória da Conquista,BA,Pix
9608,2026-08-04,107,Bicicleta Aro 29,Esporte e Lazer,1,1799.00,1799.00,Fortaleza,CE,Pix
9609,2026-08-04,107,Smartphone 128GB,Celulares e Acessórios,1,1709.05,1709.05,Recife,PE,Pix
9610,2026-08-04,119,Jogo de Aventura,Games,5,249.90,1249.50,Goiânia,GO,Cartão Débito
9611,2026-08-04,102,Teclado Mecânico,Informática,2,289.90,579.80,Recife,PE,Boleto
9612,2026-08-04,103,Mesa de Jantar 6 Cadeiras,Móveis,1,1899.00,1899.00,Brasília,DF,Cartão Crédito
9613,2026-08-04,114,Carregador Turbo USB-C,Celulares e Acessórios,4,76.42,305.68,Rio de Janeiro,RJ,Cartão Crédito
9614,2026-08-04,105,Esteira Elétrica,Esporte e Lazer,2,2899.00,5798.00,Salvador,BA,Pix
9615,2026-08-04,106,Bicicleta Aro 29,Esporte e Lazer,2,1799.00,3598.00,Fortaleza,CE,Boleto
9616,2026-08-05,104,Sofá 3 Lugares,Móveis,1,2039.15,2039.15,Belo Horizonte,MG,Cartão Crédito
9617,2026-08-05,119,Carregador Turbo USB-C,Celulares e Acessórios,2,89.90,179.80,São Paulo,SP,Cartão Crédito
9618,2026-08-05,120,Sofá 3 Lugares,Móveis,1,2399.00,2399.00,Santos,SP,Boleto
9619,2026-08-05,113,Notebook Core i5,Informática,1,3134.90,3134.90,Brasília,DF,Boleto
9620,2026-08-05,110,Console de Videogame,Games,2,2699.10,5398.20,São Paulo,SP,Cartão Débito
9621,2026-08-05,106,Jogo de Aventura,Games,3,212.42,637.26,Brasília,DF,Cartão Débito
9622,2026-08-05,118,Smartphone 128GB,Celulares e Acessórios,2,1799.00,3598.00,Vitória da Conquista,BA,Pix
9623,2026-08-05,104,Teclado Mecânico,Informática,3,289.90,869.70,Belo Horizonte,MG,Pix
9624,2026-08-05,108,Cadeira de Escritório,Móveis,2,699.90,1399.80,Uberlândia,MG,Cartão Crédito
9625,2026-08-05,120,Smartphone 128GB,Celulares e Acessórios,1,1709.05,1709.05,Porto Alegre,RS,Pix
9626,2026-08-05,115,Notebook Core i5,Informática,2,3299.90,6599.80,Uberlândia,MG,Cartão Crédito
9627,2026-08-05,112,Monitor Full HD 24pol,Informática,2,899.90,1799.80,Belo Horizonte,MG,Boleto
9628,2026-08-05,107,Máquina de Lavar 12kg,Eletrodomésticos,1,1979.10,1979.10,Vitória da Conquista,BA,Pix
9629,2026-08-05,106,Airfryer 5L,Eletrodomésticos,1,408.40,408.40,Santos,SP,Pix
9630,2026-08-05,120,Console de Videogame,Games,2,2699.10,5398.20,Niterói,RJ,Cartão Crédito
9631,2026-08-05,112,Sofá 3 Lugares,Móveis,2,2279.05,4558.10,Brasília,DF,Cartão Crédito
9632,2026-08-05,104,Carregador Turbo USB-C,Celulares e Acessórios,3,89.90,269.70,Niterói,RJ,Cartão Débito
9633,2026-08-05,114,Cadeira de Escritório,Móveis,1,699.90,699.90,Belo Horizonte,MG,Cartão Débito
9634,2026-08-05,118,Cadeira de Escritório,Móveis,2,664.90,1329.80,Fortaleza,CE,Cartão Débito
9635,2026-08-06,112,Teclado Mecânico,Informática,1,289.90,289.90,Vitória da Conquista,BA,Cartão Crédito
9636,2026-08-06,110,Jogo de Aventura,Games,4,249.90,999.60,Uberlândia,MG,Pix
9637,2026-08-06,104,Fone Bluetooth,Celulares e Acessórios,1,199.90,199.90,Santos,SP,Boleto
9638,2026-08-06,102,Micro-ondas 30L,Eletrodomésticos,3,617.40,1852.20,Brasília,DF,Pix
9639,2026-08-06,107,Airfryer 5L,Eletrodomésticos,1,386.91,386.91,Curitiba,PR,Cartão Crédito
9640,2026-08-06,111,Teclado Mecânico,Informática,1,275.40,275.40,Uberlândia,MG,Cartão Crédito
9641,2026-08-06,112,Jogo de Aventura,Games,1,249.90,249.90,Porto Alegre,RS,Cartão Débito
9642,2026-08-06,107,Notebook Core i5,Informática,1,3299.90,3299.90,Niterói,RJ,Cartão Débito
9643,2026-08-06,120,Cadeira de Escritório,Móveis,1,699.90,699.90,Niterói,RJ,Pix
9644,2026-08-06,114,Máquina de Lavar 12kg,Eletrodomésticos,1,2199.00,2199.00,Feira de Santana,BA,Cartão Débito
9645,2026-08-06,105,Carregador Turbo USB-C,Celulares e Acessórios,1,89.90,89.90,Feira de Santana,BA,Pix
9646,2026-08-06,103,Bicicleta Aro 29,Esporte e Lazer,1,1799.00,1799.00,Campinas,SP,Cartão Crédito
9647,2026-08-06,113,Cadeira de Escritório,Móveis,4,664.90,2659.60,Porto Alegre,RS,Cartão Crédito
9648,2026-08-06,107,Teclado Mecânico,Informática,1,289.90,289.90,Rio de Janeiro,RJ,Boleto
9649,2026-08-06,105,Controle Sem Fio,Games,4,297.42,1189.68,Salvador,BA,Pix
9650,2026-08-07,106,Airfryer 5L,Eletrodomésticos,2,408.40,816.80,Belo Horizonte,MG,Pix
9651,2026-08-07,115,Bicicleta Aro 29,Esporte e Lazer,2,1799.00,3598.00,Recife,PE,Cartão Crédito
9652,2026-08-07,103,Controle Sem Fio,Games,3,349.90,1049.70,Brasília,DF,Pix
9653,2026-08-07,112,Teclado Mecânico,Informática,3,275.40,826.20,São Paulo,SP,Boleto
9654,2026-08-07,103,Notebook Core i5,Informática,2,3299.90,6599.80,Salvador,BA,Pix
9655,2026-08-07,102,Sofá 3 Lugares,Móveis,2,2399.00,4798.00,Goiânia,GO,Pix
9656,2026-08-07,116,Esteira Elétrica,Esporte e Lazer,1,2609.10,2609.10,São Paulo,SP,Cartão Débito
9657,2026-08-07,102,Mouse Sem Fio,Informática,6,79.90,479.40,Brasília,DF,Pix
9658,2026-08-07,105,Cadeira de Escritório,Móveis,1,699.90,699.90,Curitiba,PR,Pix
9659,2026-08-07,110,Carregador Turbo USB-C,Celulares e Acessórios,1,85.40,85.40,Fortaleza,CE,Boleto
9660,2026-08-07,117,Cadeira de Escritório,Móveis,2,594.92,1189.84,Rio de Janeiro,RJ,Pix
9661,2026-08-07,109,Controle Sem Fio,Games,3,349.90,1049.70,Porto Alegre,RS,Pix
9662,2026-08-07,110,Sofá 3 Lugares,Móveis,2,2399.00,4798.00,Uberlândia,MG,Cartão Crédito
9663,2026-08-08,115,Monitor Full HD 24pol,Informática,2,899.90,1799.80,Curitiba,PR,Cartão Crédito
9664,2026-08-08,114,Fone Bluetooth,Celulares e Acessórios,3,199.90,599.70,Recife,PE,Cartão Débito
9665,2026-08-08,109,Máquina de Lavar 12kg,Eletrodomésticos,2,2199.00,4398.00,São Paulo,SP,Pix
9666,2026-08-08,109,Bicicleta Aro 29,Esporte e Lazer,1,1799.00,1799.00,Vitória da Conquista,BA,Cartão Débito
9667,2026-08-08,101,Mouse Sem Fio,Informática,6,67.92,407.52,Salvador,BA,Cartão Crédito
9668,2026-08-08,118,Smartphone 128GB,Celulares e Acessórios,3,1799.00,5397.00,Recife,PE,Pix
9669,2026-08-08,116,Mouse Sem Fio,Informática,6,79.90,479.40,Belo Horizonte,MG,Cartão Crédito
9670,2026-08-08,104,Jogo de Aventura,Games,2,249.90,499.80,Rio de Janeiro,RJ,Pix
9671,2026-08-08,101,Micro-ondas 30L,Eletrodomésticos,2,649.90,1299.80,Uberlândia,MG,Boleto
9672,2026-08-09,111,Kit Halteres 20kg,Esporte e Lazer,1,259.90,259.90,Porto Alegre,RS,Cartão Débito
9673,2026-08-09,120,Kit Halteres 20kg,Esporte e Lazer,1,259.90,259.90,Goiânia,GO,Boleto
9674,2026-08-09,108,Monitor Full HD 24pol,Informática,3,899.90,2699.70,Salvador,BA,Pix
9675,2026-08-09,110,Mouse Sem Fio,Informática,6,75.90,455.40,Fortaleza,CE,Boleto
9676,2026-08-09,107,Console de Videogame,Games,2,2999.00,5998.00,Fortaleza,CE,Boleto
9677,2026-08-09,102,Mesa de Jantar 6 Cadeiras,Móveis,2,1804.05,3608.10,Porto Alegre,RS,Pix
9678,2026-08-09,102,Fone Bluetooth,Celulares e Acessórios,2,199.90,399.80,Goiânia,GO,Boleto
9679,2026-08-09,114,Jogo de Aventura,Games,2,249.90,499.80,São Paulo,SP,Pix
9680,2026-08-09,105,Mouse Sem Fio,Informática,2,79.90,159.80,Salvador,BA,Cartão Crédito
9681,2026-08-09,115,Máquina de Lavar 12kg,Eletrodomésticos,2,2199.00,4398.00,Santos,SP,Cartão Débito
9682,2026-08-09,108,Carregador Turbo USB-C,Celulares e Acessórios,3,89.90,269.70,Goiânia,GO,Pix
9683,2026-08-09,102,Fone Bluetooth,Celulares e Acessórios,1,179.91,179.91,Goiânia,GO,Cartão Crédito
9684,2026-08-09,107,Sofá 3 Lugares,Móveis,2,2159.10,4318.20,Belo Horizonte,MG,Pix
9685,2026-08-09,102,Máquina de Lavar 12kg,Eletrodomésticos,1,2199.00,2199.00,Santos,SP,Cartão Crédito
9686,2026-08-09,113,Micro-ondas 30L,Eletrodomésticos,1,649.90,649.90,Campinas,SP,Cartão Débito
9687,2026-08-10,114,Console de Videogame,Games,1,2999.00,2999.00,Uberlândia,MG,Cartão Crédito
9688,2026-08-10,109,Kit Halteres 20kg,Esporte e Lazer,4,259.90,1039.60,Feira de Santana,BA,Cartão Débito
9689,2026-08-10,117,Kit Halteres 20kg,Esporte e Lazer,4,259.90,1039.60,São Paulo,SP,Cartão Débito
9690,2026-08-10,102,Micro-ondas 30L,Eletrodomésticos,2,649.90,1299.80,Porto Alegre,RS,Cartão Crédito
9691,2026-08-10,115,Carregador Turbo USB-C,Celulares e Acessórios,6,85.40,512.40,Goiânia,GO,Cartão Crédito
9692,2026-08-10,117,Máquina de Lavar 12kg,Eletrodomésticos,2,2199.00,4398.00,Porto Alegre,RS,Boleto
9693,2026-08-10,108,Micro-ondas 30L,Eletrodomésticos,1,649.90,649.90,Feira de Santana,BA,Cartão Crédito
9694,2026-08-10,101,Mouse Sem Fio,Informática,3,79.90,239.70,Vitória da Conquista,BA,Cartão Crédito
9695,2026-08-10,112,Cadeira de Escritório,Móveis,4,629.91,2519.64,Rio de Janeiro,RJ,Cartão Crédito
9696,2026-08-10,104,Mouse Sem Fio,Informática,2,79.90,159.80,Rio de Janeiro,RJ,Cartão Crédito
9697,2026-08-10,120,Smartphone 128GB,Celulares e Acessórios,3,1799.00,5397.00,Vitória da Conquista,BA,Cartão Crédito
9698,2026-08-10,101,Mesa de Jantar 6 Cadeiras,Móveis,1,1899.00,1899.00,Campinas,SP,Pix
9699,2026-08-10,101,Teclado Mecânico,Informática,2,289.90,579.80,Recife,PE,Boleto
9700,2026-08-10,103,Máquina de Lavar 12kg,Eletrodomésticos,1,1869.15,1869.15,Vitória da Conquista,BA,Pix
9701,2026-08-10,104,Sofá 3 Lugares,Móveis,2,2399.00,4798.00,Curitiba,PR,Cartão Crédito
9702,2026-08-11,111,Smartphone 128GB,Celulares e Acessórios,2,1799.00,3598.00,Campinas,SP,Pix
9703,2026-08-11,101,Geladeira Frost Free 400L,Eletrodomésticos,2,3499.00,6998.00,Feira de Santana,BA,Cartão Crédito
9704,2026-08-11,109,Jogo de Aventura,Games,5,249.90,1249.50,Salvador,BA,Cartão Débito
9705,2026-08-11,113,Airfryer 5L,Eletrodomésticos,1,429.90,429.90,Rio de Janeiro,RJ,Cartão Crédito
9706,2026-08-11,119,Mesa de Jantar 6 Cadeiras,Móveis,1,1899.00,1899.00,Belo Horizonte,MG,Cartão Crédito
9707,2026-08-11,109,Console de Videogame,Games,1,2999.00,2999.00,Curitiba,PR,Boleto
9708,2026-08-11,116,Sofá 3 Lugares,Móveis,2,2399.00,4798.00,Salvador,BA,Cartão Crédito
9709,2026-08-11,109,Mesa de Jantar 6 Cadeiras,Móveis,1,1899.00,1899.00,Fortaleza,CE,Cartão Crédito
9710,2026-08-11,120,Kit Halteres 20kg,Esporte e Lazer,1,259.90,259.90,Belo Horizonte,MG,Boleto
9711,2026-08-11,104,Kit Halteres 20kg,Esporte e Lazer,4,259.90,1039.60,Curitiba,PR,Boleto
9712,2026-08-11,106,Notebook Core i5,Informática,1,2804.92,2804.92,Salvador,BA,Cartão Débito
9713,2026-08-11,102,Teclado Mecânico,Informática,1,289.90,289.90,Brasília,DF,Pix
9714,2026-08-11,112,Mouse Sem Fio,Informática,3,79.90,239.70,Porto Alegre,RS,Boleto
9715,2026-08-12,111,Geladeira Frost Free 400L,Eletrodomésticos,2,3499.00,6998.00,Feira de Santana,BA,Boleto
9716,2026-08-12,116,Monitor Full HD 24pol,Informática,3,899.90,2699.70,Recife,PE,Cartão Débito
9717,2026-08-12,111,Teclado Mecânico,Informática,3,289.90,869.70,Belo Horizonte,MG,Cartão Débito
9718,2026-08-12,112,Bicicleta Aro 29,Esporte e Lazer,2,1799.00,3598.00,Rio de Janeiro,RJ,Cartão Crédito
9719,2026-08-12,107,Monitor Full HD 24pol,Informática,1,854.90,854.90,Salvador,BA,Cartão Débito
9720,2026-08-12,120,Geladeira Frost Free 400L,Eletrodomésticos,1,3149.10,3149.10,Salvador,BA,Boleto
9721,2026-08-12,115,Teclado Mecânico,Informática,4,289.90,1159.60,Porto Alegre,RS,Cartão Débito
9722,2026-08-12,107,Máquina de Lavar 12kg,Eletrodomésticos,2,2199.00,4398.00,São Paulo,SP,Pix
9723,2026-08-12,107,Carregador Turbo USB-C,Celulares e Acessórios,3,85.40,256.20,Santos,SP,Pix
9724,2026-08-12,101,Airfryer 5L,Eletrodomésticos,1,429.90,429.90,Brasília,DF,Cartão Crédito
9725,2026-08-12,102,Mouse Sem Fio,Informática,2,79.90,159.80,Campinas,SP,Boleto
9726,2026-08-12,109,Teclado Mecânico,Informática,1,289.90,289.90,Curitiba,PR,Cartão Débito
9727,2026-08-12,111,Bicicleta Aro 29,Esporte e Lazer,2,1799.00,3598.00,Santos,SP,Cartão Débito
9728,2026-08-12,104,Fone Bluetooth,Celulares e Acessórios,4,189.90,759.60,São Paulo,SP,Cartão Crédito
9729,2026-08-12,118,Esteira Elétrica,Esporte e Lazer,2,2899.00,5798.00,São Paulo,SP,Cartão Crédito
9730,2026-08-12,120,Sofá 3 Lugares,Móveis,1,2399.00,2399.00,Brasília,DF,Cartão Crédito
9731,2026-08-12,117,Airfryer 5L,Eletrodomésticos,2,429.90,859.80,Brasília,DF,Cartão Crédito
9732,2026-08-13,111,Micro-ondas 30L,Eletrodomésticos,2,584.91,1169.82,Campinas,SP,Cartão Débito
9733,2026-08-13,107,Smartphone 128GB,Celulares e Acessórios,1,1799.00,1799.00,Recife,PE,Cartão Crédito
9734,2026-08-13,101,Console de Videogame,Games,1,2999.00,2999.00,Belo Horizonte,MG,Cartão Débito
9735,2026-08-13,105,Notebook Core i5,Informática,1,2804.92,2804.92,Vitória da Conquista,BA,Boleto
9736,2026-08-13,104,Kit Halteres 20kg,Esporte e Lazer,1,259.90,259.90,Feira de Santana,BA,Pix
9737,2026-08-13,115,Notebook Core i5,Informática,1,3134.90,3134.90,Vitória da Conquista,BA,Cartão Crédito
9738,2026-08-13,114,Console de Videogame,Games,1,2999.00,2999.00,Recife,PE,Cartão Crédito
9739,2026-08-13,117,Console de Videogame,Games,2,2549.15,5098.30,Belo Horizonte,MG,Pix
9740,2026-08-13,103,Fone Bluetooth,Celulares e Acessórios,5,199.90,999.50,Salvador,BA,Boleto
9741,2026-08-13,120,Smartphone 128GB,Celulares e Acessórios,2,1799.00,3598.00,Fortaleza,CE,Boleto
9742,2026-08-13,103,Monitor Full HD 24pol,Informática,3,899.90,2699.70,Uberlândia,MG,Pix
9743,2026-08-13,113,Geladeira Frost Free 400L,Eletrodomésticos,1,3499.00,3499.00,Salvador,BA,Cartão Débito
9744,2026-08-13,110,Esteira Elétrica,Esporte e Lazer,2,2899.00,5798.00,Salvador,BA,Pix
9745,2026-08-13,117,Carregador Turbo USB-C,Celulares e Acessórios,3,89.90,269.70,Rio de Janeiro,RJ,Pix
9746,2026-08-14,111,Smartphone 128GB,Celulares e Acessórios,1,1799.00,1799.00,São Paulo,SP,Pix
9747,2026-08-14,110,Bicicleta Aro 29,Esporte e Lazer,2,1799.00,3598.00,São Paulo,SP,Boleto
9748,2026-08-14,105,Bicicleta Aro 29,Esporte e Lazer,2,1799.00,3598.00,Fortaleza,CE,Pix
9749,2026-08-14,110,Airfryer 5L,Eletrodomésticos,4,429.90,1719.60,Recife,PE,Cartão Crédito
9750,2026-08-14,113,Cadeira de Escritório,Móveis,3,699.90,2099.70,Recife,PE,Cartão Crédito
9751,2026-08-14,115,Controle Sem Fio,Games,1,349.90,349.90,Rio de Janeiro,RJ,Cartão Débito
9752,2026-08-14,106,Teclado Mecânico,Informática,4,289.90,1159.60,Goiânia,GO,Cartão Débito
9753,2026-08-14,105,Carregador Turbo USB-C,Celulares e Acessórios,6,89.90,539.40,Feira de Santana,BA,Cartão Débito
9754,2026-08-14,117,Bicicleta Aro 29,Esporte e Lazer,2,1529.15,3058.30,Curitiba,PR,Cartão Débito
9755,2026-08-14,107,Esteira Elétrica,Esporte e Lazer,2,2899.00,5798.00,Uberlândia,MG,Cartão Crédito
9756,2026-08-14,115,Fone Bluetooth,Celulares e Acessórios,5,199.90,999.50,Vitória da Conquista,BA,Pix
9757,2026-08-15,112,Máquina de Lavar 12kg,Eletrodomésticos,1,2199.00,2199.00,Vitória da Conquista,BA,Pix
9758,2026-08-15,109,Controle Sem Fio,Games,1,349.90,349.90,Niterói,RJ,Cartão Débito
9759,2026-08-15,119,Jogo de Aventura,Games,4,237.40,949.60,São Paulo,SP,Cartão Crédito
9760,2026-08-15,118,Mouse Sem Fio,Informática,3,79.90,239.70,Curitiba,PR,Cartão Débito
9761,2026-08-15,115,Micro-ondas 30L,Eletrodomésticos,3,649.90,1949.70,Fortaleza,CE,Boleto
9762,2026-08-15,113,Teclado Mecânico,Informática,2,289.90,579.80,Fortaleza,CE,Cartão Crédito
9763,2026-08-15,113,Controle Sem Fio,Games,4,349.90,1399.60,Goiânia,GO,Cartão Crédito
9764,2026-08-15,104,Geladeira Frost Free 400L,Eletrodomésticos,2,3499.00,6998.00,Goiânia,GO,Boleto
9765,2026-08-15,111,Controle Sem Fio,Games,4,349.90,1399.60,Belo Horizonte,MG,Cartão Débito
9766,2026-08-15,120,Airfryer 5L,Eletrodomésticos,2,429.90,859.80,Vitória da Conquista,BA,Pix
9767,2026-08-15,111,Monitor Full HD 24pol,Informática,2,809.91,1619.82,Recife,PE,Cartão Débito
9768,2026-08-15,104,Mesa de Jantar 6 Cadeiras,Móveis,2,1899.00,3798.00,Feira de Santana,BA,Cartão Crédito
9769,2026-08-15,119,Jogo de Aventura,Games,4,237.40,949.60,Brasília,DF,Cartão Débito
9770,2026-08-16,105,Fone Bluetooth,Celulares e Acessórios,2,199.90,399.80,Feira de Santana,BA,Pix
9771,2026-08-16,116,Airfryer 5L,Eletrodomésticos,1,429.90,429.90,Santos,SP,Cartão Crédito
9772,2026-08-16,116,Airfryer 5L,Eletrodomésticos,1,429.90,429.90,Belo Horizonte,MG,Cartão Crédito
9773,2026-08-16,105,Cadeira de Escritório,Móveis,4,594.92,2379.68,Campinas,SP,Cartão Débito
9774,2026-08-16,118,Sofá 3 Lugares,Móveis,1,2279.05,2279.05,Campinas,SP,Cartão Débito
9775,2026-08-16,120,Kit Halteres 20kg,Esporte e Lazer,4,259.90,1039.60,Goiânia,GO,Cartão Débito
9776,2026-08-16,112,Mesa de Jantar 6 Cadeiras,Móveis,1,1804.05,1804.05,Santos,SP,Pix
9777,2026-08-16,104,Bicicleta Aro 29,Esporte e Lazer,1,1799.00,1799.00,Porto Alegre,RS,Boleto
9778,2026-08-16,116,Teclado Mecânico,Informática,3,289.90,869.70,Belo Horizonte,MG,Boleto
9779,2026-08-16,108,Mesa de Jantar 6 Cadeiras,Móveis,1,1899.00,1899.00,Porto Alegre,RS,Pix
9780,2026-08-16,107,Micro-ondas 30L,Eletrodomésticos,3,617.40,1852.20,Porto Alegre,RS,Cartão Crédito
9781,2026-08-16,104,Console de Videogame,Games,2,2849.05,5698.10,Santos,SP,Cartão Crédito
9782,2026-08-16,118,Controle Sem Fio,Games,1,332.40,332.40,São Paulo,SP,Pix
9783,2026-08-16,113,Notebook Core i5,Informática,2,3134.90,6269.80,Recife,PE,Cartão Crédito
9784,2026-08-16,113,Controle Sem Fio,Games,3,349.90,1049.70,Uberlândia,MG,Cartão Crédito
9785,2026-08-16,115,Carregador Turbo USB-C,Celulares e Acessórios,3,80.91,242.73,Goiânia,GO,Cartão Crédito
9786,2026-08-17,119,Sofá 3 Lugares,Móveis,2,2399.00,4798.00,Salvador,BA,Pix
9787,2026-08-17,115,Carregador Turbo USB-C,Celulares e Acessórios,3,89.90,269.70,Porto Alegre,RS,Boleto
9788,2026-08-17,105,Sofá 3 Lugares,Móveis,2,2039.15,4078.30,Rio de Janeiro,RJ,Cartão Crédito
9789,2026-08-17,110,Monitor Full HD 24pol,Informática,1,899.90,899.90,São Paulo,SP,Cartão Crédito
9790,2026-08-17,103,Airfryer 5L,Eletrodomésticos,3,408.40,1225.20,Santos,SP,Boleto
9791,2026-08-17,105,Kit Halteres 20kg,Esporte e Lazer,3,259.90,779.70,São Paulo,SP,Pix
9792,2026-08-17,113,Cadeira de Escritório,Móveis,3,664.90,1994.70,Belo Horizonte,MG,Pix
9793,2026-08-17,107,Smartphone 128GB,Celulares e Acessórios,2,1799.00,3598.00,São Paulo,SP,Cartão Débito
9794,2026-08-17,115,Airfryer 5L,Eletrodomésticos,1,365.42,365.42,Rio de Janeiro,RJ,Cartão Crédito
9795,2026-08-17,118,Geladeira Frost Free 400L,Eletrodomésticos,2,3499.00,6998.00,Vitória da Conquista,BA,Cartão Crédito
9796,2026-08-17,109,Bicicleta Aro 29,Esporte e Lazer,2,1709.05,3418.10,Rio de Janeiro,RJ,Cartão Débito
9797,2026-08-18,109,Kit Halteres 20kg,Esporte e Lazer,1,259.90,259.90,Fortaleza,CE,Cartão Crédito
9798,2026-08-18,104,Esteira Elétrica,Esporte e Lazer,1,2899.00,2899.00,Campinas,SP,Cartão Crédito
9799,2026-08-18,103,Airfryer 5L,Eletrodomésticos,1,429.90,429.90,São Paulo,SP,Cartão Crédito
9800,2026-08-18,107,Máquina de Lavar 12kg,Eletrodomésticos,1,2199.00,2199.00,Uberlândia,MG,Pix
9801,2026-08-18,107,Máquina de Lavar 12kg,Eletrodomésticos,2,2199.00,4398.00,Salvador,BA,Cartão Crédito
9802,2026-08-18,118,Monitor Full HD 24pol,Informática,2,854.90,1709.80,São Paulo,SP,Boleto
9803,2026-08-18,104,Teclado Mecânico,Informática,1,289.90,289.90,Porto Alegre,RS,Cartão Débito
9804,2026-08-18,109,Console de Videogame,Games,1,2849.05,2849.05,Porto Alegre,RS,Cartão Crédito
9805,2026-08-18,105,Monitor Full HD 24pol,Informática,2,899.90,1799.80,Niterói,RJ,Cartão Crédito
9806,2026-08-18,117,Micro-ondas 30L,Eletrodomésticos,1,649.90,649.90,Brasília,DF,Boleto
9807,2026-08-18,111,Carregador Turbo USB-C,Celulares e Acessórios,4,89.90,359.60,Santos,SP,Boleto
9808,2026-08-18,106,Jogo de Aventura,Games,2,249.90,499.80,Salvador,BA,Cartão Débito
9809,2026-08-18,120,Monitor Full HD 24pol,Informática,3,899.90,2699.70,Goiânia,GO,Pix
9810,2026-08-18,115,Notebook Core i5,Informática,1,3299.90,3299.90,Belo Horizonte,MG,Cartão Crédito
9811,2026-08-18,117,Esteira Elétrica,Esporte e Lazer,2,2754.05,5508.10,Feira de Santana,BA,Cartão Crédito
9812,2026-08-18,120,Kit Halteres 20kg,Esporte e Lazer,1,259.90,259.90,Curitiba,PR,Pix
9813,2026-08-18,117,Fone Bluetooth,Celulares e Acessórios,5,199.90,999.50,Goiânia,GO,Cartão Crédito
9814,2026-08-18,111,Smartphone 128GB,Celulares e Acessórios,3,1799.00,5397.00,Goiânia,GO,Cartão Débito
9815,2026-08-18,103,Airfryer 5L,Eletrodomésticos,2,386.91,773.82,Salvador,BA,Pix
9816,2026-08-18,112,Mouse Sem Fio,Informática,5,75.90,379.50,Brasília,DF,Cartão Crédito
9817,2026-08-19,108,Teclado Mecânico,Informática,4,289.90,1159.60,Curitiba,PR,Cartão Crédito
9818,2026-08-19,101,Controle Sem Fio,Games,4,332.40,1329.60,Belo Horizonte,MG,Cartão Débito
9819,2026-08-19,117,Notebook Core i5,Informática,2,3299.90,6599.80,Rio de Janeiro,RJ,Cartão Crédito
9820,2026-08-19,104,Máquina de Lavar 12kg,Eletrodomésticos,2,2199.00,4398.00,Uberlândia,MG,Cartão Crédito
9821,2026-08-19,114,Console de Videogame,Games,2,2999.00,5998.00,São Paulo,SP,Boleto
9822,2026-08-19,102,Mesa de Jantar 6 Cadeiras,Móveis,2,1899.00,3798.00,São Paulo,SP,Boleto
9823,2026-08-20,101,Notebook Core i5,Informática,2,2969.91,5939.82,Recife,PE,Pix
9824,2026-08-20,114,Esteira Elétrica,Esporte e Lazer,2,2899.00,5798.00,Recife,PE,Cartão Crédito
9825,2026-08-20,108,Mouse Sem Fio,Informática,4,79.90,319.60,Fortaleza,CE,Cartão Crédito
9826,2026-08-20,114,Fone Bluetooth,Celulares e Acessórios,1,199.90,199.90,Belo Horizonte,MG,Boleto
9827,2026-08-20,103,Console de Videogame,Games,1,2999.00,2999.00,Goiânia,GO,Pix
9828,2026-08-20,103,Jogo de Aventura,Games,2,249.90,499.80,Brasília,DF,Pix
9829,2026-08-20,104,Airfryer 5L,Eletrodomésticos,2,429.90,859.80,Goiânia,GO,Boleto
9830,2026-08-20,109,Kit Halteres 20kg,Esporte e Lazer,4,259.90,1039.60,Vitória da Conquista,BA,Cartão Débito
9831,2026-08-20,107,Mesa de Jantar 6 Cadeiras,Móveis,2,1899.00,3798.00,Brasília,DF,Pix
9832,2026-08-20,114,Monitor Full HD 24pol,Informática,2,899.90,1799.80,São Paulo,SP,Boleto
9833,2026-08-20,109,Carregador Turbo USB-C,Celulares e Acessórios,5,85.40,427.00,Vitória da Conquista,BA,Boleto
9834,2026-08-21,114,Notebook Core i5,Informática,1,3299.90,3299.90,Fortaleza,CE,Cartão Crédito
9835,2026-08-21,114,Fone Bluetooth,Celulares e Acessórios,5,199.90,999.50,Recife,PE,Pix
9836,2026-08-21,106,Console de Videogame,Games,2,2999.00,5998.00,Niterói,RJ,Cartão Crédito
9837,2026-08-21,118,Controle Sem Fio,Games,1,349.90,349.90,Curitiba,PR,Pix
9838,2026-08-21,112,Bicicleta Aro 29,Esporte e Lazer,1,1799.00,1799.00,Brasília,DF,Boleto
9839,2026-08-21,112,Notebook Core i5,Informática,1,3299.90,3299.90,Brasília,DF,Cartão Crédito
9840,2026-08-21,113,Esteira Elétrica,Esporte e Lazer,1,2899.00,2899.00,Curitiba,PR,Cartão Crédito
9841,2026-08-21,109,Fone Bluetooth,Celulares e Acessórios,1,199.90,199.90,Rio de Janeiro,RJ,Cartão Débito
9842,2026-08-21,113,Notebook Core i5,Informática,2,3299.90,6599.80,Goiânia,GO,Pix
9843,2026-08-21,118,Smartphone 128GB,Celulares e Acessórios,1,1619.10,1619.10,Salvador,BA,Pix
9844,2026-08-21,108,Mouse Sem Fio,Informática,5,75.90,379.50,Belo Horizonte,MG,Boleto
9845,2026-08-21,120,Micro-ondas 30L,Eletrodomésticos,3,649.90,1949.70,Belo Horizonte,MG,Cartão Débito
9846,2026-08-21,118,Jogo de Aventura,Games,1,224.91,224.91,Niterói,RJ,Cartão Débito
9847,2026-08-21,116,Kit Halteres 20kg,Esporte e Lazer,4,259.90,1039.60,Goiânia,GO,Pix
9848,2026-08-21,102,Teclado Mecânico,Informática,3,275.40,826.20,Salvador,BA,Pix
9849,2026-08-21,110,Geladeira Frost Free 400L,Eletrodomésticos,2,3149.10,6298.20,Salvador,BA,Cartão Crédito
9850,2026-08-21,104,Monitor Full HD 24pol,Informática,2,899.90,1799.80,Uberlândia,MG,Pix
9851,2026-08-21,116,Jogo de Aventura,Games,5,249.90,1249.50,Brasília,DF,Cartão Crédito
9852,2026-08-21,117,Jogo de Aventura,Games,4,212.42,849.68,Porto Alegre,RS,Boleto
9853,2026-08-21,118,Sofá 3 Lugares,Móveis,2,2399.00,4798.00,São Paulo,SP,Cartão Crédito
9854,2026-08-22,109,Controle Sem Fio,Games,3,349.90,1049.70,Fortaleza,CE,Cartão Débito
9855,2026-08-22,105,Airfryer 5L,Eletrodomésticos,3,429.90,1289.70,Salvador,BA,Cartão Crédito
9856,2026-08-22,120,Sofá 3 Lugares,Móveis,2,2399.00,4798.00,Salvador,BA,Cartão Débito
9857,2026-08-22,116,Máquina de Lavar 12kg,Eletrodomésticos,2,2199.00,4398.00,Niterói,RJ,Pix
9858,2026-08-22,112,Fone Bluetooth,Celulares e Acessórios,2,199.90,399.80,Rio de Janeiro,RJ,Cartão Crédito
9859,2026-08-22,120,Notebook Core i5,Informática,1,3299.90,3299.90,Recife,PE,Cartão Crédito
9860,2026-08-22,110,Geladeira Frost Free 400L,Eletrodomésticos,2,3499.00,6998.00,Salvador,BA,Boleto
9861,2026-08-22,116,Carregador Turbo USB-C,Celulares e Acessórios,5,89.90,449.50,Santos,SP,Cartão Crédito
9862,2026-08-22,112,Smartphone 128GB,Celulares e Acessórios,2,1529.15,3058.30,Rio de Janeiro,RJ,Pix
9863,2026-08-22,104,Carregador Turbo USB-C,Celulares e Acessórios,2,89.90,179.80,Campinas,SP,Pix
9864,2026-08-22,120,Sofá 3 Lugares,Móveis,2,2399.00,4798.00,Curitiba,PR,Boleto
9865,2026-08-22,118,Carregador Turbo USB-C,Celulares e Acessórios,4,89.90,359.60,Uberlândia,MG,Cartão Crédito
9866,2026-08-22,109,Console de Videogame,Games,1,2999.00,2999.00,São Paulo,SP,Cartão Crédito
9867,2026-08-22,120,Fone Bluetooth,Celulares e Acessórios,3,199.90,599.70,Curitiba,PR,Pix
9868,2026-08-23,116,Sofá 3 Lugares,Móveis,2,2399.00,4798.00,Recife,PE,Cartão Débito
9869,2026-08-23,108,Geladeira Frost Free 400L,Eletrodomésticos,2,3499.00,6998.00,Salvador,BA,Boleto
9870,2026-08-23,120,Sofá 3 Lugares,Móveis,1,2399.00,2399.00,Rio de Janeiro,RJ,Pix
9871,2026-08-23,116,Monitor Full HD 24pol,Informática,3,854.90,2564.70,Vitória da Conquista,BA,Boleto
9872,2026-08-23,106,Controle Sem Fio,Games,2,349.90,699.80,Belo Horizonte,MG,Boleto
9873,2026-08-23,110,Cadeira de Escritório,Móveis,1,664.90,664.90,Campinas,SP,Cartão Crédito
9874,2026-08-23,103,Geladeira Frost Free 400L,Eletrodomésticos,2,3499.00,6998.00,Curitiba,PR,Boleto
9875,2026-08-23,105,Máquina de Lavar 12kg,Eletrodomésticos,1,2199.00,2199.00,Curitiba,PR,Pix
9876,2026-08-23,114,Monitor Full HD 24pol,Informática,2,809.91,1619.82,São Paulo,SP,Cartão Débito
9877,2026-08-23,115,Airfryer 5L,Eletrodomésticos,3,429.90,1289.70,Belo Horizonte,MG,Cartão Crédito
9878,2026-08-23,116,Airfryer 5L,Eletrodomésticos,3,429.90,1289.70,Salvador,BA,Cartão Crédito
9879,2026-08-23,115,Controle Sem Fio,Games,3,332.40,997.20,Fortaleza,CE,Boleto
9880,2026-08-23,120,Bicicleta Aro 29,Esporte e Lazer,1,1709.05,1709.05,Feira de Santana,BA,Cartão Crédito
9881,2026-08-23,104,Máquina de Lavar 12kg,Eletrodomésticos,1,2199.00,2199.00,Fortaleza,CE,Boleto
9882,2026-08-23,117,Sofá 3 Lugares,Móveis,2,2399.00,4798.00,Feira de Santana,BA,Pix
9883,2026-08-23,120,Cadeira de Escritório,Móveis,1,699.90,699.90,São Paulo,SP,Boleto
9884,2026-08-23,112,Bicicleta Aro 29,Esporte e Lazer,2,1709.05,3418.10,Campinas,SP,Boleto
9885,2026-08-24,115,Controle Sem Fio,Games,3,297.42,892.26,Belo Horizonte,MG,Boleto
9886,2026-08-24,106,Fone Bluetooth,Celulares e Acessórios,1,189.90,189.90,Fortaleza,CE,Cartão Débito
9887,2026-08-24,109,Notebook Core i5,Informática,2,3299.90,6599.80,Uberlândia,MG,Pix
9888,2026-08-24,107,Sofá 3 Lugares,Móveis,1,2399.00,2399.00,Fortaleza,CE,Boleto
9889,2026-08-24,118,Bicicleta Aro 29,Esporte e Lazer,2,1709.05,3418.10,Santos,SP,Cartão Crédito
9890,2026-08-24,106,Controle Sem Fio,Games,4,349.90,1399.60,Curitiba,PR,Boleto
9891,2026-08-24,110,Console de Videogame,Games,2,2999.00,5998.00,Uberlândia,MG,Boleto
9892,2026-08-24,108,Sofá 3 Lugares,Móveis,2,2399.00,4798.00,Niterói,RJ,Cartão Crédito
9893,2026-08-24,102,Esteira Elétrica,Esporte e Lazer,1,2754.05,2754.05,São Paulo,SP,Cartão Crédito
9894,2026-08-24,114,Console de Videogame,Games,1,2849.05,2849.05,Vitória da Conquista,BA,Pix
9895,2026-08-24,117,Controle Sem Fio,Games,3,349.90,1049.70,Feira de Santana,BA,Cartão Crédito
9896,2026-08-24,112,Sofá 3 Lugares,Móveis,1,2399.00,2399.00,Recife,PE,Pix
9897,2026-08-24,118,Fone Bluetooth,Celulares e Acessórios,3,199.90,599.70,Niterói,RJ,Boleto
9898,2026-08-24,116,Monitor Full HD 24pol,Informática,1,854.90,854.90,Salvador,BA,Cartão Débito
9899,2026-08-24,118,Kit Halteres 20kg,Esporte e Lazer,1,259.90,259.90,Vitória da Conquista,BA,Pix
9900,2026-08-25,111,Fone Bluetooth,Celulares e Acessórios,1,179.91,179.91,São Paulo,SP,Cartão Débito
9901,2026-08-25,107,Mesa de Jantar 6 Cadeiras,Móveis,2,1899.00,3798.00,São Paulo,SP,Cartão Débito
9902,2026-08-25,112,Cadeira de Escritório,Móveis,1,629.91,629.91,Curitiba,PR,Pix
9903,2026-08-25,105,Monitor Full HD 24pol,Informática,3,809.91,2429.73,Salvador,BA,Cartão Crédito
9904,2026-08-25,114,Monitor Full HD 24pol,Informática,2,899.90,1799.80,Niterói,RJ,Boleto
9905,2026-08-25,105,Geladeira Frost Free 400L,Eletrodomésticos,2,3324.05,6648.10,Belo Horizonte,MG,Boleto
9906,2026-08-25,119,Máquina de Lavar 12kg,Eletrodomésticos,2,1869.15,3738.30,Niterói,RJ,Cartão Crédito
9907,2026-08-25,116,Micro-ondas 30L,Eletrodomésticos,3,649.90,1949.70,Goiânia,GO,Pix
9908,2026-08-25,109,Cadeira de Escritório,Móveis,4,594.92,2379.68,Goiânia,GO,Cartão Crédito
9909,2026-08-25,111,Geladeira Frost Free 400L,Eletrodomésticos,2,3499.00,6998.00,Santos,SP,Pix
9910,2026-08-25,107,Bicicleta Aro 29,Esporte e Lazer,1,1799.00,1799.00,Campinas,SP,Cartão Crédito
9911,2026-08-25,108,Máquina de Lavar 12kg,Eletrodomésticos,2,2199.00,4398.00,Salvador,BA,Pix
9912,2026-08-25,105,Airfryer 5L,Eletrodomésticos,3,429.90,1289.70,Salvador,BA,Boleto
9913,2026-08-25,106,Micro-ondas 30L,Eletrodomésticos,3,649.90,1949.70,Uberlândia,MG,Boleto
9914,2026-08-25,101,Micro-ondas 30L,Eletrodomésticos,1,617.40,617.40,Feira de Santana,BA,Cartão Débito
9915,2026-08-25,112,Sofá 3 Lugares,Móveis,1,2399.00,2399.00,Santos,SP,Cartão Débito
9916,2026-08-25,103,Jogo de Aventura,Games,1,249.90,249.90,São Paulo,SP,Boleto
9917,2026-08-25,103,Console de Videogame,Games,2,2849.05,5698.10,Salvador,BA,Cartão Crédito
9918,2026-08-26,112,Bicicleta Aro 29,Esporte e Lazer,1,1799.00,1799.00,Curitiba,PR,Cartão Débito
9919,2026-08-26,112,Monitor Full HD 24pol,Informática,2,764.92,1529.84,São Paulo,SP,Pix
9920,2026-08-26,108,Micro-ondas 30L,Eletrodomésticos,2,649.90,1299.80,Vitória da Conquista,BA,Pix
9921,2026-08-26,118,Sofá 3 Lugares,Móveis,2,2399.00,4798.00,Campinas,SP,Boleto
9922,2026-08-26,107,Carregador Turbo USB-C,Celulares e Acessórios,5,89.90,449.50,Rio de Janeiro,RJ,Cartão Débito
9923,2026-08-26,114,Controle Sem Fio,Games,4,297.42,1189.68,Brasília,DF,Cartão Débito
9924,2026-08-26,109,Controle Sem Fio,Games,2,349.90,699.80,Fortaleza,CE,Pix
9925,2026-08-26,120,Bicicleta Aro 29,Esporte e Lazer,1,1799.00,1799.00,Niterói,RJ,Boleto
9926,2026-08-26,116,Monitor Full HD 24pol,Informática,3,899.90,2699.70,Uberlândia,MG,Cartão Crédito
9927,2026-08-26,101,Máquina de Lavar 12kg,Eletrodomésticos,1,2199.00,2199.00,Porto Alegre,RS,Pix
9928,2026-08-26,104,Máquina de Lavar 12kg,Eletrodomésticos,2,2199.00,4398.00,Santos,SP,Boleto
9929,2026-08-26,104,Fone Bluetooth,Celulares e Acessórios,2,199.90,399.80,Belo Horizonte,MG,Pix
9930,2026-08-26,108,Cadeira de Escritório,Móveis,4,629.91,2519.64,Niterói,RJ,Cartão Débito
9931,2026-08-26,110,Bicicleta Aro 29,Esporte e Lazer,2,1799.00,3598.00,Rio de Janeiro,RJ,Boleto
9932,2026-08-26,120,Mesa de Jantar 6 Cadeiras,Móveis,2,1709.10,3418.20,Vitória da Conquista,BA,Cartão Débito
9933,2026-08-27,101,Airfryer 5L,Eletrodomésticos,2,429.90,859.80,Salvador,BA,Cartão Débito
9934,2026-08-27,110,Cadeira de Escritório,Móveis,2,699.90,1399.80,Recife,PE,Cartão Débito
9935,2026-08-27,102,Smartphone 128GB,Celulares e Acessórios,3,1799.00,5397.00,Fortaleza,CE,Cartão Crédito
9936,2026-08-27,113,Micro-ondas 30L,Eletrodomésticos,1,649.90,649.90,Santos,SP,Cartão Crédito
9937,2026-08-27,106,Smartphone 128GB,Celulares e Acessórios,2,1709.05,3418.10,Recife,PE,Pix
9938,2026-08-27,108,Fone Bluetooth,Celulares e Acessórios,2,179.91,359.82,Rio de Janeiro,RJ,Boleto
9939,2026-08-27,107,Teclado Mecânico,Informática,2,289.90,579.80,Fortaleza,CE,Cartão Débito
9940,2026-08-27,104,Monitor Full HD 24pol,Informática,2,899.90,1799.80,Recife,PE,Cartão Crédito
9941,2026-08-27,110,Jogo de Aventura,Games,4,249.90,999.60,Salvador,BA,Pix
9942,2026-08-27,109,Console de Videogame,Games,2,2999.00,5998.00,Curitiba,PR,Cartão Crédito
9943,2026-08-28,106,Máquina de Lavar 12kg,Eletrodomésticos,1,2199.00,2199.00,São Paulo,SP,Cartão Crédito
9944,2026-08-28,116,Mesa de Jantar 6 Cadeiras,Móveis,2,1899.00,3798.00,Goiânia,GO,Pix
9945,2026-08-28,104,Controle Sem Fio,Games,3,349.90,1049.70,Fortaleza,CE,Pix
9946,2026-08-28,118,Controle Sem Fio,Games,4,349.90,1399.60,Brasília,DF,Pix
9947,2026-08-28,116,Teclado Mecânico,Informática,2,289.90,579.80,Curitiba,PR,Boleto
9948,2026-08-28,116,Mesa de Jantar 6 Cadeiras,Móveis,1,1899.00,1899.00,Fortaleza,CE,Pix
9949,2026-08-28,115,Mouse Sem Fio,Informática,6,79.90,479.40,Feira de Santana,BA,Pix
9950,2026-08-28,105,Carregador Turbo USB-C,Celulares e Acessórios,4,80.91,323.64,Uberlândia,MG,Cartão Crédito
9951,2026-08-28,108,Cadeira de Escritório,Móveis,3,594.92,1784.76,Goiânia,GO,Pix
9952,2026-08-28,119,Controle Sem Fio,Games,4,332.40,1329.60,Salvador,BA,Cartão Crédito
9953,2026-08-28,114,Cadeira de Escritório,Móveis,1,699.90,699.90,Salvador,BA,Pix
9954,2026-08-28,120,Kit Halteres 20kg,Esporte e Lazer,3,259.90,779.70,Campinas,SP,Cartão Débito
9955,2026-08-28,106,Controle Sem Fio,Games,3,349.90,1049.70,Recife,PE,Boleto
9956,2026-08-28,102,Cadeira de Escritório,Móveis,3,664.90,1994.70,São Paulo,SP,Pix
9957,2026-08-28,113,Kit Halteres 20kg,Esporte e Lazer,3,246.90,740.70,Salvador,BA,Boleto
9958,2026-08-28,118,Monitor Full HD 24pol,Informática,1,899.90,899.90,Belo Horizonte,MG,Cartão Débito
9959,2026-08-29,116,Smartphone 128GB,Celulares e Acessórios,1,1799.00,1799.00,Santos,SP,Cartão Crédito
9960,2026-08-29,105,Console de Videogame,Games,1,2999.00,2999.00,Brasília,DF,Boleto
9961,2026-08-29,112,Esteira Elétrica,Esporte e Lazer,2,2899.00,5798.00,Goiânia,GO,Boleto
9962,2026-08-29,108,Máquina de Lavar 12kg,Eletrodomésticos,2,2199.00,4398.00,Porto Alegre,RS,Cartão Crédito
9963,2026-08-29,118,Jogo de Aventura,Games,5,237.40,1187.00,Salvador,BA,Cartão Débito
9964,2026-08-29,117,Airfryer 5L,Eletrodomésticos,4,408.40,1633.60,São Paulo,SP,Pix
9965,2026-08-29,102,Fone Bluetooth,Celulares e Acessórios,5,199.90,999.50,Curitiba,PR,Boleto
9966,2026-08-29,101,Cadeira de Escritório,Móveis,1,699.90,699.90,Salvador,BA,Boleto
9967,2026-08-29,112,Geladeira Frost Free 400L,Eletrodomésticos,2,3499.00,6998.00,Niterói,RJ,Cartão Crédito
9968,2026-08-29,108,Console de Videogame,Games,1,2999.00,2999.00,Feira de Santana,BA,Cartão Crédito
9969,2026-08-29,112,Jogo de Aventura,Games,1,249.90,249.90,Campinas,SP,Boleto
9970,2026-08-29,112,Geladeira Frost Free 400L,Eletrodomésticos,2,3149.10,6298.20,Santos,SP,Boleto
9971,2026-08-29,105,Geladeira Frost Free 400L,Eletrodomésticos,2,3499.00,6998.00,Rio de Janeiro,RJ,Pix
9972,2026-08-29,120,Airfryer 5L,Eletrodomésticos,1,429.90,429.90,São Paulo,SP,Pix
9973,2026-08-29,117,Máquina de Lavar 12kg,Eletrodomésticos,1,2199.00,2199.00,Belo Horizonte,MG,Boleto
9974,2026-08-30,107,Fone Bluetooth,Celulares e Acessórios,2,189.90,379.80,Feira de Santana,BA,Pix
9975,2026-08-30,109,Sofá 3 Lugares,Móveis,1,2399.00,2399.00,Feira de Santana,BA,Cartão Débito
9976,2026-08-30,112,Console de Videogame,Games,1,2999.00,2999.00,Rio de Janeiro,RJ,Boleto
9977,2026-08-30,106,Airfryer 5L,Eletrodomésticos,2,408.40,816.80,Fortaleza,CE,Boleto
9978,2026-08-30,108,Jogo de Aventura,Games,4,249.90,999.60,São Paulo,SP,Pix
9979,2026-08-30,106,Teclado Mecânico,Informática,2,289.90,579.80,Curitiba,PR,Cartão Crédito
9980,2026-08-30,112,Airfryer 5L,Eletrodomésticos,1,408.40,408.40,Feira de Santana,BA,Boleto
9981,2026-08-30,117,Máquina de Lavar 12kg,Eletrodomésticos,2,2199.00,4398.00,Belo Horizonte,MG,Cartão Crédito
9982,2026-08-30,102,Esteira Elétrica,Esporte e Lazer,2,2899.00,5798.00,Goiânia,GO,Pix
9983,2026-08-30,115,Mesa de Jantar 6 Cadeiras,Móveis,1,1614.15,1614.15,Belo Horizonte,MG,Pix
9984,2026-08-30,116,Máquina de Lavar 12kg,Eletrodomésticos,1,2089.05,2089.05,Goiânia,GO,Boleto
9985,2026-08-30,105,Esteira Elétrica,Esporte e Lazer,2,2899.00,5798.00,Recife,PE,Boleto
9986,2026-08-30,118,Notebook Core i5,Informática,2,3134.90,6269.80,Feira de Santana,BA,Boleto
9987,2026-08-30,118,Mesa de Jantar 6 Cadeiras,Móveis,1,1804.05,1804.05,Porto Alegre,RS,Cartão Crédito
9988,2026-08-30,107,Sofá 3 Lugares,Móveis,1,2399.00,2399.00,Niterói,RJ,Cartão Crédito
9989,2026-08-31,117,Controle Sem Fio,Games,3,349.90,1049.70,São Paulo,SP,Pix
9990,2026-08-31,111,Monitor Full HD 24pol,Informática,3,764.92,2294.76,Fortaleza,CE,Pix
9991,2026-08-31,111,Cadeira de Escritório,Móveis,4,664.90,2659.60,Fortaleza,CE,Cartão Crédito
9992,2026-08-31,112,Mouse Sem Fio,Informática,2,79.90,159.80,Vitória da Conquista,BA,Cartão Crédito
9993,2026-08-31,102,Máquina de Lavar 12kg,Eletrodomésticos,2,2199.00,4398.00,São Paulo,SP,Cartão Débito
9994,2026-08-31,120,Micro-ondas 30L,Eletrodomésticos,2,649.90,1299.80,Fortaleza,CE,Pix
9995,2026-08-31,110,Sofá 3 Lugares,Móveis,2,2279.05,4558.10,Uberlândia,MG,Cartão Débito
9996,2026-08-31,107,Cadeira de Escritório,Móveis,1,664.90,664.90,São Paulo,SP,Cartão Crédito
9997,2026-08-31,102,Teclado Mecânico,Informática,4,289.90,1159.60,Fortaleza,CE,Cartão Crédito
9998,2026-08-31,104,Console de Videogame,Games,1,2999.00,2999.00,Rio de Janeiro,RJ,Pix
9999,2026-08-31,114,Teclado Mecânico,Informática,2,246.42,492.84,Curitiba,PR,Cartão Crédito
10000,2026-08-31,112,Controle Sem Fio,Games,4,349.90,1399.60,Fortaleza,CE,Cartão Débito
